Material_ID,Material_Type,Strength,Weight_Capacity,Biodegradability_Score,CO2_Emission_Score,Recyclability_Percent,Type_Aluminum,Type_Bamboo,Type_Cotton,Type_Glass,Type_Paper,Type_Plastic,Type_Steel,Type_Unknown,Type_Wood,Strength_norm,Weight_Capacity_norm,Biodegradability_Score_norm,CO2_Emission_Score_norm,Recyclability_Percent_norm,CO2_Impact_Index,CO2_Impact_Index_norm,Cost_Efficiency_Index,Cost_Efficiency_Index_norm
M-0141,Cotton,375.02,40.58,0.75,7.83,46.06,False,False,True,False,False,False,False,False,False,0.7217872359410202,0.37468407750631844,0.75,0.13612136121361212,0.4608608608608609,0.2105867306420812,0.15487565418576993,0.5623249957573795,0.5776042129085469
M-0832,Steel,225.91,88.88,0.3,48.31,39.43,False,False,False,False,False,False,True,False,False,0.3891677262486337,0.8833192923336142,0.3,0.965969659696597,0.39449449449449453,0.8501323463685088,0.8599119284633714,0.527672389433026,0.5374447297108983
M-0186,Steel,172.54,42.0,0.55,37.24,47.52,False,False,False,False,False,False,True,False,False,0.27011532713199043,0.3896377422072451,0.55,0.7390323903239032,0.47547547547547553,0.6308718866467944,0.6181987905459071,0.3521054303314372,0.3339772537552046
M-0754,Plastic,203.56,64.36,0.01,31.04,12.98,False,False,False,False,False,True,False,False,False,0.339311606326262,0.6251053074978938,0.01,0.611931119311193,0.12972972972972974,0.7511856986137428,0.750832960255544,0.4022987538532812,0.39214713320790806
M-0932,Paper,489.02,32.47,0.25,11.3,52.99,False,False,False,False,True,False,False,False,False,0.9760869080282852,0.28927969671440606,0.25,0.20725707257072573,0.5302302302302303,0.3963312205194124,0.359640724714727,0.6281986504489154,0.653946289576334
M-0091,Cotton,55.89,76.36,0.53,40.72,47.71,False,False,True,False,False,False,False,False,False,0.00990430301813558,0.7514743049705139,0.53,0.8103731037310373,0.4773773773773774,0.6794861245008846,0.6717912166226021,0.38092067789839906,0.36737172456844946
M-1051,Plastic,480.43,46.18,0.12,39.36,3.78,False,False,False,False,False,True,False,False,False,0.9569252046666221,0.4336562763268745,0.12,0.7824928249282492,0.03763763763763763,0.8297319311931858,0.8374224728948441,0.5159817633824264,0.5238962682747063
M-0092,Paper,348.59,11.75,0.03,47.47,16.7,False,False,False,False,True,False,False,False,False,0.662829864596578,0.07108256107834877,0.03,0.9487494874948749,0.16696696696696695,0.9435529958002282,0.9628990258592637,0.2953877936301302,0.2682462389854527
M-1180,Glass,79.18,60.76,0.92,29.95,16.88,False,False,False,True,False,False,False,False,False,0.061857279885788236,0.5871946082561078,0.92,0.5895858958589586,0.16876876876876876,0.46087466063849825,0.4307935329455088,0.3019633250175215,0.27586673193757927
M-0620,Glass,156.89,38.54,0.18,29.83,90.09,False,False,False,True,False,False,False,False,False,0.23520488969194042,0.353201347935973,0.18,0.5871258712587125,0.9016016016016016,0.6081153625950673,0.5931119561772366,0.4275499163642188,0.42141112642928985
M-1061,Unknown,347.14,73.66,0.17,18.73,22.31,False,False,False,False,False,False,False,True,False,0.6595953512235383,0.7230412805391744,0.17,0.3595735957359574,0.2231231231231231,0.542431845129262,0.5207023245625491,0.5925900861679783,0.6126789307650667
M-0174,Paper,409.93,51.71,0.5,21.14,56.59,False,False,False,False,True,False,False,False,False,0.7996609337705503,0.49189132266217356,0.5,0.4089790897908979,0.5662662662662663,0.43876082724791216,0.4064152019550206,0.6243986340256168,0.6495423871894882
M-1282,Bamboo,304.4,80.84,0.53,25.1,64.22,False,True,False,False,False,False,False,False,False,0.5642552811795934,0.7986520640269588,0.53,0.490159901599016,0.6426426426426427,0.47083167669514536,0.4417701659344271,0.6565301091909203,0.6867800894546076
M-0222,Glass,471.57,96.58,0.54,16.33,60.17,False,False,False,True,False,False,False,False,False,0.9371612126079101,0.9644060657118787,0.54,0.31037310373103727,0.6021021021021021,0.3640136520284121,0.3240137772033667,0.8549316574592427,0.9167109514939671
M-0486,Wood,215.84,79.59,0.32,34.45,47.34,False,False,False,False,False,False,False,False,True,0.36670458854759197,0.7854886267902276,0.32,0.6818368183681838,0.47367367367367375,0.6657347236535429,0.656631646795053,0.5298186782661531,0.5399320996225431
M-0002,Paper,472.92,91.41,0.91,48.37,55.79,False,False,False,False,True,False,False,False,False,0.940172656093154,0.9099620893007582,0.91,0.9671996719967199,0.5582582582582583,0.651493977372206,0.6409326216524568,0.762478845339849,0.8095658461552442
M-0705,Steel,63.67,92.49,0.87,3.2,87.13,False,False,False,False,False,False,True,False,False,0.027259140288652423,0.921335299073294,0.87,0.04120541205412054,0.871971971971972,0.07652605003527513,0.007086910962529697,0.6022819069656635,0.6239109434695693
M-0359,Aluminum,363.21,72.16,0.89,23.0,88.15,True,False,False,False,False,False,False,False,False,0.6954426821923307,0.7072451558550968,0.89,0.44710947109471094,0.8821821821821823,0.3130474644386083,0.2678285573709485,0.722666232643565,0.7634263455455238
M-1342,Cotton,484.01,21.67,0.05,15.78,44.33,False,False,True,False,False,False,False,False,False,0.9649111066497134,0.17554759898904804,0.05,0.2990979909799098,0.44354354354354353,0.5201044402335915,0.4960885519482987,0.5579594565842843,0.5725449167785648
M-0387,Glass,433.04,96.77,0.73,29.8,86.69,False,False,False,True,False,False,False,False,False,0.8512123848401705,0.9664069081718618,0.73,0.5865108651086511,0.8675675675675676,0.4461497623084339,0.4145607776854276,0.8510291795568596,0.9121883047907723
M-0190,Wood,278.01,19.64,0.42,42.35,31.0,False,False,False,False,False,False,False,False,True,0.5053871377902697,0.15417017691659646,0.42,0.8437884378843789,0.31011011011011014,0.7492620517196164,0.7487123283476541,0.30848823838098727,0.2834285628178747
M-1028,Glass,246.92,51.08,0.31,18.86,80.33,False,False,False,True,False,False,False,False,False,0.43603470967454094,0.485256950294861,0.31,0.36223862238622384,0.8039039039039039,0.4439527830413439,0.4121388236620623,0.5470089995314491,0.5598542495339817
M-0424,Glass,166.91,23.93,0.53,16.39,74.97,False,False,False,True,False,False,False,False,False,0.2575564924490843,0.19934709351305813,0.53,0.3116031160311603,0.7502502502502503,0.35293684459367114,0.3118026841200223,0.3788059935336839,0.3649209816021571
M-0704,Cotton,306.77,48.86,0.8,31.2,47.71,False,False,True,False,False,False,False,False,False,0.569542037520355,0.46187868576242624,0.8,0.6152111521115211,0.4773773773773774,0.48138895352917493,0.45340852751888894,0.49495161341329685,0.49952407686075934
M-0471,Steel,477.89,90.36,0.31,6.13,94.61,False,False,False,False,False,False,True,False,False,0.9512592295166076,0.898904802021904,0.31,0.10127101271012709,0.9468468468468468,0.27307792294139155,0.22376606060944154,0.9267996791368357,1.0
M-0831,Steel,154.38,74.97,0.93,22.92,67.18,False,False,False,False,False,False,True,False,False,0.22960583550826474,0.7368365627632688,0.93,0.44546945469454696,0.6722722722722724,0.32105444558950086,0.276655468258961,0.5281623483800365,0.5380125513031858
M-1193,Steel,403.2,25.11,0.85,36.42,47.71,False,False,False,False,False,False,True,False,False,0.7846483303218897,0.2117733782645324,0.85,0.7222222222222222,0.4773773773773774,0.5305955955955955,0.5076540210992261,0.472000851258501,0.4729260559643918
M-1443,Paper,351.83,78.65,0.77,34.17,33.5,False,False,False,False,True,False,False,False,False,0.6700573289611634,0.7755897219882056,0.77,0.6760967609676097,0.33513513513513515,0.5411445430670523,0.5192832003789217,0.6053938187625452,0.6275173899327782
M-1366,Wood,118.45,13.27,0.63,36.7,28.05,False,False,False,False,False,False,False,False,True,0.1494568248232171,0.08708930075821399,0.63,0.7279622796227962,0.2805805805805806,0.6197193097156197,0.6059041690290063,0.16611103210733738,0.11842524475413695
M-0994,Paper,54.96,71.16,0.99,37.28,30.12,False,False,False,False,True,False,False,False,False,0.007829753061634206,0.6967144060657119,0.99,0.7398523985239852,0.30130130130130134,0.516781308984261,0.4924251258886857,0.33286547610243283,0.31167975003063747
M-1453,Cotton,240.15,35.17,0.64,19.57,93.69,False,False,True,False,False,False,False,False,False,0.4209328782707622,0.31771272114574556,0.64,0.3767937679376794,0.9376376376376376,0.34031249699884386,0.2978855798907444,0.5083741105295373,0.5150796325486822
M-1219,Steel,200.53,84.55,0.96,46.77,47.71,False,False,False,False,False,False,True,False,False,0.33255258872604787,0.8377211457455771,0.96,0.93439934399344,0.4773773773773774,0.6249018686583263,0.6116174316303606,0.5116313481412003,0.5188544995215135
M-0971,Cotton,114.01,53.92,0.35,40.12,55.41,False,False,True,False,False,False,False,False,False,0.13955252180508154,0.5151642796967144,0.35,0.7980729807298073,0.5544544544544544,0.7183983429924389,0.7146881185394417,0.36023447334353875,0.34339813722935825
M-0067,Paper,316.07,31.1,0.36,14.66,23.56,False,False,False,False,True,False,False,False,False,0.5902875370853689,0.2748525695029486,0.36,0.27613776137761376,0.2356356356356356,0.4341190932630047,0.4012981457913415,0.4223123882952769,0.4153412678301096
M-1363,Aluminum,132.9,40.58,0.6,13.14,97.37,True,False,False,False,False,False,False,False,False,0.18169042360971693,0.37468407750631844,0.6,0.24497744977449776,0.9744744744744746,0.2695390224172512,0.21986477010064026,0.46512822530805753,0.4649612551699826
M-0289,Aluminum,79.41,76.58,0.66,26.88,53.77,True,False,False,False,False,False,False,False,False,0.06237034062771865,0.7537910699241787,0.66,0.526650266502665,0.5380380380380381,0.4641863560977952,0.43444435216895505,0.4405990746505052,0.43653401352287274
M-0862,Aluminum,342.89,27.99,0.06,19.44,17.88,True,False,False,False,False,False,False,False,False,0.6501148809922148,0.24210193765796123,0.06,0.3741287412874129,0.17877877877877876,0.5885993668945698,0.5715974862799366,0.41061876815457604,0.40178933649298176
M-0581,Wood,299.91,50.68,0.28,49.82,21.52,False,False,False,False,False,False,False,False,True,0.5542394432175601,0.481044650379107,0.28,0.9969249692496924,0.2152152152152152,0.8926334600282939,0.9067652350774873,0.4056999788769073,0.39608886959302203
M-0037,Paper,312.53,97.3,0.58,25.1,93.87,False,False,False,False,True,False,False,False,False,0.5823908630573958,0.9719882055602358,0.58,0.490159901599016,0.9394394394394395,0.42615199701546563,0.3925152040948437,0.7829045717441574,0.8332375610229683
M-0968,Wood,362.77,5.19,1.0,18.96,92.23,False,False,False,False,False,False,False,False,True,0.6944611746860291,0.0020008424599831515,1.0,0.36428864288642887,0.9230230230230231,0.226270883429555,0.1721658933408317,0.49193744631706593,0.49603090836073455
M-1156,Unknown,141.12,81.63,0.16,44.54,99.21,False,False,False,False,False,False,False,True,False,0.2000267683865355,0.8069713563605728,0.16,0.8886838868388683,0.9928928928928928,0.7859210428140317,0.7891252681981217,0.5621595335561796,0.57741245600499
M-0129,Unknown,62.19,47.41,0.56,40.69,76.88,False,False,False,False,False,False,False,True,False,0.023957705949273905,0.446609098567818,0.56,0.8097580975809757,0.7693693693693694,0.6409179216116484,0.6292735581445219,0.33759644569675845,0.3171625495682405
M-1032,Cotton,455.79,22.43,0.19,28.57,3.08,False,False,True,False,False,False,False,False,False,0.9019607843137254,0.18355096882898064,0.19,0.5612956129561295,0.03063063063063063,0.6767143047106147,0.668735557339126,0.42992567843046026,0.4241644366965693
M-0403,Glass,363.86,40.13,0.71,25.1,96.24,False,False,False,True,False,False,False,False,False,0.6968926364630038,0.3699452401010952,0.71,0.490159901599016,0.9631631631631631,0.38477962464309334,0.34690622397180537,0.6170098992701657,0.6409794592963882
M-0181,Steel,112.71,51.71,0.94,30.76,32.06,False,False,False,False,False,False,True,False,False,0.1366526132637355,0.49189132266217356,0.94,0.6061910619106191,0.3207207207207208,0.44964256507429945,0.41841124993991297,0.3235154155271504,0.30084380894570506
M-0860,Bamboo,293.01,63.26,0.38,47.24,21.12,False,True,False,False,False,False,False,False,False,0.5388476209596467,0.6135214827295704,0.38,0.9440344403444034,0.21121121121121122,0.8312995430855209,0.8391506111556777,0.45116798449902784,0.448782499351222
M-0194,Bamboo,423.38,84.2,0.39,47.71,4.7,False,True,False,False,False,False,False,False,False,0.8296638336790916,0.8340353833192924,0.39,0.9536695366953669,0.04684684684684685,0.8505170373325354,0.860336012496404,0.5962971416492671,0.6169750991663724
M-1127,Paper,315.66,77.28,0.6,37.32,65.38,False,False,False,False,True,False,False,False,False,0.589372950545406,0.7611625947767482,0.6,0.7406724067240672,0.6542542542542542,0.5989780186090149,0.5830389312008994,0.629471051041198,0.6554208958361969
M-0517,Cotton,226.62,55.32,0.65,13.39,19.15,False,False,True,False,False,False,False,False,False,0.3907515224519842,0.5299073294018535,0.65,0.25010250102501025,0.19149149149149147,0.335912351465857,0.29303485128504114,0.43551864634464044,0.4306462204582903
M-0020,Glass,419.57,51.71,0.12,15.94,32.83,False,False,False,True,False,False,False,False,False,0.8211648709540699,0.49189132266217356,0.12,0.3023780237802378,0.32842842842842845,0.5125839714252999,0.48779797317011986,0.5950175510733471,0.6154921603146009
M-0998,Paper,166.92,44.14,0.04,40.07,74.16,False,False,False,False,True,False,False,False,False,0.2575787994378638,0.41217354675652906,0.04,0.7970479704797048,0.7421421421421421,0.7920145680736087,0.7958427817586655,0.40313695254849546,0.393118535650243
M-0419,Cotton,52.87,75.17,0.31,3.75,26.24,False,False,True,False,False,False,False,False,False,0.003167592406701003,0.7389427127211458,0.31,0.05248052480524805,0.26246246246246246,0.31224206863690257,0.2669406875436986,0.406983046806714,0.39757583840818733
M-0500,Paper,327.49,65.42,0.97,34.65,81.24,False,False,False,False,True,False,False,False,False,0.6157621182716545,0.636267902274642,0.97,0.6859368593685936,0.813013013013013,0.43926081431985486,0.40696638863150036,0.632219423856947,0.658606030913248
M-1465,Glass,377.0,99.06,0.39,25.1,37.95,False,False,False,True,False,False,False,False,False,0.7262040197193781,0.9905223251895536,0.39,0.490159901599016,0.37967967967967975,0.5391279729914417,0.5170601297832249,0.7277741664941604,0.769346015244467
M-0649,Cotton,327.72,45.4,0.17,47.66,68.6,False,False,True,False,False,False,False,False,False,0.616275179013585,0.42544229149115415,0.17,0.9526445264452644,0.6864864864864865,0.85193806721851,0.861902558481254,0.5066339593294296,0.5130629423110713
M-0011,Glass,118.25,78.52,0.12,25.1,28.05,False,False,False,True,False,False,False,False,False,0.14901068504762544,0.7742207245155855,0.12,0.490159901599016,0.2805805805805806,0.6300378829013515,0.6172793832683626,0.43023111930333835,0.42451841721645883
M-0427,Aluminum,400.93,39.94,0.58,29.41,99.17,True,False,False,False,False,False,False,False,False,0.7795846438689241,0.36794439764111203,0.58,0.5785157851578516,0.9924924924924925,0.4738602218454617,0.44510883973150295,0.6422820845112259,0.6702678161102001
M-0794,Paper,165.45,43.34,0.28,8.88,98.92,False,False,False,False,True,False,False,False,False,0.2542996720872649,0.40374894692502106,0.28,0.15764657646576466,0.98998998998999,0.3115889468804598,0.2662206849066873,0.5125503570057216,0.5199195542163257
M-1097,Plastic,104.68,30.74,0.95,14.41,83.22,False,False,False,False,False,True,False,False,False,0.11874010127372905,0.27106149957876996,0.95,0.27101271012710126,0.8328328328328328,0.19432434279297747,0.1369479676251072,0.37589585585223106,0.36154837452529737
M-0084,Cotton,129.37,70.23,0.38,25.1,47.71,False,False,True,False,False,False,False,False,False,0.17381605657052357,0.6869208087615839,0.38,0.490159901599016,0.4773773773773774,0.5323582032216718,0.5095971230190016,0.4477173881818115,0.44478354575084794
M-0254,Steel,278.01,95.82,0.15,25.11,76.68,False,False,False,False,False,False,True,False,False,0.5053871377902697,0.956402695871946,0.15,0.4903649036490365,0.7673673673673674,0.5724822054526851,0.5538298975802468,0.7160634248903454,0.7557742415582871
M-0247,Aluminum,462.79,59.84,0.33,29.39,66.7,True,False,False,False,False,False,False,False,False,0.9175756764594347,0.5775063184498737,0.33,0.5781057810578106,0.6674674674674675,0.5811167218879396,0.56334860453094,0.6989616136059703,0.7359546673393764
M-1043,Bamboo,280.5,41.99,0.06,47.63,42.89,False,True,False,False,False,False,False,False,False,0.5109415779963863,0.38953243470935134,0.06,0.952029520295203,0.42912912912912915,0.9103047992642089,0.926246152263095,0.40578877824331366,0.3961917806592137
M-1250,Paper,176.98,75.06,0.6,39.24,10.45,False,False,False,False,True,False,False,False,False,0.280019630150126,0.7377843302443134,0.6,0.7800328003280033,0.10440440440440439,0.6775792397563616,0.6696890633395587,0.3991089869861343,0.38845045920576887
M-1455,Aluminum,382.96,94.98,0.98,23.51,66.41,True,False,False,False,False,False,False,False,False,0.7394989850320105,0.9475568660488627,0.98,0.4575645756457565,0.6645645645645646,0.31408228893099743,0.26896934981280823,0.7776260032266429,0.8271201399637107
M-0477,Aluminum,228.92,11.24,0.36,10.66,85.93,True,False,False,False,False,False,False,False,False,0.3958821298712887,0.06571187868576242,0.36,0.1941369413694137,0.85995995995996,0.32248616882565223,0.27823380261290115,0.4141362008500185,0.40586574788637836
M-0638,Bamboo,108.89,43.89,0.05,45.92,97.59,False,True,False,False,False,False,False,False,False,0.1281313435499342,0.4095408593091828,0.05,0.9169741697416974,0.9766766766766767,0.8375168341773507,0.8460045643995039,0.3918231893618565,0.38000682687015375
M-0593,Steel,440.72,51.71,0.82,5.58,69.39,False,False,False,False,False,False,True,False,False,0.8683441522228914,0.49189132266217356,0.82,0.08999589995899959,0.6943943943943944,0.13855810053596032,0.07547115861486785,0.7059617050927517,0.7440671900689534
M-0895,Paper,90.11,30.54,0.71,39.37,16.47,False,False,False,False,True,False,False,False,False,0.08623881862187421,0.26895534962089296,0.71,0.7826978269782697,0.16466466466466465,0.6401522297204953,0.6284294579819871,0.17898110912007448,0.13334059157416006
M-0385,Steel,357.47,72.74,0.59,10.03,48.64,False,False,False,False,False,False,True,False,False,0.6826384706328493,0.7133529907329401,0.59,0.18122181221812217,0.48668668668668674,0.2830644186622046,0.2347751920348738,0.6678121675935514,0.699855055031928
M-0830,Cotton,296.01,94.75,0.65,18.47,70.55,False,False,True,False,False,False,False,False,False,0.545539717593522,0.9451347935973041,0.65,0.35424354243542433,0.706006006006006,0.346945524860654,0.3051978421217321,0.7275129258744478,0.7690432591348778
M-0134,Steel,96.85,51.71,0.22,1.45,46.55,False,False,False,False,False,False,True,False,False,0.10127372905931425,0.49189132266217356,0.22,0.005330053300533006,0.4657657657657658,0.29062145540374323,0.24310608337056305,0.40022791592562057,0.3897472046085261
M-0759,Aluminum,323.56,69.03,0.58,31.71,60.67,True,False,False,False,False,False,False,False,False,0.6069954716812778,0.6742839090143219,0.58,0.6256662566625666,0.6071071071071071,0.5406890432868292,0.5187810565754372,0.6073025789986246,0.6297294839932269
M-1181,Wood,310.99,60.19,0.42,36.35,82.18,False,False,False,False,False,False,False,False,True,0.5789555867853399,0.5811920808761584,0.42,0.7207872078720787,0.8224224224224225,0.624230082481005,0.610876853301117,0.5984574473788009,0.6194787134929527
M-0484,Wood,64.01,95.99,0.91,27.33,54.39,False,False,False,False,False,False,False,False,True,0.02801757790715831,0.9581929233361415,0.91,0.5358753587535875,0.5442442442442442,0.39410079082772803,0.3571818948811785,0.5004349884086451,0.5058788515617126
M-1450,Paper,221.18,30.22,0.28,15.44,6.59,False,False,False,False,True,False,False,False,False,0.3786165205558902,0.26558550968828976,0.28,0.2921279212792128,0.06576576576576576,0.48470017619095107,0.4570588255294703,0.30941107161069487,0.28449804963326114
M-1161,Cotton,187.52,44.06,0.88,3.34,47.71,False,False,True,False,False,False,False,False,False,0.30353119632380826,0.41133108677337826,0.88,0.044075440754407544,0.4773773773773774,0.11470752671490678,0.04917824174907308,0.44126973048405005,0.43731124774954394
M-0347,Glass,149.22,51.71,0.01,18.41,83.56,False,False,False,True,False,False,False,False,False,0.21809542929799908,0.49189132266217356,0.01,0.35301353013530135,0.8362362362362363,0.5251844944575571,0.5016888131573835,0.48044125741977756,0.4827077833831717
M-1493,Bamboo,312.26,76.92,0.5,28.94,2.44,False,True,False,False,False,False,False,False,False,0.581788574360347,0.7573715248525695,0.5,0.5688806888068881,0.02422422422422422,0.5889059908617105,0.5719355091106482,0.5166628106886768,0.5246855453523426
M-1001,Wood,290.89,55.59,0.34,23.73,15.83,False,False,False,False,False,False,False,False,True,0.5341185393383746,0.5327506318449874,0.34,0.4620746207462075,0.15825825825825826,0.5594189466218986,0.5394289367894822,0.45884839949120754,0.4576834603335605
M-0283,Wood,153.5,32.99,0.08,34.89,58.58,False,False,False,False,False,False,False,False,True,0.22764282049566126,0.29475568660488627,0.08,0.6908569085690857,0.5861861861861862,0.7318955265228327,0.7295674387247598,0.3309910238655204,0.3095074160824064
M-0667,Wood,278.01,75.48,0.42,49.24,30.48,False,False,False,False,False,False,False,False,True,0.5053871377902697,0.7422072451558552,0.42,0.9850348503485036,0.30490490490490496,0.8345304197186116,0.8427123355550507,0.49913552997727434,0.5043728875210223
M-0884,Cotton,407.95,56.7,0.86,4.8,98.36,False,False,True,False,False,False,False,False,False,0.7952441499921925,0.5444397641112048,0.86,0.07400574005740057,0.9843843843843844,0.0879650055960019,0.019697236812393215,0.7583656728073258,0.8047990219324783
M-1040,Glass,283.28,24.33,0.5,23.16,58.14,False,False,False,True,False,False,False,False,False,0.5171429208771107,0.20355939342881207,0.5,0.45038950389503896,0.5817817817817819,0.4620555241588452,0.43209531908295284,0.42356321597392543,0.41679087288069816
M-1014,Glass,269.71,6.72,0.25,48.76,71.33,False,False,False,True,False,False,False,False,False,0.4868723371032144,0.0181128896377422,0.25,0.9751947519475195,0.7138138138138138,0.8387354697871302,0.8473479905584731,0.32198811692734564,0.29907379713526455
M-0989,Plastic,215.49,63.55,0.37,43.47,66.53,False,False,False,False,False,True,False,False,False,0.3659238439403065,0.616575400168492,0.37,0.8667486674866748,0.6657657657657658,0.7424726239154282,0.7412276505297872,0.49035302184256513,0.49419469242170605
M-0461,Plastic,241.78,78.45,0.11,9.27,47.71,False,False,False,False,False,True,False,False,False,0.42456891744183456,0.7734835720303286,0.11,0.16564165641656414,0.4773773773773774,0.41864725611220077,0.3842419637883697,0.5982296811490762,0.6192147514120053
M-0566,Plastic,339.61,78.3,0.18,25.1,98.93,False,False,False,False,False,True,False,False,False,0.6427981886725112,0.7719039595619208,0.18,0.490159901599016,0.9900900900900902,0.5410869319504006,0.5192196897769532,0.7441477797401677,0.7883216686161935
M-1210,Steel,403.54,66.62,0.75,18.02,3.86,False,False,False,False,False,False,True,False,False,0.7854067679403958,0.648904802021904,0.75,0.34501845018450183,0.03843843843843844,0.3781672262668573,0.3396167037240191,0.5751948921560424,0.5925193504119082
M-0072,Plastic,52.08,51.71,0.36,14.67,52.03,False,False,False,False,False,True,False,False,False,0.0014053402931138298,0.49189132266217356,0.36,0.27634276342763425,0.5206206206206206,0.4057435959945185,0.3700169449152722,0.34914367981571126,0.3305448317042164
M-0265,Glass,367.51,64.53,0.64,6.2,50.43,False,False,False,True,False,False,False,False,False,0.7050346873675523,0.6268955349620894,0.64,0.1027060270602706,0.5046046046046047,0.2191631557757019,0.16433032117767882,0.6568258960302684,0.6871228817540872
M-0502,Steel,266.69,69.04,0.06,40.13,91.43,False,False,False,False,False,False,True,False,False,0.4801356264917799,0.6743892165122157,0.06,0.7982779827798279,0.9150150150150151,0.7694652881663951,0.7709844137197152,0.6072588997764186,0.6296788634143922
M-1228,Cotton,243.35,55.91,0.21,6.74,75.75,False,False,True,False,False,False,False,False,False,0.4280711146802293,0.5361204717775906,0.21,0.11377613776137763,0.758058058058058,0.3294598768510208,0.28592163128876663,0.5777010530957107,0.5954237821076125
M-0123,Plastic,339.8,51.71,0.16,22.16,62.0,False,False,False,False,False,True,False,False,False,0.6432220214593232,0.49189132266217356,0.16,0.42988929889298894,0.6204204204204204,0.5478915372937513,0.5267210993421744,0.578384824637309,0.5962162163470118
M-1024,Plastic,479.9,55.89,0.82,27.92,32.44,False,False,False,False,False,True,False,False,False,0.955742934261304,0.5359098567818029,0.82,0.5479704797047971,0.3245245245245245,0.45032983537042576,0.419168897990478,0.6321863337995125,0.6585676822940096
M-0856,Steel,283.58,46.27,0.9,9.75,67.03,False,False,False,False,False,False,True,False,False,0.5178121305404982,0.4346040438079191,0.9,0.17548175481754819,0.6707707707707709,0.16821197581345182,0.1081616457817418,0.5499516396943455,0.5632645242784677
M-0729,Steel,409.02,71.85,0.59,27.34,87.16,False,False,False,False,False,False,True,False,False,0.7976309977916081,0.7039806234203875,0.59,0.536080360803608,0.8722722722722722,0.45742098925493757,0.42698619919953507,0.746410485798292,0.7909439563907957
M-0642,Wood,83.07,70.89,0.54,29.73,2.47,False,False,False,False,False,False,False,False,True,0.07053469852104663,0.693871103622578,0.54,0.5850758507585075,0.024524524524524527,0.586593058002652,0.5693857276321956,0.31393935057932276,0.2897459476254844
M-1287,Plastic,101.34,29.36,0.62,33.8,27.14,False,False,False,False,False,True,False,False,False,0.11128956702134779,0.2565290648694187,0.62,0.6685116851168511,0.2714714714714715,0.5879598639229634,0.570892497016616,0.21617964694437747,0.1764505972328776
M-0792,Cotton,98.09,97.21,0.52,25.1,6.12,False,False,True,False,False,False,False,False,False,0.10403979566798277,0.9710404380791913,0.52,0.490159901599016,0.06106106106106106,0.5319898348533035,0.5091910330457304,0.43947430386382147,0.43523049790600316
M-1105,Wood,278.01,22.85,0.63,46.12,49.57,False,False,False,False,False,False,False,False,True,0.5053871377902697,0.18797388374052232,0.63,0.9210742107421074,0.49599599599599603,0.7140449268456648,0.7098889044958661,0.3497681356607657,0.33126852399397966
M-1214,Wood,222.72,61.93,0.75,14.13,46.85,False,False,False,False,False,False,False,False,True,0.38205179682794616,0.5995155855096883,0.75,0.2652726527265273,0.46876876876876883,0.2872867147590395,0.23942985909193437,0.5107750722992731,0.5178621471724707
M-0082,Paper,253.6,10.65,0.81,16.51,8.9,False,False,False,False,True,False,False,False,False,0.4509357781793035,0.05949873631002528,0.81,0.31406314063140633,0.08888888888888889,0.33654899548995487,0.29373668883931975,0.2650235437859022,0.23305660360811353
M-0040,Glass,476.28,23.63,0.98,36.3,55.05,False,False,False,True,False,False,False,False,False,0.9476678043230944,0.1961878685762426,0.98,0.7197621976219761,0.5508508508508508,0.4827722334881006,0.4549334579140666,0.5385434359227405,0.5500433667299477
M-0450,Wood,108.54,78.43,0.62,15.32,94.73,False,False,False,False,False,False,False,False,True,0.12735059894264875,0.773272957034541,0.62,0.2896678966789668,0.9480480480480481,0.2929959332025752,0.2457237121048979,0.5758610645337293,0.5932913886868374
M-1334,Unknown,459.15,86.68,0.24,5.24,10.55,False,False,False,False,False,False,False,True,False,0.9094559325436657,0.8601516427969672,0.24,0.08302583025830258,0.10540540540540541,0.36727495761444096,0.3276090465369588,0.7321411494244724,0.774406984568758
M-1320,Unknown,198.6,86.91,0.5,21.59,57.07,False,False,False,False,False,False,False,True,False,0.328247339891588,0.8625737152485257,0.5,0.4182041820418204,0.5710710710710711,0.4438154021179851,0.41198737467706426,0.5891811653090719,0.6087282755481416
M-1018,Glass,264.21,58.26,0.1,5.77,37.8,False,False,False,True,False,False,False,False,False,0.47460349327444284,0.5608677337826453,0.1,0.09389093890938909,0.37817817817817817,0.3885167455278157,0.35102603297416546,0.5286614712146775,0.5385909930776287
M-0467,Cotton,278.01,66.41,0.04,10.23,56.57,False,False,True,False,False,False,False,False,False,0.5053871377902697,0.6466933445661331,0.04,0.1853218532185322,0.5660660660660661,0.44258650532451266,0.4106326365701391,0.597909196716101,0.6188433366595131
M-0164,Unknown,234.24,51.71,0.98,3.53,21.54,False,False,False,False,False,False,False,True,False,0.4077494479020277,0.49189132266217356,0.98,0.04797047970479704,0.2154154154154154,0.11324074628133668,0.04756126027560473,0.4531603048100738,0.45109143257566325
M-0008,Steel,290.06,45.89,0.34,27.94,57.23,False,False,False,False,False,False,True,False,False,0.5322670592696692,0.4306023588879528,0.34,0.5483804838048381,0.5726726726726726,0.5697610230156355,0.5508300610089837,0.49670078250921845,0.5015512180881753
M-0309,Cotton,265.94,12.3,0.89,14.48,89.96,False,False,True,False,False,False,False,False,False,0.47846260233331095,0.07687447346251054,0.89,0.2724477244772448,0.9003003003003003,0.20643860465631683,0.15030275239687169,0.4471832641408731,0.4441645404948869
M-0894,Steel,330.61,51.71,0.13,43.92,26.27,False,False,False,False,False,False,True,False,False,0.6227218987708849,0.49189132266217356,0.13,0.8759737597375974,0.2627627627627628,0.8603079795662821,0.871129565394593,0.45506980408036324,0.45330438311517923
M-1300,Plastic,86.78,58.52,0.52,22.66,47.71,False,False,False,False,False,True,False,False,False,0.07881059135827254,0.5636057287278855,0.52,0.4401394013940139,0.4773773773773774,0.46034590309867063,0.4302106296518121,0.3763072473662294,0.36202514300959054
M-1471,Steel,366.66,37.62,0.3,25.1,87.13,False,False,False,False,False,False,True,False,False,0.7031385933212876,0.3435130581297388,0.3,0.490159901599016,0.871971971971972,0.5168987437622123,0.49255458620595083,0.5917064822423521,0.6116549074442114
M-0867,Steel,497.36,75.18,0.81,33.29,47.71,False,False,False,False,False,False,True,False,False,0.9946909366704588,0.7390480202190397,0.81,0.6580565805658056,0.4773773773773774,0.5040962106017456,0.4784410498782591,0.7364784523302194,0.7794335572177551
M-1143,Cotton,410.03,89.37,0.61,37.76,80.16,False,False,True,False,False,False,False,False,False,0.7998840036583461,0.8884793597304129,0.61,0.7496924969249692,0.8022022022022022,0.5865952779347613,0.5693881748894748,0.7763983679340092,0.8256974129559383
M-1198,Glass,116.35,72.93,0.74,24.73,72.89,False,False,False,True,False,False,False,False,False,0.14477235717950432,0.7153538331929234,0.74,0.4825748257482575,0.7294294294294295,0.3946019525060116,0.3577343764458695,0.4986725699414099,0.5038363554169879
M-0168,Bamboo,476.8,8.7,0.35,16.47,91.08,False,True,False,False,False,False,False,False,False,0.9488277677396328,0.0389637742207245,0.35,0.3132431324313243,0.9115115115115116,0.3917947283076434,0.35463968727716744,0.596705028745295,0.6174478063222539
M-0258,Wood,432.14,46.72,0.41,16.82,0.02,False,False,False,False,False,False,False,False,True,0.8492047558500078,0.43934288121314236,0.41,0.3204182041820418,0.0,0.46925092250922507,0.4400275395847427,0.5189498525538984,0.5273360362995165
M-0680,Plastic,440.56,42.35,0.8,44.73,66.58,False,False,False,False,False,True,False,False,False,0.867987240402418,0.3933235046335299,0.8,0.8925789257892578,0.6662662662662663,0.6289207288469281,0.6160478305644476,0.5854541214369092,0.6044089422674057
M-0722,Glass,382.3,20.49,0.99,10.84,3.84,False,False,False,True,False,False,False,False,False,0.738026723772558,0.1631213142375737,0.99,0.19782697826978268,0.038238238238238235,0.2178723631380458,0.16290734897719816,0.40326676312421544,0.3932689752906472
M-0260,Glass,270.24,89.84,0.06,23.74,20.82,False,False,False,True,False,False,False,False,False,0.48805460750853247,0.8934288121314239,0.06,0.4622796227962279,0.2082082082082082,0.6385469528569159,0.6266597977869178,0.5789328762360035,0.5968513624818569
M-1436,Plastic,472.24,58.75,0.94,1.79,14.93,False,False,False,False,False,True,False,False,False,0.9386557808561422,0.5660278011794441,0.94,0.012300123001230016,0.14924924924924923,0.1104551488758131,0.044490412523490994,0.655259091262182,0.685307085586578
M-0574,Plastic,148.65,26.1,0.48,36.86,70.29,False,False,False,False,False,True,False,False,False,0.21682393093756275,0.22219882055602358,0.48,0.7312423124231242,0.7034034034034035,0.6244050471135342,0.6110697346368894,0.3212144124611235,0.2981771381301565
M-0478,Cotton,173.4,26.68,0.64,5.78,11.0,False,False,True,False,False,False,False,False,False,0.27203372816703475,0.22830665543386686,0.64,0.0940959409594096,0.10990990990990991,0.25346657358465474,0.20214647266445174,0.28769152214635657,0.2593269016506465
M-0287,Aluminum,202.94,75.35,0.98,8.13,26.5,True,False,False,False,False,False,False,False,False,0.33792857302192775,0.740838247683235,0.98,0.14227142271422716,0.2650650650650651,0.1648563471220298,0.10446239448162621,0.5163542579883973,0.5243279584837971
M-1147,Bamboo,327.19,83.41,0.15,25.41,70.61,False,True,False,False,False,False,False,False,False,0.6150929086082669,0.8257160909856782,0.15,0.49651496514965154,0.7066066066066066,0.5822483184291303,0.5645960786590838,0.695952974664237,0.7324679055097644
M-1380,Plastic,242.37,64.6,0.85,35.28,23.36,False,False,False,False,False,True,False,False,False,0.42588502977983,0.6276326874473462,0.85,0.6988519885198852,0.23363363363363363,0.5409478297485677,0.5190663432513694,0.44557272890424987,0.4422980643583159
M-1090,Plastic,151.08,67.14,0.27,15.03,86.91,False,False,False,False,False,True,False,False,False,0.22224452921100185,0.6543807919123842,0.27,0.28372283722837227,0.8697697697697697,0.4022567253600464,0.3661730122534498,0.5524005326243018,0.5661025871229444
M-0846,Unknown,310.27,68.88,0.65,37.36,99.02,False,False,False,False,False,False,False,True,False,0.5773494835932097,0.672704296545914,0.65,0.7414924149241492,0.990990990990991,0.5507963498553904,0.5299233701037471,0.6615677797544766,0.6926183298587716
M-1468,Wood,176.68,12.5,0.74,22.45,31.34,False,False,False,False,False,False,False,False,True,0.27935042048673847,0.07898062342038752,0.74,0.4358343583435834,0.31351351351351353,0.4081492636547987,0.3726689574107806,0.24453513223583845,0.20931224187988656
M-0539,Steel,64.94,95.39,0.35,49.97,94.84,False,False,False,False,False,False,True,False,False,0.030092127863659668,0.9518744734625106,0.35,1.0,0.9491491491491492,0.800085085085085,0.8047397346973582,0.5335181402939895,0.5442194678440445
M-1212,Paper,234.46,19.84,0.2,34.62,31.49,False,False,False,False,True,False,False,False,False,0.4082402016551786,0.15627632687447346,0.2,0.6853218532185321,0.315015015015015,0.7196916104296177,0.7161138189635115,0.292051602666528,0.26437987165674853
M-0368,Plastic,444.86,30.69,0.41,12.92,6.58,False,False,False,False,False,True,False,False,False,0.8775792455776394,0.2705349620893008,0.41,0.24046740467404676,0.06566566566566566,0.4147138762378615,0.37990579851144457,0.49092636534915757,0.4948591497702807
M-0262,Wood,494.45,88.93,0.39,46.46,80.59,False,False,False,False,False,False,False,False,True,0.9881996029355997,0.8838458298230835,0.39,0.9280442804428044,0.8065065065065066,0.7591759176150319,0.7596413925187099,0.8237127747225599,0.8805308678091199
M-1187,Cotton,171.42,26.74,0.91,28.08,50.98,False,False,True,False,False,False,False,False,False,0.26761694438867695,0.22893850042122998,0.91,0.551250512505125,0.5101101101101101,0.406739296492064,0.37111460699257137,0.320691376454977,0.2975709829825755
M-1345,Bamboo,278.01,51.51,0.05,37.7,53.23,False,True,False,False,False,False,False,False,False,0.5053871377902697,0.4897851727042965,0.05,0.7484624846248463,0.5326326326326326,0.7808142275116444,0.7834955055264953,0.47999058673714007,0.4821854936154802
M-0746,Plastic,350.7,87.2,0.5,34.54,7.83,False,False,False,False,False,True,False,False,False,0.6675366392290705,0.8656276326874475,0.5,0.6836818368183681,0.07817817817817818,0.652391284273203,0.6419218144462248,0.58387494712458,0.6025788108288486
M-0785,Plastic,236.1,31.4,0.56,32.32,84.04,False,False,False,False,False,True,False,False,False,0.41189854781503044,0.2780117944397641,0.56,0.6381713817138172,0.8410410410410412,0.5307987249241861,0.5078779512482324,0.4458596898260046,0.4426306281547508
M-1461,Steel,389.28,5.98,0.95,25.1,17.4,False,False,False,False,False,False,True,False,False,0.7535970019407079,0.010320134793597308,0.95,0.490159901599016,0.17397397397397396,0.3916985435620122,0.3545336530349889,0.3531498024919,0.33518759406374066
M-0726,Steel,350.42,7.39,0.48,47.66,49.72,False,False,False,False,False,False,True,False,False,0.6669120435432421,0.025168491996630155,0.48,0.9526445264452644,0.4974974974974975,0.7778369661174088,0.7802133670373459,0.3464632342939283,0.3274384187006264
M-0363,Aluminum,150.72,28.45,0.07,41.24,47.71,True,False,False,False,False,False,False,False,False,0.22144147761493677,0.2469460825610783,0.07,0.8210332103321033,0.4773773773773774,0.8238821884615243,0.8309737056457268,0.2773078005038704,0.24729303352173126
M-0006,Cotton,407.31,59.32,0.19,24.55,44.96,False,False,True,False,False,False,False,False,False,0.7938165027102991,0.5720303285593935,0.19,0.47888478884788854,0.4498498498498499,0.5853458883237481,0.568010845462442,0.6201278820295735,0.6445929414992837
M-1454,Glass,68.91,85.57,0.72,15.84,37.73,False,False,False,True,False,False,False,False,False,0.038948002409154775,0.8484625105307497,0.72,0.3003280032800328,0.37747747747747745,0.32644905422027193,0.28260249483016897,0.45605637469645877,0.4544477362502805
M-1406,Cotton,157.94,24.42,0.3,21.48,18.13,False,False,True,False,False,False,False,False,False,0.23754712351379687,0.20450716090985677,0.3,0.41594915949159494,0.18128128128128126,0.5414413675668288,0.5196104202586156,0.24938033985537555,0.21492743376948392
M-0421,Plastic,278.01,66.26,0.18,42.69,48.3,False,False,False,False,False,True,False,False,False,0.5053871377902697,0.6451137320977255,0.18,0.8507585075850758,0.4832832832832833,0.8081267762227171,0.8136049099392014,0.5142561103589474,0.5218963802157041
M-0579,Plastic,346.42,45.73,0.09,18.72,18.91,False,False,False,False,False,True,False,False,False,0.6579892480314082,0.4289174389216512,0.09,0.3593685936859368,0.18908908908908909,0.5697122473026532,0.5507762905724259,0.4822982988827949,0.48485993969526325
M-1203,Paper,319.2,69.37,0.5,22.09,60.3,False,False,False,False,True,False,False,False,False,0.5972696245733788,0.6778643639427128,0.5,0.4284542845428454,0.6034034034034034,0.4467322303853669,0.41520289157495843,0.6241321482070282,0.6492335523314736
M-1109,Wood,428.9,83.07,0.92,47.31,13.64,False,False,False,False,False,False,False,False,True,0.8419772914854223,0.8221356360572872,0.92,0.945469454694547,0.13633633633633635,0.6776480391830946,0.669764907955335,0.6151598464377609,0.638835402224828
M-0448,Wood,486.0,34.63,0.28,20.87,76.62,False,False,False,False,False,False,False,False,True,0.9693501974168506,0.3120261162594777,0.28,0.40344403444034443,0.7667667667667668,0.48138974398753,0.4534093989216472,0.6614906596960337,0.6925289541372963
M-0809,Wood,427.94,12.18,0.93,42.49,52.86,False,False,False,False,False,False,False,False,True,0.8398358205625822,0.07561078348778431,0.93,0.8466584665846659,0.528928928928929,0.5761021870579066,0.5578205720233823,0.4415262505449475,0.43760853312482123
M-1202,Plastic,149.28,69.1,0.05,49.85,6.33,False,False,False,False,False,True,False,False,False,0.21822927123067654,0.6750210614995787,0.05,0.997539975399754,0.06316316316316316,0.977207668923536,0.9999999999999999,0.32551625154824654,0.30316261116849746
M-1328,Steel,278.01,51.49,0.24,14.26,58.52,False,False,False,False,False,False,True,False,False,0.5053871377902697,0.48957455770850883,0.24,0.26793767937679375,0.5855855855855856,0.4302040490675177,0.3969821938008285,0.5385599426040102,0.5500624965980706
M-0972,Bamboo,104.62,20.33,0.05,35.65,93.08,False,True,False,False,False,False,False,False,False,0.11860625934105157,0.1614363942712721,0.05,0.7064370643706437,0.9315315315315316,0.7157090854692331,0.7117234760524779,0.3136775286335552,0.2894425178074381
M-0263,Steel,474.83,47.59,0.7,25.1,27.97,False,False,False,False,False,False,True,False,False,0.9444332909500546,0.4485046335299074,0.7,0.490159901599016,0.2797797797797798,0.45611796298143165,0.42554974061617823,0.594468239364041,0.6148555538165595
M-1184,Paper,321.57,47.02,0.44,26.24,33.72,False,False,False,False,True,False,False,False,False,0.6025563809141403,0.4425021061499579,0.44,0.5135301353013529,0.33733733733733734,0.5423843474470781,0.5206499630295164,0.48188492440976655,0.48438087312669026
M-1462,Steel,412.21,73.02,0.22,12.37,76.08,False,False,False,False,False,False,True,False,False,0.8047469272122956,0.716301600673968,0.22,0.22919229192291923,0.7613613613613613,0.3953792390176154,0.35859125853951795,0.7617200278401726,0.8086864399038616
M-0135,Bamboo,409.96,35.29,0.89,32.77,94.32,False,True,False,False,False,False,False,False,False,0.799727854736889,0.31897641112047176,0.89,0.6473964739647398,0.9439439439439439,0.42704348998444946,0.39349798759916516,0.6155956344423911,0.6393404442088528
M-0848,Plastic,85.74,14.68,0.23,42.77,1.18,False,False,False,False,False,True,False,False,False,0.07649066452519573,0.10193765796124683,0.23,0.85239852398524,0.011611611611611611,0.8412779532299828,0.8501508290267272,0.07953238279405322,0.01808780462547402
M-1100,Glass,340.61,27.94,0.5,35.78,1.36,False,False,False,True,False,False,False,False,False,0.6450288875504696,0.241575400168492,0.5,0.7091020910209103,0.013413413413413415,0.6741199132712048,0.6658754953990851,0.3420839742822282,0.3223632212620313
M-1118,Steel,124.17,30.6,0.15,9.05,34.58,False,False,False,False,False,False,True,False,False,0.1622164224051395,0.2695871946082561,0.15,0.16113161131611317,0.34594594594594597,0.4170843721950733,0.38251903765618395,0.3042072940122663,0.27846730501704675
M-1313,Aluminum,412.88,10.41,0.5,10.01,94.87,True,False,False,False,False,False,False,False,False,0.8062414954605277,0.05697135636057288,0.5,0.18081180811808117,0.9494494494494495,0.26354213992590375,0.21325379570723785,0.573933207215467,0.5910571626994604
M-0286,Glass,363.33,84.24,0.99,6.11,83.61,False,False,False,True,False,False,False,False,False,0.6957103660576858,0.8344566133108677,0.99,0.1008610086100861,0.8367367367367368,0.07984293149237798,0.01074344723958641,0.7928196892653324,0.8447283560231267
M-0709,Cotton,147.05,31.04,0.42,38.72,22.52,False,False,True,False,False,False,False,False,False,0.2132548127328292,0.2742207245155855,0.42,0.7693726937269373,0.22522522522522523,0.7131010937136398,0.7088484210986234,0.23872421370929647,0.20257787151982615
M-1335,Unknown,292.42,43.65,0.19,33.79,68.31,False,False,False,False,False,False,False,True,False,0.5375315086216512,0.40701347935973037,0.19,0.6683066830668306,0.6835835835835836,0.67562565148174,0.6675354239982161,0.5004767942035172,0.5059273009943763
M-0778,Cotton,188.28,65.96,0.91,7.32,54.76,False,False,True,False,False,False,False,False,False,0.30522652747105666,0.6419545071609098,0.91,0.12566625666256662,0.547947947947948,0.14760495920274516,0.08544443240723239,0.5285363260445212,0.5384459602535138
M-1062,Steel,393.97,67.39,0.85,26.69,5.65,False,False,False,False,False,False,True,False,False,0.7640589796783332,0.6570134793597304,0.85,0.5227552275522755,0.05635635635635636,0.4530175008957297,0.42213178545599883,0.5563711091793659,0.5707041544900723
M-0588,Glass,356.1,9.27,0.9,21.14,26.85,False,False,False,True,False,False,False,False,False,0.6795824131700462,0.044966301600673955,0.9,0.4089790897908979,0.2685685685685686,0.34853059701768185,0.306945228610783,0.366407854904376,0.3505525720428482
M-0010,Plastic,404.87,46.29,0.83,44.01,28.68,False,False,False,False,False,True,False,False,False,0.7883735974480804,0.4348146588037068,0.83,0.8778187781877819,0.2868868868868869,0.6490025782239804,0.6381860986054522,0.4977113892467247,0.5027224270851098
M-0675,Paper,493.98,40.24,0.32,13.03,46.92,False,False,False,False,True,False,False,False,False,0.9871511744629593,0.37110362257792756,0.32,0.24272242722427223,0.4694694694694695,0.4026865093876164,0.36664680696346086,0.6450108301357771,0.6734302049081476
M-0610,Cotton,316.56,21.65,0.18,29.74,87.54,False,False,True,False,False,False,False,False,False,0.5913805795355684,0.1753369839932603,0.18,0.585280852808528,0.8760760760760762,0.6095609040775093,0.5947055237915451,0.4850382771694525,0.488035346212597
M-1106,Paper,163.51,12.31,0.19,48.45,42.11,False,False,False,False,True,False,False,False,False,0.2499721162640255,0.07697978096040438,0.19,0.9688396883968841,0.42132132132132133,0.8821716809059983,0.8952321503477599,0.20181345945312631,0.15980138303614622
M-1239,Aluminum,246.58,8.02,0.73,21.79,79.22,True,False,False,False,False,False,False,False,False,0.43527627205603514,0.03180286436394271,0.73,0.4223042230422304,0.7927927927927928,0.355103254546059,0.3141909384740993,0.3798058340013277,0.3660797133894528
M-0224,Paper,146.72,73.6,0.71,35.38,41.33,False,False,False,False,True,False,False,False,False,0.21251868210310287,0.7224094355518113,0.71,0.7009020090200903,0.4135135135135135,0.5661898540607028,0.5468931977221613,0.43983734297991356,0.4356512299902315
M-1003,Aluminum,55.45,62.54,0.68,17.54,12.82,True,False,False,False,False,False,False,False,False,0.008922795511833864,0.6059393428812132,0.68,0.3351783517835178,0.12812812812812813,0.3842941982572979,0.3463710890227704,0.3073095388848403,0.2820625483205085
M-0820,Aluminum,253.3,69.22,0.86,12.7,3.77,True,False,False,False,False,False,False,False,False,0.45026656851591607,0.676284751474305,0.86,0.2359573595735957,0.03753753753753754,0.2798206619904037,0.23119926865691115,0.4782047335467253,0.48011583857935886
M-1123,Glass,277.63,30.14,0.2,46.84,94.02,False,False,False,True,False,False,False,False,False,0.5045394722166454,0.264743049705139,0.2,0.9358343583435835,0.9409409409409409,0.807406520912056,0.812810899147367,0.4638536350264544,0.4634841112426598
M-0897,Wood,107.47,51.71,0.68,26.1,51.46,False,False,False,False,False,False,False,False,True,0.12496375114323316,0.49189132266217356,0.68,0.5106601066010661,0.5149149149149149,0.4509045724691481,0.41980248923527463,0.3678162481547687,0.35218478246146473
M-0939,Wood,322.81,83.71,0.5,7.65,30.62,False,False,False,False,False,False,False,False,True,0.6053224475228088,0.8288753159224936,0.5,0.13243132431324314,0.30630630630630634,0.29882816395731526,0.2521531741181409,0.6499873460357929,0.6791975721531638
M-0625,Steel,161.25,79.13,0.51,21.37,12.1,False,False,False,False,False,False,True,False,False,0.2449307367998394,0.7806444818871103,0.51,0.4136941369413694,0.12092092092092091,0.48312439007272956,0.4553216759868417,0.44176609703047964,0.4378864952156258
M-0451,Wood,391.22,54.52,0.85,15.45,36.9,False,False,False,False,False,False,False,False,True,0.7579245577639475,0.5214827295703455,0.85,0.2923329233292333,0.3691691691691692,0.28348283708062305,0.2352364572762527,0.592393092067913,0.612450631018215
M-0253,Paper,442.83,59.49,0.76,12.41,83.12,False,False,False,False,True,False,False,False,False,0.8730509268553838,0.573820556023589,0.76,0.23001230012300122,0.8318318318318318,0.22682419689061753,0.172775867127693,0.7497701553617067,0.794837533460258
M-0955,Glass,247.78,51.71,0.42,5.43,4.92,False,False,False,True,False,False,False,False,False,0.4379531107095853,0.49189132266217356,0.42,0.08692086920869208,0.04904904904904905,0.32124761662031037,0.2768684203620031,0.4265632745690562,0.42026769080358095
M-0083,Steel,113.39,62.36,0.82,5.26,51.15,False,False,False,False,False,False,True,False,False,0.13816948850074728,0.6040438079191238,0.82,0.08343583435834358,0.5118118118118118,0.152880319433825,0.0912599993212017,0.4537934326734828,0.4518251750120776
M-1047,Glass,372.35,66.59,0.16,18.16,93.69,False,False,False,True,False,False,False,False,False,0.7158312699368713,0.6485888795282225,0.16,0.34788847888478885,0.9376376376376376,0.4669693235671096,0.4375123006745085,0.7302857319518314,0.7722567103261888
M-1094,Bamboo,325.82,19.87,0.04,41.4,46.47,False,True,False,False,False,False,False,False,False,0.6120368511454638,0.15659224936815502,0.04,0.8243132431324313,0.464964964964965,0.8360914493829622,0.8444332175555324,0.3795818538595164,0.3658201390689101
M-1095,Plastic,474.38,50.02,0.18,21.47,82.07,False,False,False,False,False,True,False,False,False,0.9434294764549733,0.4740943555181129,0.18,0.4157441574415744,0.8213213213213213,0.5133143623328125,0.4886031574627431,0.7188231897106869,0.7589725790193882
M-1190,Cotton,84.68,93.27,0.81,26.95,47.54,False,False,True,False,False,False,False,False,False,0.07412612371455979,0.9295492839090144,0.81,0.5280852808528085,0.4756756756756757,0.42628360094411755,0.39266028451015017,0.4936129997181053,0.4979727351320304
M-0967,Steel,76.0,20.7,0.6,8.52,22.33,False,False,False,False,False,False,True,False,False,0.05476365745388029,0.16533277169334454,0.6,0.15026650266502664,0.2233233233233233,0.2878275692666837,0.24002609810541364,0.2066717645996907,0.1654317538681775
M-0962,Aluminum,77.61,69.0,0.46,7.04,36.68,True,False,False,False,False,False,False,False,False,0.05835508264739342,0.6739679865206403,0.46,0.1199261992619926,0.366966966966967,0.2972590228604989,0.25042335005944777,0.41771384767600594,0.4100119424395537
M-0589,Paper,82.49,77.3,0.38,30.61,65.42,False,False,False,False,True,False,False,False,False,0.06924089317183071,0.7613732097725359,0.38,0.6031160311603115,0.6546546546546547,0.5824041532307214,0.5647678712337101,0.4613342638454281,0.4605643699780046
M-0518,Wood,265.97,27.98,0.06,4.3,38.62,False,False,False,False,False,False,False,False,True,0.4785295232996498,0.2419966301600674,0.06,0.06375563755637556,0.3863863863863864,0.3816147438951867,0.34341725355879965,0.42308586723254077,0.4162376654659478
M-0825,Cotton,147.53,51.71,0.76,16.05,0.84,False,False,True,False,False,False,False,False,False,0.21432554819424926,0.49189132266217356,0.76,0.30463304633046334,0.00820820820820821,0.3539590069774572,0.3129295178298472,0.31835424180834326,0.2948624386758759
M-0338,Glass,125.17,69.85,0.61,23.98,61.86,False,False,False,True,False,False,False,False,False,0.16444712128309796,0.6829191238416175,0.61,0.46719967199671997,0.619019019019019,0.43541790129613006,0.40272995417867036,0.47366202239778216,0.4748512148927549
M-0641,Wood,156.22,36.56,0.19,36.22,64.99,False,False,False,False,False,False,False,False,True,0.2337103214437083,0.33235046335299073,0.19,0.7181221812218122,0.6503503503503503,0.7088382736980522,0.7041490803982855,0.35637912662673354,0.3389301116429008
M-0879,Steel,93.5,95.39,0.65,8.41,90.12,False,False,False,False,False,False,True,False,False,0.09380088781815343,0.9518744734625106,0.65,0.14801148011480114,0.901901901901902,0.2036166978786905,0.147191877125533,0.6315656088171326,0.657848313763201
M-1360,Bamboo,492.58,97.14,0.97,16.11,77.04,False,True,False,False,False,False,False,False,False,0.9840281960338173,0.9703032855939344,0.97,0.30586305863058627,0.770970970970971,0.21542073808125467,0.160204672962443,0.9076239069008487,0.9777768778571833
M-1007,Paper,278.01,70.75,0.01,31.36,26.2,False,False,False,False,True,False,False,False,False,0.5053871377902697,0.692396798652064,0.01,0.6184911849118491,0.26206206206206206,0.7418885047409032,0.7405837164672052,0.5097876716760443,0.5167178321282648
M-0845,Steel,375.95,22.91,0.43,11.04,11.76,False,False,False,False,False,False,True,False,False,0.7238617858975216,0.18860572872788545,0.43,0.2019270192701927,0.11751751751751752,0.38040445981036386,0.3420830341364497,0.42267443169537666,0.41576084596247387
M-0211,Bamboo,87.26,99.42,0.57,40.21,53.13,False,True,False,False,False,False,False,False,False,0.07988132681969262,0.9943133951137322,0.57,0.7999179991799918,0.5316316316316316,0.6557876363448318,0.645665959276295,0.5023026790850258,0.5080433494247147
M-0483,Steel,145.9,10.5,0.36,33.14,4.61,False,False,False,False,False,False,True,False,False,0.21068950902317696,0.057919123841617515,0.36,0.6549815498154982,0.04594594594594595,0.6803943352947044,0.6727924298880641,0.13770405571031744,0.08550392620643586
M-1116,Bamboo,471.82,65.46,0.64,29.53,97.31,False,True,False,False,False,False,False,False,False,0.9377188873273996,0.6366891322662174,0.64,0.5809758097580976,0.9738738738738739,0.4591980984674711,0.4289452876951476,0.787720000656731,0.8388182418725949
M-0707,Paper,360.29,74.25,0.69,16.14,60.78,False,False,False,False,True,False,False,False,False,0.6889290414686922,0.7292544229149116,0.69,0.3064780647806478,0.6082082082082082,0.3160660180475679,0.27115621647428045,0.6873580476978383,0.722507101353757
M-0334,Glass,445.6,47.69,0.5,35.37,48.42,False,False,False,True,False,False,False,False,False,0.8792299627473288,0.44955770850884574,0.5,0.7006970069700696,0.4844844844844845,0.6219697557335934,0.6083850648978222,0.591902881139551,0.6118825174005382
M-0688,Steel,367.11,60.46,0.78,11.39,22.75,False,False,False,False,False,False,True,False,False,0.7041424078163688,0.5840353833192924,0.78,0.2091020910209102,0.22752752752752753,0.26870850185979334,0.21894920269599794,0.575457523300896,0.5928237180242663
M-0776,Unknown,165.55,40.52,0.43,13.87,61.27,False,False,False,False,False,False,False,True,False,0.2545227419750608,0.37405223251895536,0.43,0.25994259942599424,0.6131131131131131,0.3656542483442852,0.3258223736282252,0.41662960375292885,0.4087553940805817
M-0979,Cotton,416.29,51.71,0.74,25.1,93.37,False,False,True,False,False,False,False,False,False,0.8138481786343662,0.49189132266217356,0.74,0.490159901599016,0.9344344344344345,0.3786524975159662,0.3401516676500827,0.6948797221807743,0.7312240953134108
M-0291,Aluminum,292.77,67.56,0.87,6.23,78.4,True,False,False,False,False,False,False,False,False,0.5383122532289366,0.658803706823926,0.87,0.10332103321033212,0.7845845845845847,0.1225341614677408,0.05780633843300077,0.6655753996143856,0.6972628273294703
M-0813,Aluminum,401.24,61.91,0.88,25.1,11.34,True,False,False,False,False,False,False,False,False,0.7802761605210913,0.5993049705139006,0.88,0.490159901599016,0.1133133133133133,0.41876460962807827,0.3843713345221737,0.5565000683650083,0.5708536074403212
M-0183,Wood,492.98,98.48,0.62,25.1,42.71,False,False,False,False,False,False,False,False,True,0.9849204755850007,0.9844144903117102,0.62,0.490159901599016,0.42732732732732737,0.46536320822667687,0.43574171614099944,0.8257167133694128,0.8828532657166288
M-0959,Plastic,328.81,46.73,0.82,20.71,53.74,False,False,False,False,False,True,False,False,False,0.6187066407905597,0.4394481887110362,0.82,0.4001640016400164,0.5377377377377378,0.3403246272102361,0.2978989522583064,0.5378853377091044,0.5492806857383494
M-0748,Bamboo,258.57,34.43,0.13,38.49,85.03,False,True,False,False,False,False,False,False,False,0.46202235160275706,0.3099199663016007,0.13,0.7646576465764658,0.850950950950951,0.7346994928507844,0.7326585364110655,0.46390423679906884,0.46354275448057564
M-0078,Paper,206.13,5.15,0.48,8.57,21.35,False,False,False,False,True,False,False,False,False,0.34504450244261525,0.0015796124684077512,0.48,0.15129151291512916,0.21351351351351353,0.32542355639772613,0.2814719841264622,0.24889199163004785,0.21436147886940854
M-1474,Plastic,278.01,51.71,0.35,21.96,89.78,False,False,False,False,False,True,False,False,False,0.5053871377902697,0.49189132266217356,0.35,0.42578925789257893,0.8984984984984985,0.4606237048856975,0.43051687885764955,0.5861682350687969,0.605236540461105
M-0482,Wood,153.48,50.01,0.56,18.35,44.24,False,False,False,False,False,False,False,False,True,0.2275982065181021,0.47398904802021896,0.56,0.35178351783517836,0.4426426426426427,0.39880584643684275,0.3623687569209586,0.3989057158334231,0.3882148848779546
M-0264,Aluminum,67.74,53.49,0.19,35.67,19.15,True,False,False,False,False,False,False,False,False,0.03633808472194336,0.5106360572872789,0.19,0.7068470684706847,0.19149149149149147,0.7479590919332616,0.7472759430598561,0.2590545411544576,0.2261390269433028
M-0668,Paper,104.95,85.6,0.02,33.65,18.18,False,False,False,False,True,False,False,False,False,0.11934238997077784,0.8487784330244313,0.02,0.6654366543665436,0.18178178178178178,0.775083814441748,0.7771782875180777,0.40865497896802516,0.3995134684643888
M-1156,Unknown,141.12,81.63,0.16,44.54,99.21,False,False,False,False,False,False,False,True,False,0.2000267683865355,0.8069713563605728,0.16,0.8886838868388683,0.9928928928928928,0.7859210428140317,0.7891252681981217,0.5621595335561796,0.57741245600499
M-0497,Unknown,109.06,59.94,0.25,34.04,66.85,False,False,False,False,False,False,False,True,False,0.12851056235918712,0.5785593934288121,0.25,0.6734317343173432,0.668968968968969,0.662162143693509,0.6526932280135871,0.4139251048878592,0.40562110525643946
M-1391,Unknown,418.58,27.62,0.58,38.06,12.03,False,False,False,False,False,False,False,True,False,0.818956479064891,0.2382055602358888,0.58,0.7558425584255843,0.1202202202202202,0.6674835130333286,0.6585595154544603,0.41846650195675855,0.4108842060337723
M-0714,Paper,278.01,51.71,0.14,38.82,36.83,False,False,False,False,True,False,False,False,False,0.5053871377902697,0.49189132266217356,0.14,0.7714227142271423,0.3684684684684685,0.7840067816894385,0.7870149831799925,0.4455988834293346,0.44232837527348495
M-1317,Plastic,140.61,59.56,0.47,35.15,48.11,False,False,False,False,False,True,False,False,False,0.19888911195877673,0.5745577085088459,0.47,0.6961869618696187,0.4813813813813814,0.6285740389836331,0.6156656390154215,0.3973639672529823,0.3864281267440448
M-0880,Steel,252.67,84.66,0.51,14.95,47.71,False,False,False,False,False,False,True,False,False,0.44886122822280217,0.8388795282224094,0.51,0.28208282082820824,0.4773773773773774,0.3685119547591872,0.3289727144861688,0.6179764581484787,0.6420996204949376
M-0816,Steel,240.68,30.4,0.9,39.9,89.41,False,False,False,False,False,False,True,False,False,0.42211514867608024,0.2674810446503791,0.9,0.7935629356293562,0.8947947947947947,0.5166582818981342,0.49228950060050436,0.44096133306028407,0.4369538408335388
M-0693,Steel,352.67,33.17,0.22,1.96,13.42,False,False,False,False,False,False,True,False,False,0.6719311160186486,0.2966512215669756,0.22,0.015785157851578514,0.13413413413413414,0.3300576812975337,0.28658065202059874,0.46425212919663744,0.463945932780181
M-0275,Aluminum,474.92,81.42,0.67,26.91,60.38,True,False,False,False,False,False,False,False,False,0.944634053849071,0.804759898904802,0.67,0.5272652726527265,0.6042042042042043,0.45493874317121547,0.4242497665078344,0.7804021970394237,0.8303375172580539
M-0165,Plastic,298.42,53.02,0.97,3.42,29.19,False,False,False,False,False,True,False,False,False,0.550915701889402,0.5056866048862679,0.97,0.04571545715457154,0.29199199199199205,0.10723007509354372,0.040935085197638096,0.5236376600544257,0.5327688145670182
M-0763,Steel,479.99,34.14,0.09,48.97,2.26,False,False,False,False,False,False,True,False,False,0.9559436971603203,0.306866048862679,0.09,0.97949979499795,0.022422422422422417,0.9584576347565278,0.9793299275194468,0.44851791609273917,0.44571129089322575
M-1434,Paper,186.78,51.71,0.94,16.16,47.71,False,False,False,False,True,False,False,False,False,0.301880479154119,0.49189132266217356,0.94,0.3068880688806888,0.4773773773773774,0.2543951035906756,0.20317008586717272,0.44260679922310897,0.4388607990028533
M-0213,Steel,160.41,64.22,0.03,4.33,95.37,False,False,False,False,False,False,True,False,False,0.24305694974235426,0.62363100252738,0.03,0.06437064370643707,0.9544544544544545,0.33417694077841675,0.29112173132091684,0.5877946098146543,0.6071213732690036
M-0245,Bamboo,212.44,53.57,0.49,24.25,92.85,False,True,False,False,False,False,False,False,False,0.35912021236253316,0.5114785172704297,0.49,0.47273472734727345,0.9292292292292292,0.4437179134854411,0.411879903027532,0.5432819284826554,0.5555348847577951
M-0990,Cotton,236.36,57.9,0.62,44.8,7.87,False,False,True,False,False,False,False,False,False,0.41247852952329966,0.5570766638584668,0.62,0.8940139401394013,0.07857857857857858,0.7425505062257829,0.7413135081333332,0.3656586393853939,0.34968429368697646
M-0724,Aluminum,231.86,74.77,0.36,42.66,51.27,True,False,False,False,False,False,False,False,False,0.40244038457248654,0.7347304128053918,0.36,0.8501435014350143,0.513013013013013,0.7507847995597073,0.7503910083939906,0.5155980315413585,0.5234515550465143
M-0073,Aluminum,200.07,62.75,0.81,20.84,97.52,True,False,False,False,False,False,False,False,False,0.33152646724218693,0.608150800336984,0.81,0.4028290282902829,0.975975975975976,0.3010998193765721,0.25465745127031275,0.5837993360188768,0.6024911838578606
M-0720,Paper,278.01,52.14,0.88,41.45,33.41,False,False,False,False,True,False,False,False,False,0.5053871377902697,0.49641954507160907,0.88,0.8253382533825339,0.3342342342342342,0.5977795286060968,0.5817177135963404,0.434945360510251,0.42998182994699335
M-0248,Aluminum,111.57,87.23,0.39,44.56,91.16,True,False,False,False,False,False,False,False,False,0.13410961654286285,0.865943555181129,0.39,0.8890938909389094,0.9123123123123122,0.7252251033321144,0.7222139518137485,0.5435716834719686,0.5558706866457062
M-0398,Wood,346.3,52.54,0.4,37.03,21.91,False,False,False,False,False,False,False,False,True,0.6577215641660532,0.5006318449873631,0.4,0.7347273472734728,0.2191191191191191,0.6989244964521717,0.6932201139546417,0.4757747823001722,0.47729972756757405
M-1298,Aluminum,368.53,51.03,0.53,25.1,3.12,True,False,False,False,False,False,False,False,False,0.7073100002230698,0.4847304128053917,0.53,0.490159901599016,0.031031031031031032,0.5319928378563066,0.5091943435618169,0.4744043606062661,0.47571152301883174
M-1458,Paper,436.25,31.36,0.43,27.71,5.85,False,False,False,False,True,False,False,False,False,0.858372928238417,0.2775905644481887,0.43,0.5436654366543665,0.058358358358358356,0.5913634261567841,0.5746445903428743,0.45489235044654697,0.45309872914044197
M-0540,Plastic,85.36,99.51,0.8,11.36,84.25,False,False,False,False,False,True,False,False,False,0.07564299895157153,0.9952611625947769,0.8,0.2084870848708487,0.8431431431431432,0.20077793660819487,0.14406242142996006,0.6225963766827657,0.6474537211076183
M-1045,Wood,68.75,96.97,0.3,43.54,72.71,False,False,False,False,False,False,False,False,True,0.03859109058868143,0.9685130581297388,0.3,0.8681836818368184,0.7276276276276276,0.7581474463393282,0.7585076038747207,0.5111936093932907,0.5183471967885794
M-0333,Paper,237.91,52.79,0.63,41.49,43.28,False,False,False,False,True,False,False,False,False,0.4159361127841352,0.5032645324347094,0.63,0.8261582615826158,0.4330330330330331,0.6633916536462663,0.6540486420684464,0.42571100627494063,0.4192799828685109
M-0278,Wood,430.05,95.96,0.16,4.99,98.43,False,False,False,False,False,False,False,False,True,0.8445425951950746,0.95787700084246,0.16,0.07790077900779008,0.9850850850850852,0.3002319588961655,0.25370072026527934,0.920073797729375,0.9922052639029791
M-0343,Glass,323.48,57.49,0.48,4.24,68.93,False,False,False,True,False,False,False,False,False,0.6068170157710411,0.5527590564448189,0.48,0.06252562525625256,0.6897897897897899,0.22453639617477256,0.170253791370584,0.6375570207078837,0.6647918608922291
M-0782,Glass,324.65,44.74,0.2,18.45,11.93,False,False,False,True,False,False,False,False,False,0.6094269334582524,0.41849199663016007,0.2,0.35383353833538334,0.11921921921921921,0.5403782010793081,0.5184383835486978,0.44823211554124986,0.44538007186923717
M-0445,Paper,70.58,96.53,0.62,37.99,81.27,False,False,False,False,True,False,False,False,False,0.04267326953534542,0.9638795282224095,0.62,0.7544075440754408,0.8133133133133132,0.5853131951139331,0.5679748044072375,0.5395153874703328,0.5511697775828315
M-0325,Wood,494.48,51.71,0.68,32.72,50.37,False,False,False,False,False,False,False,False,True,0.9882665239019386,0.49189132266217356,0.68,0.6463714637146372,0.504004004004004,0.5334224778283819,0.5107703813215715,0.6542189007267764,0.6841015914330368
M-0413,Wood,200.8,25.5,0.55,40.83,62.92,False,False,False,False,False,False,False,False,True,0.3331548774230967,0.21588037068239257,0.55,0.8126281262812628,0.6296296296296297,0.6596139128057947,0.6498840535514457,0.3368254501347209,0.31626902995735495
M-0464,Aluminum,407.66,40.32,0.23,47.34,50.91,True,False,False,False,False,False,False,False,False,0.7945972473175846,0.37194608256107836,0.23,0.9460844608446085,0.5094094094094094,0.8477097355658241,0.8572412378162165,0.515563601254953,0.5234116532135772
M-1330,Steel,397.41,51.79,0.43,28.88,48.61,False,False,False,False,False,False,True,False,False,0.7717325838185104,0.49273378264532436,0.43,0.567650676506765,0.4863863863863864,0.5629517672654204,0.5433235248266005,0.583075437888943,0.6016522462462486
M-0877,Plastic,140.42,68.92,0.33,25.98,88.97,False,False,False,False,False,True,False,False,False,0.19846527917196455,0.6731255265374896,0.33,0.50820008200082,0.8903903903903904,0.5168810101614529,0.4925350366515461,0.532314851876305,0.542824956835562
M-0591,Aluminum,165.96,42.28,0.44,21.45,94.4,True,False,False,False,False,False,False,False,False,0.25543732851502376,0.392586352148273,0.44,0.4153341533415334,0.9447447447447448,0.4227260175304456,0.3887383979492391,0.47422382184694944,0.4755022936407169
M-0397,Cotton,408.84,51.71,0.1,2.3,75.38,False,False,True,False,False,False,False,False,False,0.7972294719935755,0.49189132266217356,0.1,0.022755227552275516,0.7543543543543544,0.3082177010959299,0.2625042172941319,0.6997876262451554,0.7369119471582133
M-0236,Paper,272.97,98.19,0.93,49.38,47.71,False,False,False,False,True,False,False,False,False,0.49414441544535903,0.9813605728727886,0.93,0.9879048790487905,0.4773773773773774,0.6660051896915365,0.6569298090575353,0.6131117334819481,0.6364618099741913
M-0269,Bamboo,461.97,70.33,0.3,6.58,35.64,False,True,False,False,False,False,False,False,False,0.9157465033795089,0.6879738837405224,0.3,0.11049610496104961,0.3565565565565566,0.3406420073209741,0.29824883268169167,0.7215638363072172,0.7621487600521754
M-1302,Paper,268.11,18.03,0.81,26.57,47.71,False,False,False,False,True,False,False,False,False,0.48330321889848094,0.1372156697556866,0.81,0.5202952029520295,0.4773773773773774,0.4214393840334799,0.3873200107931782,0.3606275662092312,0.34385369910505464
M-0400,Aluminum,440.28,48.48,0.78,29.46,61.78,True,False,False,False,False,False,False,False,False,0.8673626447165896,0.4578770008424599,0.78,0.5795407954079541,0.6182182182182182,0.45190265542295066,0.42090277773677526,0.6295234400485156,0.6554816103302068
M-0373,Plastic,437.96,46.21,0.7,41.2,47.71,False,False,False,False,False,True,False,False,False,0.862187423319726,0.43397219882055604,0.7,0.8202132021320214,0.4773773773773774,0.6343901835414751,0.6220773675753355,0.567110023011372,0.5831496607691874
M-1362,Wood,140.91,18.59,0.87,38.44,30.52,False,False,False,False,False,False,False,False,True,0.1995583216221642,0.1431128896377422,0.87,0.7636326363263632,0.3053053053053053,0.5666490512652873,0.5473994175731273,0.20463272136939198,0.16306867267364955
M-1360,Bamboo,492.58,97.14,0.97,16.11,77.04,False,True,False,False,False,False,False,False,False,0.9840281960338173,0.9703032855939344,0.97,0.30586305863058627,0.770970970970971,0.21542073808125467,0.160204672962443,0.9076239069008487,0.9777768778571833
M-1489,Aluminum,85.54,76.62,0.04,12.67,62.91,True,False,False,False,False,False,False,False,False,0.07604452474960405,0.7542122999157541,0.04,0.2353423534235342,0.6295295295295296,0.4662524591011675,0.4367220279561884,0.49296155919642787,0.4972177698506401
M-1035,Aluminum,346.71,49.3,0.42,11.17,94.48,True,False,False,False,False,False,False,False,False,0.6586361507060161,0.4665122156697556,0.42,0.2045920459204592,0.9455455455455456,0.302200672997721,0.2558710343463194,0.6624518327485833,0.693642873612576
M-0952,Paper,244.62,52.8,0.07,20.72,75.08,False,False,False,False,True,False,False,False,False,0.43090410225523657,0.5033698399326032,0.07,0.40036900369003686,0.7513513513513513,0.5440862670788869,0.5225261623917268,0.5372292496670105,0.548520334368065
M-0750,Plastic,438.5,87.78,0.42,8.32,66.88,False,False,False,False,False,True,False,False,False,0.8633920007138236,0.8717354675652907,0.42,0.14616646166461664,0.6692692692692692,0.29477295007184307,0.24768269880112287,0.8265318215850822,0.8837979082172547
M-0139,Bamboo,94.75,51.71,0.63,28.99,14.94,False,True,False,False,False,False,False,False,False,0.09658926141560151,0.49189132266217356,0.63,0.5699056990569905,0.14934934934934935,0.5380084844992594,0.5158260035907901,0.27884750439139205,0.2490774220269279
M-0521,Cotton,362.74,12.24,0.65,32.03,32.07,False,False,True,False,False,False,False,False,False,0.6943942537196903,0.07624262847514744,0.65,0.6322263222632226,0.32082082082082086,0.5522537112758514,0.531529968039675,0.37066444070603516,0.3554856002942021
M-0773,Aluminum,208.23,70.12,0.89,42.95,56.03,True,False,False,False,False,False,False,False,False,0.34972897008632803,0.6857624262847516,0.89,0.8560885608856089,0.5606606606606607,0.5905870704652993,0.5737887343870535,0.4889452647734491,0.4925632192841774
M-0898,Paper,421.73,68.31,0.25,24.88,20.02,False,False,False,False,True,False,False,False,False,0.8259831805304602,0.6667017691659647,0.25,0.48564985649856496,0.20020020020020018,0.596369893879119,0.5801637296559268,0.6139147867839322,0.6373924818343677
M-1371,Bamboo,411.62,68.91,0.32,6.55,47.71,False,True,False,False,False,False,False,False,False,0.8034308148743001,0.6730202190395956,0.32,0.10988109881098809,0.4773773773773774,0.3221909215488551,0.2779083214667483,0.7012452274642401,0.7386011855121424
M-0456,Glass,396.68,81.68,0.48,14.02,18.36,False,False,False,True,False,False,False,False,False,0.7701041736376006,0.8074978938500422,0.48,0.26301763017630175,0.18358358358358356,0.39545221974742273,0.35867171263156733,0.6625756773197615,0.6937863991508515
M-0997,Aluminum,58.64,52.51,0.19,9.17,17.13,True,False,False,False,False,False,False,False,False,0.016038724932521342,0.5003159224936816,0.19,0.16359163591635917,0.17127127127127126,0.42402785442268837,0.390173545356483,0.2986192172617894,0.27199118970648695
M-1311,Glass,78.02,34.11,0.93,12.77,47.71,False,False,False,True,False,False,False,False,False,0.05926966918735638,0.3065501263689975,0.93,0.23739237392373924,0.4773773773773774,0.2156976866165058,0.16050998154193863,0.29977316652782543,0.27332852074954167
M-0189,Bamboo,102.99,56.43,0.17,2.49,49.79,False,True,False,False,False,False,False,False,False,0.11497022016997924,0.5415964616680708,0.17,0.02665026650266503,0.4981981981981982,0.31517034008177913,0.27016881942171056,0.4267729516326907,0.42051068904836364
M-0900,Glass,368.94,48.16,0.17,47.36,59.18,False,False,False,True,False,False,False,False,False,0.7082245867630328,0.4545071609098567,0.17,0.9464944649446494,0.5921921921921922,0.8576774597475704,0.8682296754621268,0.5307451036294848,0.5410057494214746
M-0021,Wood,99.78,14.9,0.55,10.44,11.28,False,False,False,False,False,False,False,False,True,0.10780967677173259,0.10425442291491153,0.55,0.18962689626896267,0.1127127127127127,0.3375048664901063,0.29479044280473676,0.17780228780597174,0.13197443589993396
M-0993,Plastic,396.19,51.71,0.04,25.1,73.6,False,False,False,False,False,True,False,False,False,0.7690111311874009,0.49189132266217356,0.04,0.490159901599016,0.7365365365365365,0.6084422873057559,0.5934723585853297,0.6396071759947568,0.6671678200343814
M-0789,Cotton,131.65,11.41,0.08,7.21,40.47,False,False,True,False,False,False,False,False,False,0.17890205001226883,0.06750210614995787,0.08,0.12341123411234112,0.40490490490490494,0.4095562499769142,0.3742200217447564,0.2548813122265262,0.22130260236263805
M-0177,Glass,170.9,16.03,0.6,49.18,40.3,False,False,False,True,False,False,False,False,False,0.26645698097213855,0.11615417017691661,0.6,0.9838048380483804,0.4032032032032032,0.7699625825087079,0.771532631926051,0.21617405973797188,0.17644412212622423
M-1102,Plastic,417.18,45.36,0.38,26.39,69.8,False,False,False,False,False,True,False,False,False,0.8158335006357492,0.42502106149957875,0.38,0.5166051660516605,0.6984984984984985,0.5261132497811464,0.5027126747506102,0.6223382798418985,0.647154608375746
M-0585,Wood,488.66,42.79,0.38,40.02,35.23,False,False,False,False,False,False,False,False,True,0.9752838564322202,0.3979570345408593,0.38,0.7960229602296024,0.35245245245245244,0.7283685308925162,0.7256792721930148,0.571522506308108,0.5882633612267093
M-0514,Wood,254.85,47.53,0.39,9.56,47.71,False,False,False,False,False,False,False,False,True,0.4537241517767516,0.44787278854254425,0.39,0.17158671586715868,0.4773773773773774,0.33821429178255746,0.2955725145643875,0.49387573300051313,0.4982772211133029
M-0200,Glass,318.84,37.53,0.23,7.16,2.01,False,False,False,True,False,False,False,False,False,0.5964665729773138,0.3425652906486942,0.23,0.12238622386223863,0.019919919919919916,0.4024397423253512,0.3663747704958255,0.4204065138668629,0.4131325181802765
M-0470,Paper,172.97,7.24,0.25,8.05,91.23,False,False,False,False,True,False,False,False,False,0.27107452764951256,0.023588879528222403,0.25,0.14063140631406315,0.9130130130130131,0.3180775424871366,0.2733737247514359,0.37167165448340356,0.3566528771330654
M-1229,Wood,442.73,51.71,0.0,26.88,73.17,False,False,False,False,False,False,False,False,True,0.8728278569675879,0.49189132266217356,0.0,0.526650266502665,0.7322322322322322,0.6427669366783758,0.6313119157873117,0.6714331326665963,0.7040514518238201
M-0053,Glass,309.33,53.7,0.82,38.33,21.94,False,False,False,True,False,False,False,False,False,0.5752526266479288,0.5128475147430498,0.82,0.7613776137761378,0.21941941941941942,0.5888846263237407,0.5719119568043209,0.44858117199311254,0.445784599210771
M-1275,Bamboo,238.46,20.91,0.93,4.27,23.01,False,True,False,False,False,False,False,False,False,0.41716299716701244,0.16754422914911543,0.93,0.06314063140631405,0.23013013013013014,0.13587136583077541,0.07250929728717458,0.3443594920960394,0.3250003567938968
M-0301,Unknown,443.62,38.14,0.93,13.74,87.83,False,False,False,False,False,False,False,True,False,0.8748131789689709,0.348989048020219,0.93,0.25727757277572777,0.878978978978979,0.18746864576753874,0.12939023449468584,0.6783988179644396,0.7121241006474166
M-1222,Plastic,424.26,79.01,0.9,41.37,63.7,False,False,False,False,False,True,False,False,False,0.831626848691695,0.7793807919123843,0.9,0.8236982369823698,0.6374374374374375,0.5604751984456782,0.5405933507612528,0.7089703380006782,0.7475539449058862
M-0148,Unknown,453.35,7.42,0.83,23.44,47.71,False,False,False,False,False,False,False,True,False,0.8965178790515069,0.025484414490311705,0.83,0.456129561295613,0.4773773773773774,0.37693999903963005,0.33826380615002266,0.47256332208555063,0.47357791278337485
M-0212,Bamboo,321.42,88.63,0.39,12.84,39.97,False,True,False,False,False,False,False,False,False,0.6022217760824466,0.8806866048862679,0.39,0.23882738827388272,0.39989989989989994,0.38630644297433964,0.3485893913351496,0.6751151744916418,0.7083186314818776
M-0605,Bamboo,269.0,14.67,0.54,20.93,16.84,False,True,False,False,False,False,False,False,False,0.48528854089986395,0.101832350463353,0.54,0.4046740467404674,0.16836836836836835,0.4639675912074436,0.43420318534763136,0.29869858097675284,0.27208316563891016
M-0022,Steel,430.9,41.53,0.9,7.32,87.0,False,False,False,False,False,False,True,False,False,0.8464386892413392,0.3846882898062342,0.9,0.12566625666256662,0.8706706706706707,0.11833268693047289,0.05317462510186806,0.6924619511345281,0.7284221001388301
M-0486,Wood,215.84,79.59,0.32,34.45,47.34,False,False,False,False,False,False,False,False,True,0.36670458854759197,0.7854886267902276,0.32,0.6818368183681838,0.47367367367367375,0.6657347236535429,0.656631646795053,0.5298186782661531,0.5399320996225431
M-1483,Wood,456.3,47.44,0.7,46.74,79.69,False,False,False,False,False,False,False,False,True,0.9030984407414844,0.44692502106149956,0.7,0.9337843378433784,0.7974974974974975,0.6705208529562773,0.661907884625216,0.638629277346206,0.6660345169870466
M-0944,Steel,115.87,36.04,0.52,46.94,59.3,False,False,False,False,False,False,True,False,False,0.14370162171808426,0.32687447346251053,0.52,0.9378843788437884,0.5933933933933934,0.7473912879669337,0.7466499949130845,0.28959187410750803,0.26152925122109844
M-1484,Aluminum,433.52,52.64,0.41,17.89,59.04,True,False,False,False,False,False,False,False,False,0.8522831203015904,0.5016849199663016,0.41,0.34235342353423537,0.5907907907907908,0.42333297504146217,0.3894075090363754,0.6578116298984968,0.6882652651681351
M-1041,Steel,117.58,11.36,0.11,8.0,54.89,False,False,False,False,False,False,True,False,False,0.14751611679939325,0.06697556866048862,0.11,0.13960639606396064,0.5492492492492492,0.39583891271345145,0.35909800367532435,0.27096130015441244,0.2399379684578718
M-1016,Wood,196.1,11.56,0.99,25.54,62.47,False,False,False,False,False,False,False,False,True,0.32267059269669185,0.06908171861836562,0.99,0.499179991799918,0.6251251251251251,0.3399954825674383,0.2975361025929342,0.3122203348053033,0.2877537515855372
M-0282,Paper,318.32,83.7,0.5,7.54,28.43,False,False,False,False,True,False,False,False,False,0.5953066095607753,0.8287700084245999,0.5,0.13017630176301762,0.2843843843843844,0.2996673426193721,0.2530782862333695,0.6422860629954564,0.6702724268419041
M-0087,Wood,461.68,48.34,0.93,17.41,36.66,False,False,False,False,False,False,False,False,True,0.9150996007049008,0.4564026958719461,0.93,0.3325133251332513,0.3667667667667668,0.28383131840327414,0.23562062373339926,0.6201278246419246,0.6445928749917806
M-1263,Bamboo,457.9,51.71,0.54,42.43,63.67,False,True,False,False,False,False,False,False,False,0.9066675589462179,0.49189132266217356,0.54,0.8454284542845428,0.6371371371371372,0.681543358857012,0.6740591155966454,0.6323801905619101,0.6587923461279328
M-0664,Wood,75.69,96.85,0.64,21.53,82.51,False,False,False,False,False,False,False,False,True,0.05407214080171316,0.9672493681550127,0.64,0.41697416974169743,0.8257257257257258,0.37561192927244585,0.33679973957273446,0.5809102563058294,0.5991429812116644
M-0801,Aluminum,478.13,24.51,0.93,25.1,94.57,True,False,False,False,False,False,False,False,False,0.9517945972473176,0.20545492839090146,0.93,0.490159901599016,0.9464464464464464,0.32045129631476493,0.27599055537857164,0.6453106331027644,0.6737776515649051
M-1127,Paper,315.66,77.28,0.6,37.32,65.38,False,False,False,False,True,False,False,False,False,0.589372950545406,0.7611625947767482,0.6,0.7406724067240672,0.6542542542542542,0.5989780186090149,0.5830389312008994,0.629471051041198,0.6554208958361969
M-0140,Aluminum,159.43,70.4,0.5,43.31,51.0,True,False,False,False,False,False,False,False,False,0.24087086484195497,0.6887110362257793,0.5,0.8634686346863469,0.5103103103103104,0.7170501497807771,0.7132018678395965,0.4410688639671344,0.4370784601942433
M-1492,Bamboo,278.01,82.65,0.42,6.55,67.73,False,True,False,False,False,False,False,False,False,0.5053871377902697,0.8177127211457457,0.42,0.10988109881098809,0.6777777777777778,0.27215088150881506,0.22274408841284954,0.6876523963020621,0.7228482268585729
M-0505,Bamboo,358.5,92.16,0.16,45.6,32.07,False,True,False,False,False,False,False,False,False,0.6849360904771464,0.917860151642797,0.16,0.9104141041410414,0.32082082082082086,0.8661663804025427,0.8775878773542966,0.6341014384920403,0.6607871290508112
M-0097,Plastic,88.41,69.47,0.97,1.7,41.63,False,False,False,False,False,True,False,False,False,0.08244663052934484,0.6789174389216512,0.97,0.010455104551045511,0.41651651651651656,0.07362141107897566,0.003884831583805662,0.44873521715604736,0.4459631247183376
M-0367,Unknown,91.17,39.22,0.92,43.98,80.44,False,False,False,False,False,False,False,True,False,0.08860335943251021,0.3603622577927548,0.92,0.8772037720377203,0.805005005005005,0.5698217627221316,0.5508970205742058,0.33041858982607175,0.30884401273046735
M-0560,Wood,416.67,73.24,0.78,21.39,3.12,False,False,False,False,False,False,False,False,True,0.8146958442079903,0.7186183656276327,0.78,0.4141041410414104,0.031031031031031032,0.4113593815217431,0.3762077973078093,0.6014557655445331,0.622953514403189
M-0631,Aluminum,123.59,36.5,0.06,11.01,43.1,True,False,False,False,False,False,False,False,False,0.16092261705592364,0.3317186183656276,0.06,0.2013120131201312,0.43123123123123125,0.45966408474895554,0.4294589918370939,0.3385394773317761,0.31825544465228867
M-0128,Aluminum,346.52,79.95,0.88,17.76,19.11,True,False,False,False,False,False,False,False,False,0.658212317919204,0.7892796967144061,0.88,0.33968839688396885,0.19109109109109107,0.3207039290212722,0.2762690581433107,0.6108715836515849,0.6338656629879987
M-0915,Paper,496.47,10.34,0.83,13.48,35.75,False,False,False,False,True,False,False,False,False,0.9927056146690758,0.05623420387531591,0.83,0.2519475194751948,0.35765765765765767,0.2664027459193511,0.21640733306595383,0.5134657160745492,0.5209803791020592
M-1199,Glass,197.69,61.35,0.81,4.12,93.19,False,False,False,True,False,False,False,False,False,0.3262174039126458,0.593407750631845,0.81,0.060065600656006565,0.9326326326326326,0.09977609713034065,0.03271780605054429,0.6023887705514976,0.6240347894608225
M-1479,Wood,278.01,20.47,0.15,48.12,58.93,False,False,False,False,False,False,False,False,True,0.5053871377902697,0.16291069924178603,0.15,0.9620746207462074,0.5896896896896897,0.8732758034787554,0.8854253185542067,0.3556347188245367,0.33806740503016575
M-1369,Aluminum,87.56,80.61,0.76,25.58,17.17,True,False,False,False,False,False,False,False,False,0.08055053648308014,0.7962299915754002,0.76,0.5,0.1716716716716717,0.4548328328328328,0.42413301075414833,0.39120751915480245,0.3792933164027433
M-1139,Paper,376.91,8.7,0.03,14.71,47.71,False,False,False,False,True,False,False,False,False,0.7260032568203618,0.0389637742207245,0.03,0.2771627716277163,0.4773773773773774,0.509559925238892,0.4844642590392104,0.43549765917708405,0.4306218980799111
M-1195,Plastic,404.88,98.21,0.79,30.17,38.14,False,False,False,False,False,True,False,False,False,0.78839590443686,0.9815711878685762,0.79,0.5940959409594097,0.3815815815815816,0.4812994064174876,0.45330981061669473,0.736395204527278,0.7793370799510188
M-0716,Cotton,71.7,71.61,0.4,44.98,38.35,False,False,True,False,False,False,False,False,False,0.04517165227865891,0.7014532434709352,0.4,0.8977039770397703,0.3836836836836837,0.7802540178554938,0.782877929361364,0.34828505254511766,0.3295497542452891
M-0340,Paper,154.25,72.83,0.04,32.41,8.58,False,False,False,False,True,False,False,False,False,0.22931584465413013,0.7143007582139849,0.04,0.6400164001640015,0.08568568568568569,0.7634412715298323,0.764343526594245,0.38340130812457723,0.37024656829464186
M-0056,Paper,381.4,42.72,0.97,27.24,79.97,False,False,False,False,True,False,False,False,False,0.7360190947823952,0.3972198820556023,0.97,0.534030340303403,0.8003003003003003,0.3493881741520118,0.30789062323600747,0.6032906679230189,0.6250800133611141
M-0049,Unknown,363.49,15.26,0.17,21.99,9.8,False,False,False,False,False,False,False,True,False,0.6960672778781593,0.10804549283909014,0.17,0.42640426404264037,0.0978978978978979,0.5950527686357945,0.5787117283420632,0.3583786229263528,0.34124736124013777
M-0319,Bamboo,209.58,81.33,0.67,25.1,15.48,False,True,False,False,False,False,False,False,False,0.352740413571572,0.8038121314237574,0.67,0.490159901599016,0.15475475475475475,0.4776204654839341,0.44925413930053104,0.4867283515394146,0.48999400157687095
M-1121,Unknown,418.0,25.78,0.38,33.54,83.92,False,False,False,False,False,False,False,True,False,0.8176626737156751,0.21882898062342038,0.38,0.6631816318163182,0.8398398398398399,0.5999249951058069,0.5840828798492977,0.5644218838050197,0.5800343314262808
M-0516,Glass,82.6,96.0,0.44,37.13,7.92,False,False,False,True,False,False,False,False,False,0.06948627004840616,0.9582982308340353,0.44,0.7367773677736777,0.07907907907907907,0.7021585127562988,0.6967852995331949,0.4018626543473025,0.3916417302197771
M-0565,Paper,253.54,58.68,0.97,4.43,6.64,False,False,False,False,True,False,False,False,False,0.450801936246626,0.5652906486941871,0.97,0.06642066420664205,0.06626626626626626,0.1422257718973586,0.07951440633376243,0.46224359156187367,0.46161820502890777
M-0344,Plastic,280.71,54.42,0.93,48.66,12.71,False,False,False,False,False,True,False,False,False,0.5114100247607575,0.520429654591407,0.93,0.9731447314473144,0.12702702702702703,0.692184136165686,0.685789528259398,0.38923482003393156,0.37700712250272045
M-0064,Aluminum,464.38,71.71,0.5,48.14,79.55,True,False,False,False,False,False,False,False,False,0.9211224876753887,0.7025063184498737,0.5,0.9624846248462484,0.7960960960960961,0.7478811652981394,0.7471900365926042,0.7312408388784362,0.7733635996669765
M-1421,Aluminum,358.85,27.56,0.43,17.94,81.6,True,False,False,False,False,False,False,False,False,0.6857168350844319,0.23757371524852566,0.43,0.34337843378433786,0.8166166166166166,0.3953653986089411,0.3585760008472967,0.5521371725614247,0.5657973747553363
M-1268,Paper,454.93,51.71,0.32,36.63,61.77,False,False,False,False,True,False,False,False,False,0.9000423832786812,0.49189132266217356,0.32,0.7265272652726528,0.6181181181181181,0.6781045473517798,0.6702681634081328,0.6381476941756574,0.6654764022217419
M-0717,Glass,489.73,74.07,0.13,45.48,83.66,False,False,False,True,False,False,False,False,False,0.9776707042316357,0.7273588879528222,0.13,0.9079540795407953,0.8372372372372372,0.8220487240007535,0.8289524910198178,0.7734123967579283,0.8222369211778578
M-0722,Glass,382.3,20.49,0.99,10.84,3.84,False,False,False,True,False,False,False,False,False,0.738026723772558,0.1631213142375737,0.99,0.19782697826978268,0.038238238238238235,0.2178723631380458,0.16290734897719816,0.40326676312421544,0.3932689752906472
M-0499,Aluminum,464.38,82.06,0.58,49.29,16.29,True,False,False,False,False,False,False,False,False,0.9211224876753887,0.8114995787700084,0.58,0.986059860598606,0.16286286286286286,0.8013496300728773,0.8061337714398926,0.640384309768601,0.668068453321266
M-0687,Wood,188.57,79.16,0.35,34.55,21.07,False,False,False,False,False,False,False,False,True,0.3058734301456646,0.780960404380792,0.35,0.6838868388683886,0.2107107107107107,0.684261032249962,0.6770550837911776,0.4541453003395631,0.4522329603166368
M-1213,Plastic,427.91,65.41,0.29,47.49,12.9,False,False,False,False,False,True,False,False,False,0.8397688995962436,0.6361625947767481,0.29,0.949159491594916,0.12892892892892893,0.8696028020640566,0.8813761949746568,0.5474458596568413,0.560360534016632
M-0784,Paper,172.68,14.63,0.31,12.45,50.02,False,False,False,False,True,False,False,False,False,0.27042762497490463,0.1014111204717776,0.31,0.2308323083230832,0.5005005005005005,0.39544933494379986,0.358668532418697,0.3071604301741306,0.28188974374972614
M-0783,Cotton,372.27,76.34,0.5,39.66,22.46,False,False,True,False,False,False,False,False,False,0.7156528140266345,0.7512636899747263,0.5,0.7886428864288643,0.22462462462462462,0.7007232693948561,0.6952030845865974,0.5794814126825147,0.5974870705149199
M-0958,Aluminum,147.22,76.09,0.2,17.52,76.2,True,False,False,False,False,False,False,False,False,0.2136340315420821,0.74863100252738,0.2,0.3347683476834768,0.7625625625625626,0.46460475235382975,0.43490559297848075,0.5558284396684766,0.5700752457465149
M-0989,Plastic,215.49,63.55,0.37,43.47,66.53,False,False,False,False,False,True,False,False,False,0.3659238439403065,0.616575400168492,0.37,0.8667486674866748,0.6657657657657658,0.7424726239154282,0.7412276505297872,0.49035302184256513,0.49419469242170605
M-0241,Plastic,409.74,32.15,0.08,8.66,47.71,False,False,False,False,False,True,False,False,False,0.7992371009837382,0.2859098567818028,0.08,0.15313653136531366,0.4773773773773774,0.42014418108145046,0.38589217665394326,0.5599632575568834,0.5748671551330856
M-0614,Plastic,334.2,60.25,0.52,21.71,84.96,False,False,False,False,False,True,False,False,False,0.6307301077427557,0.5818239258635215,0.52,0.42066420664206644,0.8502502502502503,0.41137349896021486,0.3762233603981936,0.6523775411480404,0.6819676091180874
M-1115,Unknown,493.1,94.21,0.31,23.32,31.64,False,False,False,False,False,False,False,True,False,0.9851881594503558,0.9394481887110362,0.31,0.45366953669536697,0.3165165165165165,0.5475500703655685,0.5263446655665138,0.7915590714902537,0.8432674050665647
M-0158,Plastic,203.82,25.7,0.31,22.73,80.19,False,False,False,False,False,True,False,False,False,0.3398915880345312,0.21798652064026958,0.31,0.44157441574415746,0.8025025025025025,0.49169439919624425,0.4647692699572966,0.411600396962265,0.4029269624839309
M-0032,Aluminum,294.23,39.38,0.33,24.78,48.19,True,False,False,False,False,False,False,False,False,0.541569073590756,0.3620471777590565,0.33,0.48359983599836,0.4821821821821822,0.5429416833807978,0.5212643711977039,0.46434214080903485,0.4640502487384622
M-0016,Steel,306.45,64.97,0.3,26.12,90.58,False,False,False,False,False,False,True,False,False,0.5688282138794084,0.6315290648694187,0.3,0.511070110701107,0.9065065065065065,0.5259914157700135,0.5025783647105174,0.6503193377932801,0.6795823229358833
M-0404,Aluminum,278.01,9.97,0.36,18.27,89.02,True,False,False,False,False,False,False,False,False,0.5053871377902697,0.052337826453243474,0.36,0.3501435014350143,0.8908908908908909,0.4129970117719195,0.37801312393633635,0.43836756551990635,0.433947880387695
M-0954,Paper,277.76,86.59,0.6,32.86,35.53,False,False,False,False,True,False,False,False,False,0.50482946307078,0.8592038753159226,0.6,0.6492414924149241,0.3554554554554555,0.573999349903409,0.5555024004397408,0.5835786102849446,0.6022353811248665
M-0335,Wood,475.13,60.66,0.22,23.51,64.81,False,False,False,False,False,False,False,False,True,0.9451025006134421,0.5861415332771693,0.22,0.4575645756457565,0.6485485485485486,0.543683890532599,0.522082581739971,0.719888664006848,0.7602073749448
M-1042,Plastic,381.85,88.35,0.95,20.08,21.93,False,False,False,False,False,True,False,False,False,0.7370229092774767,0.8777379949452401,0.95,0.38724887248872486,0.2193193193193193,0.325417391561303,0.2814651879993425,0.6703052930929422,0.7027443797385676
M-0934,Unknown,420.12,28.75,0.3,48.54,48.24,False,False,False,False,False,False,False,True,False,0.8223917553369471,0.25010530749789384,0.3,0.9706847068470684,0.4826826826826827,0.8441425558399728,0.8533087722629407,0.474842037844024,0.4762187544666256
M-0653,Bamboo,66.5,5.0,0.25,7.34,57.24,False,True,False,False,False,False,False,False,False,0.03357201811327487,0.0,0.25,0.1260762607626076,0.5727727727727728,0.34336847918028723,0.3012545003218794,0.21369713481794003,0.17357357254109973
M-0195,Unknown,142.89,46.84,0.1,4.56,56.63,False,False,False,False,False,False,False,True,False,0.20397510540052194,0.4406065711878686,0.1,0.06908569085690856,0.5666666666666668,0.3547847478474785,0.3138398160981846,0.4320283510535792,0.42660125905526597
M-1221,Aluminum,60.89,6.82,0.48,33.24,98.27,True,False,False,False,False,False,False,False,False,0.021057797407927903,0.019165964616680714,0.48,0.6570315703157031,0.9834834834834835,0.5518705938410735,0.5311076186682078,0.2450718563737394,0.20993426043156638
M-0814,Paper,173.66,64.25,0.05,29.07,72.06,False,False,False,False,True,False,False,False,False,0.2726137098753039,0.6239469250210615,0.05,0.5715457154571546,0.7211211211211211,0.6558153171621806,0.6456964746607377,0.5008658748922367,0.5063782130912876
M-0047,Cotton,469.45,25.81,0.53,23.92,96.16,False,False,True,False,False,False,False,False,False,0.9324321309866381,0.21914490311710189,0.53,0.465969659696597,0.9623623623623624,0.42434555958172193,0.3905237841137128,0.6489274684391217,0.6779692623360991
M-0458,Cotton,250.66,30.23,0.54,6.07,40.66,False,False,True,False,False,False,False,False,False,0.44437752347810566,0.26569081718618365,0.54,0.1000410004100041,0.4068068068068068,0.25734391956532177,0.20642086607294952,0.41988118055286217,0.4125237006443225
M-0311,Cotton,443.15,80.48,0.29,17.71,94.33,False,False,True,False,False,False,False,False,False,0.8737647504963304,0.7948609941027802,0.29,0.33866338663386636,0.9440440440440441,0.4217936275759154,0.38771052953211427,0.8389614807551109,0.8982028474567154
M-0099,Wood,275.99,61.4,0.71,23.05,59.9,False,False,False,False,False,False,False,False,True,0.5008811260567936,0.5939342881213142,0.71,0.4481344813448135,0.5993993993993995,0.3959407488669482,0.3592102680400273,0.5582518267077363,0.572883749389029
M-1133,Wood,336.33,7.96,0.8,2.36,54.96,False,False,False,False,False,False,False,False,True,0.6354814963528073,0.03117101937657961,0.8,0.023985239852398522,0.54994994994995,0.11939614891644411,0.05434698756982646,0.4409198465100355,0.43690576137879183
M-1009,Paper,99.38,42.23,0.46,41.98,89.18,False,False,False,False,True,False,False,False,False,0.10691739722054919,0.3920598146588037,0.46,0.8362033620336202,0.8924924924924926,0.6744727679709228,0.6662644830752307,0.36952018645291,0.35415950496324505
M-1321,Cotton,390.54,34.82,0.55,28.54,43.56,False,False,True,False,False,False,False,False,False,0.7564076825269357,0.3140269587194608,0.55,0.560680606806068,0.4358358358358359,0.5278247805000571,0.5045994693930875,0.5057512309227992,0.5120399336437768
M-1107,Steel,389.77,71.13,0.15,27.49,41.05,False,False,False,False,False,False,True,False,False,0.7546900443909076,0.6963984835720303,0.15,0.5391553915539155,0.4107107107107107,0.6374221638612783,0.6254198283096319,0.6361075877737788,0.6631120888999448
M-0681,Cotton,278.01,61.11,0.68,4.85,28.62,False,False,True,False,False,False,False,False,False,0.5053871377902697,0.5908803706823926,0.68,0.07503075030750306,0.28628628628628633,0.21238982155587321,0.15686338495709223,0.5334478101919388,0.5441379611162342
M-0346,Bamboo,129.44,78.66,0.47,24.42,59.25,False,True,False,False,False,False,False,False,False,0.1739722054919806,0.7756950294860994,0.47,0.47621976219762197,0.5928928928928929,0.4854425680292838,0.45787723967051275,0.5033401346011444,0.5092456739188059
M-1248,Wood,81.03,89.18,0.33,2.27,45.53,False,False,False,False,False,False,False,False,True,0.06598407281001137,0.8864785172704298,0.33,0.022140221402214024,0.4555555555555556,0.2687285772857729,0.21897133388287354,0.5222589954990442,0.5311710572286871
M-1344,Aluminum,285.5,60.03,0.12,42.87,97.61,True,False,False,False,False,False,False,False,False,0.5220950723861786,0.5795071609098569,0.12,0.8544485444854448,0.9768768768768769,0.7789814390035792,0.781475036072104,0.5954913025804434,0.6160411988345612
M-0573,Aluminum,442.3,65.26,0.67,35.72,48.24,True,False,False,False,False,False,False,False,False,0.8718686564500658,0.6345829823083404,0.67,0.7078720787207872,0.4826826826826827,0.5754549789642041,0.5571070886191563,0.6530074022299,0.6826975656269002
M-0418,Plastic,278.36,66.91,0.09,41.89,45.83,False,False,False,False,False,True,False,False,False,0.5061678823975552,0.6519587194608256,0.09,0.8343583435834359,0.45855855855855854,0.8277591502942057,0.835247675568772,0.5136201880038014,0.521159399196226
M-0336,Cotton,260.33,64.35,0.06,25.1,1.84,False,False,True,False,False,False,False,False,False,0.46594838162796404,0.625,0.06,0.490159901599016,0.01821821821821822,0.6742741191375877,0.6660454922325132,0.4364595870535295,0.4317366923331882
M-0549,Plastic,336.39,98.21,0.43,48.25,36.41,False,False,False,False,False,True,False,False,False,0.6356153382854848,0.9815711878685762,0.43,0.964739647396474,0.3642642642642643,0.813417362011458,0.8194372615362069,0.6423941722671267,0.670397716479241
M-1257,Wood,252.38,97.47,0.78,38.8,75.65,False,False,False,False,False,False,False,False,True,0.4482143255481942,0.9737784330244315,0.78,0.7710127101271012,0.7570570570570572,0.552901920370555,0.5322445549492631,0.6720076058991202,0.7047172184306115
M-0172,Steel,269.34,7.22,0.4,16.16,4.85,False,False,False,False,False,False,True,False,False,0.48604697851836975,0.023378264532434703,0.4,0.3068880688806888,0.04834834834834834,0.45929800649357844,0.42905542648863637,0.2572796978493823,0.22408213144685823
M-0725,Aluminum,197.16,41.51,0.67,15.17,39.83,True,False,False,False,False,False,False,False,False,0.3250351335073278,0.3844776748104465,0.67,0.2865928659286593,0.3984984984984985,0.3311058697073457,0.2877361768698394,0.3993698960180547,0.3887528310327376
M-0216,Steel,210.05,24.12,0.79,25.79,12.65,False,False,False,False,False,False,True,False,False,0.35378884204421246,0.2013479359730413,0.79,0.5043050430504304,0.12642642642642643,0.45294038318761565,0.4220467707513827,0.269152653286281,0.23784189744862833
M-0533,Aluminum,301.84,98.21,0.21,30.21,14.05,True,False,False,False,False,False,False,False,False,0.5585446920520198,0.9815711878685762,0.21,0.5949159491594916,0.14044044044044043,0.6799055254516508,0.6722535650094655,0.6076370511443475,0.6301171093392258
M-1338,Wood,345.55,77.43,0.06,3.41,72.97,False,False,False,False,False,False,False,False,True,0.6560485400075844,0.762742207245156,0.06,0.04551045510455104,0.7302302302302303,0.3362832500397076,0.29344373056153417,0.7380717620740501,0.7812800704435453
M-1418,Bamboo,106.82,20.26,0.5,37.48,68.55,False,True,False,False,False,False,False,False,False,0.12351379687256014,0.1606992417860152,0.5,0.7439524395243952,0.6859859859859859,0.6277728651160386,0.6147824234561752,0.26227651677525904,0.2298730282070367
M-1216,Aluminum,314.5,71.99,0.22,3.71,3.1,True,False,False,False,False,False,False,False,False,0.586785339846974,0.7054549283909014,0.22,0.051660516605166046,0.03083083083083083,0.3619132268800166,0.3216982646197308,0.5532842083889059,0.567126693699189
M-0353,Aluminum,447.7,76.12,0.55,7.14,95.9,True,False,False,False,False,False,False,False,False,0.8839144303910415,0.7489469250210616,0.55,0.12197621976219761,0.9597597597597598,0.21220975588134255,0.15666488022314584,0.8512558043699683,0.9124509440649734
M-0172,Steel,269.34,7.22,0.4,16.16,4.85,False,False,False,False,False,False,True,False,False,0.48604697851836975,0.023378264532434703,0.4,0.3068880688806888,0.04834834834834834,0.45929800649357844,0.42905542648863637,0.2572796978493823,0.22408213144685823
M-1138,Plastic,161.01,57.95,0.5,37.39,39.41,False,False,False,False,False,True,False,False,False,0.24439536906912934,0.5576032013479361,0.5,0.7421074210742108,0.3942942942942943,0.655835023215097,0.6457181986500627,0.3853476163974106,0.37250217740088576
M-1044,Aluminum,356.1,56.47,0.5,16.67,65.23,True,False,False,False,False,False,False,False,False,0.6795824131700462,0.5420176916596462,0.5,0.31734317343173435,0.6527527527527528,0.3751306287837653,0.33626915302033994,0.6263762698977694,0.651834302372877
M-0636,Unknown,196.34,94.37,0.5,24.81,32.54,False,False,False,False,False,False,False,True,False,0.3232059604274019,0.9411331086773379,0.5,0.4842148421484215,0.32552552552552555,0.5079763527365003,0.48271852577221497,0.5592022950769219,0.5739852630282896
M-0453,Wood,59.96,16.93,0.13,28.67,51.84,False,False,False,False,False,False,False,False,True,0.018983247451426516,0.12563184498736307,0.13,0.5633456334563346,0.5187187187187188,0.6471355082019289,0.6361278371463889,0.19802446275168664,0.15541025158868355
M-0305,Plastic,499.07,11.87,0.78,41.91,49.04,False,False,False,False,False,True,False,False,False,0.9985054317517679,0.07234625105307496,0.78,0.8347683476834767,0.4906906906906907,0.6177919395410169,0.6037794325698058,0.48945939235148544,0.4931590503059003
M-0923,Aluminum,440.63,20.15,0.73,3.67,88.28,True,False,False,False,False,False,False,False,False,0.8681433893238751,0.15954085930918277,0.73,0.05084050840508404,0.8834834834834835,0.12315595669470207,0.05849180664574498,0.6313021328777586,0.6575429671043886
M-0890,Aluminum,467.15,11.5,0.5,40.29,2.39,True,False,False,False,False,False,False,False,False,0.9273015235673336,0.06844987363100252,0.5,0.8015580155801558,0.023723723723723725,0.7285624369757211,0.7258930346191824,0.3731019322061468,0.358310449831547
M-1396,Wood,419.74,19.68,0.5,21.12,2.22,False,False,False,False,False,False,False,False,True,0.8215440897633228,0.15459140690817186,0.5,0.4085690856908569,0.022022022022022022,0.49293924921231197,0.4661415949264326,0.4051949196703418,0.3955035480581847
M-0472,Cotton,117.98,79.4,0.61,21.72,24.47,False,False,True,False,False,False,False,False,False,0.14840839635057662,0.7834877843302445,0.61,0.4208692086920869,0.24474474474474472,0.44504705074077766,0.4133451464057415,0.43302569131802765,0.4277570933153952
M-0436,Cotton,471.75,6.84,0.63,38.19,92.22,False,False,True,False,False,False,False,False,False,0.9375627384059426,0.0193765796124684,0.63,0.7585075850758507,0.9229229229229229,0.5738122587532181,0.5552961508083817,0.5436625873834433,0.5559760367042645
M-1475,Cotton,55.58,40.39,0.4,30.21,34.99,False,False,True,False,False,False,False,False,False,0.00921278636596845,0.37268323504633527,0.4,0.5949159491594916,0.3500500500500501,0.6019445644906899,0.5863092568891055,0.2441820225883672,0.20890301722238702
M-0926,Unknown,187.11,22.64,0.89,26.82,57.79,False,False,False,False,False,False,False,True,False,0.3026166097838453,0.18576242628475148,0.89,0.525420254202542,0.5782782782782783,0.39042432469369737,0.353128951788604,0.33404629285941034,0.3130482182568792
M-1440,Glass,349.24,6.82,0.28,4.56,36.48,False,False,False,True,False,False,False,False,False,0.6642798188672511,0.019165964616680714,0.28,0.06908569085690856,0.36496496496496494,0.32095491801764864,0.2765457488789495,0.40529044812667825,0.3956142575788837
M-0504,Cotton,106.33,37.79,0.51,39.25,90.4,False,False,True,False,False,False,False,False,False,0.1224207544223605,0.34530328559393425,0.51,0.7802378023780238,0.9047047047047048,0.6246722109563438,0.6113642565532694,0.36662057470884174,0.35079909657070873
M-0411,Glass,421.62,49.87,0.51,10.02,72.99,False,False,False,True,False,False,False,False,False,0.8257378036538847,0.47251474304970514,0.51,0.18101681016810167,0.7304304304304304,0.28256704305781793,0.23422688424507676,0.6823727964155324,0.7167296105285685
M-0136,Steel,130.35,60.31,0.93,26.04,93.17,False,False,False,False,False,False,True,False,False,0.1760021414709228,0.5824557708508846,0.93,0.509430094300943,0.9324324324324325,0.3334148133373225,0.2902815606147452,0.5010037463690249,0.5065379946443312
M-0259,Cotton,278.01,85.46,0.68,13.65,24.12,False,False,True,False,False,False,False,False,False,0.5053871377902697,0.8473041280539174,0.68,0.25543255432554324,0.24124124124124124,0.3251354084712018,0.28115432931723205,0.5961469358611594,0.6168010231743031
M-0353,Aluminum,447.7,76.12,0.55,7.14,95.9,True,False,False,False,False,False,False,False,False,0.8839144303910415,0.7489469250210616,0.55,0.12197621976219761,0.9597597597597598,0.21220975588134255,0.15666488022314584,0.8512558043699683,0.9124509440649734
M-0510,Plastic,278.01,10.91,0.4,16.21,44.45,False,False,False,False,False,True,False,False,False,0.5053871377902697,0.06223673125526537,0.4,0.3079130791307913,0.4447447447447448,0.4202733730040003,0.3860345980692443,0.3568259952018071,0.3394479950847477
M-0950,Steel,297.29,42.31,0.98,4.55,27.73,False,False,False,False,False,False,True,False,False,0.5483950121573089,0.39290227464195454,0.98,0.06888068880688807,0.2773773773773774,0.11959067554639512,0.05456143408787921,0.4780414569745289,0.47992661463769287
M-0526,Bamboo,97.22,46.12,0.58,19.39,87.5,False,True,False,False,False,False,False,False,False,0.1020990876441589,0.43302443133951135,0.58,0.37310373103731037,0.8756756756756757,0.3622946710548186,0.3221187693862936,0.42511799367568864,0.41859273068053
M-0494,Wood,430.15,18.38,0.45,49.59,53.19,False,False,False,False,False,False,False,False,True,0.8447656650828704,0.14090143218197132,0.45,0.9922099220992211,0.5322322322322323,0.8071027300363094,0.8124759995218687,0.45220893827921893,0.44998887804187
M-1058,Bamboo,133.34,11.53,0.96,19.0,85.46,False,True,False,False,False,False,False,False,False,0.18267193111601865,0.06876579612468407,0.96,0.36510865108651086,0.8552552552552553,0.245539665126381,0.19340783406146023,0.32254339047664593,0.2997173129090709
M-0861,Paper,446.04,65.58,0.34,48.85,31.32,False,False,False,False,True,False,False,False,False,0.8802114702536304,0.6379528222409436,0.34,0.9770397703977041,0.31331331331331336,0.852892530907291,0.8629547610240033,0.5963161879959931,0.6169971722951338
M-0356,Bamboo,128.25,53.56,0.66,30.29,6.7,False,True,False,False,False,False,False,False,False,0.17131767382721008,0.5113732097725359,0.66,0.5965559655596556,0.06686686686686687,0.5532468926491066,0.532624853029679,0.2926595860773189,0.2650844737678153
M-1072,Plastic,104.62,11.31,0.29,25.97,38.11,False,False,False,False,False,True,False,False,False,0.11860625934105157,0.06644903117101938,0.29,0.5079950799507995,0.3812812812812813,0.5796689198423515,0.5617525448676218,0.19022609994040113,0.14637259891235688
M-0818,Glass,92.99,96.68,0.22,17.37,5.52,False,False,False,True,False,False,False,False,False,0.09266323139039459,0.9654591406908173,0.22,0.33169331693316934,0.05505505505505505,0.5275104846543961,0.50425298906925,0.4481845095461182,0.4453249004877918
M-0541,Bamboo,228.62,72.61,0.5,25.1,72.24,False,True,False,False,False,False,False,False,False,0.3952129202079011,0.7119839932603201,0.5,0.490159901599016,0.7229229229229229,0.4718036486671173,0.4428416696410751,0.5830875141385604,0.6016662416132654
M-0209,Wood,124.83,51.45,0.05,25.1,70.26,False,False,False,False,False,False,False,False,True,0.1636886836645921,0.4891533277169335,0.05,0.490159901599016,0.7031031031031032,0.6087856306490993,0.5938508609245473,0.42009933444425296,0.4127765228261176
M-0874,Aluminum,480.93,48.6,0.69,49.97,69.06,True,False,False,False,False,False,False,False,False,0.9580405541056012,0.45914069081718617,0.69,1.0,0.6910910910910911,0.7238908908908909,0.7207431135411937,0.6342316539411937,0.6609380379057875
M-0835,Aluminum,494.5,71.61,0.69,12.93,53.46,True,False,False,False,False,False,False,False,False,0.9883111378794975,0.7014532434709352,0.69,0.24067240672406726,0.5349349349349349,0.28390995054094686,0.23570730794797295,0.7743372797872318,0.8233087835401702
M-0402,Paper,426.66,40.03,0.0,34.09,10.4,False,False,False,False,True,False,False,False,False,0.8369805259987955,0.36889216512215667,0.0,0.6744567445674458,0.1039039039039039,0.794283656350077,0.7983442288878606,0.4753905482163694,0.4768544322819032
M-0903,Wood,168.4,72.02,0.48,3.47,7.32,False,False,False,False,False,False,False,False,True,0.2608802337772424,0.705770850884583,0.48,0.04674046740467405,0.07307307307307308,0.27673697313549717,0.22779980433750496,0.44826844750578604,0.4454221775886647
M-1288,Wood,118.06,38.76,0.97,25.1,85.51,False,False,False,False,False,False,False,False,True,0.1485868522608133,0.3555181128896377,0.97,0.490159901599016,0.8557557557557558,0.31752036538383405,0.2727594916781953,0.3985718987939074,0.3878280187454612
M-0039,Unknown,257.9,50.79,0.12,5.74,85.06,False,False,False,False,False,False,False,True,False,0.46052778335452493,0.4822030328559393,0.12,0.09327593275932759,0.8512512512512513,0.33484043453047146,0.2918531680651493,0.5908784426479801,0.610695278553215
M-0256,Glass,346.45,15.38,0.27,9.91,37.68,False,False,False,True,False,False,False,False,False,0.658056168997747,0.10930918281381634,0.27,0.17876178761787617,0.376976976976977,0.38855937487302794,0.3510730276434811,0.4260970897676549,0.4197274214650027
M-0960,Bamboo,342.59,63.0,0.65,3.51,84.08,False,True,False,False,False,False,False,False,False,0.6494456713288272,0.6107834877843303,0.65,0.04756047560475604,0.8414414414414414,0.14939214121870947,0.08741462518005001,0.7046124464174178,0.7425035116952643
M-0157,Bamboo,417.85,39.64,0.51,48.36,23.1,False,True,False,False,False,False,False,False,False,0.8173280688839814,0.36478517270429656,0.51,0.9669946699466995,0.23103103103103104,0.8040936988649167,0.8091588379713915,0.4632463737674335,0.462780346045319
M-0030,Paper,338.52,11.74,0.9,17.81,5.47,False,False,False,False,True,False,False,False,False,0.6403667268955363,0.07097725358045492,0.9,0.34071340713407133,0.05455455455455455,0.3289725888249873,0.28538444406407665,0.3258099633641007,0.30350299868865505
M-0192,Glass,278.01,56.46,0.9,11.66,47.71,False,False,False,True,False,False,False,False,False,0.5053871377902697,0.5419123841617524,0.9,0.21463714637146372,0.4773773773773774,0.2110445500851405,0.15538035518987225,0.5405665935215368,0.5523880378012822
M-0803,Aluminum,418.63,30.51,0.15,25.1,66.2,True,False,False,False,False,False,False,False,False,0.8190680140087889,0.26863942712721145,0.15,0.490159901599016,0.6624624624624625,0.5828496947131634,0.5652590369912304,0.5641741067301911,0.5797471784433218
M-0074,Plastic,229.18,34.39,0.33,49.94,96.58,False,False,False,False,False,True,False,False,False,0.3964621115795579,0.3094987363100253,0.33,0.9993849938499384,0.9665665665665666,0.8039743396533062,0.8090272561548875,0.4404611106896736,0.4363741247885295
M-1323,Steel,142.2,84.81,0.49,4.85,73.27,False,False,False,False,False,False,True,False,False,0.20243592317473058,0.8404591406908173,0.49,0.07503075030750306,0.7332332332332332,0.22469512686117848,0.17042877637400716,0.604156843968838,0.6260838392215035
M-0658,Glass,278.01,26.48,0.14,39.12,97.07,False,False,False,True,False,False,False,False,False,0.5053871377902697,0.22620050547598985,0.14,0.7775727757277572,0.9714714714714714,0.7273965182895071,0.724607723694636,0.4725926918647094,0.4736119499100951
M-1052,Aluminum,381.88,99.73,0.07,22.69,12.31,True,False,False,False,False,False,False,False,False,0.7370898302438154,0.9975779275484415,0.07,0.44075440754407547,0.12302302302302302,0.6311503422241429,0.6185057604914092,0.6876628790774869,0.7228603755217815
M-1049,Steel,82.07,40.67,0.12,36.5,23.36,False,False,False,False,False,False,True,False,False,0.06830399964308817,0.37563184498736313,0.12,0.7238622386223862,0.23363363363363363,0.7749539798100684,0.7770351575790387,0.22971804848514607,0.19214047649074495
M-0627,Steel,250.39,52.27,0.38,43.48,52.73,False,False,False,False,False,False,True,False,False,0.44377523478105685,0.49778854254422916,0.38,0.8669536695366953,0.5276276276276276,0.7534094389592544,0.753284415741451,0.44837748063570604,0.4455485379007296
M-0316,Cotton,381.91,33.05,0.1,2.21,60.1,False,False,True,False,False,False,False,False,False,0.7371567512101541,0.29538753159224934,0.1,0.02091020910209102,0.6014014014014014,0.3224059853211145,0.27814540816861494,0.5795797583509124,0.5976010449496452
M-0601,Steel,440.16,67.38,0.78,8.96,32.93,False,False,False,False,False,False,True,False,False,0.8670949608512347,0.6569081718618366,0.78,0.15928659286592867,0.32942942942942943,0.22862901277661424,0.17476549951157666,0.6833583230488679,0.7178717537746441
M-1068,Bamboo,396.15,5.5,0.82,29.28,94.05,False,True,False,False,False,False,False,False,False,0.7689219032322826,0.005265374894692497,0.82,0.575850758507585,0.9412412412412412,0.4053863309804269,0.3696230953003722,0.501628719741931,0.50726228670575
M-0889,Paper,496.62,54.54,0.75,32.23,5.63,False,False,False,False,True,False,False,False,False,0.9930402195007695,0.5216933445661331,0.75,0.6363263632636326,0.056156156156156156,0.5511802023425639,0.5303465297983401,0.577755342328284,0.5954866988043518
M-0506,Aluminum,243.64,32.6,0.66,19.76,55.23,True,False,False,False,False,False,False,False,False,0.4287180173548373,0.2906486941870261,0.66,0.3806888068880689,0.5526526526526526,0.3751480188675761,0.33628832388102264,0.4242399988813758,0.41757520787546903
M-0895,Paper,90.11,30.54,0.71,39.37,16.47,False,False,False,False,True,False,False,False,False,0.08623881862187421,0.26895534962089296,0.71,0.7826978269782697,0.16466466466466465,0.6401522297204953,0.6284294579819871,0.17898110912007448,0.13334059157416006
M-0669,Steel,253.49,45.15,0.34,14.98,8.59,False,False,False,False,False,False,True,False,False,0.4506904013027282,0.4228096040438079,0.34,0.2826978269782698,0.08578578578578579,0.45904011760838326,0.4287711293027521,0.39461237633061774,0.38323926214958454
M-1202,Plastic,149.28,69.1,0.05,49.85,6.33,False,False,False,False,False,True,False,False,False,0.21822927123067654,0.6750210614995787,0.05,0.997539975399754,0.06316316316316316,0.977207668923536,0.9999999999999999,0.32551625154824654,0.30316261116849746
M-0901,Steel,66.27,64.87,0.05,29.41,7.22,False,False,False,False,False,False,True,False,False,0.03305895737134443,0.6304759898904803,0.05,0.5785157851578516,0.07207207207207207,0.7249022638875038,0.7218580530105653,0.28880006744026787,0.2606116132734307
M-0252,Aluminum,293.86,77.63,0.81,3.51,18.68,True,False,False,False,False,False,False,False,False,0.5407437150059113,0.7648483572030329,0.81,0.04756047560475604,0.18678678678678678,0.16685760668417493,0.10666858673885028,0.5895585350700122,0.609165615655605
M-0146,Bamboo,142.24,37.86,0.82,19.23,89.62,False,True,False,False,False,False,False,False,False,0.20252515112984898,0.3460404380791912,0.82,0.36982369823698236,0.896896896896897,0.28620452925249973,0.2382368557801356,0.4343949657788453,0.42934396831658467
M-0756,Wood,229.47,84.12,0.29,48.15,94.64,False,False,False,False,False,False,False,False,True,0.3971090142541658,0.8331929233361416,0.29,0.9626896268962689,0.9471471471471472,0.7958990614230466,0.8001250544397674,0.62376614489641,0.6488093849927898
M-1023,Plastic,451.44,73.73,0.23,4.22,24.89,False,False,False,False,False,True,False,False,False,0.8922572441946062,0.7237784330244315,0.23,0.06211562115621155,0.24894894894894895,0.343374477798832,0.3012611132101013,0.7091907147008317,0.7478093431378151
M-0793,Steel,305.29,15.76,0.21,21.95,59.09,False,False,False,False,False,False,True,False,False,0.5662406031809766,0.11331086773378264,0.21,0.4255842558425584,0.5912912912912913,0.5332214243764059,0.5105487396227993,0.41354284749416814,0.40517810078989447
M-0145,Cotton,350.64,89.56,0.73,36.18,49.17,False,False,True,False,False,False,False,False,False,0.667402797296393,0.890480202190396,0.73,0.7173021730217302,0.491991991991992,0.5621821046138389,0.5424750472903964,0.6719272309166014,0.7046240705233585
M-0956,Glass,97.55,84.6,0.42,47.44,3.11,False,False,False,True,False,False,False,False,False,0.1028352182738852,0.8382476832350463,0.42,0.9481344813448134,0.03093093093093093,0.839787595713795,0.8485078561336035,0.3407517535798308,0.32081928847923546
M-0562,Glass,452.67,65.86,0.94,49.32,52.66,False,False,False,True,False,False,False,False,False,0.8950010038144951,0.6409014321819714,0.94,0.9866748667486676,0.5269269269269269,0.6573122273565077,0.6473466712384092,0.644283751309282,0.6725875811342621
M-1429,Wood,362.37,81.14,0.54,28.21,4.03,False,False,False,False,False,False,False,False,True,0.6935688951348458,0.8018112889637743,0.54,0.5539155391553916,0.04014014014014014,0.5663353094792208,0.5470535480456156,0.5760195385470058,0.5934750468629028
M-0121,Cotton,217.99,66.97,0.4,19.84,50.31,False,False,True,False,False,False,False,False,False,0.3715005911352027,0.6525905644481887,0.4,0.38232882328823287,0.5034034034034034,0.45905695363259935,0.4287896893671088,0.5208797028060443,0.5295725719311977
M-0615,Wood,379.9,46.48,0.23,36.19,48.01,False,False,False,False,False,False,False,False,True,0.7326730464654575,0.43681550126368995,0.23,0.7175071750717507,0.4803803803803804,0.7134662670050124,0.709250988813082,0.5336463502741025,0.5443680525275146
M-1472,Plastic,293.31,84.28,0.47,4.7,19.26,False,False,False,False,False,True,False,False,False,0.5395168306230341,0.8348778433024432,0.47,0.07195571955719557,0.1925925925925926,0.28291417247505807,0.23460956035918812,0.612361082436716,0.6355918679630154
M-0929,Wood,128.09,51.71,0.68,10.69,7.36,False,False,False,False,False,False,False,False,True,0.1709607620067367,0.49189132266217356,0.68,0.1947519475194752,0.07347347347347348,0.3055038211643378,0.2595124310184444,0.32721772957686573,0.30513448242291097
M-1170,Glass,235.68,6.37,0.34,25.75,41.1,False,False,False,True,False,False,False,False,False,0.41096165428628795,0.014427127211457447,0.34,0.5034850348503485,0.41121121121121124,0.558969899789088,0.5389339067272069,0.2807798122814183,0.25131680585612215
M-1053,Glass,208.96,58.11,0.91,24.78,98.63,False,False,False,True,False,False,False,False,False,0.35135738026723773,0.5592881213142377,0.91,0.48359983599836,0.987087087087087,0.31845119289030727,0.27378563764968095,0.5677833593710978,0.5839300015023394
M-1372,Glass,277.34,25.95,0.92,20.91,62.89,False,False,False,True,False,False,False,False,False,0.5038925695420374,0.22061920808761581,0.92,0.4042640426404264,0.6293293293293294,0.3036254926513229,0.2574417581780385,0.4390185837722018,0.43470235629405835
M-0126,Cotton,120.27,31.16,0.42,39.91,43.47,False,False,True,False,False,False,False,False,False,0.15351669678110152,0.2754844144903117,0.42,0.7937679376793767,0.43493493493493496,0.7067672691141325,0.7018660010995554,0.2577605821640439,0.22463943629642424
M-0251,Wood,133.31,83.61,0.5,26.42,3.88,False,False,False,False,False,False,False,False,True,0.1826050101496799,0.8278222409435552,0.5,0.517220172201722,0.03863863863863864,0.5564682394571693,0.5361760717322461,0.40965524839018774,0.4006726973742278
M-1355,Plastic,406.97,25.78,0.32,26.64,80.12,False,False,False,False,False,True,False,False,False,0.7930580650917933,0.21882898062342038,0.32,0.5217302173021731,0.8018018018018018,0.5368579502011237,0.5145576524442268,0.5623478046304677,0.5776306464918385
M-0644,Aluminum,283.9,67.19,0.05,10.42,53.66,True,False,False,False,False,False,False,False,False,0.518525954181445,0.6549073294018535,0.05,0.18921689216892168,0.5369369369369369,0.4448364416076593,0.4131129705063352,0.5991673474246497,0.6203014284915425
M-0284,Bamboo,104.26,51.71,0.99,25.1,58.68,False,True,False,False,False,False,False,False,False,0.11780320774498651,0.49189132266217356,0.99,0.490159901599016,0.5871871871871872,0.3383772222406909,0.2957521294039611,0.38181453292004186,0.3684076280553849
M-0815,Paper,420.18,66.61,0.23,12.68,50.03,False,False,False,False,True,False,False,False,False,0.8225255972696246,0.6487994945240101,0.23,0.2355473554735547,0.5006006006006006,0.42226835322407275,0.388233867968108,0.6915291667005369,0.7273410807068929
M-1084,Paper,386.63,23.52,0.16,25.93,87.66,False,False,False,False,True,False,False,False,False,0.747685649914118,0.1950294860994103,0.16,0.5071750717507175,0.8772772772772772,0.5685773153227027,0.5495251394504,0.5546882458851186,0.5687538561616672
M-0891,Bamboo,292.98,40.26,0.5,23.85,45.0,False,True,False,False,False,False,False,False,False,0.5387806999933079,0.37131423757371523,0.5,0.4645346453464535,0.4502502502502503,0.48369576218284704,0.4559515576619523,0.4621298136638628,0.4614863459259975
M-0893,Unknown,284.43,60.52,0.86,6.31,43.83,False,False,False,False,False,False,False,True,False,0.519708224586763,0.5846672283066555,0.86,0.1049610496104961,0.4385385385385385,0.1611227759124438,0.10034649864772748,0.5637430112593546,0.5792475747149444
M-1419,Steel,354.28,7.37,0.2,8.45,43.62,False,False,False,False,False,False,True,False,False,0.6755225412121617,0.024957877000842454,0.2,0.14883148831488313,0.4364364364364364,0.3856552493452863,0.34787151426935253,0.4175722848303504,0.4098478828975873
M-0059,Glass,252.88,15.81,0.05,44.48,33.37,False,False,False,True,False,False,False,False,False,0.44932967498717347,0.1138374052232519,0.05,0.8874538745387454,0.33383383383383386,0.8840889413398638,0.8973457418099999,0.2751298573865411,0.24476897893238425
M-0753,Plastic,61.54,28.79,0.29,43.75,12.51,False,False,False,False,False,True,False,False,False,0.02250775167860089,0.25052653748946924,0.29,0.8724887248872488,0.12502502502502502,0.8239907324298467,0.8310933647179486,0.13331813372510465,0.08042100809566842
M-0511,Aluminum,171.05,18.99,0.12,38.34,25.63,True,False,False,False,False,False,False,False,False,0.26679158580383233,0.14732518955349622,0.12,0.7615826158261583,0.2563563563563564,0.7953139338600592,0.7994800087278722,0.22005388106372045,0.1809405117450269
M-0117,Aluminum,119.86,16.69,0.41,30.96,39.28,True,False,False,False,False,False,False,False,False,0.1526021102411385,0.12310446503791071,0.41,0.6102911029110292,0.392992992992993,0.6038753624473182,0.5884377721415756,0.21406678965516293,0.17400197169484394
M-0978,Cotton,498.51,38.66,0.84,49.31,42.46,False,False,True,False,False,False,False,False,False,0.9972562403801111,0.35446503791069917,0.84,0.986469864698647,0.42482482482482486,0.6973994363367058,0.6915388848516383,0.5594204258968839,0.5742380584722212
M-0178,Glass,293.74,95.81,0.66,12.84,64.92,False,False,False,True,False,False,False,False,False,0.5404760311405563,0.9562973883740522,0.66,0.23882738827388272,0.6496496496496497,0.28033146799936465,0.23176238214964834,0.7299178879326547,0.7718304097596682
M-0623,Bamboo,434.47,89.79,0.05,31.77,9.95,False,True,False,False,False,False,False,False,False,0.854402284235651,0.8929022746419546,0.05,0.6268962689626896,0.09939939939939939,0.7511978214376738,0.750846324479155,0.6687468485907729,0.7009382724226123
M-0412,Cotton,107.99,88.61,0.09,6.18,41.09,False,False,True,False,False,False,False,False,False,0.12612371455977156,0.8804759898904803,0.09,0.1022960229602296,0.41111111111111115,0.39326650266502666,0.3562621740615201,0.5243025164837873,0.5335393277674938
M-0466,Bamboo,149.35,33.48,0.82,15.78,61.17,False,True,False,False,False,False,False,False,False,0.21838542015213364,0.29991575400168485,0.82,0.2990979909799098,0.6121121121121121,0.27224758337673466,0.22285069273159902,0.37391803427826786,0.35925624412898427
M-0876,Glass,360.5,51.71,0.68,39.55,65.06,False,False,False,True,False,False,False,False,False,0.6893974882330633,0.49189132266217356,0.68,0.7863878638786387,0.6510510510510511,0.602727613222078,0.5871724912645434,0.5650225076356792,0.5807304043972344
M-1489,Aluminum,85.54,76.62,0.04,12.67,62.91,True,False,False,False,False,False,False,False,False,0.07604452474960405,0.7542122999157541,0.04,0.2353423534235342,0.6295295295295296,0.4662524591011675,0.4367220279561884,0.49296155919642787,0.4972177698506401
M-0858,Glass,410.16,5.86,0.5,25.1,62.48,False,False,False,True,False,False,False,False,False,0.8001739945124808,0.009056444818871107,0.5,0.490159901599016,0.6252252252252252,0.4815734184368871,0.45361188197566304,0.45925970865111665,0.4581601333763267
M-0961,Aluminum,118.41,20.23,0.42,25.33,3.34,True,False,False,False,False,False,False,False,False,0.14936759686809875,0.16038331929233363,0.42,0.49487494874948745,0.03323323323323323,0.5676016459263692,0.5484495596962705,0.1655719724278492,0.11780051950437352
M-0273,Cotton,465.98,33.44,0.67,32.67,95.96,False,False,True,False,False,False,False,False,False,0.9246916058801222,0.29949452401010945,0.67,0.6453464534645347,0.9603603603603603,0.49017183604268477,0.46309079350973525,0.6560025721871996,0.6861687180258972
M-0197,Plastic,111.6,29.64,0.66,18.04,13.65,False,False,False,False,False,True,False,False,False,0.1341765375092016,0.2594776748104465,0.66,0.34542845428454283,0.13643643643643644,0.39561342892708207,0.3588494299305551,0.23052341617070984,0.19307383052863725
M-0238,Wood,245.67,51.71,0.45,33.45,47.07,False,False,False,False,False,False,False,False,True,0.43324633607709295,0.49189132266217356,0.45,0.6613366133661337,0.470970970970971,0.6147048709225831,0.6003762423928116,0.45185871341632405,0.44958299660931117
M-0440,Glass,368.68,43.41,0.7,32.65,60.51,False,False,False,True,False,False,False,False,False,0.7076446050547637,0.40448609941027797,0.7,0.6449364493644936,0.6055055055055055,0.5164113190681456,0.4920172483181672,0.5458532027274163,0.5585147773483403
M-1264,Bamboo,112.66,82.61,0.64,40.16,22.12,False,True,False,False,False,False,False,False,False,0.13654107831983758,0.8172914911541702,0.64,0.7988929889298892,0.22122122122122123,0.6652136712358114,0.6560572376422618,0.39819634466715803,0.38739278280673184
M-0965,Bamboo,278.01,26.81,0.51,25.1,7.24,False,True,False,False,False,False,False,False,False,0.5053871377902697,0.2296756529064869,0.51,0.490159901599016,0.07227227227227227,0.5338687137321824,0.5112623126104867,0.32271044103841773,0.2999109105901757
M-1490,Aluminum,157.78,59.9,0.37,46.98,15.27,True,False,False,False,False,False,False,False,False,0.2371902116933235,0.5781381634372368,0.37,0.9387043870438704,0.15265265265265265,0.8369573669610568,0.8453878067014494,0.32202502312183956,0.29911656833936373
M-1130,Plastic,304.26,71.4,0.82,44.6,4.48,False,False,False,False,False,True,False,False,False,0.5639429833366794,0.6992417860151644,0.82,0.8899138991389914,0.04464464464464465,0.6834838750189304,0.6761983442166719,0.4620522082881751,0.46139640776227603
M-0673,Wood,68.71,82.59,0.6,9.56,39.04,False,False,False,False,False,False,False,False,True,0.03850186263356309,0.8170808761583825,0.6,0.17158671586715868,0.3905905905905906,0.2838929704612361,0.23568858907657142,0.46041340510858325,0.4594971714353156
M-1149,Glass,209.92,28.66,0.09,22.59,25.77,False,False,False,True,False,False,False,False,False,0.3534988511900778,0.2491575400168492,0.09,0.43870438704387044,0.2577577577577578,0.6104468564505465,0.5956821993326074,0.318610849769589,0.2951598259203323
M-1141,Wood,94.63,35.69,0.32,5.32,15.05,False,False,False,False,False,False,False,False,True,0.09632157755024648,0.32318871103622576,0.32,0.08466584665846659,0.15045045045045047,0.3397544629500349,0.29727040211918637,0.2684521064295087,0.23703002201679563
M-1259,Cotton,79.41,85.5,0.18,42.87,69.35,False,False,True,False,False,False,False,False,False,0.06237034062771865,0.8477253580454929,0.18,0.8544485444854448,0.693993993993994,0.7892697272918674,0.7928168641842858,0.4718874388858783,0.47279462047494797
M-0640,Cotton,254.21,84.4,0.04,25.1,42.38,False,False,True,False,False,False,False,False,False,0.45229650449485825,0.8361415332771694,0.04,0.490159901599016,0.42402402402402406,0.6396935385570072,0.6279237959916654,0.5867421278651129,0.605901634390698
M-1218,Plastic,213.01,68.44,0.5,4.46,3.28,False,False,False,False,False,True,False,False,False,0.3603917107229695,0.6680707666385847,0.5,0.06703567035670356,0.03263263263263263,0.28695813895075883,0.2390676365107901,0.45978482656740016,0.4587687012842752
M-1386,Paper,450.62,51.18,0.38,17.56,6.35,False,False,False,False,True,False,False,False,False,0.8904280711146801,0.48631002527379946,0.38,0.3355883558835588,0.06336336336336336,0.481016677193799,0.4529981293955321,0.5609721708202847,0.5760364015346464
M-0232,Paper,396.91,88.32,0.81,15.4,53.66,False,False,False,False,True,False,False,False,False,0.7706172343795311,0.8774220724515586,0.81,0.2913079130791308,0.5369369369369369,0.27809105415378477,0.22929254576630698,0.7550703534703557,0.8009800214132899
M-0941,Paper,128.68,34.24,0.37,35.17,7.24,False,False,False,False,True,False,False,False,False,0.1722768743447322,0.3079191238416175,0.37,0.6965969659696597,0.07227227227227227,0.6997309523545685,0.6941091524388617,0.21286335722271088,0.17260729378524614
M-0429,Aluminum,392.46,15.59,0.33,35.9,21.05,True,False,False,False,False,False,False,False,False,0.7606906243726159,0.11152064026958718,0.33,0.7115621156211561,0.2105105105105105,0.7068862183216427,0.7019971309267782,0.3762198331647576,0.36192383723413507
M-0079,Bamboo,381.88,65.46,0.84,22.54,67.61,False,True,False,False,False,False,False,False,False,0.7370898302438154,0.6366891322662174,0.84,0.4376793767937679,0.6765765765765765,0.34294996841860304,0.30079313328111285,0.6723700145144499,0.7051372198169946
M-0933,Aluminum,338.44,34.43,0.94,6.7,61.49,True,False,False,False,False,False,False,False,False,0.6401882709852996,0.3099199663016007,0.94,0.11295612956129561,0.6153153153153154,0.12424214620524585,0.05968922397899236,0.5443053331573486,0.5567209254975028
M-1169,Glass,226.19,27.04,0.76,38.33,11.38,False,False,False,True,False,False,False,False,False,0.389792321934462,0.23209772535804546,0.76,0.7613776137761378,0.11371371371371372,0.6174551968943113,0.6034082068508178,0.26426649791750656,0.23217925052975885
M-0617,Aluminum,372.12,54.09,0.08,36.88,49.32,True,False,False,False,False,False,False,False,False,0.7153182091949407,0.51695450716091,0.08,0.7316523165231653,0.49349349349349353,0.7656420405645499,0.7667696584644796,0.5568289177709299,0.5712347164994219
M-0761,Paper,415.84,57.14,0.17,40.38,83.69,False,False,False,False,True,False,False,False,False,0.8128443641392847,0.5490732940185342,0.17,0.8034030340303403,0.8375375375375376,0.7472880666644504,0.7465362035575668,0.6638383844597101,0.6952497715071951
M-0491,Cotton,440.88,39.74,0.68,44.66,81.94,False,False,True,False,False,False,False,False,False,0.8687010640433648,0.36583824768323503,0.68,0.8911439114391143,0.8200200200200201,0.6486843448614665,0.6378352775557249,0.6069783719644025,0.6293537550560863
M-1411,Paper,343.02,53.44,0.62,29.04,96.28,False,False,False,False,True,False,False,False,False,0.6504048718463494,0.5101095197978096,0.62,0.570930709307093,0.9635635635635635,0.46020206922789947,0.43005206692560494,0.6417996788574591,0.6697087481553813
M-1067,Steel,182.95,50.98,0.91,36.45,25.35,False,False,False,False,False,False,True,False,False,0.29333690245153804,0.4842038753159224,0.91,0.7228372283722838,0.2535535535535536,0.5353469816680149,0.512891957927779,0.35056626009209346,0.3321934837037783
M-0909,Bamboo,228.64,83.35,0.19,25.1,47.7,False,True,False,False,False,False,False,False,False,0.3952575341854603,0.8250842459983151,0.19,0.490159901599016,0.4772772772772773,0.5893682132316819,0.5724450639095537,0.5735590883598753,0.5906235901204044
M-0969,Wood,492.66,73.28,0.44,19.29,42.59,False,False,False,False,False,False,False,False,True,0.984206651944054,0.7190395956192082,0.44,0.37105371053710534,0.42612612612612616,0.4480196137096506,0.416622105342047,0.7442560408186565,0.7884471341849831
M-0315,Glass,239.61,43.27,0.87,46.6,13.1,False,False,False,True,False,False,False,False,False,0.4197283008766647,0.40301179443976415,0.87,0.9309143091430915,0.13093093093093092,0.6844554923927618,0.6772694570136715,0.3210537886326271,0.29799098849739114
M-0137,Aluminum,343.74,40.26,0.92,22.83,20.69,True,False,False,False,False,False,False,False,False,0.6520109750384796,0.37131423757371523,0.92,0.44362443624436243,0.2069069069069069,0.36948397105592673,0.33004426705652296,0.45518276217121334,0.453435292129903
M-0882,Wood,206.41,83.18,0.31,38.06,60.32,False,False,False,False,False,False,False,False,True,0.3456690981284436,0.8232940185341198,0.31,0.7558425584255843,0.6036036036036037,0.7001451746949903,0.6945657919160659,0.5542735557100594,0.5682732648040754
M-0527,Glass,158.92,9.17,0.4,31.71,30.15,False,False,False,True,False,False,False,False,False,0.23973320841419615,0.04391322662173547,0.4,0.6256662566625666,0.3016016016016016,0.6252395938373798,0.6119897404948333,0.19702994691663972,0.15425769060687672
M-0691,Plastic,486.46,30.21,0.87,21.15,63.93,False,False,False,False,False,True,False,False,False,0.9703763189007115,0.265480202190396,0.87,0.40918409184091836,0.6397397397397397,0.320536481130577,0.276084463277693,0.6195793211457437,0.6439572051454047
M-0772,Steel,470.5,46.11,0.58,42.81,50.58,False,False,False,False,False,False,True,False,False,0.9347743648084945,0.4329191238416175,0.58,0.8532185321853218,0.5061061061061061,0.6873205087005825,0.6804278563111416,0.5945920890302282,0.614999085259526
M-0434,Cotton,469.41,41.01,0.32,11.37,77.12,False,False,True,False,False,False,False,False,False,0.9323429030315198,0.37921229991575395,0.32,0.20869208692086919,0.7717717717717718,0.3520380749753443,0.31081187882395395,0.6925294666938133,0.7285003450461053
M-0203,Bamboo,128.92,57.98,0.97,11.46,44.68,False,True,False,False,False,False,False,False,False,0.1728122420754422,0.5579191238416176,0.97,0.21053710537105372,0.44704704704704706,0.19061755851792753,0.13286160175757866,0.424111676943275,0.41742649344202026
M-0639,Plastic,486.42,82.03,0.1,40.24,28.63,False,False,False,False,False,True,False,False,False,0.9702870909455932,0.8111836562763269,0.1,0.8005330053300533,0.2863863863863864,0.8216811645593934,0.8285472928091825,0.7007387382719439,0.7380142067430009
M-1114,Bamboo,295.26,30.09,0.33,24.02,62.73,False,True,False,False,False,False,False,False,False,0.5438666934350531,0.2642165122156697,0.33,0.46801968019680196,0.6277277277277277,0.5190390353453084,0.49491404762122415,0.46157269950361834,0.4608406970374814
M-0798,Bamboo,278.01,37.92,0.65,25.8,25.26,False,True,False,False,False,False,False,False,False,0.5053871377902697,0.34667228306655434,0.65,0.504510045100451,0.2526526526526527,0.48244076179500534,0.45456804290412556,0.3983003233203738,0.387513285401476
M-1019,Cotton,219.15,64.7,0.71,15.85,10.29,False,False,True,False,False,False,False,False,False,0.37408820183363445,0.6286857624262848,0.71,0.3005330053300533,0.1028028028028028,0.35703952291775165,0.3163254843222936,0.44147814751852693,0.43755278572552864
M-1046,Glass,88.16,11.32,0.32,44.18,0.07,False,False,False,True,False,False,False,False,False,0.08188895580985522,0.06655433866891322,0.32,0.8813038130381303,0.0005005005005005005,0.8327322377728281,0.8407300164391758,0.06392487186385602,0.0
M-0298,Bamboo,278.01,43.72,0.56,3.42,2.03,False,True,False,False,False,False,False,False,False,0.5053871377902697,0.40775063184498733,0.56,0.04571545715457154,0.020120120120120117,0.2574172622807309,0.20650171921859845,0.41905069768090686,0.41156124019820056
M-0966,Aluminum,497.69,16.17,0.32,40.36,95.41,True,False,False,False,False,False,False,False,False,0.995427067300185,0.11762847514743051,0.32,0.8029930299302993,0.9548548548548549,0.690310332472694,0.683723843588987,0.6002411078346065,0.6215458273323782
M-0945,Steel,215.39,38.67,0.44,34.9,93.6,False,False,False,False,False,False,True,False,False,0.3657007740525106,0.3545703454085931,0.44,0.6910619106191062,0.9367367367367367,0.58896347269779,0.571998877193474,0.47033604809682306,0.47099668782472
M-1382,Paper,55.67,19.44,0.51,7.78,60.86,False,False,False,False,True,False,False,False,False,0.009413549264984722,0.15206402695871946,0.51,0.13509635096350964,0.609009009009009,0.26715690967720485,0.2172387245929342,0.2648093183837473,0.2328083342179897
M-1267,Bamboo,206.3,13.08,0.04,42.42,47.32,False,True,False,False,False,False,False,False,False,0.3454237212518682,0.08508845829823082,0.04,0.8452234522345223,0.4734734734734735,0.847786723993366,0.8573261100016899,0.2608516123137771,0.22822168267061388
M-0769,Paper,159.57,11.49,0.2,27.77,78.7,False,False,False,False,True,False,False,False,False,0.24118316268486917,0.06834456613310867,0.2,0.5448954489544895,0.7875875875875876,0.588178510613935,0.5711335335347237,0.3113626777083608,0.28675979847702887
M-0109,Wood,304.18,55.73,0.4,42.81,90.96,False,False,False,False,False,False,False,False,True,0.5637645274264427,0.5342249368155013,0.4,0.8532185321853218,0.9103103103103103,0.7009000882801619,0.6953980100540738,0.5810365213282103,0.5992893118511924
M-0285,Plastic,84.63,75.1,0.16,9.0,44.57,False,False,False,False,False,True,False,False,False,0.07401458877066183,0.7382055602358888,0.16,0.16010660106601066,0.445945945945946,0.40346936604501177,0.36750982959617257,0.4574555812348809,0.45606930003523355
M-0393,Cotton,355.11,79.27,0.09,17.01,77.47,False,False,True,False,False,False,False,False,False,0.6773740212808673,0.7821187868576243,0.09,0.3243132431324314,0.7752752752752753,0.4900604183519313,0.4629679664405696,0.733446213590284,0.7759194451885506
M-0268,Cotton,278.01,50.3,0.9,38.62,7.85,False,False,True,False,False,False,False,False,False,0.5053871377902697,0.47704296545914066,0.9,0.7673226732267322,0.07837837837837837,0.5825557660982015,0.5649350095403332,0.3827939444902961,0.3695426844529051
M-0098,Paper,498.59,39.38,0.5,13.62,44.89,False,False,False,False,True,False,False,False,False,0.9974346962903478,0.3620471777590565,0.5,0.25481754817548175,0.44914914914914916,0.3579756139903741,0.31735743285887547,0.6401667309295732,0.6678162975772416
M-0854,Glass,209.75,46.23,0.37,45.39,90.4,False,False,False,True,False,False,False,False,False,0.3531196323808249,0.43418281381634366,0.37,0.906109061090611,0.9047047047047048,0.7421949661838961,0.7409215601309946,0.46588589100088884,0.46583932657320953
M-0863,Plastic,289.83,72.84,0.49,46.24,90.19,False,False,False,False,False,True,False,False,False,0.5317539985277386,0.7144060657118788,0.49,0.9235342353423535,0.9026026026026026,0.7168602809451519,0.712992556082657,0.6243231194701512,0.6494548721121802
M-0446,Glass,442.19,54.31,0.19,16.16,54.18,False,False,False,True,False,False,False,False,False,0.8716232795734903,0.5192712721145746,0.19,0.3068880688806888,0.5421421421421422,0.4729186271141991,0.44407082395141695,0.6645527146311823,0.6960776206522289
M-0166,Aluminum,246.26,96.58,0.4,19.93,17.28,True,False,False,False,False,False,False,False,False,0.4345624484150884,0.9644060657118787,0.4,0.3841738417384174,0.17277277277277278,0.49322702776577315,0.466458842538112,0.5857761503251513,0.6047821469148561
M-0559,Cotton,202.75,50.31,0.83,31.85,47.71,False,False,True,False,False,False,False,False,False,0.3375047402351157,0.4771482729570346,0.83,0.6285362853628537,0.4773773773773774,0.48038403347997444,0.45230070179072657,0.4177504015564427,0.4100543053410183
M-1082,Steel,320.85,75.51,0.74,36.14,41.35,False,False,False,False,False,False,True,False,False,0.6009502777220104,0.7425231676495367,0.74,0.7164821648216482,0.41371371371371374,0.5665179275216174,0.5472548665146366,0.5813102321406194,0.5996065198750008
M-0077,Paper,205.86,83.01,0.47,5.05,19.72,False,False,False,False,True,False,False,False,False,0.3444422137455665,0.8215037910699243,0.47,0.07913079130791308,0.1971971971971972,0.2867587550650281,0.2388478353449469,0.53960746199407,0.5512764842834572
M-0947,Unknown,61.62,94.41,0.51,12.93,41.44,False,False,False,False,False,False,False,True,False,0.022686207588837576,0.9415543386689132,0.51,0.24067240672406726,0.41461461461461463,0.3499419825729789,0.3085011426675866,0.49633987344072894,0.5011329545516258
M-0702,Cotton,278.01,71.23,0.58,8.82,43.71,False,False,True,False,False,False,False,False,False,0.5053871377902697,0.697451558550969,0.58,0.15641656416564165,0.4373373373373374,0.27611620476565124,0.2271154681339514,0.5928193547703369,0.612944633970707
M-0839,Paper,242.69,60.38,0.67,35.76,52.19,False,False,False,False,True,False,False,False,False,0.42659885342077675,0.5831929233361416,0.67,0.7086920869208692,0.5222222222222223,0.5719930299302993,0.5532906295760733,0.48700235761727895,0.49031155178873803
M-1347,Glass,309.92,26.83,0.84,6.76,47.71,False,False,False,True,False,False,False,False,False,0.5765687389859243,0.22988626790227462,0.84,0.1141861418614186,0.4773773773773774,0.16877394737911344,0.1087811642791894,0.4663161137002032,0.466337918832119
M-1040,Glass,283.28,24.33,0.5,23.16,58.14,False,False,False,True,False,False,False,False,False,0.5171429208771107,0.20355939342881207,0.5,0.45038950389503896,0.5817817817817819,0.4620555241588452,0.43209531908295284,0.42356321597392543,0.41679087288069816
M-1266,Glass,234.99,94.11,0.21,12.41,77.22,False,False,False,True,False,False,False,False,False,0.40942247206049653,0.9383951137320977,0.21,0.23001230012300122,0.7727727727727728,0.3977301027965235,0.3611828551344425,0.7032894795696625,0.7409703033588935
M-1308,Cotton,235.29,51.34,0.28,3.59,23.45,False,False,True,False,False,False,False,False,False,0.4100916817238841,0.48799494524010106,0.28,0.04920049200492005,0.23453453453453452,0.32206684174949857,0.27777153566554774,0.45631717714380965,0.45474998455461463
M-0590,Steel,63.79,40.31,0.22,31.87,53.36,False,False,False,False,False,False,True,False,False,0.02752682415400745,0.3718407750631845,0.22,0.6289462894628947,0.533933933933934,0.6579743802843434,0.648076629855533,0.2836708175665145,0.25466724007986885
M-1246,Unknown,345.63,25.07,0.9,7.4,27.32,False,False,False,False,False,False,False,True,False,0.656226995917821,0.211352148272957,0.9,0.12730627306273062,0.2732732732732733,0.17905643651031106,0.12011659938982668,0.4455767278151539,0.4423026987628325
M-0196,Plastic,54.95,33.72,0.02,10.76,76.33,False,False,False,False,False,True,False,False,False,0.007807446072854621,0.3024431339511373,0.02,0.19618696186961868,0.7638638638638638,0.43532579073538485,0.40262841132547506,0.3417417795942081,0.32196664613301396
M-0167,Cotton,278.01,41.5,0.73,18.32,37.94,False,False,True,False,False,False,False,False,False,0.5053871377902697,0.38437236731255264,0.73,0.35116851168511687,0.3795795795795796,0.35374314905311216,0.31269155565324674,0.45221489153339206,0.4499957773673839
M-1496,Steel,278.01,25.18,0.58,49.73,66.94,False,False,False,False,False,False,True,False,False,0.5053871377902697,0.21251053074978937,0.58,0.9950799507995078,0.6698698698698698,0.7560609834927177,0.7562074833584976,0.38573016288304385,0.3729455169009023
M-1004,Aluminum,158.54,16.13,0.51,1.89,42.54,True,False,False,False,False,False,False,False,False,0.2388855428405719,0.11720724515585508,0.51,0.01435014350143501,0.4256256256256256,0.21304752353829842,0.15758843684373114,0.3083225865737311,0.28323658617669806
M-0414,Aluminum,384.58,69.39,0.38,29.36,69.93,True,False,False,False,False,False,False,False,False,0.7431127172143032,0.6780749789385004,0.38,0.577490774907749,0.6997997997997999,0.5625144849646695,0.5428414640063121,0.6796265761226663,0.7135469700461732
M-0546,Cotton,278.01,61.39,0.3,39.96,97.83,False,False,True,False,False,False,False,False,False,0.5053871377902697,0.5938289806234205,0.3,0.7947929479294793,0.9790790790790791,0.6889678608497796,0.6822439003792006,0.6010621624676594,0.6224973612352485
M-0015,Cotton,65.09,62.67,0.49,48.62,79.28,False,False,True,False,False,False,False,False,False,0.030426732695353453,0.6073083403538333,0.49,0.9723247232472324,0.7933933933933934,0.7570554946090001,0.757303834259684,0.38465348192117077,0.37169773338375933
M-0619,Bamboo,130.86,31.84,0.16,40.84,47.71,False,True,False,False,False,False,False,False,False,0.17713979789868167,0.2826453243470935,0.16,0.8128331283312834,0.4773773773773774,0.7919621392610323,0.7957849841383321,0.2751169554283684,0.24475402663795637
M-0619,Bamboo,130.86,31.84,0.16,40.84,47.71,False,True,False,False,False,False,False,False,False,0.17713979789868167,0.2826453243470935,0.16,0.8128331283312834,0.4773773773773774,0.7919621392610323,0.7957849841383321,0.2751169554283684,0.24475402663795637
M-0723,Paper,445.33,79.69,0.21,40.45,87.08,False,False,False,False,True,False,False,False,False,0.8786276740502799,0.7865417017691659,0.21,0.8048380483804839,0.8714714714714715,0.7327556818811432,0.7305156755888875,0.7766197709930519,0.8259540006522954
M-1482,Unknown,71.66,96.97,0.42,11.96,45.19,False,False,False,False,False,False,False,True,False,0.045082424323540565,0.9685130581297388,0.42,0.22078720787207873,0.45215215215215215,0.361257109508032,0.3209749596105839,0.5231101285018702,0.532157449455754
M-0460,Glass,498.71,32.86,0.06,45.44,79.47,False,False,False,True,False,False,False,False,False,0.9977023801557028,0.2933866891322662,0.06,0.9071340713407133,0.7952952952952953,0.8467509132748984,0.8561842303423701,0.6202268261757768,0.6447076095199159
M-1048,Aluminum,82.44,12.04,0.78,5.08,16.45,True,False,False,False,False,False,False,False,False,0.06912935822793281,0.07413647851727041,0.78,0.07974579745797458,0.16446446446446444,0.1974010320283383,0.14033971555092944,0.17506135600791656,0.12879792434234472
M-0019,Cotton,203.94,51.71,0.16,43.04,88.13,False,False,True,False,False,False,False,False,False,0.3401592718998862,0.49189132266217356,0.16,0.8579335793357933,0.881981981981982,0.7785619494032777,0.7810125899578283,0.48182074655953794,0.4843064963460871
M-0630,Bamboo,278.01,22.68,0.51,24.91,8.92,False,True,False,False,False,False,False,False,False,0.5053871377902697,0.18618365627632688,0.51,0.48626486264862645,0.08908908908908908,0.5298500086802669,0.5068320846993707,0.311241109476264,0.28661891102606596
M-1080,Aluminum,181.77,68.76,0.5,3.58,47.71,True,False,False,False,False,False,False,False,False,0.2907046777755471,0.671440606571188,0.5,0.04899548995489955,0.4773773773773774,0.23165955623520199,0.17810637624740133,0.5273267760013428,0.5370441925428525
M-1415,Plastic,262.08,57.36,0.15,44.78,37.63,False,False,False,False,False,True,False,False,False,0.4698521046643913,0.5513900589721988,0.15,0.8936039360393604,0.37647647647647653,0.8535147139759686,0.8636406567941756,0.4433696589641658,0.43974488987516397
M-0367,Unknown,91.17,39.22,0.92,43.98,80.44,False,False,False,False,False,False,False,True,False,0.08860335943251021,0.3603622577927548,0.92,0.8772037720377203,0.805005005005005,0.5698217627221316,0.5508970205742058,0.33041858982607175,0.30884401273046735
M-0105,Plastic,142.31,73.78,0.66,27.13,1.94,False,False,False,False,False,True,False,False,False,0.20268130005130608,0.7243049705139006,0.66,0.5317753177531775,0.01921921921921922,0.5191432687299846,0.49502895469803054,0.3751115067663484,0.36063937929299766
M-0935,Cotton,109.64,53.93,0.78,2.08,9.37,False,False,True,False,False,False,False,False,False,0.12980436770840303,0.5152695871946082,0.78,0.018245182451824517,0.09359359359359358,0.16758775011173535,0.10747349820911463,0.3426700846895902,0.3230424743847576
M-0537,Cotton,89.54,96.26,0.87,14.21,54.49,False,False,True,False,False,False,False,False,False,0.08496732026143791,0.9610362257792755,0.87,0.26691266912669126,0.5452452452452453,0.24462307695149024,0.19239738555555047,0.5484590232506297,0.5615347061969398
M-0855,Bamboo,81.24,29.58,0.75,7.21,32.02,False,True,False,False,False,False,False,False,False,0.06645251957438264,0.25884582982308335,0.75,0.12341123411234112,0.3203203203203204,0.21701470843537263,0.16196186884048808,0.26557736294194306,0.23369843386132388
M-0065,Bamboo,441.45,99.32,0.25,25.94,47.71,False,True,False,False,False,False,False,False,False,0.869972562403801,0.9932603201347936,0.25,0.507380073800738,0.4773773773773774,0.581690306542705,0.5639809253193787,0.7968689769839097,0.8494211430699228
M-1188,Aluminum,421.27,61.7,0.57,6.62,58.53,True,False,False,False,False,False,False,False,False,0.8249570590465992,0.5970935130581299,0.57,0.1113161131611316,0.5856856856856857,0.2372210993281104,0.1842374316796314,0.7037232260576791,0.7414729793952787
M-0650,Steel,278.01,8.57,0.13,27.12,24.99,False,False,False,False,False,False,True,False,False,0.5053871377902697,0.037594776748104464,0.13,0.531570315703157,0.24994994994994993,0.6549471944268992,0.6447394545454433,0.28687662850810525,0.2583825078273679
M-0928,Paper,231.34,88.76,0.96,9.37,96.47,False,False,False,False,True,False,False,False,False,0.4012804211559482,0.882055602358888,0.96,0.16769167691676914,0.9654654654654655,0.11606845960351495,0.05067853669243892,0.7254915336316088,0.7667006339639941
M-1233,Steel,256.18,31.32,0.66,31.51,68.83,False,False,False,False,False,False,True,False,False,0.4566909812844364,0.2771693344566133,0.66,0.6215662156621566,0.6887887887887888,0.5060608505184151,0.48060687257031587,0.4324522467009095,0.42709251878814664
M-0964,Bamboo,256.91,70.93,0.75,18.18,44.73,False,True,False,False,False,False,False,False,False,0.45831939146534617,0.6942923336141534,0.75,0.34829848298482985,0.44754754754754755,0.3392243350361432,0.2966859881225768,0.5580937649888513,0.5727005690278076
M-0520,Plastic,181.25,69.56,0.94,45.7,35.5,False,False,False,False,False,True,False,False,False,0.28954471435900864,0.679865206402696,0.94,0.9124641246412465,0.35515515515515517,0.6299629592692324,0.6171967873171971,0.41907809083350295,0.41159298657944293
M-0432,Wood,203.84,84.37,0.67,25.22,40.96,False,False,False,False,False,False,False,False,True,0.3399362020120904,0.8358256107834878,0.67,0.492619926199262,0.40980980980980986,0.4535909747385762,0.42276398408517235,0.5442166038204882,0.5566180955897195
M-0362,Aluminum,151.0,5.36,0.5,33.87,91.83,True,False,False,False,False,False,False,False,False,0.2220660733007651,0.0037910699241786028,0.5,0.6699466994669946,0.9190190190190191,0.5600661177782948,0.5401423794739532,0.29585913398583463,0.2687924831818664
M-0496,Bamboo,331.8,79.23,0.93,34.9,47.71,False,True,False,False,False,False,False,False,False,0.6253764304356555,0.7816975568660489,0.93,0.6910619106191062,0.4773773773773774,0.48789940863372594,0.4605856653146825,0.6188451799691614,0.6431063966962597
M-1304,Wood,475.56,53.02,0.08,1.42,69.32,False,False,False,False,False,False,False,False,True,0.9460617011309642,0.5056866048862679,0.08,0.004715047150471503,0.6936936936936936,0.3094596589209136,0.2638733539064467,0.7463791411297229,0.7909076305318128
M-0985,Cotton,108.82,42.15,0.43,19.56,8.76,False,False,True,False,False,False,False,False,False,0.1279751946284771,0.3912173546756529,0.43,0.3765887658876588,0.08748748748748748,0.4882045107838466,0.4609220104914856,0.26155601316517707,0.22903802456107436
M-1110,Glass,377.82,67.65,0.89,34.01,19.67,False,False,False,True,False,False,False,False,False,0.728033192799304,0.6597514743049706,0.89,0.6728167281672817,0.1966966966966967,0.5170203672306992,0.4926886641434397,0.5577823000091072,0.5723396070700372
M-0715,Cotton,499.74,86.37,0.68,24.71,37.34,False,False,True,False,False,False,False,False,False,1.0,0.8568871103622578,0.68,0.4821648216482165,0.3735735735735736,0.4479415356315725,0.4165360319237993,0.7764087211766831,0.8257094115014825
M-0317,Glass,157.45,27.08,0.13,35.14,3.43,False,False,False,True,False,False,False,False,False,0.23645408106359717,0.23251895534962086,0.13,0.6959819598195982,0.03413413413413414,0.7751757624783455,0.7772796512043508,0.20136919358949332,0.15928651591998017
M-1393,Cotton,369.61,51.71,0.58,25.24,64.49,False,False,True,False,False,False,False,False,False,0.709719155011265,0.49189132266217356,0.58,0.493029930299303,0.6453453453453453,0.45728342364504726,0.4268345466157618,0.6003297432248423,0.621648548363852
M-1252,Unknown,161.14,81.25,0.47,4.92,68.73,False,False,False,False,False,False,False,True,False,0.2446853599232639,0.8029696714406066,0.47,0.07646576465764657,0.6877877877877878,0.23610068001580917,0.18300227934936913,0.5965902420691476,0.6173147781295429
M-1444,Glass,302.2,27.27,0.93,40.36,20.73,False,False,False,True,False,False,False,False,False,0.5593477436480849,0.23451979780960402,0.93,0.8029930299302993,0.20730730730730731,0.5820650872274488,0.5643940842421286,0.33901579797862263,0.3188074605911384
M-0274,Cotton,486.98,51.71,0.83,23.46,79.27,False,False,True,False,False,False,False,False,False,0.97153628231725,0.49189132266217356,0.83,0.456539565395654,0.7932932932932932,0.34559440990806306,0.30370837048926147,0.7252043638618915,0.7663678281301735
M-0583,Paper,152.8,16.26,0.44,40.99,94.22,False,False,False,False,True,False,False,False,False,0.22608133128109037,0.11857624262847517,0.44,0.8159081590815909,0.9429429429429429,0.6632506011546603,0.6538931455397953,0.3276279235487774,0.3056098630557145
M-1108,Wood,257.24,41.37,0.94,23.45,47.71,False,False,False,False,False,False,False,False,True,0.4590555220950724,0.38300336983993255,0.94,0.45633456334563344,0.4773773773773774,0.3440630002696423,0.302020141660363,0.4445626313181638,0.44112744542545085
M-0838,Steel,231.94,6.46,0.5,11.09,73.07,False,False,False,False,False,False,True,False,False,0.40261884048272323,0.015374894692502097,0.5,0.2029520295202952,0.7312312312312312,0.298648094589054,0.251954665312219,0.3722488506055456,0.3573217993420313
M-0324,Plastic,58.04,51.71,0.6,32.67,7.44,False,False,False,False,False,True,False,False,False,0.014700305605746283,0.49189132266217356,0.6,0.6453464534645347,0.07427427427427427,0.5997804446512933,0.5839235271598424,0.2276272794021733,0.18971744934317947
M-1088,Cotton,202.22,77.08,0.5,10.31,69.19,False,False,True,False,False,False,False,False,False,0.33632246982979763,0.7590564448188711,0.5,0.18696186961869618,0.6923923923923924,0.2929378825319785,0.24565971693784427,0.6031649116436429,0.6249342723123362
M-0734,Cotton,52.59,82.63,0.57,3.18,49.63,False,False,True,False,False,False,False,False,False,0.002542996720872659,0.8175021061499579,0.57,0.04079540795407954,0.49659659659659666,0.20381758511278808,0.14741333558540726,0.482255564528702,0.4848104141398378
M-0382,Wood,273.14,71.87,0.22,29.54,46.09,False,False,False,False,False,False,False,False,True,0.4945236342546119,0.7041912384161754,0.22,0.5811808118081181,0.46116116116116124,0.6365923709687548,0.6245050630841643,0.5536643564861959,0.5675672536669687
M-0822,Paper,125.61,62.95,0.67,15.95,54.23,False,False,False,False,True,False,False,False,False,0.16542862878939973,0.610256950294861,0.67,0.30258302583025826,0.5426426426426426,0.3262855512338907,0.2824222488343919,0.44976017862499396,0.44715096965286044
M-0144,Cotton,228.73,18.55,0.5,29.57,38.36,False,False,True,False,False,False,False,False,False,0.39545829708447655,0.1426916596461668,0.5,0.5817958179581796,0.3837837837837838,0.5606991123965294,0.5408401939164319,0.3069296598166639,0.2816223001350539
M-1301,Bamboo,256.24,81.36,0.2,17.37,12.73,False,True,False,False,False,False,False,False,False,0.45682482321711393,0.8041280539174389,0.2,0.33169331693316934,0.12722722722722724,0.5262932674371789,0.502911126548875,0.533609620749222,0.544325486068776
M-0023,Plastic,107.37,51.33,0.34,15.6,63.61,False,False,False,False,False,True,False,False,False,0.12474068125543733,0.4878896377422072,0.34,0.2954079540795408,0.6365365365365365,0.41159111879407084,0.3764632649071104,0.4121871235485288,0.4036069297066594
M-0544,Plastic,360.26,29.66,0.91,45.87,49.28,False,False,False,False,False,True,False,False,False,0.6888621205023533,0.2596882898062342,0.91,0.9159491594915948,0.4930930930930931,0.6272601863856475,0.6142172454718562,0.4390163462774648,0.43469976322410414
M-1352,Cotton,289.86,59.23,0.58,30.22,98.83,False,False,True,False,False,False,False,False,False,0.5318209194940775,0.5710825610783488,0.58,0.595120951209512,0.9890890890890891,0.48416366181679826,0.4564673710872106,0.6243219408972158,0.6494535062443563
M-0204,Aluminum,461.49,37.99,0.14,21.15,0.71,True,False,False,False,False,False,False,False,False,0.9146757679180888,0.3474094355518113,0.14,0.40918409184091836,0.006906906906906906,0.6028197644138604,0.5872740789094696,0.5021927934117545,0.5079160010859464
M-0207,Cotton,283.51,47.18,0.93,18.97,54.08,False,False,True,False,False,False,False,False,False,0.5176559816190412,0.44418702611625943,0.93,0.3644936449364493,0.5411411411411411,0.28558207284775544,0.23755065868377578,0.5084239164419385,0.5151373534509283
M-0852,Plastic,195.52,76.1,0.78,36.41,17.67,False,False,False,False,False,True,False,False,False,0.321376787347476,0.7487363100252737,0.78,0.7220172201722016,0.1766766766766767,0.5815426644356533,0.5638181643864247,0.4376731973985776,0.43314316559537963
M-1000,Glass,111.7,64.98,0.8,5.22,66.24,False,False,False,True,False,False,False,False,False,0.13439960739699747,0.6316343723673127,0.8,0.08261582615826157,0.6628628628628628,0.14328320940867065,0.08068012740967039,0.49242288287425495,0.49659348888006066
M-1179,Bamboo,339.05,87.12,0.74,14.15,77.25,False,True,False,False,False,False,False,False,False,0.6415489973008544,0.8647851727042967,0.74,0.2656826568265683,0.773073073073073,0.2601022867886337,0.20946169522163244,0.7552633084337605,0.8012036401373256
M-0218,Steel,183.7,8.75,0.04,43.06,36.22,False,False,False,False,False,False,True,False,False,0.29500992661000686,0.039490311710193765,0.04,0.8583435834358344,0.36236236236236236,0.8667699138252645,0.8782532137201388,0.20371319754095926,0.1620030211785749
M-0829,Bamboo,323.19,19.71,0.98,28.03,91.66,False,True,False,False,False,False,False,False,False,0.6061701130964331,0.15490732940185342,0.98,0.5502255022550225,0.9173173173173172,0.34440356962128177,0.30239558594597554,0.4948180181123614,0.499369251039204
M-0151,Glass,143.55,37.36,0.43,12.96,47.71,False,False,False,True,False,False,False,False,False,0.2054473666599746,0.34077506318449874,0.43,0.24128741287412875,0.4773773773773774,0.36803470998673954,0.3284465989628801,0.3625245846336283,0.34605218538418525
M-1423,Unknown,128.7,73.84,0.02,13.07,48.64,False,False,False,False,False,False,False,True,False,0.17232148832229133,0.7249368155012638,0.02,0.24354243542435422,0.48668668668668674,0.4914567925859438,0.46450733198891625,0.4870235001331462,0.4903360542028647
M-0938,Steel,269.18,38.61,0.01,15.56,31.17,False,False,False,False,False,False,True,False,False,0.4856900666978965,0.35393850042123,0.01,0.2945879458794588,0.31181181181181183,0.542571586346494,0.5208563755398955,0.42677356626611074,0.42051140135728127
M-0034,Plastic,205.56,9.34,0.83,44.67,31.59,False,False,False,False,False,True,False,False,False,0.3437730040821789,0.04570345408593092,0.83,0.8913489134891349,0.31601601601601603,0.6542077464918794,0.6439242857688793,0.21038507221312816,0.1697351679696657
M-1290,Aluminum,162.93,10.94,0.92,30.74,97.3,True,False,False,False,False,False,False,False,False,0.24867831091480963,0.06255265374894692,0.92,0.6057810578105781,0.9737737737737737,0.3900912573089695,0.35276177768524436,0.34310748660601176,0.32354938675806455
M-0307,Paper,395.23,54.64,0.82,6.51,80.27,False,False,False,False,True,False,False,False,False,0.7668696602645609,0.5227464195450716,0.82,0.1090610906109061,0.8033033033033032,0.13910632403621334,0.07607552121948173,0.7011201795329414,0.7384562653797607
M-0171,Cotton,440.81,51.71,0.95,10.42,93.44,False,False,True,False,False,False,False,False,False,0.8685449151219077,0.49189132266217356,0.95,0.18921689216892168,0.9351351351351351,0.1350166217878395,0.0715670258671633,0.7442580210345633,0.7884494290902118
M-1464,Glass,483.26,64.16,0.5,41.36,55.78,False,False,False,True,False,False,False,False,False,0.9632380824912445,0.6229991575400169,0.5,0.8234932349323493,0.5581581581581582,0.6882801251435937,0.6814857392597217,0.6844653421493382,0.7191546966664047
M-0742,Wood,217.96,51.71,0.69,27.56,39.73,False,False,False,False,False,False,False,False,True,0.3714336701688639,0.49189132266217356,0.69,0.540590405904059,0.39749749749749747,0.4776044937926857,0.44923653207844283,0.42760420639995667,0.4214740440568301
M-1266,Glass,234.99,94.11,0.21,12.41,77.22,False,False,False,True,False,False,False,False,False,0.40942247206049653,0.9383951137320977,0.21,0.23001230012300122,0.7727727727727728,0.3977301027965235,0.3611828551344425,0.7032894795696625,0.7409703033588935
M-0361,Paper,417.12,84.74,0.56,4.77,72.03,False,False,False,False,True,False,False,False,False,0.8156996587030717,0.8397219882055602,0.56,0.07339073390733906,0.7208208208208209,0.20395235826232133,0.14756190975569794,0.8162226671914514,0.8718504573162233
M-1175,Aluminum,407.39,84.53,0.05,22.37,94.04,True,False,False,False,False,False,False,False,False,0.7939949586205357,0.8375105307497894,0.05,0.43419434194341944,0.9411411411411412,0.5514024910519375,0.5305915812842965,0.8158357153135001,0.8714020123336027
M-0647,Steel,243.9,56.21,0.3,45.83,16.25,False,False,False,False,False,False,True,False,False,0.4292979990631065,0.5392796967144061,0.3,0.9151291512915128,0.16246246246246246,0.8428312445286614,0.8518631802385236,0.3799817708854705,0.3662836095777061
M-1477,Bamboo,185.57,10.87,0.58,17.53,35.95,False,True,False,False,False,False,False,False,False,0.2991813335117892,0.06181550126368997,0.58,0.33497334973349735,0.35965965965965974,0.3910180438741324,0.3537834689155264,0.26478348912999994,0.23277840026519647
M-1275,Bamboo,238.46,20.91,0.93,4.27,23.01,False,True,False,False,False,False,False,False,False,0.41716299716701244,0.16754422914911543,0.93,0.06314063140631405,0.23013013013013014,0.13587136583077541,0.07250929728717458,0.3443594920960394,0.3250003567938968
M-0219,Cotton,304.88,50.18,0.59,42.4,47.71,False,False,True,False,False,False,False,False,False,0.5653260166410136,0.4757792754844145,0.59,0.8448134481344813,0.4773773773773774,0.6821503311429511,0.6747282429716838,0.4753809829059271,0.4768433468841588
M-0296,Paper,327.14,51.32,0.43,4.69,38.31,False,False,False,False,True,False,False,False,False,0.614981373664369,0.4877843302443134,0.43,0.07175071750717507,0.3832832832832833,0.2757221021759767,0.22668100870732916,0.5554495812739779,0.5696361804368022
M-1020,Steel,227.51,70.42,0.35,32.27,71.9,False,False,False,False,False,False,True,False,False,0.3927368444533672,0.688921651221567,0.35,0.6371463714637147,0.7195195195195196,0.6053358709262768,0.5900478394006345,0.5587697402437594,0.573483968020582
M-1442,Plastic,458.24,54.85,0.7,11.67,39.5,False,False,False,False,False,True,False,False,False,0.9074259965647238,0.5249578770008425,0.7,0.21484214842148422,0.3951951951951952,0.279385769533371,0.23071984240477517,0.6588891799448389,0.6895140558817585
M-0708,Cotton,354.43,86.86,0.14,19.07,40.47,False,False,True,False,False,False,False,False,False,0.6758571460438555,0.8620471777590565,0.14,0.36654366543665434,0.40490490490490494,0.5374357087715022,0.5151945745649873,0.6825931277683347,0.7169849562066961
M-1401,Glass,200.84,78.1,0.31,5.35,47.71,False,False,False,True,False,False,False,False,False,0.33324410537821497,0.7697978096040438,0.31,0.08528085280852807,0.4773773773773774,0.3104307739473791,0.26494391291477726,0.5730120604384132,0.5899896303421709
M-0076,Plastic,463.94,95.73,0.5,29.35,81.11,False,False,False,False,False,True,False,False,False,0.920140980169087,0.9554549283909015,0.5,0.5772857728577286,0.8117117117117117,0.515200292543466,0.4906822104287405,0.8610723330525655,0.9238274828164306
M-1036,Plastic,452.8,12.19,0.38,28.87,48.92,False,False,False,False,False,True,False,False,False,0.8952909946686296,0.07571609098567818,0.38,0.5674456744567445,0.4894894894894895,0.5775184557250977,0.5593818692318049,0.4810058104312312,0.4833620532803748
M-0556,Cotton,441.94,97.84,0.08,5.33,91.37,False,False,True,False,False,False,False,False,False,0.8710656048540008,0.9776748104465038,0.08,0.08487084870848709,0.9144144144144145,0.3354810677836508,0.29255940335297453,0.9214549433672108,0.9938058966091311
M-1394,Wood,191.46,49.3,0.77,44.84,37.39,False,False,False,False,False,False,False,False,True,0.3123201499029646,0.4665122156697556,0.77,0.8948339483394835,0.3740740740740741,0.6684929615962827,0.6596723334245931,0.3579227479313185,0.34071904010804327
M-0185,Unknown,127.26,96.31,0.31,30.21,94.76,False,False,False,False,False,False,False,True,False,0.1691092819380312,0.9615627632687449,0.31,0.5949159491594916,0.9483483483483485,0.5691147346608602,0.5501175915266587,0.6259132905760921,0.6512977479181926
M-0811,Glass,209.04,51.71,0.72,20.77,73.55,False,False,False,True,False,False,False,False,False,0.35153583617747436,0.49189132266217356,0.72,0.4013940139401394,0.7360360360360361,0.35123280476048,0.3099241474438713,0.50226731140707,0.5080023612330817
M-0337,Steel,326.04,11.82,0.13,21.92,65.4,False,False,False,False,False,False,True,False,False,0.6125276048986148,0.07181971356360572,0.13,0.42496924969249694,0.6544544544544545,0.5505361043700527,0.5296364749974901,0.42791552738341837,0.42183483913490827
M-0234,Paper,83.81,19.14,0.23,36.62,83.5,False,False,False,False,True,False,False,False,False,0.07218541569073592,0.14890480202190398,0.23,0.7263222632226322,0.8356356356356357,0.6832297943700156,0.6759182452375343,0.2718764770042879,0.24099858216702363
M-0501,Bamboo,408.44,41.88,0.38,12.94,85.34,False,True,False,False,False,False,False,False,False,0.7963371924423922,0.388374052232519,0.38,0.24087740877408775,0.8540540540540541,0.34512103985904724,0.3031865264682785,0.661372005569621,0.6923914438919946
M-0604,Wood,376.37,92.23,0.96,43.33,54.45,False,False,False,False,False,False,False,False,True,0.7247986794262642,0.918597304128054,0.96,0.8638786387863878,0.5448448448448449,0.5758426987873482,0.5575345116721039,0.6977696993343416,0.7345733380183876
M-0697,Bamboo,361.68,53.82,0.18,17.59,55.74,False,True,False,False,False,False,False,False,False,0.6920297129090544,0.5141112047177759,0.18,0.33620336203362033,0.5577577577577578,0.4919462414443964,0.4650469013192773,0.6000805365175801,0.6213597385560308
M-0320,Wood,179.26,93.28,0.85,48.75,18.29,False,False,False,False,False,False,False,False,True,0.2851056235918713,0.9296545914069082,0.85,0.974989749897499,0.18288288288288287,0.711705561650211,0.707309983960692,0.4642436768363995,0.46393613719898336
M-0953,Steel,190.32,23.42,0.66,46.08,64.47,False,False,False,False,False,False,True,False,False,0.3097771531820919,0.19397641112047181,0.66,0.9202542025420254,0.6451451451451452,0.6896380070107007,0.6829826707513195,0.3133173562807238,0.2890251080629473
M-0603,Paper,247.38,23.2,0.5,42.73,49.63,False,False,False,False,True,False,False,False,False,0.4370608311584019,0.19165964616680708,0.5,0.8515785157851578,0.49659659659659666,0.711287449811435,0.7068490566932801,0.33421363480462674,0.3132421536271159
M-0410,Wood,63.16,67.45,0.57,31.79,58.1,False,False,False,False,False,False,False,False,True,0.026121483860893607,0.6576453243470936,0.57,0.6273062730627306,0.5813813813813814,0.5472456256995002,0.5260090452013508,0.3928640318427987,0.38121307657424663
M-0439,Bamboo,185.43,51.82,0.69,8.18,50.19,False,True,False,False,False,False,False,False,False,0.29886903566887507,0.49304970513900587,0.69,0.14329643296432965,0.5022022022022022,0.22875763955837758,0.17490729791462528,0.46328235642676585,0.46282204694912227
M-0843,Aluminum,107.78,42.91,0.5,17.6,72.49,True,False,False,False,False,False,False,False,False,0.1256552677954003,0.39922072451558543,0.5,0.3364083640836409,0.7254254254254254,0.379302475907642,0.34086820503593834,0.395150845985566,0.38386330361007176
M-1280,Paper,344.38,46.78,0.12,42.24,80.61,False,False,False,False,True,False,False,False,False,0.653438622320373,0.4399747262005055,0.12,0.8415334153341534,0.8067067067067067,0.7882493785298214,0.7916920298144345,0.5598826717902334,0.5747737629445889
M-1326,Aluminum,441.76,40.29,0.52,35.63,25.0,True,False,False,False,False,False,False,False,False,0.8706640790559682,0.3716301600673968,0.52,0.7060270602706028,0.2500500500500501,0.6426112311573566,0.6311402657318279,0.5142102876761274,0.5218432755446282
M-1425,Cotton,152.23,62.79,0.45,7.45,63.81,False,False,True,False,False,False,False,False,False,0.22480983292065398,0.6085720303285594,0.45,0.12833128331283314,0.6385385385385386,0.278144916133846,0.22935192331313675,0.5065582315136491,0.5129751800828289
M-0797,Steel,278.01,45.16,0.01,6.18,77.95,False,False,False,False,False,False,True,False,False,0.5053871377902697,0.42291491154170174,0.01,0.1022960229602296,0.7800800800800801,0.3803696057681297,0.3420446109755742,0.570692130986183,0.5873010254221106
M-1294,Aluminum,101.65,37.55,0.67,14.16,70.51,True,False,False,False,False,False,False,False,False,0.11198108367351492,0.34277590564448185,0.67,0.2658876588765888,0.7056056056056057,0.2879720347653927,0.2401853571394323,0.37369730149476116,0.35900043322612074
M-0925,Aluminum,405.51,11.7,0.41,26.08,51.76,True,False,False,False,False,False,False,False,False,0.7898012447299738,0.07055602358887952,0.41,0.510250102501025,0.517917917917918,0.5313582697088233,0.5084947944577727,0.4536836172450797,0.45169790808125815
M-0322,Steel,155.12,91.08,0.68,4.2,43.24,False,False,False,False,False,False,True,False,False,0.23125655267795397,0.9064869418702611,0.68,0.06170561705617056,0.4326326326326327,0.18976010697043905,0.13191634557952137,0.5785661879127848,0.5964264012706498
M-1383,Glass,301.89,48.54,0.1,33.62,97.09,False,False,False,True,False,False,False,False,False,0.5586562269959178,0.45850884582982304,0.1,0.6648216482164822,0.9716716716716717,0.6717258217627222,0.6632362444748129,0.5838599450016955,0.6025614246185222
M-1144,Bamboo,141.82,35.9,0.24,34.98,44.15,False,True,False,False,False,False,False,False,False,0.20158825760110638,0.3254001684919966,0.24,0.6927019270192701,0.44174174174174174,0.699446982037388,0.6937961030339292,0.3035241047790074,0.27767554562449004
M-0467,Cotton,278.01,66.41,0.04,10.23,56.57,False,False,True,False,False,False,False,False,False,0.5053871377902697,0.6466933445661331,0.04,0.1853218532185322,0.5660660660660661,0.44258650532451266,0.4106326365701391,0.597909196716101,0.6188433366595131
M-1274,Unknown,73.52,14.59,0.72,10.16,41.05,False,False,False,False,False,False,False,True,False,0.049231524236543284,0.1009898904802022,0.72,0.1838868388683887,0.4107107107107107,0.25326103224996216,0.20191988351543988,0.2163309534061642,0.17662594881402405
M-0881,Steel,390.27,81.48,0.12,19.42,48.86,False,False,False,False,False,False,True,False,False,0.7558053938298869,0.8053917438921652,0.12,0.3737187371873719,0.48888888888888893,0.5393423534235342,0.5172964631696229,0.7068249022617586,0.7450675636593413
M-0081,Bamboo,151.07,29.47,0.38,13.68,93.15,False,True,False,False,False,False,False,False,False,0.2222222222222222,0.25768744734625104,0.38,0.25604756047560473,0.9322322322322323,0.3464053130621396,0.3046023116319909,0.4288100747478516,0.42287154498944624
M-1470,Aluminum,100.66,29.8,0.06,15.27,73.34,True,False,False,False,False,False,False,False,False,0.10977269178433602,0.2611625947767481,0.06,0.28864288642886426,0.733933933933934,0.4817923384639251,0.45385321981995785,0.3477498484402798,0.32892949728526805
M-0473,Glass,244.55,79.14,0.9,39.98,13.16,False,False,False,True,False,False,False,False,False,0.43074795333377947,0.7807497893850043,0.9,0.7952029520295202,0.13153153153153152,0.5939686180645589,0.5775165587392951,0.4708102210549286,0.4715462147712814
M-0182,Unknown,425.72,83.54,0.18,5.34,9.35,False,False,False,False,False,False,False,True,False,0.8348836690535145,0.8270850884582983,0.18,0.08507585075850758,0.09339339339339339,0.3877061711157652,0.350132454237256,0.6918601587319624,0.727724672890412
M-0430,Paper,293.57,54.01,0.31,25.1,50.14,False,False,False,False,True,False,False,False,False,0.5400968123313034,0.516112047177759,0.31,0.490159901599016,0.5017017017017017,0.5509257707892394,0.5300660439815296,0.5209974510086106,0.5297090322862501
M-1176,Bamboo,91.85,63.85,0.26,8.69,26.07,False,True,False,False,False,False,False,False,False,0.09012023466952193,0.6197346251053075,0.26,0.15375153751537515,0.26076076076076077,0.38817484643314903,0.3506491227773707,0.38522619932180496,0.3723614651277005
M-0796,Bamboo,267.6,71.93,0.81,38.18,4.67,False,True,False,False,False,False,False,False,False,0.48216556247072206,0.7048230834035385,0.81,0.7583025830258302,0.046546546546546545,0.6073268951608434,0.592242748213731,0.4489250770627174,0.4461831565295224
M-0332,Aluminum,90.23,89.42,0.23,18.75,76.51,True,False,False,False,False,False,False,False,False,0.08650650248722924,0.8890058972198821,0.23,0.35998359983599837,0.7656656656656657,0.47042359333503236,0.4413202940805141,0.5585641130470222,0.5732456632340661
M-1408,Steel,206.57,53.51,0.76,16.71,38.5,False,False,False,False,False,False,True,False,False,0.34602600994891697,0.5108466722830666,0.76,0.31816318163181634,0.3851851851851852,0.32437939046057124,0.28032089365854757,0.44512615765504965,0.4417805254923806
M-1002,Bamboo,146.84,15.96,0.44,9.52,68.81,False,True,False,False,False,False,False,False,False,0.2127863659684579,0.11541701769165964,0.44,0.17076670766707666,0.6885885885885886,0.3016011657413871,0.2552101364337789,0.3355122312320512,0.31474711867706157
M-0503,Steel,102.79,29.69,0.34,6.24,26.53,False,False,False,False,False,False,True,False,False,0.11452408039438758,0.26000421229991577,0.34,0.10352603526035262,0.2653653653653654,0.333579084619675,0.29046265358142764,0.273805371990044,0.2432340107245593
M-0674,Wood,116.75,22.25,0.73,32.75,41.58,False,False,False,False,False,False,False,False,True,0.1456646367306877,0.1816554338668913,0.73,0.6469864698646987,0.416016016016016,0.5275902803172177,0.5043409559561082,0.23306658092588597,0.1960211465630612
M-0711,Bamboo,227.24,23.55,0.4,20.62,47.95,False,True,False,False,False,False,False,False,False,0.3921345557563185,0.19534540859309185,0.4,0.3983189831898319,0.4797797797797798,0.47101341193592117,0.44197051120130215,0.3617420451592664,0.34514528734084676
M-0987,Paper,252.4,25.86,0.51,25.1,91.46,False,False,False,False,True,False,False,False,False,0.44825893952575346,0.21967144060657118,0.51,0.490159901599016,0.9153153153153153,0.4495644094278781,0.4183250910101796,0.46782270594947506,0.4680839337077107
M-1332,Wood,79.34,84.63,0.11,47.15,14.18,False,False,False,False,False,False,False,False,True,0.06221419170626158,0.8385636057287279,0.11,0.942189421894219,0.14174174174174173,0.9181394789623573,0.9348831177096751,0.3494016352611728,0.3308437805705957
M-0154,Glass,312.37,34.57,0.25,13.13,64.34,False,False,False,True,False,False,False,False,False,0.5820339512369225,0.31139427127211455,0.25,0.24477244772447726,0.6438438438438439,0.40747908425030194,0.3719301503908821,0.516991401874484,0.5250663551558478
M-1279,Steel,165.44,96.94,0.73,18.9,52.44,False,False,False,False,False,False,True,False,False,0.25427736509848536,0.9681971356360572,0.73,0.36305863058630583,0.5247247247247248,0.346362705879311,0.30455534139452817,0.5965051571434042,0.6172161717905629
M-1327,Aluminum,157.46,23.54,0.61,46.08,60.95,True,False,False,False,False,False,False,False,False,0.2364763880523768,0.19524010109519796,0.61,0.9202542025420254,0.60990990990991,0.7081615305342241,0.7034030374779127,0.28105733292943064,0.25163842916192874
M-0557,Cotton,371.34,76.94,0.48,17.77,83.3,False,False,True,False,False,False,False,False,False,0.7135782640701331,0.7575821398483572,0.48,0.33989339893398934,0.8336336336336336,0.3765726759970302,0.3378588685458195,0.7476435282047994,0.7923729497929839
M-0080,Paper,253.5,9.86,0.22,26.01,40.5,False,False,False,False,True,False,False,False,False,0.45071270829150767,0.05117944397641111,0.22,0.5088150881508815,0.40520520520520525,0.5987685323700084,0.582807993182047,0.30582178551972444,0.2803383661418472
M-1225,Aluminum,278.01,84.62,0.25,35.98,51.62,True,False,False,False,False,False,False,False,False,0.5053871377902697,0.8384582982308342,0.25,0.7132021320213201,0.5165165165165165,0.7012696275611404,0.6958053908435807,0.6023289927085577,0.623965511922023
M-1150,Aluminum,402.71,59.79,0.91,42.99,88.49,True,False,False,False,False,False,False,False,False,0.7835552878716902,0.5769797809604044,0.91,0.8569085690856909,0.8855855855855855,0.552586582892856,0.5318969263283329,0.6676135342997811,0.6996248555961627
M-1427,Bamboo,175.67,21.48,0.89,25.1,23.6,False,True,False,False,False,False,False,False,False,0.2770974146200004,0.17354675652906487,0.89,0.490159901599016,0.23603603603603604,0.403492337355806,0.36753515321184493,0.2559166769494785,0.2225025038016712
M-0355,Cotton,497.71,51.71,0.5,2.95,26.17,False,False,True,False,False,False,False,False,False,0.9954716812777442,0.49189132266217356,0.5,0.03608036080360805,0.2617617617617618,0.24547204030598865,0.19333328433389474,0.6693213676509627,0.7016040921398498
M-1340,Wood,221.19,23.66,0.12,39.74,88.42,False,False,False,False,False,False,False,False,True,0.3786388275446697,0.19650379106992416,0.12,0.7902829028290284,0.8848848848848849,0.7496812532089285,0.7491744568478402,0.399248603209182,0.3886122627743409
M-0600,Wood,68.05,39.06,0.63,25.8,94.06,False,False,False,False,False,False,False,False,True,0.03702960137411049,0.3586773378264532,0.63,0.504510045100451,0.9413413413413414,0.41957189292613645,0.38526128512890717,0.3763146924784205,0.36203377127423375
M-0422,Plastic,491.53,42.54,0.99,15.02,88.68,False,False,False,False,False,True,False,False,False,0.9816859622119609,0.39532434709351305,0.99,0.2835178351783518,0.8874874874874876,0.1843619523582623,0.12596540991182764,0.7310993222365783,0.7731995936713615
M-0280,Plastic,423.01,51.71,0.36,15.34,15.22,False,False,False,False,False,True,False,False,False,0.828838475094247,0.49189132266217356,0.36,0.2900779007790078,0.15215215215215216,0.4508315252521895,0.41972196184766625,0.5636780695672768,0.5791723127052875
M-0423,Wood,334.32,72.75,0.44,32.38,37.83,False,False,False,False,False,False,False,False,True,0.6309977916081108,0.7134582982308341,0.44,0.6394013940139401,0.3784784784784785,0.6137929885605162,0.5993709815836967,0.5823151877379323,0.6007711796713495
M-1240,Glass,378.28,45.22,0.77,36.02,83.86,False,False,False,True,False,False,False,False,False,0.7290593142831648,0.4235467565290648,0.77,0.7140221402214023,0.8392392392392393,0.5134893602089174,0.4887960754462951,0.599857758609988,0.6211015575247684
M-0459,Glass,173.13,6.67,0.09,33.17,38.32,False,False,False,True,False,False,False,False,False,0.27143143946998594,0.01758635214827295,0.09,0.6555965559655597,0.3833833833833834,0.7280195952409975,0.7252946048828809,0.21227324814651133,0.17192340653853821
M-0348,Paper,133.9,52.19,0.08,34.44,4.37,False,False,False,False,True,False,False,False,False,0.1839211224876754,0.49694608256107836,0.08,0.6816318163181632,0.04354354354354354,0.7806247354365434,0.7832866091110573,0.27884904884395617,0.24907921191875354
M-1399,Paper,272.4,61.71,0.62,34.6,32.09,False,False,False,False,True,False,False,False,False,0.49287291708492265,0.5971988205560237,0.62,0.6849118491184912,0.3210210210210211,0.5928450073689926,0.5762778882221956,0.4772381274666863,0.4789956226779422
M-1368,Wood,326.88,85.29,0.48,19.19,47.71,False,False,False,False,False,False,False,False,True,0.6144013919560998,0.8455139005897221,0.48,0.36900369003690037,0.4773773773773774,0.4296644762844025,0.39638736776284994,0.6695454588628231,0.7018637951813241
M-0153,Unknown,131.65,43.91,0.92,47.95,3.78,False,False,False,False,False,False,False,True,False,0.17890205001226883,0.40975147430497044,0.92,0.958589585895859,0.03763763763763763,0.6953899877737516,0.6893236650247172,0.21769730244897537,0.17820943349951318
M-0490,Steel,133.49,12.18,0.33,23.32,43.4,False,False,False,False,False,False,True,False,False,0.18300653594771243,0.07561078348778431,0.33,0.45366953669536697,0.43423423423423424,0.5297782985937967,0.5067530313668954,0.23199595497973402,0.19478038030458678
M-1388,Paper,379.17,8.81,0.08,29.78,96.38,False,False,False,False,True,False,False,False,False,0.731044636284548,0.040122156697556866,0.08,0.5861008610086101,0.9645645645645645,0.6312040601487097,0.6185649792311944,0.5042112043557886,0.5102551711799407
M-0988,Paper,278.01,96.19,0.35,32.89,20.87,False,False,False,False,True,False,False,False,False,0.5053871377902697,0.9602990732940186,0.35,0.6498564985649856,0.20870870870870872,0.6640430282681206,0.6547667186610433,0.589746265764744,0.6093831798875764
M-1289,Paper,151.39,51.71,0.73,23.54,34.65,False,False,False,False,True,False,False,False,False,0.2229360458631689,0.49189132266217356,0.73,0.4581795817958179,0.3466466466466467,0.4212430844128261,0.38710360972688257,0.37370095013361737,0.3590046616945213
M-0326,Wood,242.5,65.85,0.58,7.29,47.71,False,False,False,False,False,False,False,False,True,0.4261750206339646,0.6407961246840775,0.58,0.12505125051250512,0.4773773773773774,0.25329301256976533,0.2019551386793716,0.5564102512855397,0.5707495169294944
M-0575,Bamboo,489.14,35.56,0.81,9.52,6.8,False,True,False,False,False,False,False,False,False,0.9763545918936403,0.3218197135636057,0.81,0.17076670766707666,0.06786786786786786,0.2526732378134592,0.2012718978372292,0.550857909716902,0.564314815716945
M-1487,Bamboo,278.01,67.88,0.69,47.24,70.27,False,True,False,False,False,False,False,False,False,0.5053871377902697,0.6621735467565291,0.69,0.9440344403444034,0.7032032032032032,0.6891003438863217,0.6823899499246775,0.5548834361975798,0.568980065468992
M-1370,Plastic,447.09,21.64,0.28,36.55,52.98,False,False,False,False,False,True,False,False,False,0.8825537040754867,0.17523167649536647,0.28,0.7248872488724887,0.5301301301301301,0.6979193363104802,0.6921120235480714,0.5037621843385758,0.5097347943959297
M-0417,Steel,424.46,17.98,0.24,25.1,85.97,False,False,False,False,False,False,True,False,False,0.8320729884672867,0.13668913226621737,0.24,0.490159901599016,0.8603603603603603,0.5360599049233735,0.5136778858482338,0.5621228241688969,0.577369912884049
M-0122,Steel,171.84,85.33,0.18,18.0,8.29,False,False,False,False,False,False,True,False,False,0.26855383791741955,0.8459351305812974,0.18,0.34460844608446084,0.08278278278278277,0.5444867893723982,0.5229676989117787,0.4721668509226614,0.4731184357427342
M-0920,Cotton,417.85,43.92,0.7,7.97,34.23,False,False,True,False,False,False,False,False,False,0.8173280688839814,0.4098567818028644,0.7,0.13899138991389914,0.34244244244244243,0.23915058970409525,0.18636450545277222,0.5841040472374945,0.602844318769263
M-1192,Glass,200.41,55.13,0.43,25.1,64.1,False,False,False,True,False,False,False,False,False,0.33228490486069284,0.5279064869418704,0.43,0.490159901599016,0.6414414414414414,0.5009517968152655,0.47497464228153274,0.4803392852592838,0.48258960614629537
M-0237,Wood,359.78,50.92,0.1,12.03,42.94,False,False,False,False,False,False,False,False,True,0.6877913850409333,0.4835720303285594,0.1,0.2222222222222222,0.42962962962962964,0.4603703703703704,0.43023760241756437,0.5736808990830262,0.5907647585982928
M-0611,Steel,460.56,87.34,0.06,23.31,70.45,False,False,False,False,False,False,True,False,False,0.9126012179615874,0.8671019376579613,0.06,0.4534645346453464,0.7050050050050051,0.5835782202867072,0.5660621649362229,0.8185506520033083,0.874548397726854
M-1087,Aluminum,107.64,91.28,0.38,9.24,60.57,True,False,False,False,False,False,False,False,False,0.12534296995248612,0.9085930918281382,0.38,0.16502665026650268,0.6061061061061062,0.324405379549291,0.28034954407820845,0.5665961778177895,0.582554157007516
M-0420,Wood,179.17,34.98,0.1,37.63,24.18,False,False,False,False,False,False,False,False,True,0.28490486069285503,0.3157118786857624,0.1,0.7470274702747028,0.24184184184184185,0.7940322979806376,0.7980671309546713,0.2838814801234142,0.2549113804292267
M-1165,Steel,251.87,79.46,0.17,10.76,47.71,False,False,False,False,False,False,True,False,False,0.4470766691204354,0.7841196293176074,0.17,0.19618696186961868,0.4773773773773774,0.41897443938403345,0.3846026512347481,0.6067754837418285,0.6291186245123923
M-1231,Bamboo,133.75,19.6,0.98,30.03,20.03,False,True,False,False,False,False,False,False,False,0.1835865176559816,0.15374894692502106,0.98,0.5912259122591226,0.2003003003003003,0.4407055173254435,0.40855903190736886,0.19900488143749873,0.15654647514921444
M-1410,Plastic,386.97,91.51,0.5,25.1,78.33,False,False,False,False,False,True,False,False,False,0.748444087532624,0.9110151642796969,0.5,0.490159901599016,0.7838838838838839,0.46570755257102125,0.4361213219855792,0.7885715247511875,0.8398050873422729
M-1373,Unknown,485.21,51.71,0.06,24.77,11.79,False,False,False,False,False,False,False,True,False,0.9675879453032634,0.49189132266217356,0.06,0.4833948339483395,0.1178178178178178,0.6602551185872219,0.6505909199954744,0.5860418239566325,0.6050900405156913
M-0817,Aluminum,350.4,6.44,0.5,24.84,91.99,True,False,False,False,False,False,False,False,False,0.6668674295656829,0.015164279696714411,0.5,0.48482984829848297,0.9206206206206206,0.4488358469170277,0.4175219223454318,0.4743522375361149,0.4756511167238375
M-1099,Wood,449.12,34.81,0.76,30.22,11.85,False,False,False,False,False,False,False,False,True,0.8870820227977425,0.313921651221567,0.76,0.595120951209512,0.11841841841841841,0.5172307288838653,0.49292056722048716,0.48452287446949077,0.4874380374308159
M-0701,Plastic,273.73,83.61,0.42,8.18,53.64,False,False,False,False,False,True,False,False,False,0.49583974659260743,0.8278222409435552,0.42,0.14329643296432965,0.5367367367367367,0.3063041861049241,0.26039475481505503,0.6562993996885713,0.6865127163659459
M-1060,Paper,94.28,49.1,0.86,40.63,47.71,False,False,False,False,True,False,False,False,False,0.09554083294296103,0.46440606571187865,0.86,0.8085280852808528,0.4773773773773774,0.579379113430774,0.5614330617413897,0.3106040814765841,0.2858806486567042
M-1495,Wood,435.06,5.65,0.72,24.38,33.3,False,False,False,False,False,False,False,False,True,0.8557183965736465,0.006844987363100255,0.72,0.47539975399754,0.33313313313313314,0.4359265390852107,0.40329067742178554,0.42098383560473396,0.413801585967405
M-0824,Bamboo,438.26,30.75,0.76,23.57,74.63,False,True,False,False,False,False,False,False,False,0.8628566329831135,0.27116680707666385,0.76,0.45879458794587946,0.7468468468468468,0.372592068082843,0.3334706389900735,0.6003981145957036,0.6217277850854308
M-0695,Plastic,440.66,77.11,0.41,48.31,33.97,False,False,False,False,False,True,False,False,False,0.8682103102902139,0.7593723673125526,0.41,0.965969659696597,0.33983983983983984,0.8225978118339743,0.8295578064667003,0.6410249391592766,0.6688108894026951
M-0457,Wood,357.48,16.42,0.59,44.89,25.28,False,False,False,False,False,False,False,False,True,0.6826607776216289,0.12026116259477677,0.59,0.8958589585895859,0.2528528528528529,0.7352300898684662,0.7332434675485642,0.342007353787354,0.32227442449310445
M-0999,Cotton,392.13,87.7,0.39,36.29,30.26,False,False,True,False,False,False,False,False,False,0.7599544937428896,0.8708930075821399,0.39,0.7195571955719557,0.3027027027027027,0.6844640470729031,0.6772788877089434,0.6593814464471053,0.6900845517383036
M-0676,Steel,484.3,90.68,0.39,36.16,36.77,False,False,False,False,False,False,True,False,False,0.9655580093243212,0.9022746419545072,0.39,0.7168921689216892,0.3678678678678679,0.6763485145662266,0.6683323096047578,0.7556257846289947,0.8016237198431866
M-0206,Steel,222.41,18.22,0.87,11.66,35.98,False,False,False,False,False,False,True,False,False,0.38136028017577905,0.13921651221566972,0.87,0.21463714637146372,0.35995995995995994,0.23178629182688226,0.17824608979899081,0.33273015469185263,0.3115229237918371
M-0443,Aluminum,205.65,5.94,0.5,34.49,50.49,True,False,False,False,False,False,False,False,False,0.3439737669811952,0.009898904802021907,0.5,0.6826568265682658,0.5052052052052053,0.6090735754204389,0.5941682917751246,0.25663079350834045,0.2233301053874897
M-1124,Bamboo,428.32,67.89,0.24,45.7,89.21,False,True,False,False,False,False,False,False,False,0.8406834861362065,0.662278854254423,0.24,0.9124641246412465,0.8927927927927928,0.7861991955054686,0.7894319042416323,0.7133489652311542,0.752628409003771
M-0449,Bamboo,387.34,78.53,0.44,49.22,93.24,False,True,False,False,False,False,False,False,False,0.7492694461174685,0.7743260320134794,0.44,0.9846248462484624,0.9331331331331331,0.7654615944357641,0.766570734317056,0.7214225593476121,0.7619850318283191
M-1132,Plastic,443.0,46.07,0.47,26.97,45.72,False,False,False,False,False,True,False,False,False,0.8734301456646367,0.4324978938500421,0.47,0.5284952849528495,0.4574574574574575,0.5303514252259639,0.5073848472303715,0.5957167768263442,0.616302504697243
M-0138,Aluminum,157.18,62.1,0.64,48.38,35.82,True,False,False,False,False,False,False,False,False,0.23585179236654846,0.6013058129738837,0.64,0.9674046740467405,0.3583583583583584,0.7526069685922084,0.752399770918802,0.3679363661361489,0.3523239891926936
M-0551,Aluminum,64.21,80.3,0.08,15.67,12.9,True,False,False,False,False,False,False,False,False,0.028463717682749995,0.7929654591406908,0.08,0.2968429684296843,0.12892892892892893,0.5412128881649176,0.5193585441417109,0.38360170083102163,0.3704788067430881
M-0063,Steel,106.1,51.89,0.23,46.42,1.28,False,False,False,False,False,False,True,False,False,0.12190769368043006,0.49378685762426283,0.23,0.9272242722427224,0.012612612612612614,0.8860733020843722,0.8995333047792837,0.2252931882548928,0.18701243219862157
M-0176,Wood,60.11,90.51,0.5,29.25,3.96,False,False,False,False,False,False,False,False,True,0.0193178522831203,0.9004844144903118,0.5,0.5752357523575236,0.039439439439439436,0.5911975074705702,0.5744616812751163,0.3722951060228368,0.3573754055163005
M-1343,Bamboo,141.69,58.93,0.5,19.82,58.59,False,True,False,False,False,False,False,False,False,0.20129826674697182,0.5679233361415333,0.5,0.38191881918819187,0.5862862862862863,0.42052266288428647,0.3863094156961503,0.44829293634941486,0.44545055811782425
M-0775,Plastic,268.64,10.38,0.81,5.45,35.48,False,False,False,False,False,True,False,False,False,0.48448548930379887,0.05665543386689133,0.81,0.08733087330873308,0.35495495495495494,0.17390302848974434,0.11443547281916645,0.3516572267698592,0.33345782317524075
M-0635,Plastic,278.01,11.56,0.88,24.53,68.74,False,False,False,False,False,True,False,False,False,0.5053871377902697,0.06908171861836562,0.88,0.47847478474784755,0.6878878878878879,0.35429608205991975,0.31330111002663097,0.3907941988458152,0.3788143126057805
M-0976,Plastic,78.03,89.63,0.0,31.78,13.97,False,False,False,False,False,True,False,False,False,0.05929197617613599,0.8912173546756529,0.0,0.6271012710127102,0.13963963963963966,0.7622967986436621,0.7630818575594871,0.397896066624783,0.38704478557718697
M-0455,Steel,269.89,51.71,0.11,45.85,93.4,False,False,False,False,False,False,True,False,False,0.48727386290124686,0.49189132266217356,0.11,0.915539155391554,0.9347347347347348,0.8228500197614589,0.829835840954256,0.5381008463549887,0.5495304423010255
M-0297,Wood,154.83,12.38,0.33,6.51,72.95,False,False,False,False,False,False,False,False,True,0.23060965000334605,0.07771693344566134,0.33,0.1090610906109061,0.7300300300300301,0.2934336513635406,0.2462062534182961,0.343014201152068,0.32344127669023376
M-0622,Plastic,131.44,94.91,0.39,12.6,63.33,False,False,False,False,False,True,False,False,False,0.17843360324789753,0.9468197135636057,0.39,0.23390733907339073,0.6337337337337338,0.35997103007066106,0.319557183250849,0.5971946737234338,0.6180152640507817
M-1243,Bamboo,324.6,88.69,0.34,21.13,27.4,False,True,False,False,False,False,False,False,False,0.6093153985143546,0.8813184498736311,0.34,0.40877408774087737,0.2740740740740741,0.515857045237119,0.4914062158176743,0.635659252976522,0.6625925062287649
M-1392,Wood,293.36,91.3,0.13,39.91,70.35,False,False,False,False,False,False,False,False,True,0.5396283655669322,0.9088037068239259,0.13,0.7937679376793767,0.704004004004004,0.7668603622072255,0.7681127385055306,0.6683752323696635,0.7005076001883818
M-0409,Paper,442.33,25.14,0.5,25.1,31.44,False,False,False,False,True,False,False,False,False,0.8719355774164045,0.21208930075821397,0.5,0.490159901599016,0.31451451451451456,0.5126444895079582,0.48786468841681163,0.49329562010411776,0.49760491860602635
M-0913,Steel,463.73,33.6,0.46,13.2,77.79,False,False,False,False,False,False,True,False,False,0.9196725334047158,0.3011794439764111,0.46,0.24620746207462074,0.7784784784784785,0.33187662939692464,0.28858586378276874,0.6583731415716281,0.6889160104076512
M-0041,Glass,119.01,63.02,0.21,14.81,82.59,False,False,False,True,False,False,False,False,False,0.15070601619487384,0.610994102780118,0.21,0.27921279212792127,0.8265265265265266,0.42187502262410004,0.3878002595843664,0.5039790677337603,0.5099861441784898
M-0646,Steel,423.0,88.21,0.84,13.05,6.16,False,False,False,False,False,False,True,False,False,0.8288161681054674,0.8762636899747261,0.84,0.24313243132431328,0.06146146146146146,0.2877333126484418,0.2399221894344492,0.6847569994879287,0.7194927032186094
M-0170,Wood,278.01,41.86,0.81,16.72,41.19,False,False,False,False,False,False,False,False,True,0.5053871377902697,0.38816343723673125,0.81,0.3183681836818368,0.41211211211211213,0.30680969899789085,0.260952033166892,0.46332830531368907,0.46287529788023757
M-1104,Aluminum,430.93,53.17,0.34,28.89,29.58,True,False,False,False,False,False,False,False,False,0.846505610207678,0.5072662173546757,0.34,0.5678556785567855,0.2958958958958959,0.6091238175444817,0.5942236787859584,0.5762137509703243,0.5937001228781967
M-0737,Paper,228.28,9.91,0.03,28.78,42.09,False,False,False,False,True,False,False,False,False,0.3944544825893952,0.051705981465880374,0.03,0.5656006560065601,0.42112112112112116,0.6882482814918239,0.6814506347588838,0.28382032104291466,0.25484050215119136
M-0294,Plastic,331.65,63.29,0.62,41.58,15.06,False,False,False,False,False,True,False,False,False,0.6250418256039616,0.6138374052232519,0.62,0.8280032800328003,0.15055055055055055,0.6957469129646251,0.6897171400178707,0.48091751289635476,0.4832597237951098
M-0288,Steel,376.15,18.57,0.79,43.98,44.86,False,False,False,False,False,False,True,False,False,0.7243079256731133,0.14290227464195449,0.79,0.8772037720377203,0.44884884884884885,0.6444373783377472,0.6331534137742592,0.4055729626762715,0.3959416684004908
M-0061,Glass,493.18,51.71,0.69,25.1,77.4,False,False,False,True,False,False,False,False,False,0.9853666153605924,0.49189132266217356,0.69,0.490159901599016,0.7745745745745747,0.40963848350195214,0.3743106761354485,0.7229392030629814,0.7637426955155491
M-0654,Steel,381.38,44.57,0.36,19.42,40.45,False,False,False,False,False,False,True,False,False,0.7359744808048361,0.41670176916596463,0.36,0.3737187371873719,0.40470470470470477,0.47576077184195265,0.4472040095765534,0.547005754711984,0.5598504890586059
M-0960,Bamboo,342.59,63.0,0.65,3.51,84.08,False,True,False,False,False,False,False,False,False,0.6494456713288272,0.6107834877843303,0.65,0.04756047560475604,0.8414414414414414,0.14939214121870947,0.08741462518005001,0.7046124464174178,0.7425035116952643
M-0488,Paper,262.94,56.73,0.77,14.04,86.88,False,False,False,False,True,False,False,False,False,0.47177050569943557,0.5447556866048863,0.77,0.26342763427634275,0.8694694694694695,0.24010963361885868,0.18742175724514887,0.6033352977727722,0.6251317356380621
M-0242,Bamboo,362.61,24.31,0.21,37.84,24.07,False,True,False,False,False,False,False,False,False,0.6941042628655558,0.2033487784330244,0.21,0.7513325133251333,0.24074074074074073,0.7637254339210059,0.764656787741904,0.38712346127013786,0.37456023363078034
M-0904,Bamboo,212.06,45.62,0.85,4.08,81.23,False,True,False,False,False,False,False,False,False,0.35827254678890896,0.4277590564448188,0.85,0.05924559245592456,0.812912912912913,0.09925606418226343,0.0321445207629929,0.5317690844687949,0.5421924578879627
M-1430,Bamboo,280.69,51.71,0.91,26.85,9.48,False,True,False,False,False,False,False,False,False,0.5113654107831983,0.49189132266217356,0.91,0.5260352603526035,0.0946946946946947,0.4331516867420926,0.40023167504641893,0.4174752696095587,0.40973545034077374
M-0678,Cotton,478.32,98.56,0.1,34.0,30.96,False,False,True,False,False,False,False,False,False,0.9522184300341296,0.9852569502948612,0.1,0.6726117261172612,0.30970970970970974,0.7425960646993858,0.7413637318792254,0.7727971524453625,0.8215239042866704
M-1227,Bamboo,166.68,96.29,0.12,26.34,92.17,False,True,False,False,False,False,False,False,False,0.2570434317071539,0.9613521482729572,0.12,0.515580155801558,0.9224224224224224,0.5811058512386925,0.5633366207070256,0.6593649218973675,0.6900654011621151
M-0106,Plastic,135.81,16.45,0.08,20.88,32.7,False,False,False,False,False,True,False,False,False,0.18818175734457604,0.12057708508845828,0.08,0.4036490364903649,0.32712712712712716,0.5854767091815062,0.5681550626189411,0.23312611662795094,0.1960901434807637
M-0096,Wood,236.58,68.51,0.66,27.34,19.36,False,False,False,False,False,False,False,False,True,0.41296928327645055,0.6688079191238417,0.66,0.536080360803608,0.19359359359359357,0.5042888571228055,0.47865342376077924,0.4637327034784602,0.4633439616555182
M-1103,Paper,437.62,91.24,0.78,2.84,79.03,False,False,False,False,True,False,False,False,False,0.8614289857012202,0.9081718618365627,0.78,0.033825338253382534,0.7908908908908909,0.10720611386294042,0.04090867029253009,0.874155940991064,0.9389902941863068
M-1314,Steel,256.66,44.77,0.33,29.27,16.98,False,False,False,False,False,False,True,False,False,0.45776171674585653,0.41880791912384163,0.33,0.5756457564575646,0.16976976976976976,0.6294104768975617,0.6165877297248246,0.38318875086259185,0.3700002321399717
M-0662,Glass,100.36,5.14,0.0,46.4,44.67,False,False,False,True,False,False,False,False,False,0.10910348212094848,0.0014743049705138941,0.0,0.9268142681426814,0.446946946946947,0.9113938661909141,0.9274467416652615,0.1354101880571331,0.08284552473979222
M-0508,Glass,271.22,89.56,0.45,25.1,4.39,False,False,False,True,False,False,False,False,False,0.49024069240893176,0.890480202190396,0.45,0.490159901599016,0.04374374374374374,0.5547215665850352,0.5342505363148039,0.5429850716986119,0.5551908524815699
M-1303,Bamboo,124.6,60.17,0.19,29.7,96.03,False,True,False,False,False,False,False,False,False,0.16317562292266163,0.5809814658803707,0.19,0.584460844608446,0.961061061061061,0.5975704006589615,0.5814871705591121,0.4942211088324289,0.498677482923017
M-0713,Aluminum,278.01,36.88,1.0,20.92,91.38,True,False,False,False,False,False,False,False,False,0.5053871377902697,0.33572030328559394,1.0,0.4044690446904469,0.9145145145145145,0.25122997536281666,0.19968084263180813,0.5368436028104104,0.5480734017964457
M-1037,Cotton,336.5,41.84,0.88,43.52,34.19,False,False,True,False,False,False,False,False,False,0.6358607151620602,0.3879528222409436,0.88,0.8677736777367774,0.342042042042042,0.6224600024378621,0.6089255137748925,0.43996577872578196,0.43580007631739953
M-1220,Glass,61.79,21.12,0.43,38.55,89.51,False,False,False,True,False,False,False,False,False,0.023065426398090505,0.16975568660488627,0.43,0.7658876588765887,0.8957957957957958,0.6409530157463736,0.6293122459838054,0.27005778282254217,0.2388908671585237
M-0618,Cotton,459.06,77.08,0.44,12.42,57.91,False,False,True,False,False,False,False,False,False,0.9092551696446496,0.7590564448188711,0.44,0.23021730217302172,0.5794794794794794,0.3481824333558651,0.30656141234352996,0.776783230740826,0.8261434368791922
M-0051,Bamboo,368.26,81.25,0.3,39.39,5.71,False,True,False,False,False,False,False,False,False,0.7067077115260211,0.8029696714406066,0.3,0.7831078310783108,0.056956956956956954,0.7741690029512909,0.7761697976323866,0.56146769232188,0.5766106696641811
M-1079,Wood,409.42,18.33,0.31,23.87,56.07,False,False,False,False,False,False,False,False,True,0.7985232773427915,0.14037489469250208,0.31,0.4649446494464945,0.5610610610610611,0.5298606835617905,0.5068438527085833,0.4943321074799155,0.498806121106159
M-0133,Aluminum,58.87,92.08,0.96,13.78,32.17,True,False,False,False,False,False,False,False,False,0.016551785674451786,0.9170176916596462,0.96,0.25809758097580976,0.32182182182182184,0.23467636640330367,0.1814321133782943,0.4653039233337177,0.46516487454115824
M-0441,Aluminum,80.31,55.44,0.75,12.41,55.99,True,False,False,False,False,False,False,False,False,0.06437796961788128,0.5311710193765796,0.75,0.23001230012300122,0.5602602602602603,0.25698135404777467,0.20602117317319824,0.39749296818781327,0.3865776280781244
M-1271,Plastic,483.53,26.79,0.67,12.06,49.79,False,False,False,False,False,True,False,False,False,0.9638403711882932,0.22946503791069922,0.67,0.22283722837228373,0.4981981981981982,0.2828825172035504,0.2345746635291009,0.5950128099870586,0.6154866657906577
M-1055,Aluminum,207.37,25.91,0.82,19.74,11.53,True,False,False,False,False,False,False,False,False,0.34781056905128377,0.22019797809604041,0.82,0.38027880278802784,0.1152152152152152,0.3706457601512952,0.3313250255124535,0.2838181542658037,0.254837991037073
M-0787,Bamboo,131.52,46.04,0.43,35.97,78.9,False,True,False,False,False,False,False,False,False,0.17861205915813427,0.43218197135636055,0.43,0.7129971299712997,0.7895895895895897,0.6198393190238208,0.6060364675131991,0.40039611560086114,0.3899421340163879
M-0240,Cotton,418.6,40.66,0.87,45.84,3.11,False,False,True,False,False,False,False,False,False,0.8190010930424502,0.3755265374894692,0.87,0.9153341533415335,0.03093093093093093,0.685107398911827,0.6779881199707413,0.43273744153820454,0.427423035839857
M-0306,Steel,207.82,95.74,0.5,35.81,11.97,False,False,False,False,False,False,True,False,False,0.34881438354636507,0.9555602358887954,0.5,0.7097170971709718,0.11961961961961963,0.6638682963406211,0.6545740938597276,0.5094833310091329,0.5163651266554127
M-0261,Aluminum,149.54,10.93,0.03,7.53,25.05,True,False,False,False,False,False,False,False,False,0.21880925293894576,0.06244734625105307,0.03,0.12997129971299712,0.2505505505505506,0.4439277247727432,0.412111199380229,0.23555278985530997,0.1989024555414533
M-0599,Paper,494.44,58.59,0.83,16.68,70.66,False,False,False,False,True,False,False,False,False,0.98817729594682,0.5643428812131425,0.83,0.3175481754817548,0.7071071071071071,0.27081819457834216,0.2212749318661788,0.7530486658792328,0.7986370539583562
M-0345,Glass,153.8,18.57,0.33,18.64,35.67,False,False,False,True,False,False,False,False,False,0.22831203015904883,0.14290227464195449,0.33,0.35772857728577284,0.3568568568568569,0.479951460685778,0.45182383273920823,0.2655235203231453,0.23363603475273487
M-0042,Bamboo,313.8,31.66,0.07,10.03,30.35,False,True,False,False,False,False,False,False,False,0.5852238506324031,0.2807497893850042,0.07,0.18122181221812217,0.30360360360360367,0.4573727269705129,0.4269329947675725,0.4456893135050011,0.4424331761958253
M-1426,Wood,426.67,31.7,0.82,43.08,28.82,False,False,False,False,False,False,False,False,True,0.837002832987575,0.28117101937657957,0.82,0.8587535875358753,0.28828828828828834,0.6404233236926964,0.6287283124803056,0.4631431472315243,0.46266071509186063
M-0973,Aluminum,186.47,12.94,0.2,10.33,0.53,True,False,False,False,False,False,False,False,False,0.3011889625019518,0.08361415332771692,0.2,0.18737187371873718,0.005105105105105106,0.45191261372073177,0.4209137557827396,0.21696492418953137,0.17736066812443102
M-0380,Aluminum,278.01,41.83,0.0,5.48,94.51,True,False,False,False,False,False,False,False,False,0.5053871377902697,0.3878475147430497,0.0,0.08794587945879459,0.945845845845846,0.35818294309069215,0.3175859928440324,0.5930067096099516,0.613161762617917
M-0760,Bamboo,394.2,9.92,0.94,13.41,93.04,False,True,False,False,False,False,False,False,False,0.7645720404202636,0.05181128896377421,0.94,0.25051250512505124,0.9311311311311312,0.17519438996191763,0.1158590721038751,0.5469091409981344,0.5597385218148815
M-0249,Unknown,477.61,98.17,0.53,28.9,34.56,False,False,False,False,False,False,False,True,False,0.9506346338307792,0.9811499578770009,0.53,0.568060680606806,0.3457457457457458,0.547261833789509,0.5260269130298716,0.7884676881861915,0.8396847494159354
M-1190,Cotton,84.68,93.27,0.81,26.95,47.54,False,False,True,False,False,False,False,False,False,0.07412612371455979,0.9295492839090144,0.81,0.5280852808528085,0.4756756756756757,0.42628360094411755,0.39266028451015017,0.4936129997181053,0.4979727351320304
M-0866,Aluminum,351.27,51.71,0.32,35.42,44.84,True,False,False,False,False,False,False,False,False,0.6688081375895067,0.49189132266217356,0.32,0.7017220172201722,0.44864864864864873,0.6801683454672385,0.6725432982826505,0.5258023390958007,0.5352774971976031
M-0980,Wood,326.85,26.12,0.5,20.12,54.24,False,False,False,False,False,False,False,False,True,0.6143344709897611,0.2224094355518113,0.5,0.3880688806888069,0.5427427427427428,0.42856705413900986,0.39517756755208855,0.4626020277692182,0.46203360272544886
M-0342,Paper,342.34,81.38,0.34,26.74,92.32,False,False,False,False,True,False,False,False,False,0.6488879966093376,0.8043386689132266,0.34,0.523780237802378,0.9239239239239239,0.5198757502890344,0.4958364437287902,0.7410360939374444,0.7847154840613826
M-1459,Wood,181.5,31.75,0.87,33.41,30.54,False,False,False,False,False,False,False,False,True,0.2901023890784983,0.28169755686604886,0.87,0.6605166051660516,0.30550550550550554,0.5047594125490804,0.47917216493642656,0.2951794216650874,0.2680047532411866
M-0595,Paper,384.22,59.83,0.5,43.8,47.71,False,False,False,False,True,False,False,False,False,0.7423096656182382,0.5774010109519798,0.5,0.8735137351373513,0.4773773773773774,0.726370503344673,0.7234766429143584,0.5700228387613167,0.586525371504271
M-0530,Plastic,274.5,24.87,0.39,12.52,60.6,False,False,False,False,False,True,False,False,False,0.4975573847286354,0.20924599831508,0.39,0.2322673226732267,0.6064064064064064,0.36171975296329534,0.32148497861469716,0.445435733079259,0.44213929761273923
M-1063,Bamboo,169.27,72.33,0.01,33.87,10.34,False,True,False,False,False,False,False,False,False,0.2628209418010663,0.7090353833192924,0.01,0.6699466994669946,0.1033033033033033,0.7886376893498664,0.7921201043834633,0.3938157045060867,0.3823159858900205
M-0836,Unknown,111.4,69.61,0.97,23.43,67.51,False,False,False,False,False,False,False,True,False,0.13373039773360995,0.6803917438921652,0.97,0.45592455924559244,0.6755755755755757,0.31499717798979787,0.2699779252099851,0.47446540875957716,0.4757822727414989
M-1065,Wood,86.98,25.68,0.77,14.6,22.99,False,False,False,False,False,False,False,False,True,0.07925673113386425,0.21777590564448185,0.77,0.27490774907749077,0.22992992992992992,0.3109516564535015,0.26551813475669506,0.22245663395065807,0.18372510212440218
M-0243,Paper,172.47,77.37,0.75,28.85,23.99,False,False,False,False,True,False,False,False,False,0.26995917821053333,0.7621103622577928,0.75,0.5670356703567035,0.23993993993993992,0.4912274082200282,0.4642544582380127,0.4525087601162318,0.4503363465674148
M-0266,Plastic,466.36,93.01,0.26,39.02,86.56,False,False,False,False,False,True,False,False,False,0.9255392714537465,0.9268112889637743,0.26,0.7755227552275523,0.8662662662662663,0.7006870265099048,0.6951631303629318,0.8440236738766302,0.904069507462143
M-1197,Plastic,248.09,81.42,0.62,48.47,62.49,False,False,False,False,False,True,False,False,False,0.43864462736175247,0.804759898904802,0.62,0.9692496924969249,0.6253253253253254,0.7330172829656224,0.7308040651101553,0.5633316800086666,0.5787708760708064
M-0169,Bamboo,393.62,7.94,0.67,25.06,61.53,False,True,False,False,False,False,False,False,False,0.7632782350710478,0.03096040438079191,0.67,0.4893398933989339,0.6157157157157157,0.43103236446778875,0.39789533023609364,0.4521926776113936,0.4499700332828293
M-0485,Steel,343.25,94.56,0.02,34.18,33.86,False,False,False,False,False,False,True,False,False,0.6509179325882799,0.943133951137321,0.02,0.6763017630176301,0.3387387387387388,0.7659071839367042,0.7670619530102577,0.6580357307499449,0.6885249793810884
M-0740,Paper,251.91,86.95,0.56,41.31,80.75,False,False,False,False,True,False,False,False,False,0.44716589707555376,0.8629949452401011,0.56,0.8224682246822469,0.8081081081081082,0.6446701239985373,0.6334099930228736,0.6379310939638762,0.6652253806251492
M-1491,Aluminum,407.56,90.91,0.98,9.38,71.02,True,False,False,False,False,False,False,False,False,0.7943741774297888,0.9046967144060657,0.98,0.16789667896678967,0.7107107107107107,0.13566693630900273,0.07228393380279001,0.8200272863880123,0.8762596939337403
M-1114,Bamboo,295.26,30.09,0.33,24.02,62.73,False,True,False,False,False,False,False,False,False,0.5438666934350531,0.2642165122156697,0.33,0.46801968019680196,0.6277277277277277,0.5190390353453084,0.49491404762122415,0.46157269950361834,0.4608406970374814
M-0379,Plastic,217.71,51.91,0.3,27.78,32.45,False,False,False,False,False,True,False,False,False,0.3708759954493743,0.4939974726200505,0.3,0.5451004510045101,0.32462462462462466,0.6045978081402436,0.5892341976148852,0.4131205936487726,0.4046887437686482
M-1460,Glass,459.85,96.52,0.18,45.26,15.77,False,False,False,True,False,False,False,False,False,0.911017421758237,0.9637742207245157,0.18,0.9034440344403444,0.15765765765765766,0.8723006548984409,0.8843503129486235,0.6973642029564605,0.7341034015056245
M-1466,Wood,187.14,34.63,0.61,21.34,50.65,False,False,False,False,False,False,False,False,True,0.302683530750184,0.3120261162594777,0.61,0.4130791307913079,0.5068068068068068,0.41416679779410404,0.3793026982192375,0.37520182473561214,0.3607440502933589
M-0873,Unknown,303.03,10.94,0.15,1.19,15.72,False,False,False,False,False,False,False,True,False,0.5611992237167904,0.06255265374894692,0.15,0.0,0.15715715715715717,0.3392842842842843,0.29675207628504063,0.34974458854443946,0.3312412348482916
M-0272,Cotton,183.81,17.77,0.24,29.29,81.68,False,False,True,False,False,False,False,False,False,0.29525530348658235,0.13447767481044648,0.24,0.5760557605576055,0.8174174174174175,0.5918917145928215,0.5752269764956818,0.35628444983168306,0.33882038912666496
M-0044,Cotton,325.15,54.07,0.5,2.07,31.69,False,False,True,False,False,False,False,False,False,0.6105422828972317,0.5167438921651222,0.5,0.018040180401804013,0.31701701701701707,0.2291224065393807,0.17530941771177816,0.5561495466350469,0.5704473819635696
M-0438,Cotton,80.53,51.71,0.58,45.68,37.99,False,False,True,False,False,False,False,False,False,0.06486872337103214,0.49189132266217356,0.58,0.9120541205412054,0.3800800800800801,0.7352244643167152,0.7332372659298684,0.27967662007351746,0.2500382980139621
M-1038,Bamboo,326.27,81.34,0.91,22.17,92.42,False,True,False,False,False,False,False,False,False,0.6130406656405452,0.8039174389216514,0.91,0.43009430094300943,0.924924924924925,0.29256408807331313,0.24524764523255443,0.7379108914874528,0.7810936348387028
M-0780,Glass,292.62,65.07,0.18,5.96,25.94,False,False,False,True,False,False,False,False,False,0.5379776483972428,0.6325821398483572,0.18,0.09778597785977859,0.2594594594594595,0.3787256407699212,0.34023230090905426,0.551809219991874,0.5654173050548579
M-0071,Plastic,411.28,91.22,0.35,14.84,48.22,False,False,False,False,False,True,False,False,False,0.8026723772557941,0.9079612468407751,0.35,0.27982779827798276,0.4824824824824825,0.4146484307185414,0.37983365124942764,0.7672354851024973,0.8150783952788895
M-0388,Unknown,278.01,77.3,0.32,42.18,62.63,False,False,False,False,False,False,False,True,False,0.5053871377902697,0.7613732097725359,0.32,0.8403034030340303,0.6267267267267268,0.7455093691477455,0.7445753641124867,0.5846811266889242,0.6035131057665952
M-1151,Steel,299.4,11.39,0.01,34.53,57.7,False,False,False,False,False,False,True,False,False,0.5531017867898012,0.06729149115417019,0.01,0.6834768347683478,0.5773773773773774,0.7493483631232709,0.7488074781993048,0.36426543927903066,0.3480696908562758
M-1315,Unknown,73.38,51.71,0.74,8.59,96.57,False,False,False,False,False,False,False,True,False,0.04891922639362911,0.49189132266217356,0.74,0.15170151701517015,0.9664664664664664,0.17237426356245544,0.1127501595247304,0.4674068337613072,0.4676019724954206
M-0597,Steel,205.67,79.82,0.8,11.36,45.5,False,False,False,False,False,False,True,False,False,0.3440183809587543,0.787910699241786,0.8,0.2084870848708487,0.4552552552552553,0.23956672539698365,0.18682325421328827,0.5663775206341553,0.582300751551949
M-1333,Bamboo,258.77,39.33,0.84,37.24,21.38,False,True,False,False,False,False,False,False,False,0.4624684913783488,0.36152064026958713,0.84,0.7390323903239032,0.2138138138138138,0.5700380528129605,0.5511354591719405,0.35725571980715,0.3399460100942495
M-0013,Glass,161.82,89.79,0.53,28.33,16.41,False,False,False,True,False,False,False,False,False,0.24620223516027567,0.8929022746419546,0.53,0.5563755637556376,0.16406406406406407,0.5584189318469761,0.538326518644792,0.47586183486802963,0.4774006142398047
M-0250,Glass,250.7,43.72,0.16,31.95,62.15,False,False,False,True,False,False,False,False,False,0.444466751433224,0.40775063184498733,0.16,0.6305863058630586,0.621921921921922,0.668159591325643,0.6593048254192418,0.45960183794545245,0.45855663271951314
M-0193,Aluminum,278.01,77.38,0.08,7.56,67.3,True,False,False,False,False,False,False,False,False,0.5053871377902697,0.7622156697556866,0.08,0.1305863058630586,0.6734734734734734,0.38700443617048785,0.349358860330609,0.6652970467494735,0.6969402395536239
M-1299,Unknown,294.59,33.73,0.33,8.08,87.02,False,False,False,False,False,False,False,True,False,0.542372125186821,0.30254844144903115,0.33,0.14124641246412464,0.8708708708708709,0.29866076039138767,0.25196862811622933,0.5557717312503099,0.5700095254152586
M-0648,Aluminum,161.92,31.83,0.08,17.43,89.5,True,False,False,False,False,False,False,False,False,0.24642530504807153,0.2825400168491996,0.08,0.3329233292332923,0.8956956956956957,0.4861844279704058,0.45869506744708244,0.43098466887985476,0.42539171838386447
M-1336,Wood,274.02,36.18,0.5,21.1,66.07,False,False,False,False,False,False,False,False,True,0.4964866492672153,0.3283487784330244,0.5,0.40815908159081593,0.6611611611611611,0.4287793328383735,0.3954115839844236,0.48010872376823455,0.4823224045903965
M-0431,Aluminum,483.35,30.42,0.4,12.53,23.36,True,False,False,False,False,False,False,False,False,0.9634388453902607,0.2676916596461668,0.4,0.2324723247232472,0.23363363363363363,0.39612003147058494,0.3594079095151663,0.5543751710171516,0.5683910284775952
M-0463,Wood,123.63,38.07,0.54,23.19,26.72,False,False,False,False,False,False,False,False,True,0.16101184501104193,0.34825189553496205,0.54,0.45100451004510045,0.2672672672672673,0.48187597930033355,0.45394542563331786,0.2865953116400448,0.258056485018857
M-1433,Wood,64.94,78.41,0.13,43.36,6.9,False,False,False,False,False,False,False,False,True,0.030092127863659668,0.7730623420387531,0.13,0.8644936449364493,0.06886886886886887,0.8728093000749827,0.8849110443356896,0.30842847374597326,0.28335930058596076
M-0227,Steel,317.79,17.41,0.37,17.14,74.87,False,False,False,False,False,False,True,False,False,0.5941243391554575,0.13068660488626788,0.37,0.32697826978269784,0.7492492492492493,0.41026203694469376,0.3749980826085335,0.47083585328618394,0.4715759203914239
M-1276,Cotton,167.07,18.99,0.53,49.93,40.61,False,False,True,False,False,False,False,False,False,0.2579134042695576,0.14732518955349622,0.53,0.999179991799918,0.4063063063063063,0.7998773644493201,0.8045107430827977,0.2231767699193383,0.18455967970461468
M-0159,Aluminum,166.74,98.86,0.57,16.73,85.15,True,False,False,False,False,False,False,False,False,0.2571772736398314,0.9884161752316765,0.57,0.31857318573185733,0.8521521521521522,0.33492869622389915,0.2919504679198673,0.6745308189622724,0.7076414121165142
M-0175,Cotton,241.35,32.48,0.99,22.79,61.56,False,False,True,False,False,False,False,False,False,0.4236097169243124,0.28938500421229985,0.99,0.44280442804428044,0.6160160160160161,0.30708105522496665,0.2612511767754714,0.42847091279658944,0.42247848454961945
M-0907,Plastic,299.21,51.71,0.84,37.42,71.63,False,False,False,False,False,True,False,False,False,0.552677954002989,0.49189132266217356,0.84,0.7427224272242723,0.7168168168168167,0.5219517746528817,0.49812505684223307,0.534690367473743,0.5455779814660359
M-1358,Glass,457.76,32.14,0.5,27.31,49.48,False,False,False,True,False,False,False,False,False,0.9063552611033037,0.285804549283909,0.5,0.5354653546535465,0.4950950950950951,0.5217697032826184,0.4979243410255868,0.5627284171891888,0.578071744731714
M-0512,Unknown,408.9,5.74,0.5,46.87,19.04,False,False,False,False,False,False,False,True,False,0.797363313926253,0.007792754844144899,0.5,0.9364493644936449,0.19039039039039038,0.7928305796571479,0.7967423544435198,0.32623776569835283,0.30399878594614166
M-0118,Wood,131.87,58.07,0.68,19.18,17.97,False,False,False,False,False,False,False,False,True,0.17939280376541972,0.5588668913226622,0.68,0.36879868798687987,0.17967967967967965,0.3993112448241599,0.3629259090415548,0.35744696041807655,0.34016764202661637
M-1117,Bamboo,69.43,35.83,0.36,18.48,19.37,False,True,False,False,False,False,False,False,False,0.040107965825693204,0.32466301600673964,0.36,0.3544485444854449,0.1936936936936937,0.48529975732189756,0.45771980488152086,0.23096372793154574,0.19358411516914897
M-1119,Steel,109.28,23.14,0.6,25.68,35.78,False,False,False,False,False,False,True,False,False,0.12900131611233798,0.19102780117944396,0.6,0.502050020500205,0.357957957957958,0.48543421650432717,0.45786803293389355,0.23339678059369479,0.19640382046317467
M-0833,Glass,317.51,24.25,0.78,19.49,0.13,False,False,False,True,False,False,False,False,False,0.593499743469629,0.20271693344566133,0.78,0.37515375153751535,0.0011011011011011012,0.39098214081239907,0.3537438893136072,0.34138068198682026,0.3215481640955918
M-0626,Plastic,441.84,50.25,0.48,13.66,7.87,False,False,False,False,False,True,False,False,False,0.8708425349662048,0.4765164279696715,0.48,0.25563755637556373,0.07857857857857858,0.4015246759674803,0.3653659996438242,0.5617275971057161,0.576911877651302
M-0912,Steel,282.06,7.08,0.6,15.76,62.15,False,False,False,False,False,False,True,False,False,0.5144214682460014,0.021903959561920802,0.6,0.2986879868798688,0.621921921921922,0.3370205999357291,0.2942565864560109,0.3822294854291703,0.3688885234363033
M-1437,Wood,442.04,93.27,0.68,19.26,24.1,False,False,False,False,False,False,False,False,True,0.8712886747417966,0.9295492839090144,0.68,0.3704387043870439,0.24104104104104104,0.39415911852812224,0.3572461954463953,0.7414576232972877,0.7852040014642436
M-0479,Aluminum,492.79,28.43,0.47,9.18,94.74,True,False,False,False,False,False,False,False,False,0.9844966427981887,0.24673546756529063,0.47,0.16379663796637967,0.9481481481481481,0.262463167965013,0.21206433501412947,0.7041812044602094,0.7420037382013883
M-1204,Plastic,381.05,40.45,0.67,16.69,5.71,False,False,False,False,False,True,False,False,False,0.7352383501751099,0.3733150800336984,0.67,0.31775317753177534,0.056956956956956954,0.3839562108233695,0.3459984910480367,0.4676097742112968,0.46783716356633726
M-0173,Glass,452.55,76.84,0.78,48.77,21.03,False,False,False,True,False,False,False,False,False,0.8947333199491401,0.7565290648694187,0.78,0.9753997539975401,0.2103103103103103,0.730208821367493,0.7277080118296589,0.6224639213488036,0.6473002164127939
M-0686,Wood,63.49,51.71,0.5,36.9,89.67,False,False,False,False,False,False,False,False,True,0.026857614490619908,0.49189132266217356,0.5,0.7320623206232062,0.8973973973973974,0.599497652634184,0.5836117767150962,0.3878353754206366,0.37538528280882816
M-1351,Paper,461.79,18.42,0.45,27.14,81.62,False,False,False,False,True,False,False,False,False,0.9153449775814764,0.14132266217354678,0.45,0.531980319803198,0.8168168168168168,0.5025065102002372,0.47668856120389913,0.5799990052973015,0.5980869172255019
M-0532,Cotton,366.11,85.15,0.73,20.85,5.36,False,False,True,False,False,False,False,False,False,0.7019117089384104,0.8440395956192082,0.73,0.40303403034030344,0.05345345345345345,0.4174750728588367,0.38294974679336513,0.6114702442518268,0.6345594607384905
M-0102,Plastic,387.48,91.76,0.5,49.78,93.15,False,False,False,False,False,True,False,False,False,0.7495817439603828,0.9136478517270431,0.5,0.9961049610496104,0.9322322322322323,0.754439753406543,0.7544202363012177,0.7689663088320845,0.8170842757554064
M-0075,Unknown,291.83,83.26,0.21,3.69,21.53,False,False,False,False,False,False,False,True,False,0.5362153962836557,0.8241364785172706,0.21,0.05125051250512505,0.21531531531531534,0.3462187759715435,0.30439667279695787,0.6140611679928747,0.637562125457879
M-0223,Unknown,379.66,91.4,0.28,3.98,6.07,False,False,False,False,False,False,False,True,False,0.7321376787347477,0.9098567818028644,0.28,0.05719557195571956,0.06056056056056056,0.3442612871173757,0.302238733449481,0.6810906161047044,0.7152436703898362
M-0786,Aluminum,104.85,31.25,0.59,12.55,70.13,True,False,False,False,False,False,False,False,False,0.11911932008298198,0.2764321819713563,0.59,0.23288232882328824,0.7018018018018017,0.2925492171137928,0.24523125145916697,0.3555151531970499,0.33792883843107285
M-1336,Wood,274.02,36.18,0.5,21.1,66.07,False,False,False,False,False,False,False,False,True,0.4964866492672153,0.3283487784330244,0.5,0.40815908159081593,0.6611611611611611,0.4287793328383735,0.3954115839844236,0.48010872376823455,0.4823224045903965
M-0295,Plastic,448.69,13.42,0.41,31.68,93.26,False,False,False,False,False,True,False,False,False,0.8861228222802204,0.08866891322662172,0.41,0.6250512505125051,0.9333333333333333,0.5586974169741697,0.5386335211660981,0.565338649042811,0.5810967859446698
M-0762,Plastic,373.16,32.33,0.47,25.1,99.55,False,False,False,False,False,True,False,False,False,0.7176381360280176,0.28780539174389214,0.47,0.490159901599016,0.9962962962962962,0.45346631132978,0.4226265549118418,0.602148503819526,0.6237563403394129
M-0270,Glass,278.01,73.66,0.23,32.55,74.77,False,False,False,True,False,False,False,False,False,0.5053871377902697,0.7230412805391744,0.23,0.6428864288642886,0.7482482482482482,0.6419070324937484,0.6303639558175184,0.6153109531785261,0.6390105223459529
M-0584,Plastic,498.35,32.44,0.64,22.17,47.71,False,False,False,False,False,True,False,False,False,0.9968993285596377,0.2889637742207245,0.64,0.43009430094300943,0.4773773773773774,0.4183188428280679,0.38387992037414775,0.6025181313543013,0.6241847078518954
M-0313,Unknown,395.72,9.77,0.77,13.91,67.71,False,False,False,False,False,False,False,True,False,0.7679627027147605,0.05023167649536646,0.77,0.2607626076260763,0.6775775775775775,0.257699806817888,0.2068131968409858,0.4958072874764523,0.5005157317983507
M-0853,Steel,152.0,91.88,0.91,16.64,58.02,False,False,False,False,False,False,True,False,False,0.22429677217872357,0.9149115417017691,0.91,0.3167281672816728,0.5805805805805806,0.2589788423109456,0.20822320794343058,0.5831662092461213,0.6017574426854227
M-1402,Glass,128.19,42.8,0.2,43.38,82.38,False,False,False,True,False,False,False,False,False,0.17118383189453257,0.3980623420387531,0.2,0.8649036490364904,0.8244244244244244,0.7764997469794517,0.7787392141767292,0.3776306808578858,0.36355889214735826
M-1481,Glass,384.44,19.29,0.66,23.52,20.3,False,False,False,True,False,False,False,False,False,0.7428004193713891,0.1504844144903117,0.66,0.4577695776957769,0.203003003003003,0.4563614463171658,0.42581815709758863,0.40747333468261815,0.3981440412016536
M-1064,Steel,59.43,5.79,0.51,14.2,43.15,False,False,False,False,False,False,True,False,False,0.01780097704610853,0.00831929233361415,0.51,0.26670766707667076,0.43173173173173174,0.36385142707282925,0.3238349401111148,0.1688176739215822,0.1215620170778056
M-1349,Cotton,278.01,40.36,0.42,46.12,44.08,False,False,True,False,False,False,False,False,False,0.5053871377902697,0.3723673125526537,0.42,0.9210742107421074,0.441041041041041,0.7825404223411604,0.7853984659117319,0.40331484475402063,0.3933246978930455
M-1155,Cotton,385.58,76.08,0.93,3.93,47.71,False,False,True,False,False,False,False,False,False,0.7453434160922616,0.7485256950294861,0.93,0.05617056170561706,0.4773773773773774,0.10696459928563248,0.040642424174064384,0.7127126081975255,0.7518909242281523
M-1171,Cotton,363.03,77.61,0.95,49.43,64.78,False,False,True,False,False,False,False,False,False,0.6950411563942982,0.7646377422072452,0.95,0.9889298892988929,0.6482482482482482,0.643533108754511,0.6321565453066624,0.6416442752303004,0.6695286483009774
M-1159,Paper,197.12,27.94,0.74,26.09,39.48,False,False,False,False,True,False,False,False,False,0.3249459055522095,0.241575400168492,0.74,0.5104551045510455,0.39499499499499496,0.4447735632311278,0.41304365326729514,0.32623594554613994,0.30399667654139656
M-1343,Bamboo,141.69,58.93,0.5,19.82,58.59,False,True,False,False,False,False,False,False,False,0.20129826674697182,0.5679233361415333,0.5,0.38191881918819187,0.5862862862862863,0.42052266288428647,0.3863094156961503,0.44829293634941486,0.44545055811782425
M-1235,Plastic,110.07,60.4,0.55,10.55,43.87,False,False,False,False,False,True,False,False,False,0.13076356822592516,0.5834035383319293,0.55,0.1918819188191882,0.4389389389389389,0.30623525739761903,0.2603187676801359,0.418558083201118,0.41099034106470317
M-0341,Glass,474.23,83.14,0.73,16.27,9.09,False,False,False,True,False,False,False,False,False,0.9430948716232797,0.8228727885425443,0.73,0.3091430914309143,0.09079079079079079,0.3574067757794695,0.31673034455896215,0.705332530073105,0.743338028649077
M-0279,Unknown,193.6,5.84,0.74,22.32,38.35,False,False,False,False,False,False,False,True,False,0.3170938455017957,0.0088458298230834,0.74,0.43316933169331695,0.3836836836836837,0.3995332306476218,0.3631706266255199,0.24749868993111274,0.21274675830138262
M-1057,Cotton,347.62,40.39,0.08,25.1,71.95,False,False,True,False,False,False,False,False,False,0.6606660866849584,0.37268323504633527,0.08,0.490159901599016,0.7200200200200201,0.5980939389574076,0.5820643201514188,0.5566602764500552,0.5710392752610717
M-0887,Aluminum,229.69,75.57,0.33,25.1,32.66,True,False,False,False,False,False,False,False,False,0.39759976800731667,0.7431550126368998,0.33,0.490159901599016,0.3267267267267267,0.5624232682867369,0.5427409065711891,0.5155935284109194,0.5234463362935722
M-0986,Plastic,448.97,27.25,0.12,42.31,63.38,False,False,False,False,False,True,False,False,False,0.8867474179660488,0.23430918281381635,0.12,0.8429684296842969,0.6342342342342343,0.8063576343871547,0.8116546046947556,0.5349198141513699,0.5458438910460734
M-0014,Glass,384.78,47.12,0.29,3.68,47.71,False,False,False,True,False,False,False,False,False,0.7435588569898949,0.44355518112889636,0.29,0.051045510455104554,0.4773773773773774,0.295889568535325,0.24891366106858936,0.605860837771542,0.6280586260484469
M-1073,Plastic,326.76,77.82,0.38,27.74,41.19,False,False,False,False,False,True,False,False,False,0.6141337080907447,0.766849199663016,0.38,0.544280442804428,0.41211211211211213,0.5713570544714456,0.5525895290493612,0.6113383958557957,0.6344066594341532
M-1251,Bamboo,167.77,32.22,0.5,10.86,72.03,False,True,False,False,False,False,False,False,False,0.2594748934841286,0.28664700926705977,0.5,0.19823698236982368,0.7208208208208209,0.2968601073398121,0.249983584848741,0.4154831318900978,0.4074267287247645
M-1405,Plastic,95.29,7.89,0.68,12.73,79.51,False,False,False,False,False,True,False,False,False,0.09779383880969908,0.03043386689132266,0.68,0.23657236572365725,0.7956956956956958,0.25837384986462475,0.2075562631472636,0.280361599562131,0.2508321321632965
M-0026,Wood,117.46,62.06,0.93,12.15,47.71,False,False,False,False,False,False,False,False,True,0.14724843293403822,0.6008845829823084,0.93,0.22468224682246823,0.4773773773773774,0.2080716103557432,0.1521029809120651,0.43485380636395,0.42987572632045407
M-0522,Bamboo,437.06,31.1,0.95,36.33,96.39,False,True,False,False,False,False,False,False,False,0.8601797943295634,0.2748525695029486,0.95,0.7203772037720377,0.9646646646646647,0.45075985579675615,0.41964295330692153,0.6181565398971084,0.642308320235748
M-1312,Plastic,280.63,83.13,0.92,25.1,25.71,False,False,False,False,False,True,False,False,False,0.5112315688505208,0.8227674810446504,0.92,0.490159901599016,0.2571571571571572,0.39238022524369387,0.35528514018661334,0.5693151087348397,0.5857051713773098
M-1446,Aluminum,251.17,7.86,0.8,37.3,31.67,True,False,False,False,False,False,False,False,False,0.4455151799058644,0.030117944397641108,0.8,0.7402624026240262,0.31681681681681684,0.572475759892734,0.5538227919829887,0.2558087166071877,0.2223773867610752
M-1142,Aluminum,230.67,90.3,0.06,21.27,50.36,True,False,False,False,False,False,False,False,False,0.39978585290771596,0.8982729570345409,0.06,0.4116441164411644,0.5039039039039039,0.5785960794743082,0.5605698436538536,0.6139369526164542,0.6374181701872262
M-1447,Cotton,278.01,96.34,0.74,33.43,67.73,False,False,True,False,False,False,False,False,False,0.5053871377902697,0.9618786857624264,0.74,0.6609266092660927,0.6777777777777778,0.5067781877818779,0.4813976665015006,0.6830059328723899,0.7174633629240736
M-1086,Aluminum,345.42,76.25,0.09,37.49,47.71,True,False,False,False,False,False,False,False,False,0.6557585491534498,0.7503159224936816,0.09,0.7441574415744158,0.4773773773773774,0.7717567272069118,0.7735105003726979,0.6131857963945299,0.6365476427183594
M-0218,Steel,183.7,8.75,0.04,43.06,36.22,False,False,False,False,False,False,True,False,False,0.29500992661000686,0.039490311710193765,0.04,0.8583435834358344,0.36236236236236236,0.8667699138252645,0.8782532137201388,0.20371319754095926,0.1620030211785749
M-0896,Paper,389.87,40.0,0.74,9.24,68.91,False,False,False,False,True,False,False,False,False,0.7549131142787034,0.36857624262847516,0.74,0.16502665026650268,0.6895895895895896,0.20805703120094265,0.15208690882474257,0.6146365278087802,0.6382289195409325
M-1269,Steel,59.82,11.75,0.56,49.06,47.71,False,False,False,False,False,False,True,False,False,0.018670949608512344,0.07108256107834877,0.56,0.9813448134481346,0.4773773773773774,0.773069150331143,0.7749573180617421,0.1287547228710634,0.07513239517572075
M-0187,Plastic,278.01,41.62,0.42,25.1,31.73,False,False,False,False,False,True,False,False,False,0.5053871377902697,0.3856360572872788,0.42,0.490159901599016,0.31741741741741747,0.5363541992176679,0.5140023164247062,0.4263256116007238,0.41999225922726285
M-1353,Bamboo,121.08,22.6,0.57,18.94,38.89,False,True,False,False,False,False,False,False,False,0.15532356287224786,0.18534119629317608,0.57,0.3638786387863879,0.3890890890890891,0.4084182743629239,0.37296551531491373,0.2606626196470774,0.22800265591828928
M-0374,Cotton,414.28,91.44,0.9,38.24,87.95,False,False,True,False,False,False,False,False,False,0.8093644738896696,0.9102780117944398,0.9,0.7595325953259533,0.8801801801801802,0.4977015391775539,0.4713915522266793,0.8019576464928789,0.8553184870021804
M-0433,Steel,278.01,6.4,0.68,25.1,78.01,False,False,False,False,False,False,True,False,False,0.5053871377902697,0.01474304970513901,0.68,0.490159901599016,0.7806806806806807,0.4120278728913415,0.3769447434349015,0.38916571159962765,0.3769270315860296
M-0451,Wood,391.22,54.52,0.85,15.45,36.9,False,False,False,False,False,False,False,False,True,0.7579245577639475,0.5214827295703455,0.85,0.2923329233292333,0.3691691691691692,0.28348283708062305,0.2352364572762527,0.592393092067913,0.612450631018215
M-1499,Glass,319.54,43.23,0.46,49.65,91.32,False,False,False,True,False,False,False,False,False,0.5980280621918848,0.40259056444818864,0.46,0.9934399343993439,0.9139139139139139,0.7666725692482149,0.7679057151988256,0.533655308666874,0.544378434558252
M-1077,Wood,68.88,81.29,0.69,47.59,94.41,False,False,False,False,False,False,False,False,True,0.03888108144281602,0.8033909014321821,0.69,0.9512095120951211,0.9448448448448449,0.6692412227725881,0.6604972179347148,0.48864321176570613,0.4922131650176755
M-0755,Plastic,221.09,59.32,0.5,8.7,55.68,False,False,False,False,False,True,False,False,False,0.3784157576568739,0.5720303285593935,0.5,0.15395653956539562,0.5571571571571572,0.28665820802352165,0.23873699209969557,0.5286919076505855,0.5386262663706387
M-1010,Cotton,296.58,90.09,0.99,11.56,19.64,False,False,True,False,False,False,False,False,False,0.5468112159539583,0.8960614995787701,0.99,0.21258712587125872,0.1963963963963964,0.2109126358831156,0.15523493272862326,0.6230260171286084,0.6479516385832722
M-1382,Paper,55.67,19.44,0.51,7.78,60.86,False,False,False,False,True,False,False,False,False,0.009413549264984722,0.15206402695871946,0.51,0.13509635096350964,0.609009009009009,0.26715690967720485,0.2172387245929342,0.2648093183837473,0.2328083342179897
M-0088,Aluminum,213.08,40.06,0.12,28.97,61.91,True,False,False,False,False,False,False,False,False,0.3605478596444266,0.36920808761583823,0.12,0.5694956949569495,0.6195195195195196,0.6437454650222179,0.6323906472504831,0.42236891594930165,0.4154067786707881
M-1297,Glass,80.45,12.86,0.5,28.4,70.75,False,False,False,True,False,False,False,False,False,0.06469026746079548,0.08277169334456612,0.5,0.557810578105781,0.708008008008008,0.5138855460626678,0.4892328314671027,0.23743223007290004,0.20108057014365133
M-1189,Glass,274.22,93.18,0.76,7.18,35.93,False,False,False,True,False,False,False,False,False,0.49693278904280713,0.9286015164279697,0.76,0.12279622796227962,0.3594594594594595,0.20973179083142185,0.15393316695105685,0.6585492760104358,0.6891201355452993
M-0199,Steel,443.25,10.48,0.16,27.7,88.25,False,False,False,False,False,False,True,False,False,0.8739878203841264,0.05770850884582983,0.16,0.543460434604346,0.8831831831831832,0.5897579424442893,0.5728747021171767,0.5483843084066867,0.5614481179186482
M-1230,Glass,428.87,43.18,0.04,7.22,70.92,False,False,False,True,False,False,False,False,False,0.8419103705190836,0.40206402695871946,0.04,0.12361623616236161,0.7097097097097097,0.391198770726446,0.3539827025330884,0.6649713574429368,0.6965627927863854
M-0519,Cotton,320.01,52.56,0.81,14.13,48.49,False,False,True,False,False,False,False,False,False,0.5990764906645252,0.5008424599831509,0.81,0.2652726527265273,0.4851851851851852,0.2676450731173978,0.2177768768758191,0.555481404491071,0.5696730608936481
M-0917,Unknown,278.01,93.08,0.11,20.96,64.28,False,False,False,False,False,False,False,True,False,0.5053871377902697,0.9275484414490311,0.11,0.4052890528905289,0.6432432432432432,0.545849107409993,0.5244695208459594,0.689647196093351,0.7251600335940056
M-1485,Bamboo,350.51,28.43,0.5,8.89,9.69,False,True,False,False,False,False,False,False,False,0.6671128064422583,0.24673546756529063,0.5,0.15785157851578516,0.09679679679679679,0.3350312674297914,0.2920635426076959,0.423421097410423,0.4166261693080541
M-0383,Paper,86.47,5.41,0.66,10.14,67.13,False,False,False,False,True,False,False,False,False,0.0781190747061054,0.004317607413647853,0.66,0.1834768347683477,0.6717717717717717,0.24490892368383144,0.1927125035240403,0.24485950961943323,0.20968816823775527
M-1457,Wood,176.02,51.71,0.8,46.57,12.7,False,False,False,False,False,False,False,False,True,0.2778781592272859,0.49189132266217356,0.8,0.9302993029930299,0.12692692692692692,0.7054868891031252,0.7004545077980264,0.3017747737473932,0.27564821672710027
M-0851,Bamboo,136.34,13.8,0.2,18.27,66.8,False,True,False,False,False,False,False,False,False,0.18936402774989403,0.09267059814658805,0.2,0.3501435014350143,0.6684684684684684,0.48323925401416173,0.45544830220915455,0.297391462613961,0.27056832437598943
M-0936,Aluminum,437.91,55.88,0.39,40.33,76.81,True,False,False,False,False,False,False,False,False,0.8620758883758282,0.5358045492839091,0.39,0.8023780237802378,0.7686686686686687,0.6875599474012758,0.6806918139793728,0.6627540845366179,0.693993158248872
M-0844,Bamboo,96.85,84.78,0.31,25.1,89.48,False,True,False,False,False,False,False,False,False,0.10127372905931425,0.8401432181971357,0.31,0.490159901599016,0.8954954954954956,0.51154639140986,0.4866541430345326,0.559579040478955,0.5744218795558063
M-1418,Bamboo,106.82,20.26,0.5,37.48,68.55,False,True,False,False,False,False,False,False,False,0.12351379687256014,0.1606992417860152,0.5,0.7439524395243952,0.6859859859859859,0.6277728651160386,0.6147824234561752,0.26227651677525904,0.2298730282070367
M-0869,Bamboo,301.0,51.71,0.5,13.99,97.12,False,True,False,False,False,False,False,False,False,0.5566709049945348,0.49189132266217356,0.5,0.26240262402624026,0.971971971971972,0.310244377218547,0.26473842881481346,0.6351509116716183,0.6620033810154442
M-0395,Glass,170.16,9.58,0.92,30.22,93.36,False,False,False,True,False,False,False,False,False,0.26480626380244926,0.04823083403538332,0.92,0.595120951209512,0.9343343343343343,0.3876391372922737,0.3500585560257713,0.3369177559891571,0.3163760047509845
M-0231,Wood,200.41,31.2,0.83,40.77,19.41,False,False,False,False,False,False,False,False,True,0.33228490486069284,0.2759056444818871,0.83,0.8113981139811399,0.1940940940940941,0.6184294589792746,0.6044822351822797,0.27054569969060777,0.2394563221514764
M-1148,Plastic,134.61,85.26,0.5,17.15,49.05,False,False,False,False,False,True,False,False,False,0.18550491869102592,0.8451979780960406,0.5,0.3271832718327183,0.4907907907907908,0.3972308840205519,0.3606325154288679,0.5261858448503596,0.5357219484103705
M-0364,Plastic,291.64,75.39,0.09,12.99,19.13,False,False,False,False,False,True,False,False,False,0.5357915634968435,0.7412594776748105,0.09,0.24190241902419024,0.19129129129129127,0.49901232228538506,0.472836561958599,0.5610358807659181,0.5761102360528134
M-0766,Glass,53.4,36.73,0.41,37.92,82.06,False,False,False,True,False,False,False,False,False,0.004349862812019004,0.3341406908171861,0.41,0.7529725297252973,0.8212212212212212,0.6466613957130563,0.6356051746583292,0.3074186850419363,0.2821890396216521
M-0028,Plastic,375.01,53.1,0.57,17.3,45.34,False,False,False,False,False,True,False,False,False,0.7217649289522406,0.5065290648694187,0.57,0.33025830258302585,0.45365365365365373,0.3817896161844501,0.3436100330951845,0.587607798310009,0.6069048743017482
M-0974,Glass,95.47,6.82,0.42,18.97,74.82,False,False,False,True,False,False,False,False,False,0.0981953646077316,0.019165964616680714,0.42,0.3644936449364493,0.7487487487487487,0.4178213120869947,0.3833314415613794,0.25437685048464914,0.22071797323958908
M-1436,Plastic,472.24,58.75,0.94,1.79,14.93,False,False,False,False,False,True,False,False,False,0.9386557808561422,0.5660278011794441,0.94,0.012300123001230016,0.14924924924924923,0.1104551488758131,0.044490412523490994,0.655259091262182,0.685307085586578
M-0771,Steel,77.12,32.15,0.86,21.48,36.94,False,False,False,False,False,False,True,False,False,0.057262040197193775,0.2859098567818028,0.86,0.41594915949159494,0.36956956956956954,0.35461253873799997,0.3136499724561396,0.2524291619074032,0.21846076447554902
M-0229,Aluminum,273.36,51.71,0.05,38.55,77.12,True,False,False,False,False,False,False,False,False,0.4950143880077629,0.49189132266217356,0.05,0.7658876588765887,0.7717717717717718,0.767355418148776,0.7686584890947099,0.5231825872011733,0.532241423050408
M-0572,Glass,121.8,26.72,0.94,22.85,53.21,False,False,False,True,False,False,False,False,False,0.15692966606437797,0.22872788542544226,0.94,0.4440344403444035,0.5324324324324324,0.33117742096339886,0.28781505510736793,0.29706318547348326,0.2701878785248524
M-1186,Paper,412.25,41.98,0.35,28.55,12.19,False,False,False,False,True,False,False,False,False,0.8048361551674139,0.3894271272114574,0.35,0.5608856088560886,0.12182182182182182,0.619349183131471,0.605496140795394,0.48626795231136044,0.4894604372357016
M-1500,Bamboo,101.72,89.04,0.48,20.99,79.78,False,True,False,False,False,False,False,False,False,0.11213723259497199,0.8850042122999159,0.48,0.40590405904059035,0.7983983983983984,0.41970259558451434,0.38540537198219016,0.5680887794888313,0.5842839579687458
M-0542,Plastic,109.72,98.21,0.08,33.48,7.8,False,False,False,False,False,True,False,False,False,0.12998282361863972,0.9815711878685762,0.08,0.6619516195161951,0.07787787787787788,0.7653831839219293,0.7664842944210127,0.43842431764448164,0.4340136513710368
M-0116,Paper,301.84,9.16,0.35,49.52,30.34,False,False,False,False,True,False,False,False,False,0.5585446920520198,0.04380791912384162,0.35,0.9907749077490775,0.3035035035035035,0.8591145942990961,0.8698139752601833,0.27244662383734447,0.2416593348373426
M-0330,Cotton,477.48,66.54,0.23,22.52,73.83,False,False,True,False,False,False,False,False,False,0.9503446429766447,0.6480623420387532,0.23,0.4372693726937269,0.7388388388388388,0.5194777397323522,0.4953976761520824,0.7634832752537842,0.8107298967283622
M-0152,Glass,61.94,11.81,0.38,48.37,19.96,False,False,False,True,False,False,False,False,False,0.02340003122978429,0.07171440606571187,0.38,0.9671996719967199,0.1995995995995996,0.8463598432380719,0.8557531140076383,0.0764900057736716,0.014561943174035058
M-1234,Aluminum,267.34,92.52,0.84,1.49,47.71,True,False,False,False,False,False,False,False,False,0.48158558076245284,0.9216512215669755,0.84,0.006150061500615006,0.4773773773773774,0.10395229916263127,0.03732165892526436,0.6859933501407139,0.7209255306025639
M-0354,Cotton,467.49,35.17,0.17,33.12,61.34,False,False,True,False,False,False,False,False,False,0.9280599611858396,0.31771272114574556,0.17,0.6545715457154571,0.6138138138138138,0.6803615460478928,0.6727562829614964,0.5933260470072718,0.6135318480516653
M-0529,Plastic,114.12,51.71,0.13,41.33,75.84,False,False,False,False,False,True,False,False,False,0.13979789868165698,0.49189132266217356,0.13,0.8228782287822878,0.758958958958959,0.7788310413734768,0.7813092374454226,0.39059519638390366,0.3785836853349016
M-0299,Steel,441.54,43.68,0.85,13.62,20.52,False,False,False,False,False,False,True,False,False,0.8701733253028174,0.40732940185341193,0.85,0.25481754817548175,0.2052052052052052,0.27737000838476855,0.2284976635717142,0.5626852407281732,0.5780217068112049
M-0911,Glass,320.27,47.17,0.51,8.58,3.84,False,False,False,True,False,False,False,False,False,0.5996564723727943,0.44408171861836565,0.51,0.15149651496514965,0.038238238238238235,0.334074085155266,0.2910083430909743,0.4578063629980386,0.45647582686879157
M-1389,Bamboo,134.34,32.69,0.68,5.18,53.9,False,True,False,False,False,False,False,False,False,0.1849026299939771,0.29159646166807074,0.68,0.08179581795817957,0.5393393393393393,0.19114355684097378,0.13344146328557233,0.36646296815376667,0.3506164437064153
M-1098,Wood,138.86,24.21,0.5,49.02,49.4,False,False,False,False,False,False,False,False,True,0.1949853889223494,0.20229570345408593,0.5,0.9805248052480526,0.4942942942942943,0.7888854537194021,0.7923932402844853,0.23985476066580597,0.20388808123620722
M-0271,Wood,363.84,70.79,0.41,41.88,55.07,False,False,False,False,False,False,False,False,True,0.6968480224854446,0.6928180286436395,0.41,0.8341533415334154,0.5510510510510511,0.7223868998149441,0.719085110986477,0.6131779939520481,0.636538600337685
M-1350,Steel,228.19,67.86,0.04,25.1,47.71,False,False,False,False,False,False,True,False,False,0.3942537196903789,0.6619629317607414,0.04,0.490159901599016,0.4773773773773774,0.6343582032216718,0.6220421124114036,0.516135313323466,0.524074219861362
M-0130,Paper,149.89,80.85,0.23,12.68,26.56,False,False,False,False,True,False,False,False,False,0.2195899975462312,0.7987573715248526,0.23,0.2355473554735547,0.2656656656656657,0.44576184671756625,0.414133138817778,0.485999976760657,0.48914987590230224
M-1245,Bamboo,388.12,67.61,0.07,48.34,11.68,False,True,False,False,False,False,False,False,False,0.7510093912422762,0.6593302443133952,0.07,0.9665846658466585,0.11671671671671671,0.9472791278363234,0.9670067207344931,0.5203037492031625,0.5289050896985177
M-1152,Steel,52.35,14.02,0.48,44.24,22.11,False,False,False,False,False,False,True,False,False,0.002007628990162616,0.09498736310025273,0.48,0.8825338253382534,0.22112112112112112,0.76340818309084,0.7643070498376616,0.08991908892204425,0.030125131524398163
M-1134,Bamboo,392.5,29.66,0.18,13.09,88.78,False,True,False,False,False,False,False,False,False,0.7607798523277343,0.2596882898062342,0.18,0.24395243952439521,0.8884884884884885,0.40352261486578833,0.36756853119506844,0.6104663034921471,0.6333959770543943
M-1249,Plastic,75.67,23.68,0.82,11.87,90.84,False,False,False,False,False,True,False,False,False,0.054027526824154015,0.1967144060657119,0.82,0.2189421894218942,0.9091091091091091,0.1944544027422256,0.13709134595465217,0.34768727939108546,0.32885698497100535
M-0531,Aluminum,328.17,9.75,0.5,32.96,57.03,True,False,False,False,False,False,False,False,False,0.6172789935086663,0.05002106149957877,0.5,0.6512915129151292,0.5706706706706707,0.5837078406820104,0.5662050587006827,0.38256000209550695,0.3692715647112957
M-0652,Cotton,125.43,77.73,0.52,27.6,69.06,False,False,True,False,False,False,False,False,False,0.1650271029913672,0.7659014321819715,0.52,0.541410414104141,0.6910910910910911,0.49973713935337544,0.4736356016401835,0.5099021641184727,0.5168505193286134
M-1217,Unknown,133.01,48.24,0.97,27.37,27.49,False,False,False,False,False,False,False,True,False,0.18193580048629232,0.4553496208930076,0.97,0.5366953669536696,0.274974974974975,0.40351972267470426,0.36756534283824716,0.324375355782383,0.30184040804442064
M-1069,Steel,331.1,81.43,0.89,32.74,90.59,False,False,False,False,False,False,True,False,False,0.6238149412210846,0.804865206402696,0.89,0.6467814678146782,0.9066066066066066,0.4304082200281462,0.39720727224692765,0.7166812262081768,0.7564902218055073
M-0188,Bamboo,461.43,37.34,0.16,42.24,76.63,False,True,False,False,False,False,False,False,False,0.9145419259854113,0.34056444818871107,0.16,0.8415334153341534,0.7668668668668669,0.7802333625138054,0.7828551588743342,0.6085072628009008,0.6311256121361768
M-1337,Glass,97.46,48.13,0.77,24.06,95.06,False,False,False,True,False,False,False,False,False,0.10263445537486893,0.4541912384161752,0.77,0.46883968839688395,0.9513513513513514,0.3551686779029952,0.31426306130426307,0.4382752942574474,0.4338409456832845
M-0995,Paper,237.27,71.7,0.23,38.09,46.34,False,False,False,False,True,False,False,False,False,0.41450846550224185,0.7024010109519798,0.23,0.7564575645756458,0.46366366366366374,0.738508172379021,0.7368572317949049,0.5080052930341458,0.5146522038043465
M-0156,Plastic,451.7,62.55,0.48,44.88,47.71,False,False,False,False,False,True,False,False,False,0.8928372259028754,0.606044650379107,0.48,0.8956539565395655,0.4773773773773774,0.7456546361860016,0.7447355067651904,0.6305187365202128,0.6566350760048425
M-0120,Steel,475.75,74.27,0.07,9.35,47.71,False,False,False,False,False,False,True,False,False,0.9464855339177765,0.7294650379106993,0.07,0.16728167281672815,0.4773773773773774,0.4316312659522991,0.3985555603446511,0.7653300083337692,0.8128701064834961
M-1163,Plastic,498.35,7.13,0.53,25.1,53.75,False,False,False,False,False,True,False,False,False,0.9968993285596377,0.022430497051390053,0.53,0.490159901599016,0.5378378378378379,0.4813121571756258,0.4533238670761418,0.5153170163715256,0.5231258818811092
M-1441,Aluminum,167.13,83.55,0.33,39.72,87.34,True,False,False,False,False,False,False,False,False,0.2580472462022351,0.827190395956192,0.33,0.7898728987289872,0.8740740740740741,0.687516331829985,0.6806437320925969,0.5756606996973656,0.5930591825374923
M-0602,Cotton,310.4,27.84,0.6,48.03,4.22,False,False,True,False,False,False,False,False,False,0.5776394744473443,0.24052232518955347,0.6,0.9602296022960229,0.04204204204204204,0.7919335571734095,0.7957534751918658,0.2987420780517203,0.27213357512427333
M-1034,Unknown,336.74,88.84,0.29,35.97,1.3,False,False,False,False,False,False,False,True,False,0.6363960828927703,0.8828980623420388,0.29,0.7129971299712997,0.012812812812812813,0.7395169967014985,0.7379693616011772,0.5630158003976158,0.5784047979232138
M-0596,Paper,241.47,38.93,0.35,12.59,26.78,False,False,False,False,True,False,False,False,False,0.4238774007896674,0.3573083403538332,0.35,0.23370233702337023,0.2678678678678679,0.40843461542723536,0.37298352973455257,0.40361834927146184,0.3936764343383363
M-0679,Plastic,337.6,76.65,0.18,31.11,66.37,False,False,False,False,False,True,False,False,False,0.6383144839278146,0.7545282224094356,0.18,0.6133661336613366,0.6641641641641642,0.6476032637803856,0.6366434917646026,0.6589911666847368,0.6896322500149494
M-0372,Cotton,480.04,89.73,0.53,45.64,12.25,False,False,True,False,False,False,False,False,False,0.9560552321042182,0.8922704296545915,0.53,0.9112341123411234,0.12242242242242242,0.7754982251624317,0.7776351346660324,0.6802750548659555,0.7142985028732106
M-1439,Cotton,404.8,11.29,0.94,27.63,52.02,False,False,True,False,False,False,False,False,False,0.7882174485266233,0.06623841617523167,0.94,0.5420254202542025,0.5205205205205206,0.39116320010046945,0.35394348940896475,0.44896111472433303,0.44622492117638873
M-0767,Steel,341.36,74.61,0.52,7.49,28.52,False,False,False,False,False,False,True,False,False,0.6467019117089384,0.7330454928390902,0.52,0.12915129151291513,0.2852852852852853,0.2929622463792205,0.2456865756882824,0.6270535194975756,0.6526191782251998
M-0086,Glass,238.52,41.46,0.3,47.29,15.65,False,False,False,True,False,False,False,False,False,0.41729683909968995,0.38395113732097724,0.3,0.9450594505945059,0.15645645645645645,0.8613900247110579,0.8723224139713225,0.3172221379790741,0.2935504246736975
M-1027,Plastic,359.66,85.12,0.0,13.53,34.1,False,False,False,False,False,True,False,False,False,0.6875237011755784,0.8437236731255267,0.0,0.2529725297252972,0.3411411411411412,0.5176694037210642,0.49340416317554137,0.6788675562610853,0.7126673292742056
M-1367,Unknown,248.15,51.71,0.46,10.78,73.11,False,False,False,False,False,False,False,True,False,0.43877846929443,0.49189132266217356,0.46,0.19659696596965967,0.7316316316316317,0.30679501641863266,0.26093584706425527,0.5524010569141715,0.5661031947312154
M-1089,Unknown,467.64,61.73,0.04,23.57,38.31,False,False,False,False,False,False,False,True,False,0.9283945660175332,0.5974094355518113,0.04,0.45879458794587946,0.3832832832832833,0.6249484244391993,0.6116687548096392,0.6648085984113393,0.6963741686311481
M-0682,Steel,282.02,67.8,0.55,17.21,46.01,False,False,False,False,False,False,True,False,False,0.5143322402908831,0.6613310867733783,0.55,0.3284132841328413,0.4603603603603604,0.38601193444366877,0.3482647245840981,0.5707129081312794,0.5873251044019594
M-0493,Aluminum,396.91,23.6,0.76,41.79,11.98,True,False,False,False,False,False,False,False,False,0.7706172343795311,0.1958719460825611,0.76,0.8323083230832308,0.11971971971971972,0.6594130218779665,0.6496625910195959,0.3789843247973531,0.3651276526767627
M-0024,Cotton,228.78,66.96,0.73,39.22,16.47,False,False,True,False,False,False,False,False,False,0.3955698320283745,0.6524852569502948,0.73,0.7796227962279623,0.16466466466466465,0.6323072112703109,0.6197810950759656,0.4217899344526709,0.41473578736156147
M-0205,Paper,238.45,60.14,0.23,35.5,81.94,False,False,False,False,True,False,False,False,False,0.41714069017823274,0.5806655433866892,0.23,0.7033620336203362,0.8200200200200201,0.6710152181701997,0.6624528737549756,0.5428999823896931,0.5550922410628546
M-1374,Plastic,237.99,88.04,0.49,27.5,65.49,False,False,False,False,False,True,False,False,False,0.4161145686943719,0.8744734625105308,0.49,0.5393603936039361,0.6553553553553553,0.5110807006268261,0.48614076465062683,0.6288408426323934,0.6546905368043967
M-0685,Unknown,112.84,72.39,0.07,20.08,2.3,False,False,False,False,False,False,False,True,False,0.13694260411787013,0.7096672283066555,0.07,0.38724887248872486,0.02282282282282282,0.6090670412109527,0.5941610884504543,0.362153118664276,0.34562168727922116
M-1305,Plastic,432.49,18.69,0.44,25.1,80.14,False,False,False,False,False,True,False,False,False,0.8499855004572933,0.14416596461668074,0.44,0.490159901599016,0.802002002002002,0.48189574075920943,0.4539672107022755,0.5593374230163897,0.5741418650501922
M-1147,Bamboo,327.19,83.41,0.15,25.41,70.61,False,True,False,False,False,False,False,False,False,0.6150929086082669,0.8257160909856782,0.15,0.49651496514965154,0.7066066066066066,0.5822483184291303,0.5645960786590838,0.695952974664237,0.7324679055097644
M-0847,Plastic,173.37,97.82,0.75,3.56,20.94,False,False,False,False,False,True,False,False,False,0.271966807200696,0.9774641954507162,0.75,0.04858548585485854,0.2094094094094094,0.18321035057197418,0.12469588196434296,0.5743241842243902,0.5915102724734713
M-1191,Glass,76.35,37.48,0.34,14.17,36.35,False,False,False,True,False,False,False,False,False,0.05554440206116573,0.3420387531592249,0.34,0.26609266092660927,0.3636636636636637,0.4212892301895992,0.38715448091688015,0.2852775709672085,0.2565293333837306
M-0009,Unknown,452.25,35.11,0.43,21.44,99.92,False,False,False,False,False,False,False,True,False,0.8940641102857525,0.31708087615838243,0.43,0.41512915129151295,1.0,0.42007749077490775,0.3858186571361808,0.682387830126296,0.7167470333466146
M-1224,Bamboo,283.14,71.47,0.71,48.48,90.58,False,True,False,False,False,False,False,False,False,0.5168306230341966,0.6999789385004213,0.71,0.9694546945469454,0.9065065065065065,0.6780221660775166,0.6701773461384204,0.610239178383723,0.6331327579796111
M-0940,Plastic,394.16,51.71,0.98,8.14,83.78,False,False,False,False,False,True,False,False,False,0.7644828124651454,0.49189132266217356,0.98,0.14247642476424766,0.8384384384384385,0.10764201101470475,0.041389204122003795,0.6931709925058245,0.7292438200051653
M-1480,Cotton,184.96,61.55,0.6,40.56,52.51,False,False,True,False,False,False,False,False,False,0.2978206071962346,0.595513900589722,0.6,0.8070930709307094,0.5254254254254255,0.651713300015883,0.641174403342082,0.437042855717099,0.43241265211165575
M-0683,Bamboo,269.98,12.45,0.48,13.17,19.34,False,True,False,False,False,False,False,False,False,0.48747462580026324,0.07845408593091828,0.48,0.24559245592455925,0.1933933933933934,0.38401613421539627,0.346064550706672,0.3121944821921363,0.2877237905611231
M-1185,Cotton,354.41,72.2,0.49,38.96,26.25,False,False,True,False,False,False,False,False,False,0.6758125320662964,0.7076663858466724,0.49,0.7742927429274293,0.2625625625625626,0.6913193895002013,0.6848362299297163,0.5593008594893086,0.5740994909690708
M-0731,Glass,418.03,46.58,0.16,32.61,34.3,False,False,False,True,False,False,False,False,False,0.8177295946820138,0.4378685762426284,0.16,0.6441164411644116,0.34314314314314315,0.7041555503843325,0.6989868375224153,0.5436763443358121,0.5559919798657207
M-0865,Paper,199.85,23.93,0.25,14.22,24.53,False,False,False,False,True,False,False,False,False,0.3310357134890361,0.19934709351305813,0.25,0.26711767117671176,0.24534534534534536,0.4607360681714925,0.43064074835254484,0.30799128440213086,0.2828526345665598
M-0963,Wood,401.34,22.03,0.26,20.65,23.71,False,False,False,False,False,False,False,False,True,0.780499230408887,0.17933866891322664,0.26,0.3989339893398934,0.23713713713713713,0.5376466798902223,0.5154271495179931,0.44347729325617785,0.4398696290506559
M-0302,Aluminum,288.02,15.54,0.69,19.87,52.73,True,False,False,False,False,False,False,False,False,0.5277164335586338,0.11099410278011794,0.69,0.3829438294382944,0.5276276276276276,0.37000353490021387,0.33061703520318514,0.3907798303002592,0.3787976606587833
M-1174,Bamboo,209.97,8.7,0.5,13.85,47.71,False,True,False,False,False,False,False,False,False,0.3536103861339758,0.0389637742207245,0.5,0.25953259532595324,0.4773773773773774,0.3579818194578342,0.31736427377772575,0.30692317206702524,0.2816147813738339
M-1029,Steel,164.6,36.69,0.24,42.34,89.73,False,False,False,False,False,False,True,False,False,0.2524035780410002,0.33371946082561077,0.24,0.8435834358343584,0.8979979979979981,0.7443502617008152,0.7432975619107737,0.4003843196194776,0.3899284634568999
M-1494,Plastic,278.01,10.28,0.91,43.23,41.17,False,False,False,False,False,True,False,False,False,0.5053871377902697,0.05560235888795281,0.91,0.8618286182861827,0.41191191191191195,0.6029059797805184,0.5873691228897571,0.292545844391142,0.26495265663140316
M-1205,Steel,499.26,94.46,0.45,45.43,89.38,False,False,False,False,False,False,True,False,False,0.9989292645385799,0.9420808761583824,0.45,0.906929069290693,0.8944944944944945,0.7197079921249663,0.7161318781748811,0.8675595412137663,0.9313456165091999
M-1258,Glass,399.52,49.18,0.85,45.84,25.74,False,False,False,True,False,False,False,False,False,0.7764393584510026,0.46524852569502945,0.85,0.9153341533415335,0.25745745745745746,0.6684547462591743,0.6596302047660071,0.49454883560844937,0.4990572909476088
M-0948,Cotton,110.82,88.25,0.51,42.27,68.95,False,False,True,False,False,False,False,False,False,0.132436592384394,0.8766849199663016,0.51,0.8421484214842149,0.6899899899899901,0.68329005389153,0.6759846754459409,0.50697568517232,0.5134589740876513
M-1177,Bamboo,278.01,58.52,0.5,47.43,85.33,False,True,False,False,False,False,False,False,False,0.5053871377902697,0.5636057287278855,0.5,0.947929479294793,0.8539539539539539,0.7333622921814804,0.7311844039103262,0.5501453461426657,0.5634890139109007
M-1031,Bamboo,67.29,47.87,0.07,41.52,45.55,False,True,False,False,False,False,False,False,False,0.035334270226862086,0.45145324347093513,0.07,0.8267732677326773,0.4557557557557558,0.8294883850640308,0.83715398718985,0.27884945417211243,0.24907968166031147
M-0127,Plastic,278.01,51.71,0.17,25.1,19.28,False,False,False,False,False,True,False,False,False,0.5053871377902697,0.49189132266217356,0.17,0.490159901599016,0.1927927927927928,0.6238166616801304,0.6104210974425979,0.4385900295570121,0.43420569766921785
M-1033,Aluminum,257.66,86.22,0.5,38.35,87.92,True,False,False,False,False,False,False,False,False,0.459992415623815,0.8553074978938501,0.5,0.7617876178761788,0.8798798798798799,0.6190845827377192,0.6052044448300151,0.6601521839195409,0.6909777722448467
M-0399,Cotton,432.76,46.11,0.73,31.66,44.3,False,False,True,False,False,False,False,False,False,0.850587789154342,0.4329191238416175,0.73,0.6246412464124641,0.4432432432432432,0.5114604235231541,0.4865593718766039,0.575411943555988,0.5927708948979867
M-1449,Wood,295.99,93.65,0.39,40.63,57.72,False,False,False,False,False,False,False,False,True,0.5454951036159629,0.9335509688289807,0.39,0.8085280852808528,0.5775775775775776,0.7103590934107539,0.705825634873408,0.6523288323431604,0.6819111596720386
M-1381,Wood,123.01,76.28,0.56,21.19,77.84,False,False,False,False,False,False,False,False,True,0.15962881170670773,0.7506318449873631,0.56,0.4100041000410004,0.778978978978979,0.40010456212670237,0.3638004635088999,0.5333866156346205,0.5440670417235224
M-0548,Paper,97.06,64.12,0.15,48.89,48.75,False,False,False,False,True,False,False,False,False,0.10174217582368555,0.6225779275484415,0.15,0.9778597785977861,0.4877877877877878,0.8929370883798928,0.9070999555360635,0.3532836158780234,0.3353426726278563
M-0027,Wood,153.16,75.64,0.82,9.14,73.68,False,False,False,False,False,False,False,False,True,0.2268843828771554,0.7438921651221567,0.82,0.16297662976629768,0.7373373373373374,0.1780522441260449,0.11900957584083903,0.570941596290597,0.5875901349224824
M-0807,Cotton,324.94,62.35,0.66,24.12,18.86,False,False,True,False,False,False,False,False,False,0.6100738361328604,0.6039385004212301,0.66,0.470069700697007,0.18858858858858857,0.46518296155934535,0.43554301188025324,0.5156150654419487,0.5234712959178974
M-0001,Bamboo,102.6,13.92,0.9,19.92,28.74,False,True,False,False,False,False,False,False,False,0.11410024760757542,0.09393428812131423,0.9,0.3839688396883969,0.2874874874874875,0.33163255506428935,0.28831679578527725,0.19191270103376917,0.14832722903847956
M-1223,Aluminum,172.88,62.92,0.53,32.73,16.16,True,False,False,False,False,False,False,False,False,0.2708737647504963,0.6099410278011795,0.53,0.6465764657646575,0.16156156156156157,0.6127897233026383,0.5982649801005608,0.3759398431289331,0.3615993521136233
M-0840,Steel,372.92,29.04,0.73,2.04,7.42,False,False,False,False,False,False,True,False,False,0.7171027682973076,0.2531592249368155,0.73,0.01742517425174252,0.07407407407407407,0.1840476971436381,0.12561897437972053,0.4526639950215836,0.4505162508873038
M-1008,Steel,269.53,24.59,0.78,33.51,88.17,False,False,False,False,False,False,True,False,False,0.4864708113051819,0.2062973883740522,0.78,0.6625666256662566,0.8823823823823824,0.4753017371615157,0.44669796889250946,0.45268868379758276,0.45054486312142045
M-0609,Paper,278.01,8.42,0.57,1.98,19.71,False,False,False,False,True,False,False,False,False,0.5053871377902697,0.03601516427969671,0.57,0.016195161951619515,0.1970970970970971,0.21900738746126203,0.16415860189861153,0.3272907089487457,0.30521905943369493
M-0781,Aluminum,190.09,23.9,0.27,31.53,8.46,True,False,False,False,False,False,False,False,False,0.3092640924401615,0.19903117101937656,0.27,0.6219762197621976,0.08448448448448449,0.6837372834088702,0.6764777020962673,0.23260261713151542,0.1954834511865594
M-0267,Paper,131.26,6.82,0.89,25.1,24.13,False,False,False,False,True,False,False,False,False,0.178032077449865,0.019165964616680714,0.89,0.490159901599016,0.24134134134134133,0.40296180682527544,0.36695029536990525,0.16827159283165766,0.1209291545984265
M-0946,Bamboo,80.68,53.04,0.88,8.64,67.81,False,True,False,False,False,False,False,False,False,0.06520332820272592,0.5058972198820556,0.88,0.15272652726527267,0.6785785785785786,0.15977805850130575,0.09886407967683337,0.420328254818862,0.4130418224648132
M-0474,Paper,474.63,48.51,0.81,7.93,30.23,False,False,False,False,True,False,False,False,False,0.9439871511744629,0.45819292333614153,0.81,0.13817138171381713,0.3024024024024024,0.20966258878805005,0.15385687848995022,0.6374263683878103,0.6646404457402602
M-1272,Wood,302.08,49.57,0.44,11.38,84.18,False,False,False,False,False,False,False,False,True,0.5590800597827299,0.4693555181128896,0.44,0.2088970889708897,0.8424424424424425,0.3090940091382896,0.26347026090714776,0.6075512318548664,0.6300176519338666
M-0411,Glass,421.62,49.87,0.51,10.02,72.99,False,False,False,True,False,False,False,False,False,0.8257378036538847,0.47251474304970514,0.51,0.18101681016810167,0.7304304304304304,0.28256704305781793,0.23422688424507676,0.6823727964155324,0.7167296105285685
M-0655,Wood,348.71,54.64,0.99,5.86,36.36,False,False,False,False,False,False,False,False,True,0.663097548461933,0.5227464195450716,0.99,0.0957359573595736,0.3637637637637638,0.12406519803936777,0.05949415599237308,0.578224545819247,0.5960304665525908
M-0288,Steel,376.15,18.57,0.79,43.98,44.86,False,False,False,False,False,False,True,False,False,0.7243079256731133,0.14290227464195449,0.79,0.8772037720377203,0.44884884884884885,0.6444373783377472,0.6331534137742592,0.4055729626762715,0.3959416684004908
M-0281,Paper,66.65,69.3,0.67,27.73,66.67,False,False,False,False,True,False,False,False,False,0.033906622944968656,0.6771272114574558,0.67,0.5440754407544075,0.6671671671671672,0.45872854773592775,0.4284276540968379,0.42788773139884123,0.42180262590496703
M-0550,Bamboo,278.01,23.06,0.5,9.02,63.94,False,True,False,False,False,False,False,False,False,0.5053871377902697,0.19018534119629316,0.5,0.16051660516605165,0.6398398398398398,0.282325979115647,0.23396113490762283,0.45536667509665985,0.45364843188539977
M-1491,Aluminum,407.56,90.91,0.98,9.38,71.02,True,False,False,False,False,False,False,False,False,0.7943741774297888,0.9046967144060657,0.98,0.16789667896678967,0.7107107107107107,0.13566693630900273,0.07228393380279001,0.8200272863880123,0.8762596939337403
M-0184,Glass,286.56,32.4,0.22,4.14,12.88,False,False,False,True,False,False,False,False,False,0.5244596131968146,0.2885425442291491,0.22,0.060475604756047546,0.12872872872872873,0.35741248998075564,0.31673664390507006,0.4042489403692282,0.39440723687475443
M-0534,Aluminum,54.4,80.35,0.06,6.27,62.25,True,False,False,False,False,False,False,False,False,0.006580561689977463,0.79349199663016,0.06,0.10414104141041408,0.622922922922923,0.3821923325539561,0.34405398836868695,0.49419587585559127,0.49864824000547553
M-0018,Unknown,444.54,71.75,0.43,24.0,23.23,False,False,False,False,False,False,False,True,False,0.8768654219366928,0.7029275484414491,0.43,0.46760967609676096,0.23233233233233233,0.5283325724248233,0.505159260153812,0.65263303848914,0.6822637092463402
M-0077,Paper,205.86,83.01,0.47,5.05,19.72,False,False,False,False,True,False,False,False,False,0.3444422137455665,0.8215037910699243,0.47,0.07913079130791308,0.1971971971971972,0.2867587550650281,0.2388478353449469,0.53960746199407,0.5512764842834572
M-1456,Steel,463.13,89.06,0.38,41.08,25.51,False,False,False,False,False,False,True,False,False,0.9183341140779406,0.8852148272957036,0.38,0.8177531775317752,0.2551551551551552,0.7511363910035496,0.7507786034545132,0.700497842758629,0.7377350289164096
M-1011,Steel,254.47,24.41,0.48,6.9,61.38,False,False,False,False,False,False,True,False,False,0.45287648620312737,0.20440185341196293,0.48,0.11705617056170561,0.6142142142142143,0.26481228091560194,0.214654001492664,0.4411846446519539,0.43721264036017643
M-0671,Aluminum,192.27,35.9,0.1,25.1,19.62,True,False,False,False,False,False,False,False,False,0.31412701599411097,0.3254001684919966,0.1,0.490159901599016,0.19619619619619622,0.64447632133979,0.6331963446120201,0.31405776364947535,0.2898831785066673
M-1256,Plastic,391.73,64.15,0.5,40.57,36.37,False,False,False,False,False,True,False,False,False,0.7590622141917063,0.622893850042123,0.5,0.8072980729807298,0.3638638638638639,0.6979924574020514,0.6921926323751899,0.57572758795654,0.5931367004562108
M-1403,Aluminum,370.41,83.62,0.91,16.71,10.31,True,False,False,False,False,False,False,False,False,0.7115037141136318,0.8279275484414491,0.91,0.31816318163181634,0.10300300300300301,0.3075976086787895,0.26182062626209607,0.6275852243316973,0.6532353798220479
M-1146,Wood,379.88,99.63,0.08,14.62,84.88,False,False,False,False,False,False,False,False,True,0.7326284324878984,0.996524852569503,0.08,0.27531775317753177,0.8494494494494494,0.4562457069615741,0.42569056581708087,0.8475617643422271,0.9081698594897778
M-0060,Steel,100.96,37.8,0.05,44.8,31.65,False,False,False,False,False,False,True,False,False,0.11044190144772356,0.3454085930918281,0.05,0.8940139401394013,0.3166166166166166,0.8897467024219791,0.9035828681321881,0.23346960239822628,0.19648821486653156
M-0244,Aluminum,315.6,41.72,0.05,14.46,8.34,True,False,False,False,False,False,False,False,False,0.5892391086127284,0.3866891322662173,0.05,0.2720377203772038,0.08328328328328329,0.539894303897994,0.5179049343975224,0.4310277689265673,0.4254416677465638
M-0612,Plastic,144.8,31.84,0.6,26.38,45.38,False,False,False,False,False,True,False,False,False,0.20823574025742264,0.2826453243470935,0.6,0.51640016400164,0.4540540540540541,0.48443469299557856,0.4567661563619455,0.31097916702222744,0.2863153415489776
M-1409,Bamboo,252.66,63.44,0.47,25.1,40.23,False,True,False,False,False,False,False,False,False,0.4488389212340226,0.6154170176916597,0.47,0.490159901599016,0.40250250250250247,0.5128456907091594,0.48808649299460394,0.5039740889645877,0.5099803741998895
M-1403,Aluminum,370.41,83.62,0.91,16.71,10.31,True,False,False,False,False,False,False,False,False,0.7115037141136318,0.8279275484414491,0.91,0.31816318163181634,0.10300300300300301,0.3075976086787895,0.26182062626209607,0.6275852243316973,0.6532353798220479
M-0982,Cotton,330.75,62.74,0.07,45.66,14.11,False,False,True,False,False,False,False,False,False,0.6230341966137991,0.6080454928390902,0.07,0.9116441164411644,0.14104104104104104,0.9118823657605946,0.9279852644979175,0.4679216878726029,0.4681986455086505
M-1498,Unknown,424.12,44.06,0.86,4.63,59.09,False,False,False,False,False,False,False,True,False,0.8313145508487809,0.41133108677337826,0.86,0.07052070520705206,0.5912912912912913,0.1251832939951021,0.060726747050042065,0.6461321609053088,0.6747297338317878
M-0202,Cotton,349.27,96.81,0.83,12.7,47.38,False,False,True,False,False,False,False,False,False,0.6643467398335898,0.9668281381634374,0.83,0.2359573595735957,0.47407407407407415,0.24516700833675004,0.1929970165246263,0.7421302861564147,0.7859835616663232
M-1237,Aluminum,377.57,38.72,0.73,47.57,78.4,True,False,False,False,False,False,False,False,False,0.7274755180798144,0.3550968828980623,0.73,0.95079950799508,0.7845845845845847,0.6730212463385894,0.6646643229325779,0.5407373064596658,0.5525858798714065
M-0180,Glass,166.05,89.4,0.12,36.08,63.81,False,False,False,True,False,False,False,False,False,0.25563809141404004,0.8887952822240944,0.12,0.7152521525215252,0.6385385385385386,0.7292974376590613,0.7267033007372373,0.5567341732289022,0.5711249154700847
M-1377,Paper,335.6,5.06,0.55,40.58,12.69,False,False,False,False,True,False,False,False,False,0.6338530861718977,0.0006318449873630935,0.55,0.8075030750307503,0.12682682682682683,0.7068191623357674,0.7019232082834405,0.2666847837680316,0.23498184231960118
M-0571,Wood,161.2,92.99,0.58,42.3,24.6,False,False,False,False,False,False,False,False,True,0.24481920185594142,0.9266006739679865,0.58,0.8427634276342763,0.24604604604604605,0.7070534519759611,0.7021814896178163,0.47492982298415637,0.4763204901290791
M-0837,Unknown,362.82,43.77,0.39,38.22,41.74,False,False,False,False,False,False,False,True,False,0.694572709629927,0.4082771693344566,0.39,0.7591225912259122,0.4176176176176177,0.6967117929737856,0.6907808255315471,0.49360872203846656,0.4979677776577795
M-1435,Paper,343.92,69.35,0.75,35.01,28.88,False,False,False,False,True,False,False,False,False,0.6524125008365121,0.677653748946925,0.75,0.6933169331693316,0.2888888888888889,0.5621012710127101,0.5423859361784212,0.5539692718850476,0.5679206252062483
M-0684,Paper,350.09,56.73,0.92,49.41,21.04,False,False,False,False,True,False,False,False,False,0.6661759129135157,0.5447556866048863,0.92,0.9885198851988519,0.2104104104104104,0.6960708900782702,0.6900742929895098,0.46705615339363754,0.4671955631707841
M-0665,Aluminum,289.03,26.31,0.41,26.35,48.53,True,False,False,False,False,False,False,False,False,0.5299694394253719,0.22441027801179442,0.41,0.5157851578515785,0.4855855855855856,0.5379125361523885,0.515720229955044,0.4095715024349675,0.4005756427905102
M-1200,Steel,245.31,51.71,0.85,28.03,27.89,False,False,False,False,False,False,True,False,False,0.43244328448102787,0.49189132266217356,0.85,0.5502255022550225,0.278978978978979,0.4472374034551156,0.4157597953050488,0.42429035807041404,0.417633569979234
M-0645,Cotton,201.65,19.4,0.95,23.73,27.82,False,False,True,False,False,False,False,False,False,0.33505097146936136,0.15164279696714406,0.95,0.4620746207462075,0.2782782782782783,0.3644169446198967,0.32445836770504827,0.27979101253381183,0.2501708693433487
M-1226,Wood,473.31,81.27,0.45,46.31,15.37,False,False,False,False,False,False,False,False,True,0.9410426286555578,0.8031802864363943,0.45,0.9249692496924969,0.15365365365365363,0.8046161844501328,0.809734827050679,0.6487118260436642,0.6777193507688127
M-0949,Wood,483.4,14.74,0.14,11.26,34.4,False,False,False,False,False,False,False,False,True,0.9635503803341585,0.10256950294860993,0.14,0.20643706437064369,0.3441441441441441,0.4474478242079718,0.41599176353370426,0.5213270815407334,0.5300910466055284
M-0095,Wood,116.9,94.46,0.16,48.08,90.94,False,False,False,False,False,False,False,False,True,0.14599924156238148,0.9420808761583824,0.16,0.9612546125461254,0.9101101101101101,0.8377417565166643,0.8462525192039964,0.5667246019696769,0.5827029898982261
M-0225,Unknown,64.03,55.67,0.27,1.48,54.66,False,False,False,False,False,False,False,True,False,0.02806219188471748,0.5335930918281382,0.27,0.005945059450594505,0.5469469469469469,0.26787234097566204,0.21802741738475784,0.4053742327438294,0.3957113569685575
M-0538,Bamboo,207.78,23.71,0.58,41.16,28.35,False,True,False,False,False,False,False,False,False,0.3487251555912467,0.19703032855939345,0.58,0.8193931939319392,0.2835835835835836,0.6892775580008051,0.6825853110935332,0.26579181677624686,0.23394696798527354
M-0840,Steel,372.92,29.04,0.73,2.04,7.42,False,False,False,False,False,False,True,False,False,0.7171027682973076,0.2531592249368155,0.73,0.01742517425174252,0.07407407407407407,0.1840476971436381,0.12561897437972053,0.4526639950215836,0.4505162508873038
M-0161,Bamboo,315.63,70.39,0.04,34.7,41.61,False,True,False,False,False,False,False,False,False,0.5893060295790671,0.6886057287278855,0.04,0.6869618696186962,0.4163163163163163,0.758545490139586,0.7589464080992081,0.561836191708827,0.5770377297473369
M-0564,Bamboo,417.78,20.46,0.88,14.79,36.26,False,True,False,False,False,False,False,False,False,0.8171719199625241,0.1628053917438922,0.88,0.2788027880278803,0.36276276276276276,0.26700539654045186,0.2170716962296499,0.4876643328470103,0.4910787259189266
M-1341,Bamboo,399.03,95.39,0.04,23.24,86.27,False,True,False,False,False,False,False,False,False,0.775346316000803,0.9518744734625106,0.04,0.45202952029520294,0.8633633633633634,0.5728813758407855,0.5542699437572636,0.8319969969553122,0.8901315910692341
M-0046,Paper,442.46,5.73,0.66,7.59,28.56,False,False,False,False,True,False,False,False,False,0.8722255682705391,0.007687447346251056,0.66,0.13120131201312013,0.2856856856856857,0.2521522186393035,0.20069752533221769,0.4519865614017016,0.44973116177104716
M-0991,Plastic,422.39,44.5,0.72,46.07,60.38,False,False,False,False,False,True,False,False,False,0.8274554417899127,0.41596461668070767,0.72,0.9200492004920049,0.6042042042042043,0.6756090998747825,0.6675171774759733,0.5640329412563575,0.5795835794221849
M-1379,Wood,446.87,80.3,0.34,28.24,86.74,False,False,False,False,False,False,False,False,True,0.882062950322336,0.7929654591406908,0.34,0.554530545305453,0.868068068068068,0.543911520376465,0.5223335213025092,0.8044205023951276,0.8581727317680373
M-1296,Plastic,375.27,19.72,0.6,5.22,10.08,False,False,False,False,False,True,False,False,False,0.7223449106605099,0.15501263689974726,0.6,0.08261582615826157,0.1007007007007007,0.25949942562488687,0.2087970999553324,0.41895369917040404,0.4114488270072194
M-1164,Wood,215.74,39.24,0.2,20.41,4.93,False,False,False,False,False,False,False,False,True,0.3664815186597961,0.36057287278854255,0.2,0.3940139401394014,0.04914914914914915,0.5714934491687259,0.5527398908168991,0.3248974728228082,0.30244549818730615
M-0113,Cotton,285.98,33.03,0.37,27.65,95.78,False,False,True,False,False,False,False,False,False,0.5231658078475987,0.29517691659646167,0.37,0.5424354243542435,0.9585585585585585,0.5186053987566902,0.4944360058407601,0.5238881228317085,0.5330590800553274
M-0444,Cotton,329.41,51.71,0.73,30.09,17.64,False,False,True,False,False,False,False,False,False,0.6200450601173348,0.49189132266217356,0.73,0.5924559245592456,0.17637637637637638,0.5188359170979097,0.4946901296881442,0.46520741679217864,0.4650530315012113
M-0358,Cotton,391.21,51.71,0.05,25.1,24.47,False,False,True,False,False,False,False,False,False,0.7579022507751678,0.49189132266217356,0.05,0.490159901599016,0.24474474474474472,0.6546214664849351,0.6443803714574143,0.5373607094921168,0.5486726853510794
M-1445,Glass,99.95,37.78,0.5,28.53,37.78,False,False,False,True,False,False,False,False,False,0.10818889558098552,0.3451979780960404,0.5,0.5604756047560476,0.377977977977978,0.5484875650558307,0.527378161453788,0.2782334409069499,0.24836577361713963
M-0327,Glass,222.95,98.0,0.43,25.1,57.4,False,False,False,True,False,False,False,False,False,0.3825648575698766,0.9793597304128054,0.43,0.490159901599016,0.5743743743743743,0.5076585035219722,0.4823681282079405,0.642532490508912,0.6705580157956881
M-0319,Bamboo,209.58,81.33,0.67,25.1,15.48,False,True,False,False,False,False,False,False,False,0.352740413571572,0.8038121314237574,0.67,0.490159901599016,0.15475475475475475,0.4776204654839341,0.44925413930053104,0.4867283515394146,0.48999400157687095
M-0670,Bamboo,470.24,33.78,0.18,29.7,47.71,False,True,False,False,False,False,False,False,False,0.9341943831002253,0.30307497893850044,0.18,0.584460844608446,0.4773773773773774,0.6489387690273299,0.6381157552285845,0.5700736677281849,0.5865842780413953
M-0350,Bamboo,207.56,17.71,0.03,36.05,47.71,False,True,False,False,False,False,False,False,False,0.34823440183809584,0.1338458298230834,0.03,0.7146371463714637,0.4773773773773774,0.7720445500851404,0.7738277968480831,0.29273984191974184,0.2651774836016249
M-0977,Cotton,279.24,27.95,0.92,6.95,9.61,False,False,True,False,False,False,False,False,False,0.5081308974101586,0.24168070766638583,0.92,0.11808118081180813,0.095995995995996,0.18524910888748525,0.12694341291690486,0.36982514289480894,0.35451292406799645
M-0163,Unknown,330.87,51.13,0.01,37.09,20.06,False,False,False,False,False,False,False,True,False,0.6233018804791541,0.4857834877843303,0.01,0.7359573595735958,0.2006006006006006,0.8185143556840974,0.8250561968249626,0.45470426305498,0.45288075152656154
M-0992,Paper,380.13,45.75,0.11,5.65,16.39,False,False,False,False,True,False,False,False,False,0.7331861072073881,0.4291280539174389,0.11,0.0914309143091431,0.16386386386386387,0.40547216219909954,0.3697177157952073,0.5304396377355479,0.5406517399042629
M-0790,Bamboo,286.32,54.28,0.09,43.46,39.37,False,True,False,False,False,False,False,False,False,0.5239242454661045,0.5189553496208931,0.09,0.8665436654366544,0.3938938938938939,0.8535368098726032,0.863665015351653,0.4571322705155625,0.45569460985237814
M-0933,Aluminum,338.44,34.43,0.94,6.7,61.49,True,False,False,False,False,False,False,False,False,0.6401882709852996,0.3099199663016007,0.94,0.11295612956129561,0.6153153153153154,0.12424214620524585,0.05968922397899236,0.5443053331573486,0.5567209254975028
M-0577,Unknown,131.95,74.24,0.02,32.23,21.46,False,False,False,False,False,False,False,True,False,0.17957125967565635,0.7291491154170177,0.02,0.6363263632636326,0.21461461461461462,0.7543343564967181,0.754304046552127,0.39734241787899555,0.3864031528152604
M-1451,Cotton,489.56,63.09,0.3,28.99,19.13,False,False,True,False,False,False,False,False,False,0.9772914854223829,0.611731255265375,0.3,0.5699056990569905,0.19129129129129127,0.6328142903050652,0.6203400999454172,0.6374256475932744,0.6646396103994554
M-0849,Bamboo,88.55,5.79,0.41,10.71,99.74,False,True,False,False,False,False,False,False,False,0.08275892837225901,0.00831929233361415,0.41,0.19516195161951622,0.9981981981981982,0.2942773511518899,0.24713634963154424,0.31200082172474364,0.2874993542167539
M-1431,Aluminum,187.39,76.32,0.39,33.12,0.68,True,False,False,False,False,False,False,False,False,0.3032412054696736,0.7510530749789385,0.39,0.6545715457154571,0.006606606606606607,0.6750822667686136,0.6669363956815152,0.40486716490678987,0.39512370759837595
M-1083,Steel,312.09,21.14,0.65,27.37,20.62,False,False,False,False,False,False,True,False,False,0.5814093555510941,0.169966301600674,0.65,0.5366953669536696,0.20620620620620622,0.5063965995515811,0.4809770029278929,0.3505531845489931,0.3321783302388838
M-0580,Plastic,274.19,7.77,0.81,27.21,57.35,False,False,False,False,False,True,False,False,False,0.4968658680764684,0.029170176916596458,0.81,0.5334153341533415,0.5738738738738739,0.41966181310461753,0.3853604133006275,0.34554585710701335,0.3263752549841955
M-0728,Glass,393.03,6.08,0.36,8.35,1.28,False,False,False,True,False,False,False,False,False,0.7619621227330522,0.011373209772535808,0.36,0.14678146781467813,0.012612612612612614,0.3788076194275456,0.3403226743334364,0.35851174211801046,0.3414016352907134
M-0719,Cotton,441.84,94.97,0.95,46.89,61.42,False,False,True,False,False,False,False,False,False,0.8708425349662048,0.9474515585509689,0.95,0.9368593685936859,0.6146146146146146,0.61565415969475,0.6014227400978768,0.7656399187945652,0.8132292668833407
M-0321,Cotton,183.34,43.48,0.32,48.8,36.5,False,False,True,False,False,False,False,False,False,0.2942068750139419,0.40522325189553493,0.32,0.9760147601476015,0.3651651651651652,0.8530923395720442,0.8631750304670296,0.3202321014365898,0.29703872150673216
M-0656,Steel,263.58,10.19,0.68,31.52,21.68,False,False,False,False,False,False,True,False,False,0.47319815298132895,0.05465459140690816,0.68,0.6217712177121771,0.2168168168168168,0.5473810489456246,0.5261583360393307,0.2659347021280286,0.2341125602016384
M-0407,Wood,121.37,83.11,0.54,34.13,47.71,False,False,False,False,False,False,False,False,True,0.15597046554685584,0.8225568660488627,0.54,0.6752767527675277,0.4773773773773774,0.5954283139227788,0.5791257301637428,0.4704323662572242,0.4711083125466255
M-0447,Glass,488.07,69.37,0.03,22.95,13.11,False,False,False,True,False,False,False,False,False,0.9739677440942247,0.6778643639427128,0.03,0.4460844608446084,0.13103103103103103,0.645547573403662,0.6343772948763208,0.6597389979346734,0.6904989241183458
M-0425,Cotton,335.3,89.57,0.87,47.94,9.68,False,False,True,False,False,False,False,False,False,0.6331838765085102,0.8905855096882898,0.87,0.9583845838458384,0.09669669669669669,0.7043610806378333,0.6992134144555007,0.5568201661236354,0.5712245740694648
M-0389,Aluminum,266.26,95.32,0.67,1.86,66.91,True,False,False,False,False,False,False,False,False,0.4791764259742577,0.9511373209772536,0.67,0.013735137351373519,0.6695695695695696,0.14028412545386715,0.07737393168923114,0.7331502116118054,0.775576403560746
M-1261,Bamboo,65.13,36.85,0.17,3.56,47.71,False,True,False,False,False,False,False,False,False,0.03051596065047177,0.33540438079191237,0.17,0.04858548585485854,0.4773773773773774,0.33041355377517734,0.2869729665007329,0.31868904639482404,0.29525044929301153
M-1017,Plastic,381.81,50.05,0.86,49.09,28.25,False,False,False,False,False,True,False,False,False,0.7369336813223583,0.4744102780117944,0.86,0.981959819598196,0.2825825825825826,0.7029176335006594,0.6976221556513045,0.4822909203236503,0.4848513885600552
M-1400,Steel,422.71,99.96,0.13,43.09,25.23,False,False,False,False,False,False,True,False,False,0.8281692654308594,1.0,0.13,0.8589585895858959,0.25235235235235237,0.8511399185163023,0.8610226778699472,0.7044338544126817,0.7422965384434892
M-0406,Paper,388.72,44.57,0.01,7.36,47.71,False,False,False,False,True,False,False,False,False,0.7523478105690513,0.41670176916596463,0.01,0.12648626486264863,0.4773773773773774,0.42515402117985146,0.3914150336806328,0.5919942018964662,0.6119883505482272
M-0149,Aluminum,55.85,66.35,0.54,20.33,32.01,True,False,False,False,False,False,False,False,False,0.009815075063017237,0.64606149957877,0.54,0.39237392373923735,0.32022022022022023,0.44140233222152037,0.4093272019426417,0.35436345279474585,0.33659411363369013
M-0110,Bamboo,79.57,18.5,0.83,25.42,63.39,False,True,False,False,False,False,False,False,False,0.062727252448192,0.14216512215669758,0.83,0.49671996719967204,0.6343343343343344,0.38559854688636974,0.34780900537335846,0.24890720125861104,0.2143791055615254
M-1022,Aluminum,403.26,5.95,0.4,46.49,70.88,True,False,False,False,False,False,False,False,False,0.7847821722545673,0.010004212299915757,0.4,0.928659286592866,0.7093093093093092,0.7662646410247885,0.767456014367884,0.4271711677966443,0.4209721883998306
M-0996,Unknown,266.6,21.31,0.05,30.73,59.94,False,False,False,False,False,False,False,True,False,0.4799348635927636,0.17175652906486938,0.05,0.6055760557605576,0.5997997997997998,0.6883656534763546,0.6815800258525653,0.38749434181407577,0.3749900532764715
M-0567,Plastic,286.88,51.71,0.72,6.9,3.93,False,False,False,False,False,True,False,False,False,0.5251734368377612,0.49189132266217356,0.72,0.11705617056170561,0.03913913913913914,0.2503197884231095,0.1986774508594505,0.4520948765966344,0.449856690056286
M-0221,Glass,348.65,26.64,0.97,34.67,19.89,False,False,False,True,False,False,False,False,False,0.6629637065292555,0.22788542544229146,0.97,0.6863468634686347,0.1988988988988989,0.500918228191291,0.47493763616813345,0.38294228962295773,0.36971460410035717
M-0706,Steel,468.93,70.99,0.5,31.5,99.89,False,False,False,False,False,False,True,False,False,0.9312721675700997,0.6949241786015165,0.5,0.6213612136121361,0.9996996996996997,0.5228467581973116,0.4991116883634076,0.8069725397387919,0.861130330393184
M-0329,Cotton,148.21,38.99,0.77,45.68,55.67,False,False,True,False,False,False,False,False,False,0.21584242343126103,0.3579401853411963,0.77,0.9120541205412054,0.5570570570570571,0.6605267666190174,0.6508903852901187,0.32102991242765094,0.2979633179653801
M-0100,Steel,317.92,5.96,0.07,34.95,7.17,False,False,False,False,False,False,True,False,False,0.594414330009592,0.010109519797809594,0.07,0.6920869208692088,0.07157157157157157,0.7870949953643681,0.7904194356693938,0.256688969659984,0.22339752669954238
M-0036,Steel,458.8,31.3,0.1,35.77,47.71,False,False,False,False,False,False,True,False,False,0.9086751879363804,0.2769587194608256,0.1,0.7088970889708898,0.4773773773773774,0.7476005156447961,0.7468806478936516,0.5395576341674087,0.5512187379844098
M-0764,Plastic,58.2,38.53,0.63,25.59,11.29,False,False,False,False,False,True,False,False,False,0.015057217426219627,0.3530960404380792,0.63,0.5002050020500205,0.1128128128128128,0.499841719948731,0.47375089148268745,0.20139570261006506,0.15931723766587924
M-1194,Cotton,278.01,99.58,0.36,2.59,16.39,False,False,True,False,False,False,False,False,False,0.5053871377902697,0.9959983150800338,0.36,0.028700287002870025,0.16386386386386387,0.29283378581533565,0.24554496052413166,0.655387652577092,0.6854560774378019
M-0050,Wood,465.12,37.19,0.57,2.33,52.68,False,False,False,False,False,False,False,False,True,0.9227732048450779,0.33898483572030325,0.57,0.023370233702337023,0.5271271271271272,0.1903094275086895,0.13252191756086062,0.6447037162530751,0.6730742855092807
M-1209,Aluminum,336.28,71.23,0.19,3.01,15.03,True,False,False,False,False,False,False,False,False,0.6353699614089093,0.697451558550969,0.19,0.03731037310373103,0.15025025025025024,0.35036119883721356,0.3089632874556747,0.5928065447256343,0.6129297881963321
M-1348,Bamboo,278.01,57.5,0.26,13.35,19.11,False,True,False,False,False,False,False,False,False,0.5053871377902697,0.5528643639427128,0.26,0.24928249282492826,0.19109109109109107,0.45246038658584786,0.4215176216063418,0.48367799454226923,0.48645889199731823
M-0094,Unknown,482.48,38.7,0.41,25.1,8.54,False,False,False,False,False,False,False,True,False,0.9614981373664369,0.3548862679022747,0.41,0.490159901599016,0.08528528528528527,0.5625674124308812,0.5428998113433389,0.5287756087412044,0.5387232689600219
M-0369,Glass,169.52,85.06,0.14,27.98,69.26,False,False,False,True,False,False,False,False,False,0.2633786165205559,0.8430918281381635,0.14,0.54920049200492,0.6930930930930932,0.6182109858936427,0.6042413900470208,0.5709632250486785,0.5876152008508176
M-0062,Bamboo,427.5,88.05,0.46,31.14,5.21,False,True,False,False,False,False,False,False,False,0.8388543130562806,0.8745787700084247,0.46,0.6139811398113981,0.05195195195195195,0.6251934886916437,0.6119389140965664,0.6486938554818973,0.6776985243851759
M-1478,Cotton,278.01,13.77,0.88,5.4,12.58,False,False,True,False,False,False,False,False,False,0.5053871377902697,0.09235467565290649,0.88,0.0863058630586306,0.1257257257257257,0.17521094526260578,0.11587732269809341,0.32572419354439375,0.303403598614642
M-0569,Bamboo,86.73,51.71,0.41,46.51,44.27,False,True,False,False,False,False,False,False,False,0.07869905641437464,0.49189132266217356,0.41,0.9290692906929069,0.442942942942943,0.7901472801214499,0.7937842800530472,0.29538829219608975,0.26824681678185536
M-1131,Plastic,360.0,39.99,0.2,30.43,5.4,False,False,False,False,False,True,False,False,False,0.6882821387940842,0.3684709351305813,0.2,0.5994259942599426,0.053853853853853856,0.6942702111705802,0.6880892212181929,0.42069174721840946,0.4134630798667951
M-0727,Glass,413.53,84.7,0.42,3.44,66.74,False,False,False,True,False,False,False,False,False,0.8076914497312007,0.8393007582139849,0.42,0.046125461254612546,0.6678678678678679,0.23488848996598075,0.18166595878765807,0.8054083002289272,0.8593175071461959
M-0743,Plastic,152.27,57.51,0.57,23.52,33.68,False,False,False,False,False,True,False,False,False,0.22489906087577238,0.5529696714406066,0.57,0.4577695776957769,0.33693693693693694,0.4699680529237724,0.4408181054852991,0.3938644859285423,0.3823725194937883
M-0816,Steel,240.68,30.4,0.9,39.9,89.41,False,False,False,False,False,False,True,False,False,0.42211514867608024,0.2674810446503791,0.9,0.7935629356293562,0.8947947947947947,0.5166582818981342,0.49228950060050436,0.44096133306028407,0.4369538408335388
M-1278,Bamboo,491.58,77.13,0.05,41.93,22.76,False,True,False,False,False,False,False,False,False,0.981797497155859,0.7595829823083403,0.05,0.8351783517835178,0.22762762762762764,0.8633442483073479,0.874476753692452,0.6714908581596435,0.7041183508601121
M-0407,Wood,121.37,83.11,0.54,34.13,47.71,False,False,False,False,False,False,False,False,True,0.15597046554685584,0.8225568660488627,0.54,0.6752767527675277,0.4773773773773774,0.5954283139227788,0.5791257301637428,0.4704323662572242,0.4711083125466255
M-0035,Wood,131.72,18.3,0.8,23.56,72.92,False,False,False,False,False,False,False,False,True,0.17905819893372593,0.14005897219882057,0.8,0.4585895858958589,0.7297297297297297,0.36218077856454234,0.32199321409353876,0.31177799725275135,0.28724111922123174
M-0300,Cotton,59.57,11.27,0.2,7.65,48.71,False,False,True,False,False,False,False,False,False,0.01811327488902273,0.06602780117944397,0.2,0.13243132431324314,0.4873873873873874,0.3707200558492072,0.3314069292277831,0.2136837216701165,0.17355802782046303
M-0663,Steel,171.39,74.29,0.67,35.81,25.41,False,False,False,False,False,False,True,False,False,0.2675500234223382,0.7296756529064871,0.67,0.7097170971709718,0.25415415415415415,0.5994148428871676,0.5835204870962252,0.42888810782882253,0.42296197882795117
M-0167,Cotton,278.01,41.5,0.73,18.32,37.94,False,False,True,False,False,False,False,False,False,0.5053871377902697,0.38437236731255264,0.73,0.35116851168511687,0.3795795795795796,0.35374314905311216,0.31269155565324674,0.45221489153339206,0.4499957773673839
M-0788,Cotton,356.5,98.14,0.62,43.81,35.1,False,False,True,False,False,False,False,False,False,0.6804746927212295,0.9808340353833194,0.62,0.8737187371873719,0.3511511511511512,0.703116127197308,0.6978409754710506,0.6643164113480851,0.6958037648377985
M-0637,Aluminum,398.06,53.16,0.96,28.73,9.47,True,False,False,False,False,False,False,False,False,0.7731825380891834,0.5071609098567819,0.96,0.5645756457564576,0.0945945945945946,0.44128592799441513,0.4091988777065429,0.5105815611243609,0.5176378838456461
M-1356,Paper,192.54,22.37,0.11,6.72,60.44,False,False,False,False,True,False,False,False,False,0.31472930469115973,0.18291912384161751,0.11,0.1133661336613366,0.6048048048048048,0.3745391997163215,0.33561716051823137,0.3838012975812994,0.3707101227446626
M-1318,Cotton,166.38,68.39,0.34,28.45,33.34,False,False,True,False,False,False,False,False,False,0.2563742220437663,0.6675442291491155,0.34,0.5588355883558835,0.3335335335335336,0.5999479996601768,0.5841082401127496,0.43419460578862695,0.4291117677835183
M-0226,Plastic,168.02,87.65,0.9,21.05,43.6,False,False,False,False,False,True,False,False,False,0.2600325682036182,0.8703664700926707,0.9,0.40713407134071344,0.43623623623623625,0.3306568191808044,0.28724114273558854,0.542173503516877,0.5542503125852901
M-0107,Wood,66.45,90.73,0.35,9.29,62.8,False,False,False,False,False,False,False,False,True,0.03346048316937697,0.9028011794439765,0.35,0.16605166051660514,0.6284284284284284,0.33178815346712026,0.28848832775347133,0.5367721015486988,0.5479905377921789
M-1253,Cotton,457.81,99.74,0.85,24.25,9.58,False,False,True,False,False,False,False,False,False,0.9064667960472015,0.9976832350463354,0.85,0.47273472734727345,0.09569569569569569,0.4190712668387945,0.3847093940006648,0.7383181772871495,0.7815656451422414
M-1390,Aluminum,436.18,24.72,0.93,23.04,28.79,True,False,False,False,False,False,False,False,False,0.8582167793169599,0.20766638584667224,0.93,0.44792947929479293,0.287987987987988,0.3609588887780769,0.32064620052414866,0.48586375747538957,0.48899200910155743
M-0908,Glass,187.49,11.08,0.55,36.44,66.94,False,False,False,True,False,False,False,False,False,0.3034642753574695,0.06402695871946082,0.55,0.7226322263222632,0.6698698698698698,0.6015923488063708,0.5859209736647222,0.2903326832686733,0.2623877873087454
M-1284,Aluminum,487.4,51.71,0.6,1.45,10.93,True,False,False,False,False,False,False,False,False,0.9724731758459924,0.49189132266217356,0.6,0.005330053300533006,0.10920920920920921,0.2122771110593989,0.15673913269649942,0.6338364109896465,0.6604799842597477
M-0111,Cotton,398.99,6.11,0.81,30.56,7.19,False,False,True,False,False,False,False,False,False,0.7752570880456847,0.011689132266217359,0.81,0.602091020910209,0.07177177177177177,0.5110774353689482,0.4861371650242794,0.32957642937249915,0.3078680189403205
M-1166,Plastic,374.93,58.79,0.92,21.81,24.48,False,False,False,False,False,True,False,False,False,0.7215864730420041,0.5664490311710194,0.92,0.4227142271422714,0.24484484484484484,0.3531440518008784,0.3120311097299875,0.5575099727293,0.5720240024452274
M-0454,Wood,195.62,6.61,0.96,13.36,11.26,False,False,False,False,False,False,False,False,True,0.3215998572352718,0.016954507160909862,0.96,0.24948749487494876,0.11251251251251251,0.250441245673718,0.19881134555804175,0.2160477805536712,0.17629777507421124
M-1046,Glass,88.16,11.32,0.32,44.18,0.07,False,False,False,True,False,False,False,False,False,0.08188895580985522,0.06655433866891322,0.32,0.8813038130381303,0.0005005005005005005,0.8327322377728281,0.8407300164391758,0.06392487186385602,0.0
M-0587,Wood,139.79,99.36,0.6,44.44,4.98,False,False,False,False,False,False,False,False,True,0.1970599388788507,0.9936815501263689,0.6,0.8866338663386634,0.04964964964964965,0.7470153548382331,0.7462355655339769,0.4380260644478904,0.4335521091018288
M-1242,Paper,121.51,62.65,0.57,15.65,47.71,False,False,False,False,True,False,False,False,False,0.15628276338977004,0.6070977253580455,0.57,0.2964329643296433,0.4773773773773774,0.35912204086004823,0.3186212559686762,0.4330153501042466,0.4277451087103356
M-0561,Paper,86.05,28.5,0.28,9.16,96.69,False,False,False,False,True,False,False,False,False,0.07718218117736286,0.2474726200505476,0.28,0.16338663386633867,0.9676676676676677,0.3172652135530364,0.272478211826161,0.39082405057666836,0.3788489082743544
M-0886,Steel,155.59,63.59,0.95,6.01,4.38,False,False,False,False,False,False,True,False,False,0.2323049811505945,0.6169966301600674,0.95,0.09881098810988109,0.04364364364364364,0.16992222850156433,0.11004703152069413,0.39610319387647225,0.38496699545838986
M-0805,Wood,152.64,67.39,0.46,42.56,47.71,False,False,False,False,False,False,False,False,True,0.22572441946061694,0.6570134793597304,0.46,0.8480934809348094,0.4773773773773774,0.7231183508231479,0.7198914639360705,0.4196243919691161,0.4122261040734391
M-0680,Plastic,440.56,42.35,0.8,44.73,66.58,False,False,False,False,False,True,False,False,False,0.867987240402418,0.3933235046335299,0.8,0.8925789257892578,0.6662662662662663,0.6289207288469281,0.6160478305644476,0.5854541214369092,0.6044089422674057
M-0342,Paper,342.34,81.38,0.34,26.74,92.32,False,False,False,False,True,False,False,False,False,0.6488879966093376,0.8043386689132266,0.34,0.523780237802378,0.9239239239239239,0.5198757502890344,0.4958364437287902,0.7410360939374444,0.7847154840613826
M-0870,Wood,378.79,25.37,0.86,33.93,43.8,False,False,False,False,False,False,False,False,True,0.7301969707109237,0.21451137320977254,0.86,0.6711767117671177,0.4382382382382382,0.5008822032364467,0.47489792219102245,0.45117789684317955,0.4487939869321181
M-1292,Steel,302.55,81.86,0.59,40.44,26.83,False,False,False,False,False,False,True,False,False,0.5601284882553704,0.8093934288121315,0.59,0.8046330463304633,0.26836836836836836,0.6789429909614412,0.6711924652002357,0.552543040014253,0.5662677413130425
M-0469,Steel,344.53,85.47,0.69,5.56,93.77,False,False,False,False,False,False,True,False,False,0.6537732271520666,0.8474094355518114,0.69,0.08958589585895858,0.9384384384384384,0.15290769367153134,0.09129017673167734,0.8041430300481492,0.8578511644391043
M-0428,Unknown,98.14,10.52,0.81,9.16,77.04,False,False,False,False,False,False,False,True,False,0.1041513306118807,0.058129738837405215,0.81,0.16338663386633867,0.770970970970971,0.1779348832227061,0.11888019696308401,0.29465390511481043,0.26739572334965717
M-1135,Glass,122.03,8.2,0.11,25.1,10.47,False,False,False,True,False,False,False,False,False,0.1574427268063084,0.033698399326032,0.11,0.490159901599016,0.1046046046046046,0.6506354804989491,0.6399862131053314,0.13880432490733846,0.08677904652255485
M-0104,Paper,454.12,88.0,0.94,25.1,78.13,False,False,False,False,True,False,False,False,False,0.8982355171875349,0.8740522325189554,0.94,0.490159901599016,0.7818818818818819,0.3339077527712214,0.29082497796195955,0.8276610986137463,0.8851066461930834
M-0365,Bamboo,316.82,35.05,0.6,21.64,51.71,False,True,False,False,False,False,False,False,False,0.5919605612438377,0.31644903117101936,0.6,0.4192291922919229,0.5174174174174174,0.419795773633412,0.3855080916363068,0.4795039215994911,0.4816214892737762
M-0462,Steel,253.12,54.21,0.5,48.45,17.08,False,False,False,False,False,False,True,False,False,0.4498650427178835,0.5182181971356361,0.5,0.9688396883968841,0.17077077077077074,0.8142267359610533,0.8203295168810769,0.37609931926319756,0.361784171664409
M-0888,Wood,118.59,75.1,0.66,46.73,62.33,False,False,False,False,False,False,False,False,True,0.1497691226661313,0.7382055602358888,0.66,0.9335793357933578,0.6237237237237238,0.6997752291036423,0.6941579632092533,0.44217795018111605,0.43836379869831527
M-0378,Aluminum,233.8,70.27,0.95,25.1,27.81,True,False,False,False,False,False,False,False,False,0.40676794039572595,0.6873420387531592,0.95,0.490159901599016,0.2781781781781782,0.3812781231415918,0.3430461622150032,0.4895581381778439,0.49327348849035785
M-1126,Cotton,294.01,78.91,0.64,2.93,54.36,False,False,True,False,False,False,False,False,False,0.5410783198376051,0.7783277169334457,0.64,0.03567035670356704,0.543943943943944,0.17500781962774584,0.11565339662106251,0.6670138659882999,0.6989298899923153
M-0230,Steel,318.58,80.45,0.5,15.9,3.88,False,False,False,False,False,False,True,False,False,0.5958865912690445,0.7945450716090986,0.5,0.3015580155801558,0.03863863863863864,0.42707094548422964,0.3935282545931018,0.5642230081770623,0.5798038511453859
M-0525,Plastic,266.23,56.92,0.6,2.38,43.02,False,False,False,False,False,True,False,False,False,0.47910950500791905,0.5467565290648695,0.6,0.024395243952439524,0.4304304304304305,0.19159410332842067,0.13393814656990322,0.5426996736163181,0.554860099885842
M-0371,Paper,449.94,79.95,0.29,25.1,90.75,False,False,False,False,True,False,False,False,False,0.8889111958776685,0.7892796967144061,0.29,0.490159901599016,0.9082082082082082,0.5162751201385888,0.49186710236533115,0.8199924638889662,0.8762193375590349
M-0025,Paper,408.78,51.71,0.66,24.11,42.98,False,False,False,False,True,False,False,False,False,0.797095630060898,0.49189132266217356,0.66,0.46986469864698643,0.43003003003003004,0.4409158161851888,0.40879086576083257,0.5901649695943825,0.609868422736376
M-1346,Glass,406.78,66.25,0.44,14.34,90.53,False,False,False,True,False,False,False,False,False,0.7926342323049811,0.6450084245998315,0.44,0.2695776957769578,0.906006006006006,0.33914601686557405,0.29659965002592115,0.7574183615401897,0.8037011671114181
M-1448,Cotton,439.05,68.45,0.06,18.42,28.96,False,False,True,False,False,False,False,False,False,0.8646188850967008,0.6681760741364786,0.06,0.3532185321853219,0.2896896896896897,0.5649621503422242,0.5455397748633247,0.6590943204510183,0.689751796634473
M-1291,Aluminum,432.78,25.0,0.76,10.24,97.97,True,False,False,False,False,False,False,False,False,0.8506324031319011,0.21061499578770004,0.76,0.1855268552685527,0.9804804804804805,0.18526806511308355,0.1269643102952021,0.6489800001911012,0.6780301422592777
M-1182,Cotton,302.67,99.11,0.34,47.12,76.93,False,False,True,False,False,False,False,False,False,0.5603961721207255,0.9910488626790228,0.34,0.9415744157441573,0.7698698698698699,0.7859576624595073,0.7891656377632889,0.7028222945794701,0.74042887488485
M-0677,Paper,52.22,81.64,0.24,39.06,10.06,False,False,False,False,True,False,False,False,False,0.0017176381360280157,0.8070766638584668,0.24,0.7763427634276343,0.10050050050050051,0.7837556080065305,0.7867380888455785,0.32554382945540977,0.30319457166488784
M-0616,Glass,109.21,60.11,0.67,22.69,37.32,False,False,False,True,False,False,False,False,False,0.12884516719088088,0.5803496208930076,0.67,0.44075440754407547,0.3733733733733734,0.42611530718910795,0.39247475716214175,0.37881740974962813,0.36493421204514603
M-1173,Glass,328.82,77.42,0.6,3.85,17.85,False,False,False,True,False,False,False,False,False,0.6187289477793392,0.762636899747262,0.6,0.05453054530545305,0.1784784784784785,0.234870479335424,0.18164610383509033,0.6137206877994608,0.6371675372852449
M-0437,Cotton,278.01,16.81,0.13,25.53,59.26,False,False,True,False,False,False,False,False,False,0.5053871377902697,0.12436815501263689,0.13,0.4989749897498975,0.592992992992993,0.6010856945506393,0.5853624370724542,0.38911545210462617,0.37686878501934595
M-1359,Paper,174.61,93.08,0.77,46.89,74.23,False,False,False,False,True,False,False,False,False,0.2747328738093645,0.9275484414490311,0.77,0.9368593685936859,0.7428428428428429,0.6568313368719272,0.6468165366752958,0.5756810920496385,0.5930828155745228
M-0547,Steel,125.37,11.94,0.14,7.65,47.71,False,False,False,False,False,False,True,False,False,0.16489326105868968,0.07308340353833191,0.14,0.13243132431324314,0.4773773773773774,0.3897210568502082,0.35235366801212203,0.2655241756531087,0.2336367942255551
M-0826,Paper,93.07,87.28,0.31,2.72,16.86,False,False,False,False,True,False,False,False,False,0.09284168730063128,0.8664700926705982,0.31,0.03136531365313654,0.16856856856856856,0.30896233133502504,0.26332509905233115,0.46633630533833037,0.46636131925817964
M-1467,Plastic,423.23,37.3,0.44,5.38,56.28,False,False,False,False,False,True,False,False,False,0.8293292288473979,0.3401432181971356,0.44,0.08589585895858957,0.5631631631631632,0.26322119905883745,0.21289998989946474,0.6133584032023605,0.6367476796256555
M-1265,Wood,278.01,85.99,0.2,25.92,67.71,False,False,False,False,False,False,False,False,True,0.5053871377902697,0.8528854254422915,0.2,0.506970069700697,0.6775775775775775,0.5764242840626604,0.5581756523594888,0.6602139056768421,0.6910493026184084
M-0927,Steel,86.41,68.1,0.05,28.52,74.93,False,False,False,False,False,False,True,False,False,0.07798523277342789,0.6644903117101938,0.05,0.560270602706027,0.7498498498498499,0.6461773766386312,0.6350715911319621,0.4538093502686349,0.45184362217847757
M-0672,Wood,278.26,72.7,0.96,25.1,69.01,False,False,False,False,False,False,False,False,True,0.5059448125097593,0.7129317607413649,0.96,0.490159901599016,0.6905905905905907,0.3370368819003505,0.2942745357240417,0.61570892859611,0.6394717426924382
M-0607,Bamboo,455.32,25.98,0.22,8.05,98.49,False,True,False,False,False,False,False,False,False,0.900912355841085,0.22093513058129738,0.22,0.14063140631406315,0.9856856856856856,0.3198102752198693,0.27528389253331825,0.6757206167535645,0.709020288613155
M-0341,Glass,474.23,83.14,0.73,16.27,9.09,False,False,False,True,False,False,False,False,False,0.9430948716232797,0.8228727885425443,0.73,0.3091430914309143,0.09079079079079079,0.3574067757794695,0.31673034455896215,0.705332530073105,0.743338028649077
M-0179,Aluminum,335.07,34.83,0.69,34.38,69.81,True,False,False,False,False,False,False,False,False,0.6326708157665796,0.3141322662173546,0.69,0.6804018040180402,0.6985985985985986,0.5313812225509642,0.5085200977135673,0.5030606180122926,0.5089217374838844
M-0841,Bamboo,361.6,47.77,0.58,25.1,19.2,False,True,False,False,False,False,False,False,False,0.6918512569988178,0.45040016849199666,0.58,0.490159901599016,0.191991991991992,0.5008967417602104,0.4749139494866145,0.4891704071602818,0.4928241405498524
M-0043,Plastic,277.65,24.66,0.59,25.1,39.85,False,False,False,False,False,True,False,False,False,0.5045840861942046,0.20703454085930917,0.59,0.490159901599016,0.39869869869869873,0.47722607108953974,0.4488193581878438,0.37979026904856794,0.3660616749062005
M-0552,Paper,471.3,91.25,0.94,5.91,43.03,False,False,False,False,True,False,False,False,False,0.9365589239108614,0.9082771693344567,0.94,0.09676096760967609,0.4305305305305306,0.1330035275127526,0.0693477870004177,0.8221226419809998,0.8786880364642282
M-0857,Glass,80.43,73.73,0.85,25.16,18.79,False,False,False,True,False,False,False,False,False,0.06464565348323631,0.7237784330244315,0.85,0.491389913899139,0.18788788788788788,0.4210451595506946,0.38688541699136425,0.3643870164653473,0.34821058868443344
M-0246,Wood,91.21,51.77,0.44,17.36,57.97,False,False,False,False,False,False,False,False,True,0.08869258738762853,0.4925231676495367,0.44,0.33148831488314884,0.58008008008008,0.4088849809218813,0.37348001349208365,0.38629269879070893,0.3735974491428956
M-0594,Paper,377.23,95.34,0.83,1.82,48.93,False,False,False,False,True,False,False,False,False,0.7267170804613086,0.9513479359730415,0.83,0.012915129151291515,0.4895895895895896,0.10979011853181596,0.043757281837447995,0.7839491607548112,0.8344481526428061
M-0721,Plastic,305.16,41.15,0.91,39.77,81.79,False,False,False,False,False,True,False,False,False,0.5659506123268421,0.3806866048862679,0.91,0.7908979089790898,0.8185185185185186,0.519686893535602,0.4956282476931394,0.5159369388303832,0.5238443203540283
M-0661,Cotton,142.63,26.89,0.08,20.91,42.42,False,False,True,False,False,False,False,False,False,0.20339512369225277,0.23051811288963775,0.08,0.4042640426404264,0.42442442442442446,0.5761159831418134,0.5578357808518977,0.29632811342450394,0.26933599127216684
M-0634,Aluminum,166.16,11.76,0.5,49.79,56.12,True,False,False,False,False,False,False,False,False,0.2558834682906154,0.07118786857624262,0.5,0.996309963099631,0.5615615615615616,0.7916298217036225,0.7954186366460001,0.22715628390574952,0.1891716048099356
M-0703,Aluminum,441.01,72.86,0.83,39.71,26.79,True,False,False,False,False,False,False,False,False,0.8689910548974993,0.7146166807076664,0.83,0.7896678966789668,0.26796796796796796,0.5980039412105832,0.5819651064682129,0.6288895113875049,0.6547469398361011
M-0045,Paper,58.15,5.52,0.03,38.95,46.74,False,False,False,False,True,False,False,False,False,0.014945682482321698,0.005475989890480197,0.03,0.7740877408774088,0.4676676676676677,0.8086858777596786,0.814221264511681,0.12327234477627334,0.0687787757994447
M-0765,Steel,138.1,64.02,0.5,25.1,60.95,False,False,False,False,False,False,True,False,False,0.19329005777510094,0.621524852569503,0.5,0.490159901599016,0.60990990990991,0.48310494996841863,0.4553002451797532,0.4581512104426918,0.45687547632169784
M-1354,Wood,278.01,31.47,0.33,40.55,4.74,False,False,False,False,False,False,False,False,True,0.5053871377902697,0.27874894692502106,0.33,0.8068880688806888,0.04724724724724725,0.7804081166036885,0.7830478081075026,0.30320827221173235,0.27730952199671355
M-1039,Aluminum,79.99,90.67,0.49,48.36,2.44,True,False,False,False,False,False,False,False,False,0.06366414597693457,0.9021693344566134,0.49,0.9669946699466995,0.02422422422422422,0.8307743795455973,0.8385716698941484,0.34618709600191666,0.32711839743023574
M-0214,Bamboo,225.18,59.09,0.58,16.53,64.21,False,True,False,False,False,False,False,False,False,0.38753931606772407,0.5696082561078349,0.58,0.31447314473144733,0.6425425425425425,0.3504296325846141,0.3090387289458761,0.5320628442968094,0.5425329010502133
M-0360,Glass,119.25,10.96,0.58,23.51,41.59,False,False,False,True,False,False,False,False,False,0.1512413839255839,0.06276326874473463,0.58,0.4575645756457565,0.41611611611611615,0.45892713377584227,0.42864657571597187,0.21236839409325908,0.1720336727624977
M-0981,Paper,187.81,51.71,0.12,29.35,52.75,False,False,False,False,True,False,False,False,False,0.3041780989984162,0.49189132266217356,0.12,0.5772857728577286,0.5278278278278279,0.6575886809318543,0.647651434173187,0.4264612858609991,0.42014949438945753
M-1387,Aluminum,85.73,92.47,0.6,45.44,39.62,True,False,False,False,False,False,False,False,False,0.07646835753641615,0.9211246840775064,0.6,0.9071340713407133,0.3963963963963964,0.7246408031647884,0.7215698182243666,0.43772343671008085,0.4332013887710708
M-0509,Cotton,78.89,72.23,0.35,22.45,72.04,False,False,True,False,False,False,False,False,False,0.06121037721118025,0.7079823083403539,0.35,0.4358343583435834,0.720920920920921,0.48440852291405795,0.45673730641548493,0.4698181882928628,0.4703965314641502
M-0586,Bamboo,342.65,92.36,0.05,30.18,23.41,False,True,False,False,False,False,False,False,False,0.6495795132615048,0.919966301600674,0.05,0.59430094300943,0.23413413413413414,0.7181671523922445,0.7144332535925154,0.6367377677276462,0.6638424149548438
M-0883,Glass,349.21,93.61,0.8,27.44,32.56,False,False,False,True,False,False,False,False,False,0.6642128979009123,0.9331297388374052,0.8,0.5381303813038131,0.3257257257257258,0.45030565620971524,0.4191422428388152,0.6704020298731749,0.7028564896059752
M-1157,Plastic,481.13,86.51,0.97,17.12,13.04,False,False,False,False,False,True,False,False,False,0.9584866938811929,0.8583614153327718,0.97,0.32656826568265684,0.1303303303303303,0.2919079263765611,0.24452429135970166,0.729306077722688,0.7711213727072362
M-0099,Wood,275.99,61.4,0.71,23.05,59.9,False,False,False,False,False,False,False,False,True,0.5008811260567936,0.5939342881213142,0.71,0.4481344813448135,0.5993993993993995,0.3959407488669482,0.3592102680400273,0.5582518267077363,0.572883749389029
M-1178,Cotton,266.44,64.34,0.23,25.1,86.35,False,False,True,False,False,False,False,False,False,0.47957795177229023,0.6248946925021063,0.23,0.490159901599016,0.8641641641641641,0.5386795245429932,0.5165657593809815,0.61038226816897,0.6332985871173272
M-0292,Glass,405.83,51.71,0.29,32.83,39.48,False,False,False,True,False,False,False,False,False,0.7905150683709206,0.49189132266217356,0.29,0.6486264862648626,0.39499499499499496,0.6626763922594181,0.6532601365874959,0.5629785872340957,0.5783616709675923
M-0922,Bamboo,445.09,29.72,0.88,31.67,56.14,False,True,False,False,False,False,False,False,False,0.8780923063195698,0.2603201347935973,0.88,0.6248462484624846,0.5617617617617617,0.45473157290131455,0.42402138161762437,0.5483120818957123,0.5613644134109194
M-0308,Plastic,230.87,33.46,0.04,37.06,24.7,False,False,False,False,False,True,False,False,False,0.40023199268330767,0.29970513900589724,0.04,0.7353423534235343,0.24704704704704702,0.8045007073494158,0.809607524880432,0.3208531701582777,0.29775848840275576
M-1260,Glass,269.41,10.93,0.43,25.1,3.97,False,False,False,True,False,False,False,False,False,0.48620312743982697,0.06244734625105307,0.43,0.490159901599016,0.039539539539539544,0.5611419870054557,0.5413284197076367,0.2509195835398143,0.21671128893765523
M-1262,Glass,78.19,11.37,0.71,39.36,44.82,False,False,False,True,False,False,False,False,False,0.059648887996609334,0.06708087615838247,0.71,0.7824928249282492,0.4484484484484485,0.6116508501121046,0.5970094841806702,0.15579582465111194,0.10647077885794799
M-0468,Aluminum,356.22,97.55,0.5,25.1,71.47,True,False,False,False,False,False,False,False,False,0.6798500970354012,0.9746208930075821,0.5,0.490159901599016,0.7152152152152152,0.4725744194378881,0.44369136876993087,0.7730918993981856,0.8218654914443191
M-1295,Paper,437.06,87.14,0.62,25.25,45.1,False,False,False,False,True,False,False,False,False,0.8601797943295634,0.8649957877000843,0.62,0.4932349323493235,0.45125125125125126,0.46481583428446893,0.4351382900907519,0.7447382107256946,0.7890059289289877
M-1049,Steel,82.07,40.67,0.12,36.5,23.36,False,False,False,False,False,False,True,False,False,0.06830399964308817,0.37563184498736313,0.12,0.7238622386223862,0.23363363363363363,0.7749539798100684,0.7770351575790387,0.22971804848514607,0.19214047649074495
M-1207,Steel,339.15,51.71,0.36,31.16,66.93,False,False,False,False,False,False,True,False,False,0.6417720671886501,0.49189132266217356,0.36,0.6143911439114391,0.6697697697697699,0.5936577093698865,0.5771738124169966,0.5692970260105983,0.5856842150067112
M-1247,Wood,480.48,86.98,0.12,19.22,20.95,False,False,False,False,False,False,False,False,True,0.9570367396105199,0.8633108677337827,0.12,0.36961869618696186,0.2095095095095095,0.5648202667612262,0.5453833621401848,0.7420616948537115,0.7859040700620661
M-0003,Steel,332.47,68.57,0.31,35.16,30.43,False,False,False,False,False,False,True,False,False,0.6268709986838877,0.6694397641112046,0.31,0.6963919639196391,0.3044044044044044,0.6943947379113431,0.6882264997284298,0.5449504514671992,0.5574685638622031
M-1416,Paper,490.6,46.63,0.98,38.08,36.32,False,False,False,False,True,False,False,False,False,0.9796114122554596,0.4383951137320977,0.98,0.7562525625256252,0.3633633633633634,0.5234152011790387,0.4997383409619418,0.5933497005157551,0.613559260496998
M-0921,Steel,221.28,67.24,0.36,3.59,76.98,False,False,False,False,False,False,True,False,False,0.378839590443686,0.6554338668913227,0.36,0.04920049200492005,0.7703703703703705,0.24448325816591499,0.19224324906671847,0.6111497349408351,0.63418801715445
M-0738,Steel,362.96,52.96,0.35,46.68,96.14,False,False,False,False,False,False,True,False,False,0.6948850074728412,0.5050547598989048,0.35,0.9325543255432555,0.9621621621621622,0.7583163791097369,0.7586938356744918,0.6191559184582179,0.6434665167118602
M-0536,Wood,282.97,27.99,0.6,45.57,47.71,False,False,False,False,False,False,False,False,True,0.5164514042249437,0.24210193765796123,0.6,0.9097990979909799,0.4773773773773774,0.7181417210568501,0.7144052180411561,0.3699892353353942,0.35470309353314033
M-0217,Paper,373.57,42.54,0.31,39.11,47.71,False,False,False,False,True,False,False,False,False,0.7185527225679805,0.39532434709351305,0.31,0.7773677736777368,0.4773773773773774,0.7256829264689043,0.7227186568898263,0.5075956724892245,0.5141774877256424
M-0632,Paper,225.99,86.23,0.07,31.71,17.48,False,False,False,False,True,False,False,False,False,0.3893461821588704,0.855412805391744,0.07,0.6256662566625666,0.17477477477477477,0.7369222765200625,0.7351089372553162,0.5080539749314134,0.5147086220667146
M-0005,Glass,112.67,88.5,0.27,43.29,0.14,False,False,False,True,False,False,False,False,False,0.13656338530861717,0.8793176074136478,0.27,0.8630586305863058,0.0012012012012012014,0.8367150582316634,0.84512068510825,0.3694927246344023,0.35412767900393294
M-0489,Aluminum,485.69,96.46,0.7,2.91,66.19,True,False,False,False,False,False,False,False,False,0.9686586807646835,0.9631423757371524,0.7,0.03526035260352604,0.6623623623623623,0.1449199753258794,0.08248450119592905,0.9050768069877625,0.9748250013026502
M-0052,Wood,118.64,59.34,0.94,1.52,11.05,False,False,False,False,False,False,False,False,True,0.14988065761002922,0.5722409435551812,0.94,0.006765067650676509,0.11041041041041041,0.11101799954936488,0.04511090015110898,0.374148135724838,0.3595229125316664
M-1200,Steel,245.31,51.71,0.85,28.03,27.89,False,False,False,False,False,False,True,False,False,0.43244328448102787,0.49189132266217356,0.85,0.5502255022550225,0.278978978978979,0.4472374034551156,0.4157597953050488,0.42429035807041404,0.417633569979234
M-0970,Glass,157.63,74.58,0.92,8.42,98.55,False,False,False,True,False,False,False,False,False,0.2368556068616297,0.7327295703454086,0.92,0.14821648216482164,0.9862862862862862,0.11430126067026435,0.048730373307109234,0.6217904210632386,0.6465196857032539
M-1385,Aluminum,373.71,13.91,0.96,32.33,68.15,True,False,False,False,False,False,False,False,False,0.7188650204108946,0.09382898062342039,0.96,0.6383763837638377,0.681981981981982,0.4268276320601044,0.39326002542256466,0.45700165838202284,0.45554324127325313
M-0608,Cotton,239.77,8.7,0.63,1.42,94.58,False,False,True,False,False,False,False,False,False,0.42008521269713806,0.0389637742207245,0.63,0.004715047150471503,0.9465465465465466,0.11917437363562824,0.05410250208846533,0.44950495001551405,0.446855180962162
M-1469,Paper,442.74,47.07,0.23,12.31,29.51,False,False,False,False,True,False,False,False,False,0.8728501639563675,0.4430286436394271,0.23,0.22796227962279625,0.2951951951951952,0.43825784825415826,0.40586071697838083,0.5968003937352875,0.6175583263990817
M-1307,Cotton,258.03,31.0,0.44,18.95,33.63,False,False,True,False,False,False,False,False,False,0.46081777420865955,0.2737994945240101,0.44,0.3640836408364083,0.3364364364364365,0.4528065408582013,0.42189922271891944,0.38799496726008087,0.3755702364522757
M-0057,Cotton,470.47,13.27,0.43,24.37,47.71,False,False,True,False,False,False,False,False,False,0.9347074438421559,0.08708930075821399,0.43,0.4751947519475195,0.4773773773773774,0.5083791134307739,0.48316252990942354,0.5055848608908529,0.5118471246400326
M-0124,Bamboo,233.93,45.84,0.83,39.31,34.02,False,True,False,False,False,False,False,False,False,0.40705793124986056,0.4300758213984836,0.83,0.7814678146781469,0.3403403403403404,0.585846654772854,0.5685628913257535,0.3829181000271738,0.3696865703745142
M-1414,Cotton,428.65,8.32,0.47,37.58,48.09,False,False,True,False,False,False,False,False,False,0.8414196167659327,0.03496208930075821,0.47,0.7460024600246002,0.48118118118118125,0.658483357896642,0.6486377277203946,0.428369587357118,0.422361056808518
M-1286,Wood,207.28,17.32,0.38,13.27,9.9,False,False,False,False,False,False,False,False,True,0.3476098061522675,0.12973883740522324,0.38,0.24764247642476422,0.0988988988988989,0.42469559596496864,0.3909096648725474,0.26208755738242506,0.22965404001634981
M-1059,Wood,128.35,40.11,0.25,26.77,25.7,False,False,False,False,False,False,False,False,True,0.17154074371500588,0.36973462510530747,0.25,0.5243952439524395,0.25705705705705706,0.6139314406657581,0.5995236114415916,0.28841826610327714,0.26016913733859914
M-1066,Glass,485.54,67.86,0.93,46.74,51.59,False,False,False,True,False,False,False,False,False,0.9683240759329899,0.6619629317607414,0.93,0.9337843378433784,0.5162162162162163,0.6296489810844054,0.6168506571832528,0.6804652621517113,0.7145189372678095
M-1021,Unknown,256.75,29.06,0.01,18.15,50.39,False,False,False,False,False,False,False,True,False,0.4579624796448727,0.25336983993260315,0.01,0.3476834768347683,0.5042042042042042,0.5551896656804406,0.5347665696267397,0.41503880500948054,0.4069117908949981
M-0808,Unknown,234.96,12.31,0.68,25.03,50.79,False,False,False,False,False,False,False,True,False,0.4093555510941578,0.07697978096040438,0.68,0.48872488724887253,0.5082082082082082,0.4384141115285027,0.4060329819021659,0.3229865191358512,0.3002308621000662
M-1324,Wood,445.02,99.0,0.09,44.18,68.59,False,False,False,False,False,False,False,False,True,0.8779361573981127,0.9898904802021904,0.09,0.8813038130381303,0.6863863863863865,0.8331436491842396,0.8411835571430196,0.8028862191335704,0.8563946253166435
M-0377,Paper,89.14,13.48,0.68,22.46,7.05,False,False,False,False,True,False,False,False,False,0.08407504071025451,0.08930075821398482,0.68,0.43603936039360397,0.07037037037037036,0.4505865791991253,0.4194519328639553,0.13115166765819744,0.07791025445140097
M-0628,Wood,281.67,24.44,0.84,33.79,40.28,False,False,False,False,False,False,False,False,True,0.5135514956835977,0.2047177759056445,0.84,0.6683066830668306,0.403003003003003,0.508683709539798,0.48349831722558223,0.3651641773501523,0.34911125339066246
M-0772,Steel,470.5,46.11,0.58,42.81,50.58,False,False,False,False,False,False,True,False,False,0.9347743648084945,0.4329191238416175,0.58,0.8532185321853218,0.5061061061061061,0.6873205087005825,0.6804278563111416,0.5945920890302282,0.614999085259526
M-0143,Paper,423.6,45.9,0.68,43.53,93.0,False,False,False,False,True,False,False,False,False,0.8301545874322426,0.4307076663858466,0.68,0.8679786797867979,0.9307307307307308,0.6237141347990056,0.6103080716184752,0.6406500670037976,0.6683764438118407
M-0834,Paper,273.55,60.82,0.77,13.65,12.02,False,False,False,False,True,False,False,False,False,0.495438220794575,0.5878264532434709,0.77,0.25543255432554324,0.12012012012012012,0.31024752058331395,0.26474189406596915,0.47762340450478574,0.47944212666073555
M-0391,Glass,421.11,33.31,0.34,29.07,94.58,False,False,False,True,False,False,False,False,False,0.824600147226126,0.29812552653748947,0.34,0.5715457154571546,0.9465465465465466,0.5462727746196381,0.5249365723645324,0.6251087235808592,0.6503653218136739
M-1331,Wood,62.23,50.9,0.07,44.2,31.38,False,False,False,False,False,False,False,False,True,0.02404693390439222,0.4833614153327717,0.07,0.8817138171381714,0.31391391391391393,0.8766368988915114,0.8891305963780713,0.252204323301973,0.21820019526720608
M-0955,Glass,247.78,51.71,0.42,5.43,4.92,False,False,False,True,False,False,False,False,False,0.4379531107095853,0.49189132266217356,0.42,0.08692086920869208,0.04904904904904905,0.32124761662031037,0.2768684203620031,0.4265632745690562,0.42026769080358095
M-0942,Steel,276.15,91.81,0.36,32.5,88.11,False,False,False,False,False,False,True,False,False,0.5012380378772668,0.9141743892165123,0.36,0.6418614186141861,0.8817817817817818,0.5889386729903334,0.571971537949926,0.7075645639777605,0.7459247699536582
M-0331,Aluminum,403.86,16.68,0.69,2.96,33.56,True,False,False,False,False,False,False,False,False,0.7861205915813424,0.12299915754001685,0.69,0.03628536285362853,0.3357357357357358,0.18119764413860356,0.12247707065502551,0.48171052305426004,0.48417875648817393
M-1428,Glass,339.3,41.08,0.09,13.41,73.05,False,False,False,True,False,False,False,False,False,0.642106672020344,0.3799494524010109,0.09,0.25051250512505124,0.7310310310310311,0.4502043999719276,0.4190306177742667,0.5788745992411753,0.5967838243009562
M-1427,Bamboo,175.67,21.48,0.89,25.1,23.6,False,True,False,False,False,False,False,False,False,0.2770974146200004,0.17354675652906487,0.89,0.490159901599016,0.23603603603603604,0.403492337355806,0.36753515321184493,0.2559166769494785,0.2225025038016712
M-0481,Paper,452.34,76.01,0.7,41.25,0.93,False,False,False,False,True,False,False,False,False,0.8942648731847687,0.7477885425442292,0.7,0.8212382123821238,0.00910910910910911,0.6818320165183633,0.6743773323384954,0.5944166960887587,0.6147958194555052
M-0115,Bamboo,230.34,59.83,0.11,26.24,53.24,False,True,False,False,False,False,False,False,False,0.39904972227798974,0.5774010109519798,0.11,0.5135301353013529,0.5327327327327328,0.6218448079075385,0.6082473221823776,0.4969512896469006,0.5018415349864909
M-1026,Wood,191.93,83.03,0.83,32.98,2.57,False,False,False,False,False,False,False,False,True,0.31336857837560506,0.8217144060657119,0.83,0.6517015170151701,0.025525525525525523,0.5394683576565495,0.5174353704700622,0.43721399795804905,0.43261099170797673
M-0132,Steel,352.35,86.47,0.73,25.72,20.59,False,False,False,False,False,False,True,False,False,0.671217292377702,0.8579401853411963,0.73,0.502870028700287,0.2059059059059059,0.4621314266295816,0.4321789941076275,0.6260992955127669,0.6515133121403798
M-0480,Paper,234.2,50.99,0.19,46.26,42.34,False,False,False,False,True,False,False,False,False,0.4076602199469094,0.48430918281381635,0.19,0.9239442394423943,0.42362362362362366,0.8550041813030742,0.8652826483412023,0.4045195917467393,0.3947208992684526
M-0745,Glass,321.55,17.51,0.74,4.54,86.11,False,False,False,True,False,False,False,False,False,0.6025117669365813,0.1317396798652064,0.74,0.06867568675686757,0.8617617617617618,0.13302923587794435,0.0693761279499401,0.5224727900572913,0.5314188273066232
M-1424,Bamboo,435.08,15.6,0.03,4.1,29.85,False,True,False,False,False,False,False,False,False,0.8557630105512056,0.11162594776748104,0.03,0.05965559655596554,0.29859859859859866,0.39693349807371947,0.36030467660889703,0.49234029547566355,0.4964977769669357
M-0125,Steel,61.42,68.93,0.04,24.72,85.59,False,False,False,False,False,False,True,False,False,0.02224006781324589,0.6732308340353834,0.04,0.482369823698237,0.8565565565565566,0.5917662385632865,0.5750886514877399,0.4664891445885079,0.46653844721334686
M-0555,Aluminum,369.08,54.54,0.83,25.1,4.06,True,False,False,False,False,False,False,False,False,0.708536884605947,0.5216933445661331,0.83,0.490159901599016,0.040440440440440435,0.44105189691536556,0.4089408814104525,0.4896526781384145,0.4933830524268336
M-1306,Bamboo,351.06,64.28,0.66,35.94,39.76,False,True,False,False,False,False,False,False,False,0.6683396908251354,0.6242628475147431,0.66,0.7123821238212381,0.3977977977977978,0.5896494945129631,0.572755148916318,0.5607322355963932,0.5757583366034777
M-0937,Wood,465.24,38.9,0.5,39.61,74.72,False,False,False,False,False,False,False,False,True,0.9230408887104329,0.3569924178601516,0.5,0.7876178761787618,0.7477477477477478,0.6477959509324822,0.6368559104388531,0.6187994192313779,0.6430533638143192
M-0303,Glass,472.58,51.71,0.82,47.21,92.99,False,False,False,True,False,False,False,False,False,0.9394142184746481,0.49189132266217356,0.82,0.9434194341943419,0.9306306306306306,0.6269885974535422,0.6139178453288201,0.6927411221045795,0.7287456360303619
M-0906,Plastic,471.63,66.69,0.17,2.59,75.33,False,False,False,False,False,True,False,False,False,0.9372950545405876,0.6496419545071609,0.17,0.028700287002870025,0.7538538538538538,0.2908347868163366,0.24334126031591724,0.8033286952371957,0.8569074182500979
M-0629,Bamboo,211.66,61.16,0.15,22.96,58.88,False,True,False,False,False,False,False,False,False,0.35738026723772554,0.5914069081718618,0.15,0.44628946289462895,0.5891891891891893,0.5638547588178584,0.5443189843906723,0.5052844029417305,0.5114989189135588
M-1076,Steel,288.64,76.42,0.16,10.47,85.67,False,False,False,False,False,False,True,False,False,0.5290994668629682,0.7521061499578771,0.16,0.1902419024190242,0.8573573573573574,0.3804094057156788,0.34208848651165236,0.7008692471168649,0.7381654556192238
M-0201,Bamboo,320.23,30.67,0.02,15.2,75.27,False,True,False,False,False,False,False,False,False,0.5995672444176761,0.27032434709351305,0.02,0.2872078720787208,0.7532532532532532,0.4909993979219071,0.4640030992619971,0.5263919204716947,0.5359607728836291
M-0108,Paper,262.43,11.31,0.55,48.9,27.52,False,False,False,False,True,False,False,False,False,0.4706328492716768,0.06644903117101938,0.55,0.9780647806478064,0.2752752752752753,0.7943113408611563,0.7983747483442787,0.24522723514521805,0.21011433148030834
M-0070,Wood,278.01,51.71,0.48,29.41,70.98,False,False,False,False,False,False,False,False,True,0.5053871377902697,0.49189132266217356,0.48,0.5785157851578516,0.7103103103103103,0.5320784400636799,0.5092887115941704,0.5332579447046321,0.5439179228375566
M-0692,Wood,92.26,62.15,0.83,12.48,7.51,False,False,False,False,False,False,False,False,True,0.09103482120948495,0.601832350463353,0.83,0.23144731447314476,0.07497497497497498,0.28237089118638936,0.23401064605780142,0.3343537736331738,0.31340456285191404
M-0012,Bamboo,190.27,62.18,0.73,41.5,47.71,False,True,False,False,False,False,False,False,False,0.30966561823819405,0.6021482729570345,0.73,0.8263632636326363,0.4773773773773774,0.6290802204418441,0.6162236543948252,0.4319740110305418,0.426538283496611
M-0017,Paper,393.11,61.21,0.6,15.25,97.51,False,False,False,False,True,False,False,False,False,0.762140578643289,0.5919334456613311,0.6,0.28823288232882327,0.975875875875876,0.29535214180970637,0.24832120084837978,0.7402777954489099,0.7838366793006653
M-0228,Wood,73.14,80.1,0.55,34.98,82.79,False,False,False,False,False,False,False,False,True,0.04838385866291908,0.7908593091828138,0.55,0.6927019270192701,0.8285285285285287,0.5677683033587092,0.5486332831591297,0.49017062174978526,0.49398330591320855
M-0624,Plastic,271.53,44.85,0.4,41.67,60.42,False,False,False,False,False,True,False,False,False,0.4909322090610988,0.41965037910699243,0.4,0.8298482984829848,0.6046046046046046,0.7174485186293305,0.7136410303979283,0.45663999693145435,0.4551241057885686
M-0983,Paper,287.17,28.31,0.72,28.15,0.08,False,False,False,False,True,False,False,False,False,0.5258203395123693,0.24547177759056443,0.72,0.5526855268552685,0.0006006006006006007,0.515551256053101,0.49106911325342717,0.31480380842062006,0.2907477822300075
M-0751,Cotton,278.01,68.91,0.6,32.76,54.29,False,False,True,False,False,False,False,False,False,0.5053871377902697,0.6730202190395956,0.6,0.6471914719147192,0.5432432432432432,0.5539905588245072,0.5334446720022712,0.5563720763476295,0.5707052753574976
M-1030,Steel,428.39,80.2,0.23,10.55,51.82,False,False,False,False,False,False,True,False,False,0.8408396350576635,0.7919123841617524,0.23,0.1918819188191882,0.5185185185185185,0.39427729943966106,0.35737647830271263,0.7559787185485805,0.80203274084671
M-1244,Bamboo,110.91,88.88,0.65,11.67,31.48,False,True,False,False,False,False,False,False,False,0.13263735528341028,0.8833192923336142,0.65,0.21484214842148422,0.31491491491491497,0.3024137975613991,0.2561059832610453,0.4970835948067931,0.5019948656420823
M-0698,Plastic,427.15,53.34,0.8,1.35,25.6,False,False,False,False,False,True,False,False,False,0.8380735684489949,0.5090564448188711,0.8,0.0032800328003280074,0.2560560560560561,0.13636241407459118,0.07305062978292969,0.6223787125749315,0.6472014665441527
M-0579,Plastic,346.42,45.73,0.09,18.72,18.91,False,False,False,False,False,True,False,False,False,0.6579892480314082,0.4289174389216512,0.09,0.3593685936859368,0.18908908908908909,0.5697122473026532,0.5507762905724259,0.4822982988827949,0.48485993969526325
M-1096,Plastic,158.31,73.06,0.39,4.58,61.45,False,False,False,False,False,True,False,False,False,0.23837248209864148,0.7167228306655434,0.39,0.06949569495694957,0.614914914914915,0.26320592548267824,0.21288315228074706,0.5503167729547528,0.5636876833014567
M-0277,Aluminum,437.92,25.02,0.4,32.31,4.01,True,False,False,False,False,False,False,False,False,0.8620981953646077,0.21082561078348777,0.4,0.6379663796637967,0.03993993993993994,0.658785833804284,0.6489711777226129,0.41971468217344177,0.4123307428965507
M-0384,Steel,149.08,20.86,0.63,10.22,16.22,False,False,False,False,False,False,True,False,False,0.21778313145508488,0.16701769165964614,0.63,0.1851168511685117,0.16216216216216214,0.3058538944848908,0.25989835249703414,0.24860103540573714,0.21402428485023184
M-1209,Aluminum,336.28,71.23,0.19,3.01,15.03,True,False,False,False,False,False,False,False,False,0.6353699614089093,0.697451558550969,0.19,0.03731037310373103,0.15025025025025024,0.35036119883721356,0.3089632874556747,0.5928065447256343,0.6129297881963321
M-0314,Bamboo,238.0,11.93,0.25,14.68,77.85,False,True,False,False,False,False,False,False,False,0.4161368756831515,0.07297809604043808,0.25,0.27654776547765475,0.779079079079079,0.41302075137868494,0.37803929452291396,0.3993512793713067,0.38873125589044455
M-1486,Bamboo,316.95,49.74,0.01,28.6,54.8,False,True,False,False,False,False,False,False,False,0.5922505520979723,0.47114574557708505,0.01,0.5619106191061911,0.5483483483483483,0.6793115366288798,0.6715987506283312,0.5256673119453206,0.5351210119817387
M-1005,Aluminum,489.14,37.03,0.86,20.62,24.72,True,False,False,False,False,False,False,False,False,0.9763545918936403,0.3372999157540017,0.86,0.3983189831898319,0.24724724724724723,0.3562666651891744,0.31547348452727686,0.5693966288071409,0.5857996463482026
M-1218,Plastic,213.01,68.44,0.5,4.46,3.28,False,False,False,False,False,True,False,False,False,0.3603917107229695,0.6680707666385847,0.5,0.06703567035670356,0.03263263263263263,0.28695813895075883,0.2390676365107901,0.45978482656740016,0.4587687012842752
M-0779,Cotton,411.36,68.79,0.57,36.28,64.05,False,False,True,False,False,False,False,False,False,0.8028508331660309,0.6717565290648695,0.57,0.7193521935219352,0.6409409409409409,0.5965172220190671,0.5803261444709628,0.6723655456168098,0.7051320407370141
M-1167,Steel,448.79,34.71,0.33,19.89,68.06,False,False,False,False,False,False,True,False,False,0.8863458921680163,0.3128685762426285,0.33,0.3833538335383354,0.6810810810810811,0.4629041920148931,0.4330308921032565,0.6176058968061084,0.641670170777265
M-0864,Plastic,195.95,13.68,0.11,27.7,39.72,False,False,False,False,False,True,False,False,False,0.32233598786499806,0.09140690817186183,0.11,0.543460434604346,0.39739739739739743,0.6533365210228679,0.6429638451941598,0.26994344963194583,0.23875836451777832
M-1015,Steel,117.52,80.31,0.54,42.28,65.94,False,False,False,False,False,False,True,False,False,0.14738227486671573,0.7930707666385848,0.54,0.8423534235342354,0.6598598598598598,0.6774260681345553,0.6695202066592721,0.4768951941454036,0.4785981915345224
M-1012,Steel,429.96,53.24,0.99,42.73,8.77,False,False,False,False,False,False,True,False,False,0.8443418322960583,0.5080033698399327,0.99,0.8515785157851578,0.08758758758758758,0.6051883507123359,0.5898852128428722,0.5056804866865986,0.5119579469689958
M-1092,Bamboo,244.43,59.99,0.95,32.62,47.71,False,True,False,False,False,False,False,False,False,0.43048026946842444,0.5790859309182814,0.95,0.6443214432144321,0.4773773773773774,0.4538551281909215,0.4230551873415148,0.4843915012893793,0.4872857868621307
M-0878,Plastic,291.12,12.71,0.5,15.7,47.71,False,False,False,False,False,True,False,False,False,0.5346316000803052,0.08119208087615838,0.5,0.29745797457974577,0.4773773773773774,0.3807370470101097,0.3424496788829935,0.3812679663522631,0.3677742029476267
M-1241,Steel,394.48,13.03,0.98,30.59,65.48,False,False,False,False,False,False,True,False,False,0.765196636106092,0.08456192080876158,0.98,0.6027060270602705,0.6552552552552553,0.4020980907106368,0.3659981331213896,0.46819594326522274,0.46851648465554424
M-0568,Cotton,379.22,6.15,0.04,29.46,65.49,False,False,True,False,False,False,False,False,False,0.7311561712284459,0.012110362257792759,0.04,0.5795407954079541,0.6553553553553553,0.6701889417092369,0.6615419850501898,0.43326027825045915,0.42802896002242413
M-1158,Aluminum,215.57,99.77,0.21,16.41,79.61,True,False,False,False,False,False,False,False,False,0.36610229985054316,0.9979991575400169,0.21,0.3120131201312013,0.7966966966966967,0.4445382024090511,0.41278419106002257,0.7055735374129151,0.743617336073258
M-1285,Bamboo,323.84,27.09,0.17,4.7,79.44,False,True,False,False,False,False,False,False,False,0.607620067367106,0.23262426284751475,0.17,0.07195571955719557,0.794994994994995,0.3126739322348178,0.26741677477591963,0.5458889426183967,0.558556196903853
M-1075,Aluminum,339.76,79.29,0.54,4.99,45.16,True,False,False,False,False,False,False,False,False,0.6431327935042048,0.782329401853412,0.54,0.07790077900779008,0.45185185185185184,0.23955528221948885,0.18681063923317043,0.6814920608447572,0.7157089113919712
M-0495,Steel,392.46,64.13,0.41,9.02,28.45,False,False,False,False,False,False,True,False,False,0.7606906243726159,0.6226832350463353,0.41,0.16051660516605165,0.2845845845845846,0.34485150464117253,0.3028893903436236,0.6250461071969446,0.6502927546424148
M-0004,Bamboo,200.71,83.78,0.69,25.1,8.65,False,True,False,False,False,False,False,False,False,0.3329541145240804,0.8296124684077507,0.69,0.490159901599016,0.08638638638638639,0.478457302320771,0.45017666978328885,0.4751595911435166,0.476586772279657
M-0524,Bamboo,278.01,48.67,0.48,36.25,2.34,False,True,False,False,False,False,False,False,False,0.5053871377902697,0.45987784330244313,0.48,0.7187371873718738,0.02322322322322322,0.6849199901008018,0.6777815201494887,0.37061366928990674,0.3554267604535897
M-0082,Paper,253.6,10.65,0.81,16.51,8.9,False,False,False,False,True,False,False,False,False,0.4509357781793035,0.05949873631002528,0.81,0.31406314063140633,0.08888888888888889,0.33654899548995487,0.29373668883931975,0.2650235437859022,0.23305660360811353
M-0850,Wood,452.39,46.19,0.27,43.85,28.11,False,False,False,False,False,False,False,False,True,0.8943764081286667,0.43376158382476826,0.27,0.8745387453874539,0.2811811811811812,0.8156051291143542,0.82184906005266,0.533630658881193,0.5443498675106649
M-1206,Wood,469.9,20.9,0.75,10.37,52.98,False,False,False,False,False,False,False,False,True,0.9334359454817194,0.16743892165122154,0.75,0.18819188191881916,0.5301301301301301,0.2349021161382785,0.1816809803053,0.5725130413306734,0.5894113087785632
M-0659,Paper,278.01,33.9,0.38,11.8,17.57,False,False,False,False,True,False,False,False,False,0.5053871377902697,0.3043386689132266,0.38,0.21750717507175074,0.17567567567567569,0.39893673747548286,0.3625130514449924,0.3967884499741837,0.3857611501746194
M-0162,Aluminum,170.63,18.35,0.27,14.4,97.79,True,False,False,False,False,False,False,False,False,0.2658546922750898,0.1405855096882898,0.27,0.27080770807708077,0.9786786786786787,0.3836167569783806,0.345624276499027,0.4109090356152106,0.4021257322924511
M-0726,Steel,350.42,7.39,0.48,47.66,49.72,False,False,False,False,False,False,True,False,False,0.6669120435432421,0.025168491996630155,0.48,0.9526445264452644,0.4974974974974975,0.7778369661174088,0.7802133670373459,0.3464632342939283,0.3274384187006264
M-1375,Glass,492.85,28.72,0.91,41.1,28.33,False,False,False,True,False,False,False,False,False,0.9846304847308662,0.24978938500421227,0.91,0.8181631816318163,0.28338338338338337,0.5895595706407515,0.5726560166726223,0.5069073129207725,0.5133797363454305
M-0633,Steel,486.24,24.67,0.57,18.58,98.71,False,False,False,False,False,False,True,False,False,0.9698855651475606,0.20713984835720306,0.57,0.3564985649856498,0.9878878878878878,0.3441103502026011,0.30207234031437563,0.6738866158056798,0.7068948343381821
M-0777,Aluminum,178.19,94.72,0.75,43.86,58.54,True,False,False,False,False,False,False,False,False,0.28271877579245575,0.9448188711036226,0.75,0.8747437474374744,0.5857857857857858,0.641267669883906,0.6296591212892673,0.5593209588270371,0.5741227844266605
M-0576,Wood,201.6,85.56,0.95,18.7,19.38,False,False,False,False,False,False,False,False,True,0.3349394365254634,0.848357203032856,0.95,0.3589585895858958,0.19379379379379377,0.31099577437215814,0.26556677043213983,0.5170167236455809,0.5250957009785366
M-1397,Glass,256.67,51.29,0.65,45.03,30.37,False,False,False,True,False,False,False,False,False,0.4577840237346361,0.48746840775063177,0.65,0.8987289872898729,0.30380380380380384,0.7138570119935433,0.7096817468139692,0.40172621305161715,0.39148360612745764
M-0352,Aluminum,278.01,10.16,0.43,16.47,20.14,True,False,False,False,False,False,False,False,False,0.5053871377902697,0.054338668913226626,0.43,0.3132431324313243,0.2014014014014014,0.43880573931865446,0.40646471310519916,0.30485999938337155,0.2792237361535265
M-0392,Glass,278.01,15.01,0.13,41.16,13.26,False,False,False,True,False,False,False,False,False,0.5053871377902697,0.1054128053917439,0.13,0.8193931939319392,0.13253253253253253,0.8393826631059103,0.8480614576747972,0.25834716722701734,0.22531923950545207
M-1364,Wood,452.3,80.78,0.7,2.78,66.34,False,False,False,False,False,False,False,False,True,0.8941756452296505,0.7980202190395956,0.7,0.032595325953259535,0.6638638638638639,0.14317080918556935,0.08055621719502008,0.8217817926716829,0.8782930205170202
M-0570,Bamboo,77.16,38.92,0.52,25.34,94.89,False,True,False,False,False,False,False,False,False,0.05735126815231212,0.35720303285593935,0.52,0.49507995079950795,0.9496496496496497,0.44608300551473984,0.41448718487210606,0.38551594020286717,0.37269725066532433
M-1120,Wood,376.69,70.99,0.81,41.68,0.85,False,False,False,False,False,False,False,False,True,0.7255125030672109,0.6949241786015165,0.81,0.8300533005330053,0.008308308308308308,0.6542011494889723,0.6439170132206253,0.5158091701924157,0.5236962471493286
M-0401,Cotton,368.76,51.71,0.12,37.34,77.0,False,False,True,False,False,False,False,False,False,0.7078230609650003,0.49189132266217356,0.12,0.7410824108241083,0.7705705705705705,0.731592389437408,0.7292332598389262,0.5999059073012142,0.6211573578457655
M-0978,Cotton,498.51,38.66,0.84,49.31,42.46,False,False,True,False,False,False,False,False,False,0.9972562403801111,0.35446503791069917,0.84,0.986469864698647,0.42482482482482486,0.6973994363367058,0.6915388848516383,0.5594204258968839,0.5742380584722212
M-0621,Paper,487.13,89.94,0.2,11.33,67.42,False,False,False,False,True,False,False,False,False,0.9718708871489437,0.8944818871103623,0.2,0.2078720787207872,0.6746746746746747,0.3972557797650048,0.36065996054377886,0.8673711980536132,0.9311273424808407
M-0984,Steel,241.74,10.48,0.93,9.55,81.01,False,False,False,False,False,False,True,False,False,0.4244796894867162,0.05770850884582983,0.93,0.17138171381713818,0.8107107107107108,0.1427579572192118,0.08010108842072884,0.41376984017681945,0.4054411663942417
M-0842,Unknown,496.07,95.97,0.21,39.02,84.0,False,False,False,False,False,False,False,True,False,0.9918133351178924,0.9579823083403538,0.21,0.7755227552275523,0.8406406406406407,0.7182495890724673,0.7145241319418605,0.8730043278157591,0.9376556704777478
M-0487,Glass,438.96,99.18,0.06,31.81,61.32,False,False,False,True,False,False,False,False,False,0.8644181221976844,0.9917860151642799,0.06,0.6277162771627716,0.6136136136136137,0.6972684049363015,0.6913944355925351,0.8096225430831331,0.8642014634498045
M-1412,Plastic,278.01,52.62,0.04,22.65,12.67,False,False,False,False,False,True,False,False,False,0.5053871377902697,0.5014743049705139,0.04,0.4399343993439934,0.12662662662662663,0.6392979769437335,0.6274877281347183,0.43373339035720027,0.42857725753065284
M-0351,Paper,76.03,64.81,0.63,14.14,0.92,False,False,False,False,True,False,False,False,False,0.054830578420219045,0.6298441449031171,0.63,0.2654776547765478,0.00900900900900901,0.36938569196502774,0.32993592400423244,0.3148901894873147,0.2908478906883453
M-0366,Bamboo,278.01,14.68,0.34,42.1,90.81,False,True,False,False,False,False,False,False,False,0.5053871377902697,0.10193765796124683,0.34,0.8386633866338664,0.9088088088088089,0.7103171510994389,0.7057793975915364,0.4104591016114059,0.4016042962741408
M-1293,Paper,285.53,18.96,0.19,25.1,4.1,False,False,False,False,True,False,False,False,False,0.5221619933525172,0.14700926705981465,0.19,0.490159901599016,0.04084084084084084,0.6330118568753256,0.6205578976993115,0.2933621191525827,0.26589865106137206
M-0408,Cotton,446.39,85.78,0.85,43.07,46.18,False,False,True,False,False,False,False,False,False,0.8809922148609158,0.8506739679865207,0.85,0.8585485854858549,0.4620620620620621,0.6139229450853068,0.5995142458979276,0.7126407178604297,0.7518076093179361
M-0090,Plastic,334.52,44.8,0.68,1.3,96.8,False,False,False,False,False,True,False,False,False,0.6314439313837025,0.41912384161752314,0.68,0.002255022550225503,0.9687687687687687,0.10047613665325841,0.03348953092043401,0.6612269720491601,0.6922233621271333
M-0257,Bamboo,361.52,86.13,0.36,25.7,53.36,False,True,False,False,False,False,False,False,False,0.691672801088581,0.8543597304128054,0.36,0.502460024600246,0.533933933933934,0.5400826213667542,0.5181125359247494,0.6976521703522475,0.7344371317215952
M-0054,Paper,323.02,32.88,0.98,44.77,47.71,False,False,False,False,True,False,False,False,False,0.6057908942871801,0.2935973041280539,0.98,0.89339893398934,0.4773773773773774,0.5943016226558663,0.5778836636190713,0.4209214515218734,0.4137292880137103
M-0233,Paper,97.97,94.68,0.22,22.87,93.48,False,False,False,False,True,False,False,False,False,0.10377211180262774,0.9443976411120473,0.22,0.4444444444444445,0.9355355355355356,0.507113113113113,0.4817668888085397,0.609522076182799,0.6323016962834302
M-0276,Paper,263.4,31.48,0.82,2.68,49.33,False,False,False,False,True,False,False,False,False,0.4727966271832964,0.2788542544229149,0.82,0.030545305453054537,0.4935935935935936,0.12296782391247338,0.05828440871729333,0.45874199673558724,0.4575601484061252
M-0744,Steel,82.94,42.67,0.8,25.45,56.95,False,False,False,False,False,False,True,False,False,0.07024470766691204,0.3966933445661331,0.8,0.4973349733497334,0.5698698698698699,0.4014139970228531,0.36524398696975974,0.32766879492056644,0.30565722956988844
M-1208,Wood,239.56,70.63,0.63,20.88,83.16,False,False,False,False,False,False,False,False,True,0.41961676593276676,0.6911331086773378,0.63,0.4036490364903649,0.8322322322322322,0.3699661986709957,0.3305758756747696,0.6148439989109465,0.6384693612601919
M-0768,Cotton,454.11,43.43,0.9,27.8,23.92,False,False,True,False,False,False,False,False,False,0.8982132101987552,0.4046967144060657,0.9,0.5455104551045511,0.23923923923923926,0.4333823491388067,0.40048595770084777,0.54931527594908,0.5625270317246214
M-0739,Steel,224.85,73.25,0.78,33.63,59.93,False,False,False,False,False,False,True,False,False,0.38680318543799774,0.7187236731255265,0.78,0.6650266502665028,0.5996996996996997,0.5050460201899316,0.4794881217318706,0.5403716754105231,0.5521621439527531
M-1094,Bamboo,325.82,19.87,0.04,41.4,46.47,False,True,False,False,False,False,False,False,False,0.6120368511454638,0.15659224936815502,0.04,0.8243132431324313,0.464964964964965,0.8360914493829622,0.8444332175555324,0.3795818538595164,0.3658201390689101
M-0735,Plastic,196.06,56.91,0.21,8.01,40.36,False,False,False,False,False,True,False,False,False,0.3225813647415735,0.5466512215669755,0.21,0.13981139811398113,0.4038038038038038,0.38050645848800824,0.3421954776680748,0.47101102615735485,0.47177893115230646
M-1137,Bamboo,54.2,28.12,0.34,28.31,21.0,False,True,False,False,False,False,False,False,False,0.0061344219143857764,0.24347093513058127,0.34,0.5559655596555966,0.21001001001001002,0.6105783347923569,0.5958271413007465,0.17376732100218084,0.12729824560004216
M-1081,Glass,490.99,63.95,0.8,2.84,20.05,False,False,False,True,False,False,False,False,False,0.9804813848178635,0.6207877000842461,0.8,0.033825338253382534,0.2005005005005005,0.16024515290197947,0.09937900541143148,0.6971617459905002,0.7338687707524099
M-0700,Glass,357.46,93.63,0.73,41.45,11.63,False,False,False,True,False,False,False,False,False,0.6826161636440696,0.9333403538331929,0.73,0.8253382533825339,0.11621621621621622,0.6645813304078987,0.6553601439394477,0.6062941990220316,0.6285608556266393
M-1264,Bamboo,112.66,82.61,0.64,40.16,22.12,False,True,False,False,False,False,False,False,False,0.13654107831983758,0.8172914911541702,0.64,0.7988929889298892,0.22122122122122123,0.6652136712358114,0.6560572376422618,0.39819634466715803,0.38739278280673184
M-1111,Unknown,278.01,80.64,0.63,4.18,5.53,False,False,False,False,False,False,False,True,False,0.5053871377902697,0.7965459140690818,0.63,0.06129561295612955,0.05515515515515516,0.2422618522581622,0.1897943670693314,0.5605780378861911,0.5755796343063398
M-0465,Paper,362.16,5.13,0.64,34.16,14.75,False,False,False,False,True,False,False,False,False,0.6931004483704745,0.001368997472620044,0.64,0.6758917589175891,0.14744744744744745,0.5987903106058087,0.5828320015496309,0.30496461964281363,0.2793449823164232
M-0757,Plastic,311.08,91.08,0.73,26.4,41.5,False,False,False,False,False,True,False,False,False,0.579156349684356,0.9064869418702611,0.73,0.516810168101681,0.41521521521521526,0.44956457933948707,0.41832527832105276,0.651337178276991,0.6807619152418954
M-0318,Aluminum,99.71,31.7,0.98,36.54,49.76,True,False,False,False,False,False,False,False,False,0.10765352785027546,0.28117101937657957,0.98,0.7246822468224682,0.4978978978978979,0.4910195583036911,0.4640253241043094,0.263199946426732,0.2309432062255506
M-0923,Aluminum,440.63,20.15,0.73,3.67,88.28,True,False,False,False,False,False,False,False,False,0.8681433893238751,0.15954085930918277,0.73,0.05084050840508404,0.8834834834834835,0.12315595669470207,0.05849180664574498,0.6313021328777586,0.6575429671043886
M-1236,Paper,86.27,61.32,0.15,25.08,78.2,False,False,False,False,True,False,False,False,False,0.07767293493051372,0.5930918281381635,0.15,0.4897498974989749,0.7825825825825826,0.5705916802411267,0.5517457790767198,0.4423091938406561,0.43851589916345085
M-1488,Aluminum,133.4,76.36,0.66,1.19,79.27,True,False,False,False,False,False,False,False,False,0.18280577304869616,0.7514743049705139,0.66,0.0,0.7932932932932932,0.12267067067067067,0.057956826431779365,0.5856566859653821,0.6046436976766094
M-1473,Aluminum,93.44,93.87,0.5,41.55,9.76,True,False,False,False,False,False,False,False,False,0.09366704588547592,0.9358677337826454,0.5,0.8273882738827387,0.09749749749749749,0.7366832145798935,0.7348453949285866,0.39709784499506806,0.38611971322255695
M-0979,Cotton,416.29,51.71,0.74,25.1,93.37,False,False,True,False,False,False,False,False,False,0.8138481786343662,0.49189132266217356,0.74,0.490159901599016,0.9344344344344345,0.3786524975159662,0.3401516676500827,0.6948797221807743,0.7312240953134108
M-1316,Paper,403.83,51.71,0.04,18.45,1.49,False,False,False,False,True,False,False,False,False,0.7860536706150036,0.49189132266217356,0.04,0.35383353833538334,0.014714714714714715,0.5988286515297585,0.5828742686553842,0.5148403367564166,0.5225734499279554
M-0931,Bamboo,205.74,15.49,0.27,30.08,93.76,False,True,False,False,False,False,False,False,False,0.34417452988021147,0.1104675652906487,0.27,0.5922509225092251,0.9383383383383385,0.5805167196717012,0.5626871609736818,0.38756730872654627,0.37507461584783813
M-0055,Bamboo,240.86,93.52,0.26,25.1,43.33,False,True,False,False,False,False,False,False,False,0.4225166744741128,0.9321819713563606,0.26,0.490159901599016,0.4335335335335335,0.5727425876060562,0.5541169433495976,0.6118352425874709,0.6349824633949217
M-0318,Aluminum,99.71,31.7,0.98,36.54,49.76,True,False,False,False,False,False,False,False,False,0.10765352785027546,0.28117101937657957,0.98,0.7246822468224682,0.4978978978978979,0.4910195583036911,0.4640253241043094,0.263199946426732,0.2309432062255506
M-0804,Unknown,447.89,32.31,0.89,20.32,46.49,False,False,False,False,False,False,False,True,False,0.8843382631778536,0.28759477674810446,0.89,0.3921689216892169,0.4651651651651652,0.3217848364970136,0.2774606525515843,0.5639927048381966,0.5795369487663566
M-0435,Paper,96.13,37.05,0.13,8.07,22.81,False,False,False,False,True,False,False,False,False,0.09966762586718417,0.3375105307497893,0.13,0.14104141041410415,0.2281281281281281,0.4228120334356497,0.3888332220428495,0.2845338394001559,0.25566741047117847
M-0563,Bamboo,296.42,68.33,0.12,41.22,30.33,False,True,False,False,False,False,False,False,False,0.5464543041334851,0.6669123841617524,0.12,0.8206232062320623,0.30340340340340344,0.8260335833988971,0.8333454074193715,0.5032967009608076,0.5091953379488939
M-0475,Glass,238.88,42.81,0.58,7.39,89.51,False,False,False,True,False,False,False,False,False,0.4180998906957549,0.398167649536647,0.58,0.12710127101271013,0.8957957957957958,0.21268118302804648,0.15718458238501265,0.5521426711392289,0.565803747148826
M-1162,Steel,444.49,17.36,0.55,18.26,41.29,False,False,False,False,False,False,True,False,False,0.8767538869927949,0.13016006739679864,0.55,0.3499384993849939,0.4131131131131131,0.403651788319685,0.3677109322504919,0.5000486567204809,0.5054311253273762
M-0800,Glass,334.92,30.11,0.8,46.87,70.39,False,False,False,True,False,False,False,False,False,0.6323362109348859,0.26442712721145745,0.8,0.9364493644936449,0.7044044044044044,0.6514291782557464,0.6408611869861535,0.4611031127827365,0.4602964851577002
M-0872,Cotton,77.06,28.52,0.76,6.57,47.71,False,False,True,False,False,False,False,False,False,0.05712819826451626,0.24768323504633527,0.76,0.11029110291102912,0.4773773773773774,0.19043692400887974,0.13266246993940434,0.2911303668431706,0.26331223610221327
M-1054,Bamboo,183.44,35.51,0.5,39.12,31.52,False,True,False,False,False,False,False,False,False,0.2944299449017377,0.32129317607413643,0.5,0.7775727757277572,0.3153153153153153,0.6850121339051227,0.6778830996504636,0.3008088778318433,0.2745288238471499
M-1013,Wood,94.14,44.83,0.75,8.67,39.15,False,False,False,False,False,False,False,False,True,0.09522853510004683,0.4194397641112047,0.75,0.15334153341533416,0.3916916916916917,0.2278357508800313,0.17389100612386427,0.343138089720743,0.32358485321794184
M-0029,Cotton,374.02,65.24,0.66,47.06,98.93,False,False,True,False,False,False,False,False,False,0.7195565370630618,0.6343723673125526,0.66,0.9403444034440345,0.9900900900900902,0.6671976330574116,0.6582443608381908,0.6778586942050796,0.7114981422177494
M-0119,Cotton,437.8,37.6,0.66,38.84,57.81,False,False,True,False,False,False,False,False,False,0.8618305114992527,0.34330244313395114,0.66,0.7718327183271834,0.5784784784784786,0.6072517831484622,0.592159944591815,0.5603089579845987,0.5752677931222835
M-1310,Paper,295.44,48.66,0.35,25.1,55.18,False,False,False,False,True,False,False,False,False,0.5442682192330857,0.4597725358045492,0.35,0.490159901599016,0.5521521521521522,0.5338807257441944,0.5112755546748325,0.512828704533701,0.5202421358071119
M-0975,Paper,361.47,20.75,0.22,6.18,90.31,False,False,False,False,True,False,False,False,False,0.6915612661446832,0.16585930918281383,0.22,0.1022960229602296,0.9038038038038039,0.30499723339575735,0.2589539677217351,0.5706283598293618,0.5872271199652775
M-0093,Plastic,278.01,12.62,0.48,5.47,12.12,False,False,False,False,False,True,False,False,False,0.5053871377902697,0.08024431339511372,0.48,0.08774087740877408,0.12112112112112111,0.2965324143331523,0.24962233546974272,0.320421144398231,0.2972578065467029
M-0812,Glass,156.59,13.75,0.29,17.33,66.38,False,False,False,True,False,False,False,False,False,0.23453568002855296,0.09214406065711879,0.29,0.3308733087330873,0.6642642642642642,0.44509755881342594,0.4134008265988118,0.3141034312195292,0.2899361034149726
M-0103,Plastic,144.46,63.19,0.61,15.09,90.84,False,False,False,False,False,True,False,False,False,0.20747730263891678,0.6127843302443134,0.61,0.28495284952849526,0.9091091091091091,0.29706079880618624,0.25020482749391343,0.5404181083781029,0.5522159558930119
M-1168,Unknown,316.87,67.16,0.37,45.86,12.13,False,False,False,False,False,False,False,True,False,0.5920720961877356,0.6545914069081719,0.37,0.9157441574415744,0.12122122122122123,0.8263243723428226,0.8336659736910885,0.4690020545836544,0.46945070050196497
M-0899,Bamboo,401.91,79.8,0.87,31.63,31.96,False,True,False,False,False,False,False,False,False,0.7817707287693234,0.7877000842459984,0.87,0.6240262402624026,0.31971971971971974,0.4814437721854696,0.4534689597073748,0.6508561044730663,0.6802043907900631
M-1172,Glass,51.45,64.26,0.74,23.8,71.21,False,False,False,True,False,False,False,False,False,0.0,0.6240522325189555,0.74,0.46350963509635096,0.7126126126126126,0.3848445197965493,0.3469777645094718,0.41458984039452185,0.4063914783175831
M-0795,Aluminum,483.32,75.1,0.4,35.32,16.68,True,False,False,False,False,False,False,False,False,0.963371924423922,0.7382055602358888,0.4,0.6996719967199672,0.16676676676676677,0.6831265213553036,0.6758043968743597,0.6589382733122904,0.6895709510037827
M-0339,Paper,496.03,27.98,0.85,46.5,30.98,False,False,False,False,True,False,False,False,False,0.991724107162774,0.2419966301600674,0.85,0.9288642886428864,0.30990990990990996,0.6713275821947409,0.6627972244356236,0.5008978111806878,0.5064152245884156
M-0155,Steel,239.64,69.33,0.84,18.05,26.25,False,False,False,False,False,False,True,False,False,0.41979522184300333,0.6774431339511373,0.84,0.3456334563345634,0.2625625625625626,0.3291238175444818,0.285551158885247,0.5019825914070054,0.5076723944781542
M-0732,Aluminum,104.09,27.32,0.47,1.83,13.82,True,False,False,False,False,False,False,False,False,0.11742398893573355,0.23504633529907326,0.47,0.013120131201312012,0.13813813813813813,0.2530582649069734,0.2016963524200331,0.24968022798967882,0.21527497912806381
M-1438,Steel,394.73,41.8,0.36,18.23,93.61,False,False,False,False,False,False,True,False,False,0.7657543108255817,0.3875315922493681,0.36,0.34932349323493234,0.9368368368368368,0.4079104122572757,0.37240564718665475,0.6560850841201066,0.6862643424805823
M-0758,Glass,290.12,6.15,0.02,4.57,32.69,False,False,False,True,False,False,False,False,False,0.5324009012023467,0.012110362257792759,0.02,0.06929069290692907,0.327027027027027,0.40287171304145475,0.3668509758153362,0.34905527832576133,0.3304423817436835
M-0696,Paper,129.72,14.74,0.98,17.74,70.79,False,False,False,False,True,False,False,False,False,0.174596801177809,0.10256950294860993,0.98,0.3392783927839278,0.7084084084084085,0.23872619482951582,0.1858966517550244,0.30476204884753555,0.27911021964451455
M-1183,Cotton,302.3,76.89,0.96,44.2,59.67,False,False,True,False,False,False,False,False,False,0.5595708135358808,0.757055602358888,0.96,0.8817138171381714,0.5970970970970971,0.5813185805731932,0.5635711339203725,0.5920672832687713,0.6120730457690045
M-1300,Plastic,86.78,58.52,0.52,22.66,47.71,False,False,False,False,False,True,False,False,False,0.07881059135827254,0.5636057287278855,0.52,0.4401394013940139,0.4773773773773774,0.46034590309867063,0.4302106296518121,0.3763072473662294,0.36202514300959054
M-0892,Bamboo,428.91,92.47,0.31,18.72,33.27,False,True,False,False,False,False,False,False,False,0.841999598474202,0.9211246840775064,0.31,0.3593685936859368,0.3328328328328329,0.48933787292827874,0.4621714310239211,0.7477232060910708,0.7924652898237738
M-0160,Paper,220.86,48.13,0.33,26.78,48.31,False,False,False,False,True,False,False,False,False,0.3779026969149435,0.4541912384161752,0.33,0.52460024600246,0.48338338338338344,0.5674218092631377,0.5482513074248055,0.43544952944232224,0.43056611972787656
M-0390,Aluminum,316.58,71.74,0.56,3.4,12.63,True,False,False,False,False,False,False,False,False,0.5914251935131276,0.7028222409435552,0.56,0.04530545305453054,0.12622622622622623,0.24656064921009568,0.19453336881109856,0.5737013019996312,0.5907884038785037
M-0733,Aluminum,295.02,71.96,0.55,48.06,43.95,True,False,False,False,False,False,False,False,False,0.5433313257043431,0.7051390058972199,0.55,0.9608446084460845,0.4397397397397398,0.7675327910936768,0.7688540253585125,0.5288281031638866,0.5387841056216554
M-0914,Plastic,273.63,52.75,0.83,19.24,50.04,False,False,False,False,False,True,False,False,False,0.4956166767048116,0.502843302443134,0.83,0.37002870028700285,0.5007007007007007,0.32294715010213165,0.27874198922803667,0.5125982628132209,0.5199750730553224
M-1309,Aluminum,342.94,12.82,0.56,37.99,47.71,True,False,False,False,False,False,False,False,False,0.6502264159361127,0.08235046335299075,0.56,0.7544075440754408,0.4773773773773774,0.6369067887075267,0.6248516777831937,0.3764366288191176,0.3621750853323907
M-0101,Bamboo,80.18,65.43,0.5,36.92,22.68,False,True,False,False,False,False,False,False,False,0.0640879787637467,0.6363732097725359,0.5,0.7324723247232473,0.2268268268268268,0.6668007121512658,0.6578067944942576,0.3172795488807395,0.29361695912479224
M-1215,Plastic,307.34,22.04,0.5,40.76,59.83,False,False,False,False,False,True,False,False,False,0.5708135358807914,0.17944397641112048,0.5,0.8111931119311193,0.5986986986986987,0.6768459972888017,0.6688807354818447,0.401210557848797,0.39088600471590434
M-0592,Cotton,258.18,76.66,0.05,8.07,39.63,False,False,True,False,False,False,False,False,False,0.46115237904035333,0.7546335299073295,0.05,0.14104141041410415,0.39649649649649654,0.42997519659881284,0.3967299064143977,0.5907202263895779,0.6105119190935708
M-0069,Paper,74.64,45.07,0.82,8.0,85.95,False,False,False,False,True,False,False,False,False,0.05172990697985677,0.4219671440606571,0.82,0.13960639606396064,0.8601601601601602,0.15174782162236036,0.09001153163103447,0.4238653602898158,0.41714103296573446
M-0033,Paper,163.31,49.89,0.01,9.78,50.31,False,False,False,False,True,False,False,False,False,0.24952597648843383,0.4727253580454928,0.01,0.17609676096760965,0.5034034034034034,0.45231771624022543,0.421360341552419,0.43585897167079407,0.43104062915267466
M-1006,Steel,410.69,18.57,0.87,27.94,74.84,False,False,False,False,False,False,True,False,False,0.8013562649177988,0.14290227464195449,0.87,0.5483804838048381,0.748948948948949,0.3931333953880079,0.35611543635218257,0.5254422302552196,0.5348601610585181
M-1211,Aluminum,103.25,31.15,0.55,14.0,87.89,True,False,False,False,False,False,False,False,False,0.11555020187824844,0.27537910699241785,0.55,0.26260762607626076,0.8795795795795796,0.3046066176877985,0.2585233522399907,0.38648041141302303,0.37381499243044086
M-0905,Glass,89.44,47.04,0.38,10.18,75.24,False,False,False,True,False,False,False,False,False,0.08474425037364205,0.44271272114574556,0.38,0.18429684296842969,0.752952952952953,0.3212828104857625,0.2769072181446251,0.4167708463255333,0.4089190824527696
M-0810,Steel,455.01,95.39,1.0,41.77,81.06,False,False,False,False,False,False,True,False,False,0.9002208391889179,0.9518744734625106,1.0,0.8318983189831899,0.8112112112112112,0.5180178702687928,0.493788313344786,0.8272857697719233,0.8846716713408111
M-0875,Plastic,128.89,74.61,0.95,40.31,51.34,False,False,False,False,False,True,False,False,False,0.17274532110910346,0.7330454928390902,0.95,0.8019680196801968,0.5137137137137138,0.5448094404367467,0.5233233900442112,0.43957272565659083,0.43534456056253196
M-0921,Steel,221.28,67.24,0.36,3.59,76.98,False,False,False,False,False,False,True,False,False,0.378839590443686,0.6554338668913227,0.36,0.04920049200492005,0.7703703703703705,0.24448325816591499,0.19224324906671847,0.6111497349408351,0.63418801715445
M-0626,Plastic,441.84,50.25,0.48,13.66,7.87,False,False,False,False,False,True,False,False,False,0.8708425349662048,0.4765164279696715,0.48,0.25563755637556373,0.07857857857857858,0.4015246759674803,0.3653659996438242,0.5617275971057161,0.576911877651302
M-0376,Paper,297.89,96.59,0.68,42.34,48.2,False,False,False,False,True,False,False,False,False,0.5497334314840839,0.9645113732097725,0.68,0.8435834358343584,0.4822822822822823,0.6539218332723867,0.6436090945048303,0.6420837945158703,0.670038014528691
M-1339,Wood,419.95,16.97,0.58,25.1,5.2,False,False,False,False,False,False,False,False,True,0.8220125365276941,0.12605307497893847,0.58,0.490159901599016,0.05185185185185185,0.5149107557742244,0.4903630245567201,0.39317734423779016,0.38157617953234735
M-0699,Plastic,475.08,40.08,0.33,34.33,65.08,False,False,False,False,False,True,False,False,False,0.9449909656695441,0.3694187026116259,0.33,0.6793767937679377,0.6512512512512513,0.6435009511356374,0.6321210946879063,0.622355954771866,0.6471750921467618
M-0613,Paper,330.33,95.29,0.76,1.37,54.06,False,False,False,False,True,False,False,False,False,0.6220973030850565,0.9508213984835721,0.76,0.0036900369003690058,0.540940940940941,0.1201199280461273,0.05514488302629379,0.7583407300471713,0.8047701153518895
M-1196,Steel,282.77,66.7,0.94,27.42,14.09,False,False,False,False,False,False,True,False,False,0.5160052644493519,0.6497472620050548,0.94,0.5377203772037721,0.14084084084084084,0.42654814223817916,0.3929519153239209,0.48240951470683324,0.4849888295679318
M-0651,Bamboo,125.17,17.15,0.12,31.95,6.56,False,True,False,False,False,False,False,False,False,0.16444712128309796,0.1279486099410278,0.12,0.6305863058630586,0.06546546546546546,0.7358052369712886,0.7338775107826421,0.15237296843523124,0.10250397372349489
M-0770,Aluminum,467.17,79.46,0.02,5.38,5.64,True,False,False,False,False,False,False,False,False,0.9273461375448928,0.7841196293176074,0.02,0.08589585895858957,0.05625625625625625,0.4399118897495281,0.4076841353940814,0.7016746837572674,0.7390988895700282
M-0048,Bamboo,304.31,51.71,0.1,30.69,31.28,False,True,False,False,False,False,False,False,False,0.5640545182805773,0.49189132266217356,0.1,0.6047560475604756,0.31291291291291295,0.7015623372449941,0.6961280745425609,0.4716880221564978,0.47256351310259254
M-0498,Paper,64.64,18.96,0.12,49.02,86.28,False,False,False,False,True,False,False,False,False,0.029422918200272152,0.14700926705981465,0.12,0.9805248052480526,0.8634634634634635,0.8659685368024852,0.8773697742022395,0.23639147700891783,0.1998744240663642
M-0147,Glass,181.92,19.67,0.15,5.53,47.71,False,False,False,True,False,False,False,False,False,0.2910392826072408,0.15448609941027802,0.15,0.08897088970889709,0.4773773773773774,0.3606447960876005,0.3202999441589639,0.34251227021071734,0.32285958055410835
M-1395,Unknown,262.03,77.25,0.41,14.12,95.09,False,False,False,False,False,False,False,True,False,0.4697405697204934,0.7608466722830666,0.41,0.2650676506765067,0.9516516516516517,0.3408754252407389,0.298506153029848,0.6945290999639255,0.7308177533807302
M-0694,Paper,249.69,72.87,0.4,44.09,64.48,False,False,False,False,True,False,False,False,False,0.44221374556648596,0.7147219882055603,0.4,0.879458794587946,0.6452452452452453,0.7431507522282431,0.7419752204409751,0.5460306764104707,0.5587204545584737
M-0799,Aluminum,69.54,42.77,0.67,40.92,82.96,True,False,False,False,False,False,False,False,False,0.04035334270226862,0.3977464195450716,0.67,0.8144731447314474,0.8302302302302302,0.6046608638158454,0.5893037103087496,0.3379336483594703,0.31755333935590113
M-0198,Paper,455.01,23.49,0.6,31.39,22.87,False,False,False,False,True,False,False,False,False,0.9002208391889179,0.19471356360572872,0.6,0.6191061910619107,0.22872872872872874,0.5685908417642735,0.5495400510247035,0.467062167617681,0.4672025331552972
M-1378,Steel,124.68,51.71,0.25,34.95,47.71,False,False,False,False,False,False,True,False,False,0.16335407883289838,0.49189132266217356,0.25,0.6920869208692088,0.4773773773773774,0.6925144147837875,0.6861536280212506,0.35560267391182976,0.33803026764657684
M-1154,Plastic,65.89,36.03,0.31,43.79,80.31,False,False,False,False,False,True,False,False,False,0.032211291797720226,0.3267691659646167,0.31,0.8733087330873308,0.8037037037037037,0.750614869482028,0.7502036771608328,0.2990530276488255,0.27249393979651115
M-0553,Steel,73.39,94.65,0.76,14.31,27.47,False,False,False,False,False,False,True,False,False,0.0489415333824087,0.9440817186183658,0.76,0.2689626896268963,0.2747747747747748,0.30590013629866025,0.2599493295583948,0.47561682419253637,0.4771166672831569
M-1256,Plastic,391.73,64.15,0.5,40.57,36.37,False,False,False,False,False,True,False,False,False,0.7590622141917063,0.622893850042123,0.5,0.8072980729807298,0.3638638638638639,0.6979924574020514,0.6921926323751899,0.57572758795654,0.5931367004562108
M-1050,Aluminum,55.45,81.36,0.63,16.26,26.35,True,False,False,False,False,False,False,False,False,0.008922795511833864,0.8041280539174389,0.63,0.30893808938089384,0.2635635635635636,0.37000649727217994,0.330620300927541,0.4063867010748688,0.39688472339727415
M-1258,Glass,399.52,49.18,0.85,45.84,25.74,False,False,False,True,False,False,False,False,False,0.7764393584510026,0.46524852569502945,0.85,0.9153341533415335,0.25745745745745746,0.6684547462591743,0.6596302047660071,0.49454883560844937,0.4990572909476088
M-0712,Plastic,343.05,37.81,0.52,47.41,36.73,False,False,False,False,False,True,False,False,False,0.6504717928126882,0.345513900589722,0.52,0.9475194751947519,0.36746746746746745,0.7757649383701044,0.7779291598014008,0.4273365386648618,0.42116383945607144
M-0545,Aluminum,410.26,46.51,0.4,25.64,16.07,True,False,False,False,False,False,False,False,False,0.8003970644002766,0.43713142375737146,0.4,0.501230012300123,0.16066066066066065,0.5646719413140078,0.5452198478917621,0.5151441017572966,0.5229254882518463
M-1476,Cotton,260.95,93.22,0.06,5.39,47.71,False,False,True,False,False,False,False,False,False,0.46733141493229824,0.9290227464195451,0.06,0.08610086100861007,0.4773773773773774,0.38592277886742826,0.34816643931130753,0.6755893458477596,0.7088681565718687
M-0396,Paper,445.38,39.2,0.65,14.44,72.0,False,False,False,False,True,False,False,False,False,0.8787392089941778,0.36015164279696715,0.65,0.27162771627716276,0.7205205205205205,0.29592457771424563,0.24895225525243614,0.6505531306032886,0.6798532693211965
M-1074,Glass,398.59,60.45,0.39,18.61,72.76,False,False,False,True,False,False,False,False,False,0.7743648084945013,0.5839300758213986,0.39,0.35711357113571135,0.7281281281281282,0.42445532986861395,0.3906447950818028,0.6853174780226194,0.7201422511367622
M-0394,Cotton,304.58,66.19,0.83,18.13,26.48,False,False,True,False,False,False,False,False,False,0.564656806977626,0.6443765796124684,0.83,0.3472734727347273,0.2648648648648649,0.33287759715434995,0.2896893324971396,0.5414073110060332,0.5533623593105095
M-0859,Plastic,155.17,61.0,0.96,10.6,47.71,False,False,False,False,False,True,False,False,False,0.2313680876218519,0.5897219882055603,0.96,0.1929069290692907,0.4773773773773774,0.18000641970383668,0.12116386262628696,0.4635663091081407,0.4631511244456275
M-0828,Plastic,338.89,15.06,0.21,27.66,71.44,False,False,False,False,False,True,False,False,False,0.641192085480381,0.10593934288121314,0.21,0.542640426404264,0.7149149149149149,0.591092764351067,0.5743462122656902,0.45021494026911446,0.4476780005040191
M-0381,Cotton,278.01,65.11,0.27,38.08,28.27,False,False,True,False,False,False,False,False,False,0.5053871377902697,0.6330033698399327,0.27,0.7562525625256252,0.2827827827827828,0.7444732592370968,0.743433154623151,0.4793679779745648,0.4814639419403966
M-0981,Paper,187.81,51.71,0.12,29.35,52.75,False,False,False,False,True,False,False,False,False,0.3041780989984162,0.49189132266217356,0.12,0.5772857728577286,0.5278278278278279,0.6575886809318543,0.647651434173187,0.4264612858609991,0.42014949438945753
M-1025,Cotton,404.11,84.43,0.34,29.95,33.42,False,False,True,False,False,False,False,False,False,0.786678266300832,0.836457455770851,0.34,0.5895858958589586,0.33433433433433435,0.6183181040819417,0.6043594773366975,0.6760057800060599,0.7093507690607145
M-1384,Paper,287.33,38.37,0.02,26.71,37.36,False,False,False,False,True,False,False,False,False,0.5261772513328425,0.3514111204717775,0.02,0.5231652316523165,0.3737737737737738,0.6705217616140126,0.6619088863311906,0.4295941617211402,0.4237802364550907
M-0513,Bamboo,189.66,64.94,0.41,47.1,67.0,False,True,False,False,False,False,False,False,False,0.3083048919226393,0.6312131423757372,0.41,0.9411644116441165,0.6704704704704705,0.7746515999394229,0.7767018134481838,0.46880896493411417,0.4692269256879216
M-0210,Steel,382.12,43.17,0.04,47.78,95.6,False,False,False,False,False,False,True,False,False,0.7376251979745254,0.4019587194608256,0.04,0.9551045510455105,0.9567567567567568,0.8653870549516305,0.8767287475301686,0.5946952673491731,0.6151186603335403
M-1232,Cotton,411.19,59.4,0.24,24.64,21.1,False,False,True,False,False,False,False,False,False,0.8024716143567779,0.5728727885425443,0.24,0.480729807298073,0.21101101101101102,0.5953367832777426,0.5790248266107019,0.5754997624871576,0.5928726697214367
M-0038,Aluminum,230.38,36.48,0.46,3.46,47.71,True,False,False,False,False,False,False,False,False,0.39913895023310797,0.3315080033698399,0.46,0.04653546535465354,0.4773773773773774,0.2421835414750544,0.18970803711662676,0.4465483627010418,0.44342874263118764
M-0442,Cotton,311.98,61.54,0.87,8.68,48.64,False,False,True,False,False,False,False,False,False,0.5811639786745187,0.5954085930918281,0.87,0.15354653546535466,0.48668668668668674,0.18245925261054413,0.12386787017703259,0.5937830839090233,0.6140615157368258
M-0910,Wood,251.24,32.78,0.72,41.97,64.23,False,False,False,False,False,False,False,False,True,0.44567132882732163,0.29254422914911543,0.72,0.8359983599835998,0.6427427427427428,0.6213247417158856,0.6076740002470467,0.40332415784194153,0.39333549098590487
M-0951,Glass,484.62,57.57,0.25,25.1,99.67,False,False,False,True,False,False,False,False,False,0.966271832965268,0.5536015164279697,0.25,0.490159901599016,0.9974974974974975,0.5193461912096599,0.4952526568164086,0.782439181627231,0.8326982126574769
M-0660,Plastic,440.72,33.87,0.55,9.06,59.71,False,False,False,False,False,True,False,False,False,0.8683441522228914,0.304022746419545,0.55,0.16133661336613367,0.5974974974974975,0.2720522182699304,0.22263532187510637,0.6136942526877389,0.6371369011935442
M-0523,Wood,400.93,51.71,0.15,13.6,64.16,False,False,False,False,False,False,False,False,True,0.7795846438689241,0.49189132266217356,0.15,0.25440754407544075,0.6420420420420421,0.4434403222410602,0.4115738859242984,0.6479842422867486,0.6768761418226447
M-1160,Unknown,117.0,8.83,0.55,47.09,49.22,False,False,False,False,False,False,False,True,False,0.14622231145017733,0.040332771693344566,0.55,0.940959409594096,0.4924924924924925,0.7503263965072083,0.7498856640177584,0.16969683663932159,0.12258089340879723
M-0871,Steel,259.34,30.73,0.86,3.55,86.1,False,False,False,False,False,False,True,False,False,0.46373998973878505,0.2709561920808761,0.86,0.048380483804838045,0.8616616616616616,0.08486212411673667,0.016276614508257348,0.52463794758873,0.5339280644673202
M-0089,Paper,278.01,16.5,0.93,45.57,15.94,False,False,False,False,True,False,False,False,False,0.5053871377902697,0.12110362257792755,0.93,0.9097990979909799,0.15935935935935935,0.650943522858652,0.6403257995746373,0.2601637282016429,0.22742448230465562
M-1093,Cotton,247.73,65.08,0.35,32.9,6.72,False,False,True,False,False,False,False,False,False,0.4378415757656874,0.632687447346251,0.35,0.6500615006150061,0.06706706706706707,0.678330193662297,0.6705169163198242,0.42309242144109127,0.4162452612475088
M-0142,Aluminum,435.06,20.85,0.53,28.89,90.08,True,False,False,False,False,False,False,False,False,0.8557183965736465,0.1669123841617523,0.53,0.5678556785567855,0.9015015015015015,0.4915632569839211,0.4646246985389283,0.5814355057020112,0.5997517014938589
M-0452,Unknown,61.06,97.72,0.2,18.37,13.55,False,False,False,False,False,False,False,True,False,0.021437016217180832,0.9764111204717776,0.2,0.35219352193521936,0.13543543543543543,0.5377725696175881,0.5155659305871917,0.44111458273470056,0.43713144443619906
M-0255,Aluminum,412.95,24.05,0.15,16.2,35.06,True,False,False,False,False,False,False,False,False,0.8063976443819848,0.20061078348778433,0.15,0.3077080770807708,0.3507507507507508,0.5045497711733874,0.4789410558946029,0.49183229219649227,0.495909043497272
M-0349,Cotton,400.81,32.01,0.26,33.45,23.66,False,False,True,False,False,False,False,False,False,0.7793169600035691,0.28443555181128893,0.26,0.6613366133661337,0.23663663663663664,0.6951383043560166,0.6890462087576833,0.4535070451259142,0.4514932757085463
M-0819,Paper,330.74,28.83,0.14,6.23,82.06,False,False,False,False,True,False,False,False,False,0.6230118896250195,0.25094776748104464,0.14,0.10332103321033212,0.8212212212212212,0.33787049780407713,0.2951935154441581,0.5597980209103335,0.5746756596285731
M-1463,Steel,58.1,72.09,0.33,35.74,1.58,False,False,False,False,False,False,True,False,False,0.014834147538423798,0.70650800336984,0.33,0.7082820828208283,0.015615615615615619,0.7244076881309354,0.7213128317782017,0.2847646676589326,0.25593492118864414
M-1255,Steel,172.38,90.25,0.87,5.15,56.85,False,False,False,False,False,False,True,False,False,0.26975841531151706,0.8977464195450716,0.87,0.08118081180811809,0.5688688688688689,0.13082160019798397,0.06694242627723977,0.614282384792768,0.6378184972954025
M-0780,Glass,292.62,65.07,0.18,5.96,25.94,False,False,False,True,False,False,False,False,False,0.5379776483972428,0.6325821398483572,0.18,0.09778597785977859,0.2594594594594595,0.3787256407699212,0.34023230090905426,0.551809219991874,0.5654173050548579
M-0370,Bamboo,108.28,34.77,0.71,10.43,57.19,False,True,False,False,False,False,False,False,False,0.12677061723437952,0.3135004212299916,0.71,0.18942189421894218,0.5722722722722723,0.24342590930413807,0.19107762571822262,0.3496071284950901,0.3310819301053663
M-0582,Aluminum,373.64,67.93,0.13,24.25,86.16,True,False,False,False,False,False,False,False,False,0.7187088714894376,0.6627000842459985,0.13,0.47273472734727345,0.8622622622622622,0.5584146101821379,0.5383217544334499,0.7086721142251277,0.747208328400413
M-0868,Wood,347.83,6.31,0.88,49.47,74.44,False,False,False,False,False,False,False,False,True,0.6611345334493296,0.013795282224094346,0.88,0.9897498974989749,0.7449449449449449,0.6553554440048905,0.645189509638254,0.38623943472478983,0.37353572052888334
M-0208,Paper,71.13,64.49,0.5,20.15,67.73,False,False,False,False,True,False,False,False,False,0.04390015391822255,0.6264743049705139,0.5,0.38868388683886834,0.6777777777777778,0.4154325543255432,0.3806980705697379,0.43131822748272647,0.4257782850098225
M-0290,Cotton,191.88,78.05,0.58,23.9,66.36,False,False,True,False,False,False,False,False,False,0.3132570434317071,0.7692712721145746,0.58,0.46555965559655593,0.664064064064064,0.43892938695152717,0.4066010224852655,0.5651417576943558,0.5808686052783721
M-1329,Wood,493.25,75.46,0.48,19.15,36.97,False,False,False,False,False,False,False,False,True,0.9855227642820494,0.7419966301600673,0.48,0.3681836818368183,0.36986986986986986,0.43992322211510404,0.4076966282149341,0.741787393845033,0.7855861780499612
M-0304,Wood,409.45,95.03,0.56,30.91,48.38,False,False,False,False,False,False,False,False,True,0.7985901983091303,0.9480834035383321,0.56,0.6092660926609266,0.48408408408408415,0.5491512471881475,0.5281098058687712,0.747225968197336,0.791889032538773
M-0476,Cotton,337.34,33.78,0.73,32.53,97.21,False,False,True,False,False,False,False,False,False,0.6377345022195453,0.30307497893850044,0.73,0.6424764247642477,0.9728728728728728,0.4691985675712614,0.43996982340391955,0.5596102505034658,0.5744580493735454
M-1112,Aluminum,345.27,30.83,0.81,23.82,19.81,True,False,False,False,False,False,False,False,False,0.655423944321756,0.2720092670598146,0.81,0.46391963919639195,0.19809809809809809,0.41554197370802537,0.3808186947001549,0.4178292796835301,0.4101457185175562
M-0112,Bamboo,253.98,45.09,0.61,12.14,90.9,False,True,False,False,False,False,False,False,False,0.4517834437529278,0.42217775905644483,0.61,0.22447724477244774,0.9097097097097098,0.26071537589249766,0.21013756578810872,0.5653806384479776,0.581145448166365
M-1319,Plastic,124.12,78.82,0.92,19.94,44.91,False,False,False,False,False,True,False,False,False,0.16210488746124163,0.777379949452401,0.92,0.3843788437884379,0.44934934934934934,0.30969237133812777,0.2641298965072813,0.48025167841080096,0.48248807710900693
M-0239,Glass,160.88,60.93,0.34,30.87,15.74,False,False,False,True,False,False,False,False,False,0.24410537821499473,0.5889848357203034,0.34,0.6084460844608446,0.15735735735735737,0.647331914940771,0.6363443562999742,0.3622084379027414,0.3456857976669611
M-0802,Wood,320.73,50.89,0.02,47.56,40.89,False,False,False,False,False,False,False,False,True,0.6006825938566553,0.4832561078348779,0.02,0.9505945059450595,0.40910910910910914,0.9234457926561247,0.9407328077783853,0.4661409168193525,0.4661348802460183
M-1078,Aluminum,278.01,54.21,0.17,21.03,33.59,True,False,False,False,False,False,False,False,False,0.5053871377902697,0.5182181971356361,0.17,0.40672406724067245,0.3360360360360361,0.5594308367407999,0.5394420444786363,0.484796667707207,0.48775534097868684
M-1432,Steel,145.69,16.92,0.83,12.43,15.29,False,False,False,False,False,False,True,False,False,0.21022106225880566,0.1255265374894693,0.83,0.23042230422304222,0.15285285285285286,0.27396809724854004,0.22474739041850722,0.2250400000601626,0.18671900817859438
M-1413,Steel,208.57,9.77,0.33,17.99,42.06,False,False,False,False,False,False,True,False,False,0.3504874077048339,0.05023167649536646,0.33,0.3444034440344403,0.42082082082082084,0.46555998433858203,0.43595864249213523,0.28997549923079025,0.2619738407722694
M-1136,Glass,257.7,88.52,0.88,31.8,82.26,False,False,False,True,False,False,False,False,False,0.4600816435789332,0.8795282224094355,0.88,0.6275112751127512,0.8232232232232233,0.43018444274532835,0.3969605797548422,0.6707569702292986,0.7032678359022536
M-0643,Unknown,126.39,78.26,0.65,25.13,81.03,False,False,False,False,False,False,False,True,False,0.1671685739142073,0.7714827295703455,0.65,0.4907749077490775,0.8109109109109109,0.4183738535583554,0.38394056430535994,0.5416326476268679,0.5536235056772076
M-0235,Paper,377.68,48.95,0.82,34.95,84.25,False,False,False,False,True,False,False,False,False,0.7277208949563898,0.462826453243471,0.82,0.6920869208692088,0.8431431431431432,0.4849378382072109,0.45732082457748313,0.6161115084116591,0.6399382991524898
M-1398,Bamboo,211.01,45.85,0.9,25.1,92.11,False,True,False,False,False,False,False,False,False,0.3559303129670525,0.43018112889637744,0.9,0.490159901599016,0.9218218218218218,0.3319137587772274,0.2886267952805559,0.5104873788566633,0.5175287344454043
M-0690,Plastic,353.04,9.03,0.24,14.78,12.74,False,False,False,False,False,True,False,False,False,0.6727564746034933,0.04243892165122155,0.24,0.2785977859778598,0.12732732732732732,0.4824259388539831,0.4545517020664196,0.3479240755568297,0.32913141199535273
M-1091,Paper,217.48,89.47,0.5,13.13,56.83,False,False,False,False,True,False,False,False,False,0.3703629347074438,0.8895324347093513,0.5,0.24477244772447726,0.5686686686686687,0.33999660176781954,0.29753733640151264,0.6302198682571643,0.6562887125920629
M-0312,Bamboo,492.84,72.17,0.21,49.89,52.02,False,True,False,False,False,False,False,False,False,0.9846081777420865,0.7073504633529908,0.21,0.998359983599836,0.5205205205205206,0.8839639381078496,0.8972079380149229,0.6964536301273975,0.7330481234729503
M-1128,Plastic,278.76,22.83,0.7,41.55,38.71,False,False,False,False,False,True,False,False,False,0.5070601619487385,0.1877632687447346,0.7,0.8273882738827387,0.38728728728728734,0.6477042356009145,0.6367548032870369,0.3379068308118991,0.3175222600529186
M-0058,Aluminum,466.51,63.62,0.35,20.07,42.63,True,False,False,False,False,False,False,False,False,0.9258738762854402,0.617312552653749,0.35,0.38704387043870436,0.42652652652652656,0.48457366961056997,0.4569193644403622,0.686716168390151,0.7217632167226645
M-0032,Aluminum,294.23,39.38,0.33,24.78,48.19,True,False,False,False,False,False,False,False,False,0.541569073590756,0.3620471777590565,0.33,0.48359983599836,0.4821821821821822,0.5429416833807978,0.5212643711977039,0.46434214080903485,0.4640502487384622
M-0578,Wood,405.36,14.06,0.98,4.46,73.82,False,False,False,False,False,False,False,False,True,0.7894666398982801,0.09540859309182813,0.98,0.06703567035670356,0.7387387387387387,0.07234752834014826,0.0024805008871918305,0.5507505122586153,0.5641903510120059
M-1254,Plastic,162.3,7.85,0.34,1.49,92.26,False,False,False,False,False,True,False,False,False,0.2472729706216958,0.030012636899747258,0.34,0.006150061500615006,0.9233233233233233,0.20935770456803665,0.153520773559702,0.3810996211471082,0.3675791048827209
M-1101,Glass,178.66,25.42,0.98,1.36,30.32,False,False,False,True,False,False,False,False,False,0.2837672042650962,0.21503791069924177,0.98,0.003485034850348505,0.30330330330330335,0.07776069057987878,0.008447980991366816,0.33489394741314416,0.3140305792513005
M-1325,Steel,445.81,89.5,0.97,4.82,83.33,False,False,False,False,False,False,True,False,False,0.8796984095117,0.8898483572030329,0.97,0.07441574415744158,0.8339339339339339,0.07025605310107157,0.00017485470020701943,0.8786865807211992,0.9442409281043996
M-1361,Wood,113.32,59.27,0.97,43.61,49.96,False,False,False,False,False,False,False,False,True,0.13801333957929018,0.5715037910699242,0.97,0.8696186961869619,0.4998998998998999,0.5807812277221871,0.5629787551396729,0.36134910608850884,0.3446899037006645
M-1129,Wood,183.9,13.4,0.5,48.43,64.72,False,False,False,False,False,False,False,False,True,0.2954560663855986,0.08845829823083402,0.5,0.968429684296843,0.6476476476476477,0.766293045813341,0.7674873278595259,0.2670565887155967,0.23541273327206752
M-1376,Steel,350.56,30.01,0.5,25.1,0.02,False,False,False,False,False,False,True,False,False,0.6672243413861563,0.263374052232519,0.5,0.490159901599016,0.0,0.5440959409594096,0.5225368268955773,0.3766934476066347,0.36247271690692784
M-1281,Plastic,139.14,31.45,0.3,28.18,35.35,False,False,False,False,False,True,False,False,False,0.1956099846081777,0.27853833192923333,0.3,0.55330053300533,0.3536536536536537,0.6066149544378325,0.5914579034387607,0.28135258821829157,0.2519806054386867
M-0558,Wood,278.01,20.36,0.5,49.09,29.76,False,False,False,False,False,False,False,False,True,0.5053871377902697,0.16175231676495366,0.5,0.981959819598196,0.2976976976976977,0.8094061219891479,0.8150152630875889,0.29484236667404806,0.2676141345926893
M-1270,Plastic,348.71,25.03,0.86,8.63,89.41,False,False,False,False,False,True,False,False,False,0.663097548461933,0.2109309182813816,0.86,0.15252152521525217,0.8947947947947947,0.14403343564967183,0.08150717821076135,0.5696167697975938,0.5860547714122296
M-0375,Aluminum,344.86,40.85,0.79,3.39,41.0,True,False,False,False,False,False,False,False,False,0.6545093577817931,0.3775273799494524,0.79,0.045100451004510045,0.41021021021021026,0.14903924958168496,0.08702559678414913,0.5387448551475269,0.5502767948276146
M-1113,Cotton,129.84,70.77,0.07,12.77,0.92,False,False,True,False,False,False,False,False,False,0.17486448504316404,0.6926074136478517,0.07,0.23739237392373924,0.00900900900900901,0.5205345234533426,0.49656267648832586,0.3816777289512834,0.36824908365519454
M-1070,Steel,221.87,78.42,0.5,2.44,56.68,False,False,False,False,False,False,True,False,False,0.3801557027816815,0.7731676495366471,0.5,0.025625256252562522,0.5671671671671672,0.2086584370348208,0.1527498997326931,0.6145340811195923,0.6381101923648411
M-0747,Glass,328.77,19.94,0.49,25.66,7.26,False,False,False,True,False,False,False,False,False,0.6186174128354412,0.157329401853412,0.49,0.501640016400164,0.07247247247247247,0.5467367625928511,0.5254480735677298,0.33591187799557665,0.31521027597422324
M-0415,Glass,122.34,62.74,0.61,31.3,71.11,False,False,False,True,False,False,False,False,False,0.15813424345847554,0.6080454928390902,0.61,0.6172611726117261,0.7116116116116116,0.5161955424058745,0.49177937572502795,0.4487591127652977,0.44599081773828547
M-0191,Bamboo,173.32,57.6,0.76,23.56,81.2,False,True,False,False,False,False,False,False,False,0.271855272256798,0.5539174389216512,0.76,0.4585895858958589,0.8126126126126126,0.36589249027625403,0.32608501197639245,0.5056840128453939,0.5119620334932118
M-0885,Unknown,467.23,24.03,0.14,1.88,66.74,False,False,False,False,False,False,False,True,False,0.9274799794775703,0.2004001684919966,0.14,0.014145141451414513,0.6678678678678679,0.2997002980840619,0.2531146163988348,0.6269171112177805,0.652461092395546
M-0031,Unknown,362.28,29.17,0.4,49.42,35.5,False,False,False,False,False,False,False,True,False,0.6933681322358294,0.25452822240943557,0.4,0.9887248872488725,0.35515515515515517,0.837719416833808,0.8462278918961356,0.4039222664319865,0.3940286490025761
M-1125,Wood,379.76,82.42,0.3,11.26,53.55,False,False,False,False,False,False,False,False,True,0.7323607486225434,0.8152906486941871,0.3,0.20643706437064369,0.5358358358358358,0.3802786550388026,0.34194434672268775,0.7282014497909585,0.7698412009807948
M-0718,Paper,233.11,58.4,0.16,5.28,65.08,False,False,False,False,True,False,False,False,False,0.40522875816993464,0.5623420387531592,0.16,0.08384583845838459,0.6512512512512513,0.33718237794990563,0.2944349308392266,0.5605154453274946,0.5755070947465232
M-0066,Unknown,283.48,17.49,0.58,23.19,13.09,False,False,False,False,False,False,False,True,False,0.5175890606527025,0.13152906486941868,0.58,0.45100451004510045,0.13083083083083083,0.4835196229439772,0.45575738143796884,0.3082570590943985,0.2831606452884252
M-0543,Glass,305.39,59.11,0.57,25.1,10.61,False,False,False,True,False,False,False,False,False,0.5664636730687724,0.5698188711036226,0.57,0.490159901599016,0.106006006006006,0.5124953403588091,0.48770026611785133,0.46988410150163784,0.47047291938070485
M-0823,Wood,381.59,34.73,0.24,9.27,14.81,False,False,False,False,False,False,False,False,True,0.7364429275692074,0.3130791912384161,0.24,0.16564165641656414,0.14804804804804805,0.41258018904513366,0.3775536177883761,0.4803781855506214,0.4826346883424723
M-0323,Paper,68.94,35.54,0.5,41.27,62.32,False,False,False,False,True,False,False,False,False,0.03901492337549353,0.321609098567818,0.5,0.8216482164821649,0.6236236236236237,0.6806265675269365,0.6730484431320829,0.26877831075666725,0.2374080656500192
M-0131,Paper,153.98,83.13,0.5,11.99,76.72,False,False,False,False,True,False,False,False,False,0.22871355595708132,0.8227674810446504,0.5,0.22140221402214022,0.7677677677677678,0.30606455163650736,0.2601305813321219,0.5994316951019456,0.6206077854219659
M-0741,Bamboo,156.89,22.03,0.26,1.65,47.71,False,True,False,False,False,False,False,False,False,0.23520488969194042,0.17933866891322664,0.26,0.00943009430094301,0.4773773773773774,0.2799203188428281,0.2313091305560655,0.33962271155718965,0.3195108228558047
M-1273,Glass,471.57,30.51,0.95,39.83,80.14,False,False,False,True,False,False,False,False,False,0.9371612126079101,0.26863942712721145,0.95,0.7921279212792127,0.802002002002002,0.5100765525673274,0.4850337899653452,0.6032178321797717,0.6249956028039472
M-1153,Paper,392.45,99.89,0.12,10.97,26.91,False,False,False,False,True,False,False,False,False,0.7606683173838363,0.9992628475147431,0.12,0.2004920049200492,0.2691691691691692,0.4573782860351126,0.42693912309070925,0.7497605410563318,0.7948263912814694
M-0515,Plastic,55.23,17.76,0.66,43.86,80.59,False,False,False,False,False,True,False,False,False,0.008432041758682979,0.13437236731255264,0.66,0.8747437474374744,0.8065065065065066,0.6461955978118339,0.6350916781871336,0.22380846973248636,0.18529176714977313
M-0791,Wood,369.07,22.04,0.17,30.09,19.19,False,False,False,False,False,False,False,False,True,0.7085145776171674,0.17944397641112048,0.17,0.5924559245592456,0.1918918918918919,0.6852843655463581,0.6781832083172379,0.38991827983235455,0.3777991954577566
M-0736,Glass,214.91,96.87,0.74,1.69,67.87,False,False,False,True,False,False,False,False,False,0.36463003859109056,0.9674599831508004,0.74,0.010250102501025007,0.6791791791791792,0.11623214358269708,0.050858982215015794,0.7010423331953952,0.7383660479613241
M-0580,Plastic,274.19,7.77,0.81,27.21,57.35,False,False,False,False,False,True,False,False,False,0.4968658680764684,0.029170176916596458,0.81,0.5334153341533415,0.5738738738738739,0.41966181310461753,0.3853604133006275,0.34554585710701335,0.3263752549841955
M-0426,Steel,292.99,32.3,1.0,2.64,47.71,False,False,False,False,False,False,True,False,False,0.5388030069820875,0.28748946925021057,1.0,0.029725297252972533,0.4773773773773774,0.07009744061404578,0.0,0.4817053124314825,0.48417271781056553
M-0294,Plastic,331.65,63.29,0.62,41.58,15.06,False,False,False,False,False,True,False,False,False,0.6250418256039616,0.6138374052232519,0.62,0.8280032800328003,0.15055055055055055,0.6957469129646251,0.6897171400178707,0.48091751289635476,0.4832597237951098
M-0606,Glass,443.04,53.07,0.61,38.36,76.05,False,False,False,True,False,False,False,False,False,0.8735193736197551,0.5062131423757372,0.61,0.7619926199261993,0.7610610610610611,0.5980894658496133,0.5820593889890808,0.6589193308180146,0.6895489982313573
M-1365,Cotton,344.43,39.9,0.29,5.99,40.82,False,False,True,False,False,False,False,False,False,0.6535501572642709,0.36752316764953663,0.29,0.0984009840098401,0.4084084084084084,0.3311997495650632,0.2878396701993022,0.5292172470005303,0.5392350909017489
M-1071,Steel,142.56,57.1,0.28,31.29,35.44,False,False,False,False,False,False,True,False,False,0.20323897477079567,0.5486520640269588,0.28,0.6170561705617056,0.35455455455455454,0.6507782468815678,0.6401435990306172,0.37236715743395443,0.3574589070978861
M-1417,Aluminum,335.36,84.72,0.21,17.27,5.23,True,False,False,False,False,False,False,False,False,0.6333177184411877,0.8395113732097725,0.21,0.3296432964329643,0.05215215215215215,0.5295707626445634,0.5065242433511103,0.59295628286497,0.613103322222443
M-1422,Aluminum,81.34,9.71,0.57,40.58,80.26,True,False,False,False,False,False,False,False,False,0.0666755894621785,0.04959983150800337,0.57,0.8075030750307503,0.8032032032032033,0.6331815246981298,0.6207449398222081,0.2205867304771293,0.1815580398138934
M-0900,Glass,368.94,48.16,0.17,47.36,59.18,False,False,False,True,False,False,False,False,False,0.7082245867630328,0.4545071609098567,0.17,0.9464944649446494,0.5921921921921922,0.8576774597475704,0.8682296754621268,0.5307451036294848,0.5410057494214746
M-0774,Paper,95.64,36.58,0.6,5.86,72.86,False,False,False,False,True,False,False,False,False,0.09857458341698452,0.3325610783487784,0.6,0.0957359573595736,0.7291291291291292,0.20452866150283122,0.1481972275181091,0.3871497117078855,0.3745906557007334
M-0085,Unknown,274.27,15.88,0.46,48.36,90.41,False,False,False,False,False,False,False,True,False,0.49704432398670495,0.11457455770850884,0.46,0.9669946699466995,0.9048048048048047,0.7517163214875393,0.7514179198968716,0.3983281025596158,0.3875454792249691
M-0918,Paper,468.77,15.01,0.84,49.34,69.28,False,False,False,False,True,False,False,False,False,0.9309152557496263,0.1054128053917439,0.84,0.9870848708487086,0.6932932932932934,0.6709215931798957,0.6623496613918227,0.5026649929732674,0.5084632410302962
M-0007,Steel,329.03,54.16,0.18,4.37,83.69,False,False,False,False,False,False,True,False,False,0.6191973945437105,0.5176916596461668,0.18,0.06519065190651907,0.8375375375375376,0.3013606373901577,0.25494497753277334,0.6588996112833128,0.6895261449338271
M-0598,Bamboo,216.97,28.85,0.55,37.07,47.08,False,True,False,False,False,False,False,False,False,0.369225278279685,0.25115838247683236,0.55,0.7355473554735548,0.4710710710710711,0.6292213061770258,0.6163791875712558,0.3377937599316398,0.31739122032466804
M-1407,Plastic,113.89,37.34,0.18,13.31,71.2,False,False,False,False,False,True,False,False,False,0.1392848379397265,0.34056444818871107,0.18,0.24846248462484627,0.7125125125125126,0.42382623952365645,0.389951284717434,0.385603504184971,0.37279873002405145
M-0416,Aluminum,418.09,33.05,0.39,39.29,5.2,True,False,False,False,False,False,False,False,False,0.8178634366146913,0.29538753159224934,0.39,0.7810578105781057,0.05185185185185185,0.7464495011616782,0.7456117673902722,0.42190242818498896,0.41486615822344075
M-1085,Wood,415.3,51.71,0.55,12.91,15.83,False,False,False,False,False,False,False,False,True,0.8116397867451872,0.49189132266217356,0.55,0.24026240262402626,0.15825825825825826,0.3633316157485899,0.32326189914209374,0.5638612996818252,0.5793846611398505
M-1201,Steel,89.87,48.2,0.4,42.21,95.02,False,False,False,False,False,False,True,False,False,0.08570345089116421,0.45492839090143217,0.4,0.8409184091840919,0.950950950950951,0.68945595041536,0.6827819712225754,0.39531949389918974,0.38405875248886884
M-0957,Paper,338.37,86.58,0.79,13.67,55.42,False,False,False,False,True,False,False,False,False,0.6400321220638426,0.8590985678180286,0.79,0.25584255842558423,0.5545545545545546,0.26105007959989507,0.21050654377661754,0.7100223965270074,0.748773193071972
M-0689,Bamboo,140.83,95.46,0.99,12.71,27.96,False,True,False,False,False,False,False,False,False,0.19937986571192756,0.9526116259477675,0.99,0.23616236162361626,0.2796796796796797,0.21672944900620178,0.16164739831610375,0.5355167218544675,0.5465356573348402
M-0919,Paper,102.36,77.62,0.67,3.74,87.1,False,False,False,False,True,False,False,False,False,0.11356487987686542,0.7647430497051391,0.67,0.05227552275522755,0.8716716716716716,0.14319814648596937,0.08058635388574066,0.5765145574125131,0.5940487324790952
M-0293,Aluminum,193.44,85.36,0.47,43.53,64.6,True,False,False,False,False,False,False,False,False,0.31673693368132233,0.8462510530749789,0.47,0.8679786797867979,0.6464464464464464,0.7151425632274341,0.7110989408812068,0.549537216675315,0.5627842425324515
M-0806,Paper,145.42,97.01,0.56,25.16,44.96,False,False,False,False,True,False,False,False,False,0.20961877356175684,0.9689342881213143,0.56,0.491389913899139,0.4498498498498499,0.48184896335449845,0.4539156432044664,0.553324550169131,0.5671734464608701
M-0657,Bamboo,429.88,97.44,0.95,22.9,66.96,False,True,False,False,False,False,False,False,False,0.8441633763858216,0.9734625105307497,0.95,0.4450594505945059,0.67007007007007,0.3150286633496966,0.27001263472919906,0.8256771293753633,0.8828073911659804
M-1056,Steel,398.59,38.3,0.5,22.71,47.71,False,False,False,False,False,False,True,False,False,0.7743648084945013,0.3506739679865206,0.5,0.44116441164411646,0.4773773773773774,0.4669609092487321,0.4375030247143056,0.5451226060794214,0.5576680767124695
M-0150,Cotton,88.48,65.51,0.84,43.49,42.18,False,False,True,False,False,False,False,False,False,0.08260277945080194,0.6372156697556867,0.84,0.8671586715867159,0.42202202202202205,0.6260930007498273,0.6129305378597114,0.3496249944680038,0.33110263527923756
M-1140,Aluminum,496.31,68.35,0.69,28.68,40.02,True,False,False,False,False,False,False,False,False,0.9923487028486024,0.66712299915754,0.69,0.5635506355063551,0.4004004004004005,0.49109034126377304,0.4641033553709326,0.7045401122315944,0.7424196824013578
M-1189,Glass,274.22,93.18,0.76,7.18,35.93,False,False,False,True,False,False,False,False,False,0.49693278904280713,0.9286015164279697,0.76,0.12279622796227962,0.3594594594594595,0.20973179083142185,0.15393316695105685,0.6585492760104358,0.6891201355452993
M-0902,Paper,186.41,28.6,0.72,27.47,14.75,False,False,False,False,True,False,False,False,False,0.30105512056927436,0.24852569502948607,0.72,0.5387453874538745,0.14744744744744745,0.49250248772758,0.4656601082546904,0.26796823620366816,0.2364692567449832
M-0328,Bamboo,355.84,51.71,0.28,49.14,63.74,False,True,False,False,False,False,False,False,False,0.6790024314617769,0.49189132266217356,0.28,0.9829848298482984,0.6378378378378379,0.8420071141251951,0.8509546573515067,0.5390818985261204,0.5506674000182549
M-0554,Paper,278.01,96.21,0.59,40.98,88.78,False,False,False,False,True,False,False,False,False,0.5053871377902697,0.9605096882898063,0.59,0.8157031570315703,0.8884884884884885,0.6235730453700933,0.6101525343700691,0.7091912711225673,0.7478099879842411
M-0535,Glass,196.91,86.11,0.55,25.1,20.78,False,False,False,True,False,False,False,False,False,0.32447745878783824,0.8541491154170178,0.55,0.490159901599016,0.2078078078078078,0.5083151601786289,0.4830920277255112,0.5050648723733595,0.5112445012778594
M-0710,Cotton,346.5,81.67,0.55,40.74,47.71,False,False,True,False,False,False,False,False,False,0.6581677039416449,0.8073925863521483,0.55,0.8107831078310783,0.4773773773773774,0.6737321269609092,0.6654479990505782,0.6273432662951953,0.6529549706196207
M-0666,Steel,471.47,67.99,0.49,5.13,54.34,False,False,False,False,False,False,True,False,False,0.9369381427201142,0.6633319292333614,0.49,0.08077080770807707,0.5437437437437438,0.24708811025047184,0.1951148428413927,0.7607661931616574,0.8075810249925957
M-0916,Wood,433.14,51.65,0.71,24.96,27.74,False,False,False,False,False,False,False,False,True,0.8514354547279662,0.49125947767481043,0.71,0.48728987289872905,0.2774774774774775,0.4516261759914897,0.4205979862981689,0.5767097345465945,0.5942749265137758
M-0528,Plastic,494.0,20.75,0.34,8.16,9.46,False,False,False,False,False,True,False,False,False,0.9871957884405185,0.16585930918281383,0.34,0.14288642886428865,0.0944944944944945,0.37428240786912376,0.33533407270907245,0.5081795401806364,0.5148541417274635
M-1122,Glass,146.08,61.55,0.13,17.58,3.2,False,False,False,True,False,False,False,False,False,0.2110910348212095,0.595513900589722,0.13,0.3359983599835998,0.03183183183183183,0.5594158328069767,0.5394255041141306,0.3550782577618324,0.33742251302727727
M-1238,Cotton,273.41,9.94,0.6,19.8,45.33,False,False,True,False,False,False,False,False,False,0.4951259229516608,0.05202190395956191,0.6,0.3815088150881509,0.45355355355355353,0.40354993369753517,0.3675986475259114,0.3440615686208236,0.3246550883114882
M-0827,Glass,60.64,94.94,0.41,16.83,58.08,False,False,False,True,False,False,False,False,False,0.020500122688438288,0.9471356360572873,0.41,0.3206232062320623,0.5811811811811812,0.4112558056211193,0.37609361504264305,0.522846431174034,0.531851846226162
M-0752,Steel,265.63,80.68,0.51,9.45,83.29,False,False,False,False,False,False,True,False,False,0.4777710856811439,0.7969671440606573,0.51,0.16933169331693315,0.8335335335335337,0.2652456626368065,0.21513176230681802,0.6959319177846438,0.7324435023409435
M-1404,Wood,278.01,21.22,0.76,9.74,94.3,False,False,False,False,False,False,False,False,True,0.5053871377902697,0.17080876158382474,0.76,0.1752767527675277,0.9437437437437437,0.18279167728614223,0.12423433575665417,0.5078896382529291,0.5145181695501977
M-0215,Glass,179.91,63.96,0.01,14.07,29.82,False,False,False,True,False,False,False,False,False,0.2865555778625443,0.6208930075821399,0.01,0.26404264042640424,0.29829829829829835,0.5255957544260127,0.5021421869102316,0.45086240052265875,0.44842835298631084
M-1452,Steel,99.82,69.46,0.98,37.52,40.74,False,False,False,False,False,False,True,False,False,0.1078989047268509,0.6788121314237573,0.98,0.7447724477244773,0.40760760760760767,0.5121027078739255,0.4872674273374803,0.38239313940178665,0.36907818475360793
M-0357,Plastic,228.31,9.45,0.97,43.62,2.82,False,False,False,False,False,True,False,False,False,0.39452140355573395,0.04686183656276326,0.97,0.8698236982369824,0.028028028028028024,0.6280914161393866,0.6151335946957958,0.17310736982338135,0.1265334171762234
M-0492,Steel,278.01,26.41,0.4,28.91,90.56,False,False,False,False,False,False,True,False,False,0.5053871377902697,0.22546335299073295,0.4,0.5682656826568265,0.9063063063063064,0.5303287789634653,0.5073598819485436,0.48023236476892955,0.48246569420744506
M-0405,Cotton,328.38,77.92,0.25,7.18,27.03,False,False,True,False,False,False,False,False,False,0.6177474402730375,0.7679022746419546,0.25,0.12279622796227962,0.2703703703703704,0.3716406997403307,0.3324218487627984,0.6267718514980933,0.65229274848463
M-1277,Aluminum,378.87,97.44,0.26,2.22,82.62,True,False,False,False,False,False,False,False,False,0.7303754266211604,0.9734625105307497,0.26,0.021115211152111523,0.8268268268268268,0.2519864440085842,0.2005147750715044,0.8595971222533227,0.9221178364264694
M-0930,Aluminum,362.73,70.09,0.63,16.62,5.34,True,False,False,False,False,False,False,False,False,0.6943719467309108,0.68544650379107,0.63,0.3163181631816318,0.05325325325325325,0.3954655725836537,0.35868643282302176,0.5619552920151807,0.5771757570780108
M-1322,Glass,283.72,56.11,0.74,1.29,41.48,False,False,False,True,False,False,False,False,False,0.5181244283834125,0.5382266217354676,0.74,0.002050020500205002,0.41501501501501503,0.1377285107986215,0.07455661734805306,0.5525208684945906,0.566242046369262
M-0386,Unknown,84.26,68.31,0.02,3.79,73.85,False,False,False,False,False,False,False,True,False,0.07318923018581722,0.6667017691659647,0.02,0.05330053300533005,0.739039039039039,0.3520764158992941,0.3108541459297072,0.5014396042803985,0.5070431176444464
M-0028,Plastic,375.01,53.1,0.57,17.3,45.34,False,False,False,False,False,True,False,False,False,0.7217649289522406,0.5065290648694187,0.57,0.33025830258302585,0.45365365365365373,0.3817896161844501,0.3436100330951845,0.587607798310009,0.6069048743017482
M-0749,Aluminum,220.9,32.55,0.26,24.78,21.29,True,False,False,False,False,False,False,False,False,0.3779919248700618,0.2901221566975568,0.26,0.48359983599836,0.2129129129129129,0.5908686103077248,0.5740991044321031,0.32806252753141313,0.30611353285690995
M-0730,Paper,246.01,97.17,0.58,29.21,44.67,False,False,False,False,True,False,False,False,False,0.43400477369559876,0.9706192080876159,0.58,0.5744157441574416,0.446946946946947,0.5259547517997702,0.5025379462816439,0.6235662085977703,0.6485776754829577
M-1497,Cotton,78.64,51.71,0.8,34.28,21.61,False,False,True,False,False,False,False,False,False,0.060652702491690635,0.49189132266217356,0.8,0.6783517835178352,0.2161161161161161,0.5453994584990894,0.5239738270516765,0.26877845367529213,0.2374082312807963
M-0795,Aluminum,483.32,75.1,0.4,35.32,16.68,True,False,False,False,False,False,False,False,False,0.963371924423922,0.7382055602358888,0.4,0.6996719967199672,0.16676676676676677,0.6831265213553036,0.6758043968743597,0.6589382733122904,0.6895709510037827
M-0220,Bamboo,264.22,56.59,0.4,18.62,47.08,False,True,False,False,False,False,False,False,False,0.47462580026322254,0.5432813816343725,0.4,0.35731857318573185,0.4710710710710711,0.447284036804332,0.41581120399581323,0.5147498705597993,0.5224686071444429
M-0114,Wood,248.34,51.17,0.26,35.05,7.77,False,False,False,False,False,False,False,False,True,0.439202302081242,0.4862047177759056,0.26,0.6941369413694136,0.07757757757757758,0.7307244070638905,0.7282763944587011,0.36999427832857584,0.35470893794201536
M-0068,Aluminum,229.55,42.48,0.82,47.98,93.25,True,False,False,False,False,False,False,False,False,0.39728747016440247,0.3946925021061499,0.82,0.9592045920459203,0.9332332332332333,0.6361994319042289,0.6240718863298264,0.46791917773674796,0.4681957364703591
M-0310,Wood,332.38,52.56,0.99,32.32,91.08,False,False,False,False,False,False,False,False,True,0.6266702357848714,0.5008424599831509,0.99,0.6381713817138172,0.9115115115115116,0.3947516778771391,0.3578994339730087,0.6131146076497284,0.6364651408951499
M-0410,Wood,63.16,67.45,0.57,31.79,58.1,False,False,False,False,False,False,False,False,True,0.026121483860893607,0.6576453243470936,0.57,0.6273062730627306,0.5813813813813814,0.5472456256995002,0.5260090452013508,0.3928640318427987,0.38121307657424663
M-1283,Aluminum,258.77,35.99,0.56,46.38,24.56,True,False,False,False,False,False,False,False,False,0.4624684913783488,0.3263479359730413,0.56,0.9264042640426404,0.24564564564564562,0.7632779938610197,0.7641635289889739,0.3325744522978516,0.31134247769155854
M-1145,Paper,278.01,90.59,0.5,49.54,49.06,False,False,False,False,True,False,False,False,False,0.5053871377902697,0.9013268744734626,0.5,0.9911849118491185,0.49089089089089094,0.795621858020382,0.7998194648939619,0.5914095912855727,0.6113108355646328
M-0924,Bamboo,412.67,20.24,0.11,41.99,52.78,False,True,False,False,False,False,False,False,False,0.8057730486961565,0.16048862679022746,0.11,0.8364083640836408,0.5281281281281281,0.8160322056373717,0.8223198700046251,0.4601763756374959,0.4592224740295164
M-0507,Cotton,140.24,49.65,1.0,31.9,5.05,False,False,True,False,False,False,False,False,False,0.19806375337393206,0.4701979780960404,1.0,0.629561295612956,0.05035035035035035,0.4727017423327386,0.4438317297656258,0.2810055465232648,0.25157841303244005
M-0821,Bamboo,313.97,51.71,0.5,47.51,36.72,False,True,False,False,False,False,False,False,False,0.5856030694416561,0.49189132266217356,0.5,0.9495694956949569,0.36736736736736736,0.7830049606802374,0.7859105738392798,0.4556395611403181,0.4539646840709523
M-1420,Aluminum,196.3,47.66,0.77,7.39,19.48,True,False,False,False,False,False,False,False,False,0.32311673247228356,0.44924178601516424,0.77,0.12710127101271013,0.1947947947947948,0.22578128312814658,0.17162615705947498,0.3965743133282946,0.3855129836456117
M-0943,Cotton,229.4,95.52,0.34,39.35,25.67,False,False,True,False,False,False,False,False,False,0.3969528653327087,0.9532434709351305,0.34,0.7822878228782288,0.2567567567567568,0.7416970180512616,0.7403726211849941,0.5456912867572722,0.5583271302310768
M-1357,Paper,435.73,83.44,0.37,7.32,47.71,False,False,False,False,True,False,False,False,False,0.8572129648218787,0.8260320134793597,0.37,0.12566625666256662,0.4773773773773774,0.3166620162598022,0.27181324601009005,0.7720445922146523,0.8206517496886139
