Material_ID,Material_Type,Strength,Weight_Capacity,Biodegradability_Score,CO2_Emission_Score,Recyclability_Percent,Material_Type_Aluminum,Material_Type_Bamboo,Material_Type_Cotton,Material_Type_Glass,Material_Type_Paper,Material_Type_Plastic,Material_Type_Steel,Material_Type_Wood,CO2_Impact_Index,Cost_Efficiency_Index,Material_Suitability_Score
M-0141,Cotton,0.7217872359410202,0.37468407750631844,0.75,0.13612136121361212,0.4608608608608609,0.0,0.0,1.0,0.0,0.0,0.0,0.0,0.0,0.07338835350315465,1.926383726688044,0.6519731526346664
M-0832,Steel,0.3891677262486337,0.8833192923336142,0.3,0.965969659696597,0.39449449449449453,0.0,0.0,0.0,0.0,0.0,0.0,1.0,0.0,0.584899947097569,0.4405737416271787,0.36401543884780185
M-0186,Steel,0.27011532713199043,0.3896377422072451,0.55,0.7390323903239032,0.47547547547547553,0.0,0.0,0.0,0.0,0.0,0.0,1.0,0.0,0.38764061314286813,0.6932455576717745,0.4156887734954388
M-0754,Plastic,0.339311606326262,0.6251053074978938,0.01,0.611931119311193,0.12972972972972974,0.0,0.0,0.0,0.0,0.0,1.0,0.0,0.0,0.532545460589741,0.5428062431243429,0.17764356144942373
M-0932,Paper,0.9760869080282852,0.28927969671440606,0.25,0.20725707257072573,0.5302302302302303,0.0,0.0,0.0,0.0,1.0,0.0,0.0,0.0,0.09736310726470628,3.3741861075228687,0.6245038322803832
M-0091,Cotton,0.00990430301813558,0.7514743049705139,0.53,0.8103731037310373,0.4773773773773774,0.0,0.0,1.0,0.0,0.0,0.0,0.0,0.0,0.4235193167747493,0.013179811701895115,0.30617493442046745
M-1051,Plastic,0.9569252046666221,0.4336562763268745,0.12,0.7824928249282492,0.03763763763763763,0.0,0.0,0.0,0.0,0.0,1.0,0.0,0.0,0.7530416435295484,2.2066393368788493,0.43006137315794013
M-0092,Paper,0.662829864596578,0.07108256107834877,0.03,0.9487494874948749,0.16696696696696695,0.0,0.0,0.0,0.0,1.0,0.0,0.0,0.0,0.7903396631563914,9.324657551497772,0.3242220359287213
M-1180,Glass,0.061857279885788236,0.5871946082561078,0.92,0.5895858958589586,0.16876876876876876,0.0,0.0,0.0,1.0,0.0,0.0,0.0,0.0,0.4900822101314106,0.10534356697505974,0.3513735425849459
M-0620,Glass,0.23520488969194042,0.353201347935973,0.18,0.5871258712587125,0.9016016016016016,0.0,0.0,0.0,1.0,0.0,0.0,0.0,0.0,0.057772245390121546,0.6659210819702064,0.41856243635725665
M-1061,Aluminum,0.6595953512235383,0.7230412805391744,0.17,0.3595735957359574,0.2231231231231231,1.0,0.0,0.0,0.0,0.0,0.0,0.0,0.0,0.27934441206273924,0.9122500426001041,0.38177507742635225
M-0174,Paper,0.7996609337705503,0.49189132266217356,0.5,0.4089790897908979,0.5662662662662663,0.0,0.0,0.0,0.0,1.0,0.0,0.0,0.0,0.17738802763403008,1.6256828922287307,0.6397442533880999
M-1282,Bamboo,0.5642552811795934,0.7986520640269588,0.53,0.490159901599016,0.6426426426426427,0.0,1.0,0.0,0.0,0.0,0.0,0.0,0.0,0.17516224711796666,0.7065086288337922,0.5774949052646302
M-0222,Glass,0.9371612126079101,0.9644060657118787,0.54,0.31037310373103727,0.6021021021021021,0.0,0.0,0.0,1.0,0.0,0.0,0.0,0.0,0.12349680553862594,0.9717485965494694,0.7174951156737948
M-0486,Wood,0.36670458854759197,0.7854886267902276,0.32,0.6818368183681838,0.47367367367367375,0.0,0.0,0.0,0.0,0.0,0.0,0.0,1.0,0.3588686677657567,0.4668484166316354,0.38478393752113893
M-0002,Paper,0.940172656093154,0.9099620893007582,0.91,0.9671996719967199,0.5582582582582583,0.0,0.0,0.0,0.0,1.0,0.0,0.0,0.0,0.42725246771987235,1.0331986727237583,0.8165465399147391
M-0705,Steel,0.027259140288652423,0.921335299073294,0.87,0.04120541205412054,0.871971971971972,0.0,0.0,0.0,0.0,0.0,0.0,1.0,0.0,0.005275447649371389,0.029586525914663767,0.5334952477070525
M-0359,Aluminum,0.6954426821923307,0.7072451558550968,0.89,0.44710947109471094,0.8821821821821823,1.0,0.0,0.0,0.0,0.0,0.0,0.0,0.0,0.05267746221005751,0.9833106570250706,0.8098317275315869
M-1342,Cotton,0.9649111066497134,0.17554759898904804,0.05,0.2990979909799098,0.44354354354354353,0.0,0.0,1.0,0.0,0.0,0.0,0.0,0.0,0.1664350081939258,5.49654689474287,0.5340275057229484
M-0387,Glass,0.8512123848401705,0.9664069081718618,0.73,0.5865108651086511,0.8675675675675676,0.0,0.0,0.0,1.0,0.0,0.0,0.0,0.0,0.07767306051438892,0.8808003097267645,0.8197552242063385
M-0190,Wood,0.5053871377902697,0.15417017691659646,0.42,0.8437884378843789,0.31011011011011014,0.0,0.0,0.0,0.0,0.0,0.0,0.0,1.0,0.5821211125024163,3.278090936956874,0.4211878881491409
M-1028,Glass,0.43603470967454094,0.485256950294861,0.31,0.36223862238622384,0.8039039039039039,0.0,0.0,0.0,1.0,0.0,0.0,0.0,0.0,0.07103357970516642,0.8985627322738141,0.5085850550409875
M-0424,Glass,0.2575564924490843,0.19934709351305813,0.53,0.3116031160311603,0.7502502502502503,0.0,0.0,0.0,1.0,0.0,0.0,0.0,0.0,0.07782280025002451,1.291993757804427,0.4870976720547088
M-0704,Cotton,0.569542037520355,0.46187868576242624,0.8,0.6152111521115211,0.4773773773773774,0.0,0.0,1.0,0.0,0.0,0.0,0.0,0.0,0.3215232657832084,1.2330960964005382,0.6110300282213552
M-0471,Steel,0.9512592295166076,0.898904802021904,0.31,0.10127101271012709,0.9468468468468468,0.0,0.0,0.0,0.0,0.0,0.0,1.0,0.0,0.005382873648556306,1.0582412833212838,0.7575577458606971
M-0831,Steel,0.22960583550826474,0.7368365627632688,0.93,0.44546945469454696,0.6722722722722724,0.0,0.0,0.0,0.0,0.0,0.0,1.0,0.0,0.14599269215915378,0.31160984063733527,0.5725240158849876
M-1193,Steel,0.7846483303218897,0.2117733782645324,0.85,0.7222222222222222,0.4773773773773774,0.0,0.0,0.0,0.0,0.0,0.0,1.0,0.0,0.3774496718941163,3.7051145504569343,0.7120725453419692
M-1443,Paper,0.6700573289611634,0.7755897219882056,0.77,0.6760967609676097,0.33513513513513515,0.0,0.0,0.0,0.0,1.0,0.0,0.0,0.0,0.44951298161630265,0.8639315942865972,0.5995634721250059
M-1366,Wood,0.1494568248232171,0.08708930075821399,0.63,0.7279622796227962,0.2805805805805806,0.0,0.0,0.0,0.0,0.0,0.0,0.0,1.0,0.5237102005654691,1.716113315972456,0.332956904103461
M-0994,Paper,0.007829753061634206,0.6967144060657119,0.99,0.7398523985239852,0.30130130130130134,0.0,0.0,0.0,0.0,1.0,0.0,0.0,0.0,0.5169339080778195,0.011238093766073159,0.39052229161504404
M-1453,Cotton,0.4209328782707622,0.31771272114574556,0.64,0.3767937679376794,0.9376376376376376,0.0,0.0,1.0,0.0,0.0,0.0,0.0,0.0,0.023497749492009435,1.3248810178949328,0.6416644425995961
M-1219,Steel,0.33255258872604787,0.8377211457455771,0.96,0.93439934399344,0.4773773773773774,0.0,0.0,0.0,0.0,0.0,0.0,1.0,0.0,0.48833823573470975,0.396972421482393,0.5642342487036324
M-0971,Cotton,0.13955252180508154,0.5151642796967144,0.35,0.7980729807298073,0.5544544544544544,0.0,0.0,1.0,0.0,0.0,0.0,0.0,0.0,0.3555778615844217,0.27088883374911876,0.3271573450583689
M-0067,Paper,0.5902875370853689,0.2748525695029486,0.36,0.27613776137761376,0.2356356356356356,0.0,0.0,0.0,0.0,1.0,0.0,0.0,0.0,0.21106986445239828,2.1476437004360474,0.4148057055248382
M-1363,Aluminum,0.18169042360971693,0.37468407750631844,0.6,0.24497744977449776,0.9744744744744746,1.0,0.0,0.0,0.0,0.0,0.0,0.0,0.0,0.006253178147397071,0.4849150246893754,0.5450185117862292
M-0289,Aluminum,0.06237034062771865,0.7537910699241787,0.66,0.526650266502665,0.5380380380380381,1.0,0.0,0.0,0.0,0.0,0.0,0.0,0.0,0.24329239038136125,0.08274210238639453,0.3843595476624989
M-0862,Aluminum,0.6501148809922148,0.24210193765796123,0.06,0.3741287412874129,0.17877877877877876,1.0,0.0,0.0,0.0,0.0,0.0,0.0,0.0,0.30724246181400755,2.685282910159007,0.33167958603051956
M-0581,Wood,0.5542394432175601,0.481044650379107,0.28,0.9969249692496924,0.2152152152152152,0.0,0.0,0.0,0.0,0.0,0.0,0.0,1.0,0.7823715474391981,1.1521556068135528,0.3702603418515886
M-0037,Paper,0.5823908630573958,0.9719882055602358,0.58,0.490159901599016,0.9394394394394395,0.0,0.0,0.0,0.0,1.0,0.0,0.0,0.0,0.02968435840514557,0.5991742086494849,0.6887881770547901
M-0968,Wood,0.6944611746860291,0.0020008424599831515,1.0,0.36428864288642887,0.9230230230230231,0.0,0.0,0.0,0.0,0.0,0.0,0.0,1.0,0.0280418384764428,346.91100252308263,0.8546913767813186
M-1156,Aluminum,0.2000267683865355,0.8069713563605728,0.16,0.8886838868388683,0.9928928928928928,1.0,0.0,0.0,0.0,0.0,0.0,0.0,0.0,0.006315971568124135,0.24787313569036207,0.42587857522248207
M-0129,Aluminum,0.023957705949273905,0.446609098567818,0.56,0.8097580975809757,0.7693693693693694,1.0,0.0,0.0,0.0,0.0,0.0,0.0,0.0,0.18675502070336014,0.05364344878474779,0.4083938931905204
M-1032,Cotton,0.9019607843137254,0.18355096882898064,0.19,0.5612956129561295,0.03063063063063063,0.0,0.0,1.0,0.0,0.0,0.0,0.0,0.0,0.5441027743610769,4.9139259582342145,0.4269735029146794
M-0403,Glass,0.6968926364630038,0.3699452401010952,0.71,0.490159901599016,0.9631631631631631,0.0,0.0,0.0,1.0,0.0,0.0,0.0,0.0,0.01805594031916299,1.8837673178474905,0.7807060035341504
M-0181,Steel,0.1366526132637355,0.49189132266217356,0.94,0.6061910619106191,0.3207207207207208,0.0,0.0,0.0,0.0,0.0,0.0,1.0,0.0,0.4117730276401863,0.2778100144441309,0.4328772615217104
M-0860,Bamboo,0.5388476209596467,0.6135214827295704,0.38,0.9440344403444034,0.21121121121121122,0.0,1.0,0.0,0.0,0.0,0.0,0.0,0.0,0.7446437827741641,0.8782850443594272,0.392902411747222
M-0194,Bamboo,0.8296638336790916,0.8340353833192924,0.39,0.9536695366953669,0.04684684684684685,0.0,1.0,0.0,0.0,0.0,0.0,0.0,0.0,0.9089931259672958,0.9947573634344355,0.46291958752569073
M-1127,Paper,0.589372950545406,0.7611625947767482,0.6,0.7406724067240672,0.6542542542542542,0.0,0.0,0.0,0.0,1.0,0.0,0.0,0.0,0.25608433361610894,0.7743052276669524,0.6120254564944386
M-0517,Cotton,0.3907515224519842,0.5299073294018535,0.65,0.25010250102501025,0.19149149149149147,0.0,0.0,1.0,0.0,0.0,0.0,0.0,0.0,0.20221000007797876,0.7373945657601838,0.40874805642824114
M-0020,Glass,0.8211648709540699,0.49189132266217356,0.12,0.3023780237802378,0.32842842842842845,0.0,0.0,0.0,1.0,0.0,0.0,0.0,0.0,0.20306848463880034,1.6693996493172292,0.4629944769101565
M-0998,Paper,0.2575787994378638,0.41217354675652906,0.04,0.7970479704797048,0.7421421421421421,0.0,0.0,0.0,0.0,1.0,0.0,0.0,0.0,0.2055250822778498,0.6249265061726756,0.33767416241778814
M-0419,Cotton,0.003167592406701003,0.7389427127211458,0.31,0.05248052480524805,0.26246246246246246,0.0,0.0,1.0,0.0,0.0,0.0,0.0,0.0,0.0387063570335403,0.0042866491075976626,0.17300577570141915
M-0500,Paper,0.6157621182716545,0.636267902274642,0.97,0.6859368593685936,0.813013013013013,0.0,0.0,0.0,0.0,1.0,0.0,0.0,0.0,0.12826126659664996,0.9677702557367233,0.7812087512125656
M-1465,Glass,0.7262040197193781,0.9905223251895536,0.39,0.490159901599016,0.37967967967967975,0.0,0.0,0.0,1.0,0.0,0.0,0.0,0.0,0.3040561471680783,0.7331518614974629,0.5213855117916552
M-0649,Cotton,0.616275179013585,0.42544229149115415,0.17,0.9526445264452644,0.6864864864864865,0.0,0.0,1.0,0.0,0.0,0.0,0.0,0.0,0.2986669326152721,1.448548352598477,0.5034560175513799
M-0011,Glass,0.14901068504762544,0.7742207245155855,0.12,0.490159901599016,0.2805805805805806,0.0,0.0,0.0,1.0,0.0,0.0,0.0,0.0,0.35263055183104386,0.1924651302452903,0.17977844819322436
M-0427,Aluminum,0.7795846438689241,0.36794439764111203,0.58,0.5785157851578516,0.9924924924924925,1.0,0.0,0.0,0.0,0.0,0.0,0.0,0.0,0.00434321160028417,2.1187509039841785,0.7835816052953174
M-0794,Paper,0.2542996720872649,0.40374894692502106,0.28,0.15764657646576466,0.98998998998999,0.0,0.0,0.0,0.0,1.0,0.0,0.0,0.0,0.001578043808466112,0.6298444718668657,0.482716865831903
M-1097,Plastic,0.11874010127372905,0.27106149957876996,0.95,0.27101271012710126,0.8328328328328328,0.0,0.0,0.0,0.0,0.0,1.0,0.0,0.0,0.04530442701824416,0.43805432864468785,0.5823458903593415
M-0084,Cotton,0.17381605657052357,0.6869208087615839,0.38,0.490159901599016,0.4773773773773774,0.0,0.0,1.0,0.0,0.0,0.0,0.0,0.0,0.2561686532781244,0.2530361597979945,0.3267396358414226
M-0254,Steel,0.5053871377902697,0.956402695871946,0.15,0.4903649036490365,0.7673673673673674,0.0,0.0,0.0,0.0,0.0,0.0,1.0,0.0,0.11407487848652258,0.5284244926819444,0.47736506532631806
M-0247,Aluminum,0.9175756764594347,0.5775063184498737,0.33,0.5781057810578106,0.6674674674674675,1.0,0.0,0.0,0.0,0.0,0.0,0.0,0.0,0.1922389794468515,1.5888554952383311,0.6662705108240141
M-1043,Bamboo,0.5109415779963863,0.38953243470935134,0.06,0.952029520295203,0.42912912912912915,0.0,1.0,0.0,0.0,0.0,0.0,0.0,0.0,0.5434859213457,1.3116757958854626,0.35111536993729325
M-1250,Paper,0.280019630150126,0.7377843302443134,0.6,0.7800328003280033,0.10440440440440439,0.0,0.0,0.0,0.0,1.0,0.0,0.0,0.0,0.6985939403938585,0.37954079414590564,0.32332917338137174
M-1455,Aluminum,0.7394989850320105,0.9475568660488627,0.98,0.4575645756457565,0.6645645645645646,1.0,0.0,0.0,0.0,0.0,0.0,0.0,0.0,0.15348337267156456,0.780426200370835,0.7891689633821736
M-0477,Aluminum,0.3958821298712887,0.06571187868576242,0.36,0.1941369413694137,0.85995995995996,1.0,0.0,0.0,0.0,0.0,0.0,0.0,0.0,0.027186945042623593,6.024422271384404,0.5243408399365035
M-0638,Bamboo,0.1281313435499342,0.4095408593091828,0.05,0.9169741697416974,0.9766766766766767,0.0,1.0,0.0,0.0,0.0,0.0,0.0,0.0,0.021386885040021567,0.3128650726108114,0.35925554042297664
M-0593,Steel,0.8683441522228914,0.49189132266217356,0.82,0.08999589995899959,0.6943943943943944,0.0,0.0,0.0,0.0,0.0,0.0,1.0,0.0,0.027503251508991564,1.7653134887800659,0.8016559792074749
M-0895,Paper,0.08623881862187421,0.26895534962089296,0.71,0.7826978269782697,0.16466466466466465,0.0,0.0,0.0,0.0,1.0,0.0,0.0,0.0,0.6538151517651312,0.3206424341475188,0.2968949268481491
M-0385,Steel,0.6826384706328493,0.7133529907329401,0.59,0.18122181221812217,0.48668668668668674,0.0,0.0,0.0,0.0,0.0,0.0,1.0,0.0,0.09302356887432736,0.9569421065850743,0.5960613942591457
M-0830,Cotton,0.545539717593522,0.9451347935973041,0.65,0.35424354243542433,0.706006006006006,0.0,0.0,1.0,0.0,0.0,0.0,0.0,0.0,0.10414547388717128,0.5772077634655335,0.6250176888392107
M-0134,Steel,0.10127372905931425,0.49189132266217356,0.22,0.005330053300533006,0.4657657657657658,0.0,0.0,0.0,0.0,0.0,0.0,1.0,0.0,0.002847496943437903,0.20588597218027324,0.24623922135345544
M-0759,Aluminum,0.6069954716812778,0.6742839090143219,0.58,0.6256662566625666,0.6071071071071071,1.0,0.0,0.0,0.0,0.0,0.0,0.0,0.0,0.24581982556562298,0.9002062237587244,0.5989303208046433
M-1181,Wood,0.5789555867853399,0.5811920808761584,0.42,0.7207872078720787,0.8224224224224225,0.0,0.0,0.0,0.0,0.0,0.0,0.0,1.0,0.12799564632282956,0.9961501708047772,0.6043089614408628
M-0484,Wood,0.02801757790715831,0.9581929233361415,0.91,0.5358753587535875,0.5442442442442442,0.0,0.0,0.0,0.0,0.0,0.0,0.0,1.0,0.24422827911962802,0.02923998704730831,0.4474803044361366
M-1450,Paper,0.3786165205558902,0.26558550968828976,0.28,0.2921279212792128,0.06576576576576576,0.0,0.0,0.0,0.0,1.0,0.0,0.0,0.0,0.272915904834724,1.425586416268884,0.25517633795208583
M-1161,Cotton,0.30353119632380826,0.41133108677337826,0.88,0.044075440754407544,0.4773773773773774,0.0,0.0,1.0,0.0,0.0,0.0,0.0,0.0,0.023034822440316495,0.7379224866817589,0.5286256917427365
M-0347,Glass,0.21809542929799908,0.49189132266217356,0.01,0.35301353013530135,0.8362362362362363,0.0,0.0,0.0,1.0,0.0,0.0,0.0,0.0,0.057810824354489754,0.44338042951685736,0.3411090425900705
M-1493,Bamboo,0.581788574360347,0.7573715248525695,0.5,0.5688806888068881,0.02422422422422422,0.0,1.0,0.0,0.0,0.0,0.0,0.0,0.0,0.5550999954443989,0.7681669921596354,0.38998269701140614
M-1001,Wood,0.5341185393383746,0.5327506318449874,0.34,0.4620746207462075,0.15825825825825826,0.0,0.0,0.0,0.0,0.0,0.0,0.0,1.0,0.3889474960815674,1.002565749988702,0.3631248932128273
M-0283,Wood,0.22764282049566126,0.29475568660488627,0.08,0.6908569085690857,0.5861861861861862,0.0,0.0,0.0,0.0,0.0,0.0,0.0,1.0,0.2858861321345946,0.7723075704159024,0.29091298405412036
M-0667,Wood,0.5053871377902697,0.7422072451558552,0.42,0.9850348503485036,0.30490490490490496,0.0,0.0,0.0,0.0,0.0,0.0,0.0,1.0,0.6846928929749758,0.6809236371176989,0.41962632658757937
M-0884,Cotton,0.7952441499921925,0.5444397641112048,0.86,0.07400574005740057,0.9843843843843844,0.0,0.0,1.0,0.0,0.0,0.0,0.0,0.0,0.0011556451900855364,1.460662394173262,0.8714129753121923
M-1040,Glass,0.5171429208771107,0.20355939342881207,0.5,0.45038950389503896,0.5817817817817819,0.0,0.0,0.0,1.0,0.0,0.0,0.0,0.0,0.1883610958231704,2.5404889043799317,0.5313917028853787
M-1014,Glass,0.4868723371032144,0.0181128896377422,0.25,0.9751947519475195,0.7138138138138138,0.0,0.0,0.0,1.0,0.0,0.0,0.0,0.0,0.2790872668486445,26.87839811548617,0.4838930789854299
M-0989,Plastic,0.3659238439403065,0.616575400168492,0.37,0.8667486674866748,0.6657657657657658,0.0,0.0,0.0,0.0,0.0,1.0,0.0,0.0,0.2896970771509516,0.5934768892229907,0.4570992673058524
M-0461,Plastic,0.42456891744183456,0.7734835720303286,0.11,0.16564165641656414,0.4773773773773774,0.0,0.0,0.0,0.0,0.0,1.0,0.0,0.0,0.08656807689198011,0.5489041834763151,0.34604078018994705
M-0566,Plastic,0.6427981886725112,0.7719039595619208,0.18,0.490159901599016,0.9900900900900902,0.0,0.0,0.0,0.0,0.0,1.0,0.0,0.0,0.004857440466296505,0.8327426591964358,0.6081463024960315
M-1210,Steel,0.7854067679403958,0.648904802021904,0.75,0.34501845018450183,0.03843843843843844,0.0,0.0,0.0,0.0,0.0,0.0,1.0,0.0,0.33175647972695943,1.2103555947460678,0.5506942387076899
M-0072,Plastic,0.0014053402931138298,0.49189132266217356,0.36,0.27634276342763425,0.5206206206206206,0.0,0.0,0.0,0.0,0.0,1.0,0.0,0.0,0.13247302242792197,0.002857007983999382,0.2647483223034317
M-0265,Glass,0.7050346873675523,0.6268955349620894,0.64,0.1027060270602706,0.5046046046046047,0.0,0.0,0.0,1.0,0.0,0.0,0.0,0.0,0.050880092885012926,1.1246428207011674,0.6253952563284023
M-0502,Steel,0.4801356264917799,0.6743892165122157,0.06,0.7982779827798279,0.9150150150150151,0.0,0.0,0.0,0.0,0.0,0.0,1.0,0.0,0.06784164238038767,0.7119552074389899,0.4845587551012165
M-1228,Cotton,0.4280711146802293,0.5361204717775906,0.21,0.11377613776137763,0.758058058058058,0.0,0.0,1.0,0.0,0.0,0.0,0.0,0.0,0.027527219716641616,0.7984591873571035,0.46164586328950913
M-0123,Plastic,0.6432220214593232,0.49189132266217356,0.16,0.42988929889298894,0.6204204204204204,0.0,0.0,0.0,0.0,0.0,1.0,0.0,0.0,0.16317719933956096,1.3076480193432116,0.4914149347098554
M-1024,Plastic,0.955742934261304,0.5359098567818029,0.82,0.5479704797047971,0.3245245245245245,0.0,0.0,0.0,0.0,0.0,1.0,0.0,0.0,0.3701406203251222,1.7833990899169943,0.7256545310618789
M-0856,Steel,0.5178121305404982,0.4346040438079191,0.9,0.17548175481754819,0.6707707707707709,0.0,0.0,0.0,0.0,0.0,0.0,1.0,0.0,0.05777372288237396,1.1914544893532204,0.6783560834474306
M-0729,Steel,0.7976309977916081,0.7039806234203875,0.59,0.536080360803608,0.8722722722722722,0.0,0.0,0.0,0.0,0.0,0.0,1.0,0.0,0.06847232636490531,1.133028151951201,0.7577340807983248
M-0642,Wood,0.07053469852104663,0.693871103622578,0.54,0.5850758507585075,0.024524524524524527,0.0,0.0,0.0,0.0,0.0,0.0,0.0,1.0,0.5707271437078735,0.10165374591772461,0.197571236765776
M-1287,Plastic,0.11128956702134779,0.2565290648694187,0.62,0.6685116851168511,0.2714714714714715,0.0,0.0,0.0,0.0,0.0,1.0,0.0,0.0,0.48702983426230656,0.4338266046047954,0.31195726824998055
M-0792,Cotton,0.10403979566798277,0.9710404380791913,0.52,0.490159901599016,0.06106106106106106,0.0,0.0,1.0,0.0,0.0,0.0,0.0,0.0,0.46023021791779484,0.10714248804230538,0.21593423658551142
M-1105,Wood,0.5053871377902697,0.18797388374052232,0.63,0.9210742107421074,0.49599599599599603,0.0,0.0,0.0,0.0,0.0,0.0,0.0,1.0,0.46422509019884983,2.6885886440440543,0.5399536539149067
M-1214,Wood,0.38205179682794616,0.5995155855096883,0.75,0.2652726527265273,0.46876876876876883,0.0,0.0,0.0,0.0,0.0,0.0,0.0,1.0,0.1409211179198879,0.6372664344275628,0.518451349361809
M-0082,Paper,0.4509357781793035,0.05949873631002528,0.81,0.31406314063140633,0.08888888888888889,0.0,0.0,0.0,0.0,1.0,0.0,0.0,0.0,0.28614641701972576,7.578786161835882,0.4500409779383881
M-0040,Glass,0.9476678043230944,0.1961878685762426,0.98,0.7197621976219761,0.5508508508508508,0.0,0.0,0.0,1.0,0.0,0.0,0.0,0.0,0.32328057865163234,4.8303851854612905,0.838322376984493
M-0450,Wood,0.12735059894264875,0.773272957034541,0.62,0.2896678966789668,0.9480480480480481,0.0,0.0,0.0,0.0,0.0,0.0,0.0,1.0,0.015048812650288651,0.1646901434920046,0.521354653991474
M-1334,Aluminum,0.9094559325436657,0.8601516427969672,0.24,0.08302583025830258,0.10540540540540541,1.0,0.0,0.0,0.0,0.0,0.0,0.0,0.0,0.07427445896080583,1.0573192329984344,0.46740399463908794
M-1320,Aluminum,0.328247339891588,0.8625737152485257,0.5,0.4182041820418204,0.5710710710710711,1.0,0.0,0.0,0.0,0.0,0.0,0.0,0.0,0.17937987187679683,0.38054366084335445,0.4526202572779565
M-1018,Glass,0.47460349327444284,0.5608677337826453,0.1,0.09389093890938909,0.37817817817817817,0.0,0.0,0.0,1.0,0.0,0.0,0.0,0.0,0.0583834346851977,0.8461935292302583,0.3332948507632306
M-0467,Cotton,0.5053871377902697,0.6466933445661331,0.04,0.1853218532185322,0.5660660660660661,0.0,0.0,1.0,0.0,0.0,0.0,0.0,0.0,0.08041744081104474,0.7814930531506868,0.38397467493592774
M-0164,Aluminum,0.4077494479020277,0.49189132266217356,0.98,0.04797047970479704,0.2154154154154154,1.0,0.0,0.0,0.0,0.0,0.0,0.0,0.0,0.03763689889151143,0.8289404593575366,0.5217244037854357
M-0008,Steel,0.5322670592696692,0.4306023588879528,0.34,0.5483804838048381,0.5726726726726726,0.0,0.0,0.0,0.0,0.0,0.0,1.0,0.0,0.23433796650278818,1.2360959297769212,0.48670862550966953
M-0309,Cotton,0.47846260233331095,0.07687447346251054,0.89,0.2724477244772448,0.9003003003003003,0.0,0.0,1.0,0.0,0.0,0.0,0.0,0.0,0.027162956314247835,6.223865438261532,0.7284751310234145
M-0894,Steel,0.6227218987708849,0.49189132266217356,0.13,0.8759737597375974,0.2627627627627628,0.0,0.0,0.0,0.0,0.0,0.0,1.0,0.0,0.6458004745212618,1.265971982243284,0.3669175883371828
M-1300,Plastic,0.07881059135827254,0.5636057287278855,0.52,0.4401394013940139,0.4773773773773774,0.0,0.0,0.0,0.0,0.0,1.0,0.0,0.0,0.23002680827609076,0.13983259485946095,0.3307374497565222
M-1471,Steel,0.7031385933212876,0.3435130581297388,0.3,0.490159901599016,0.871971971971972,0.0,0.0,0.0,0.0,0.0,0.0,1.0,0.0,0.06275420562013428,2.046899032748539,0.6328470289201067
M-0867,Steel,0.9946909366704588,0.7390480202190397,0.81,0.6580565805658056,0.4773773773773774,0.0,0.0,0.0,0.0,0.0,0.0,1.0,0.0,0.3439152559693765,1.3459065765023974,0.7840895878813968
M-1143,Cotton,0.7998840036583461,0.8884793597304129,0.61,0.7496924969249692,0.8022022022022022,0.0,0.0,1.0,0.0,0.0,0.0,0.0,0.0,0.14828752491729122,0.9002832700781938,0.7436142621239991
M-1198,Glass,0.14477235717950432,0.7153538331929234,0.74,0.4825748257482575,0.7294294294294295,0.0,0.0,0.0,1.0,0.0,0.0,0.0,0.0,0.1305705459456997,0.20237838686757118,0.4987377717006306
M-0168,Bamboo,0.9488277677396328,0.0389637742207245,0.35,0.3132431324313243,0.9115115115115116,0.0,1.0,0.0,0.0,0.0,0.0,0.0,0.0,0.027718411318247302,24.350911476216698,0.7579845605493065
M-0258,Wood,0.8492047558500078,0.43934288121314236,0.41,0.3204182041820418,0.0,0.0,0.0,0.0,0.0,0.0,0.0,0.0,1.0,0.3204182041820418,1.9328930984656787,0.4626819023400031
M-0680,Plastic,0.867987240402418,0.3933235046335299,0.8,0.8925789257892578,0.6662662662662663,0.0,0.0,0.0,0.0,0.0,1.0,0.0,0.0,0.2978836975556942,2.206796754784305,0.7870747760408471
M-0722,Glass,0.738026723772558,0.1631213142375737,0.99,0.19782697826978268,0.038238238238238235,0.0,0.0,0.0,1.0,0.0,0.0,0.0,0.0,0.19026242314475195,4.524376246266867,0.6036821609804945
M-0260,Glass,0.48805460750853247,0.8934288121314239,0.06,0.4622796227962279,0.2082082082082082,0.0,0.0,0.0,1.0,0.0,0.0,0.0,0.0,0.36602921084265894,0.5462707880143353,0.27568430546587547
M-1436,Plastic,0.9386557808561422,0.5660278011794441,0.94,0.012300123001230016,0.14924924924924923,0.0,0.0,0.0,0.0,0.0,1.0,0.0,0.0,0.010464338877623014,1.6583180553714736,0.7022370871172317
M-0574,Plastic,0.21682393093756275,0.22219882055602358,0.48,0.7312423124231242,0.7034034034034035,0.0,0.0,0.0,0.0,0.0,1.0,0.0,0.0,0.2168839811521238,0.9758060577861475,0.4417505933960461
M-0478,Cotton,0.27203372816703475,0.22830665543386686,0.64,0.0940959409594096,0.10990990990990991,0.0,0.0,1.0,0.0,0.0,0.0,0.0,0.0,0.08375386456567269,1.191522586704649,0.33378646423978686
M-0287,Aluminum,0.33792857302192775,0.740838247683235,0.98,0.14227142271422716,0.2650650650650651,1.0,0.0,0.0,0.0,0.0,0.0,0.0,0.0,0.10456023879558116,0.4561429137005142,0.5086909487282906
M-1147,Bamboo,0.6150929086082669,0.8257160909856782,0.15,0.49651496514965154,0.7066066066066066,0.0,1.0,0.0,0.0,0.0,0.0,0.0,0.0,0.14567421049585874,0.7449196768762723,0.5030191454252887
M-1380,Plastic,0.42588502977983,0.6276326874473462,0.85,0.6988519885198852,0.23363363363363363,0.0,0.0,0.0,0.0,0.0,1.0,0.0,0.0,0.5355766590698939,0.6785566777206467,0.4954441020020221
M-1090,Plastic,0.22224452921100185,0.6543807919123842,0.27,0.28372283722837227,0.8697697697697697,0.0,0.0,0.0,0.0,0.0,1.0,0.0,0.0,0.036949290413825074,0.3396251728849423,0.43082874261533166
M-0846,Aluminum,0.5773494835932097,0.672704296545914,0.65,0.7414924149241492,0.990990990990991,1.0,0.0,0.0,0.0,0.0,0.0,0.0,0.0,0.00668011184616352,0.8582502420564841,0.7232370907345811
M-1468,Wood,0.27935042048673847,0.07898062342038752,0.74,0.4358343583435834,0.31351351351351353,0.0,0.0,0.0,0.0,0.0,0.0,0.0,1.0,0.29919439734937886,3.5369040086688037,0.42779422224874947
M-0539,Steel,0.030092127863659668,0.9518744734625106,0.35,1.0,0.9491491491491492,0.0,0.0,0.0,0.0,0.0,0.0,1.0,0.0,0.05085085085085084,0.031613513219536524,0.4017815958902086
M-1212,Paper,0.4082402016551786,0.15627632687447346,0.2,0.6853218532185321,0.315015015015015,0.0,0.0,0.0,0.0,1.0,0.0,0.0,0.0,0.46943517933677825,2.6122804236540924,0.31780058516657594
M-0368,Plastic,0.8775792455776394,0.2705349620893008,0.41,0.24046740467404676,0.06566566566566566,0.0,0.0,0.0,0.0,0.0,1.0,0.0,0.0,0.22467695247523048,3.2438543060976155,0.4937313979307555
M-0262,Wood,0.9881996029355997,0.8838458298230835,0.39,0.9280442804428044,0.8065065065065066,0.0,0.0,0.0,0.0,0.0,0.0,0.0,1.0,0.17957052993953357,1.1180665807597048,0.7542317931261919
M-1187,Cotton,0.26761694438867695,0.22893850042122998,0.91,0.551250512505125,0.5101101101101101,0.0,0.0,1.0,0.0,0.0,0.0,0.0,0.0,0.2700520528728811,1.1689417680054495,0.5330798107885039
M-1345,Bamboo,0.5053871377902697,0.4897851727042965,0.05,0.7484624846248463,0.5326326326326326,0.0,1.0,0.0,0.0,0.0,0.0,0.0,0.0,0.3498069410123531,1.0318526041677214,0.37694464490589763
M-0746,Plastic,0.6675366392290705,0.8656276326874475,0.5,0.6836818368183681,0.07817817817817818,0.0,0.0,0.0,0.0,0.0,1.0,0.0,0.0,0.6302328363623976,0.7711582242336684,0.44046810914508167
M-0785,Plastic,0.41189854781503044,0.2780117944397641,0.56,0.6381713817138172,0.8410410410410412,0.0,0.0,0.0,0.0,0.0,1.0,0.0,0.0,0.10144305847462871,1.481581265513573,0.5850717314383245
M-1461,Steel,0.7535970019407079,0.010320134793597308,0.95,0.490159901599016,0.17397397397397396,0.0,0.0,0.0,0.0,0.0,0.0,1.0,0.0,0.40488483563514316,73.01493653664906,0.6386309929684753
M-0726,Steel,0.6669120435432421,0.025168491996630155,0.48,0.9526445264452644,0.4974974974974975,0.0,0.0,0.0,0.0,0.0,0.0,1.0,0.0,0.4787062585340568,26.496841637985078,0.5600140666665461
M-0363,Aluminum,0.22144147761493677,0.2469460825610783,0.07,0.8210332103321033,0.4773773773773774,1.0,0.0,0.0,0.0,0.0,0.0,0.0,0.0,0.42909052964403516,0.8967163139502442,0.2527898042591879
M-0006,Cotton,0.7938165027102991,0.5720303285593935,0.19,0.47888478884788854,0.4498498498498499,0.0,0.0,1.0,0.0,0.0,0.0,0.0,0.0,0.2634585384892888,1.387715083209604,0.5094815560390746
M-1454,Glass,0.038948002409154775,0.8484625105307497,0.72,0.3003280032800328,0.37747747747747745,0.0,0.0,0.0,1.0,0.0,0.0,0.0,0.0,0.18696094618603845,0.045904157251018554,0.3448224442069051
M-1406,Cotton,0.23754712351379687,0.20450716090985677,0.3,0.41594915949159494,0.18128128128128126,0.0,0.0,1.0,0.0,0.0,0.0,0.0,0.0,0.3405453629110866,1.161553272284831,0.23940323378990314
M-0421,Plastic,0.5053871377902697,0.6451137320977255,0.18,0.8507585075850758,0.4832832832832833,0.0,0.0,0.0,0.0,0.0,1.0,0.0,0.0,0.4396011427581743,0.7834065983067813,0.4011398401010928
M-0579,Plastic,0.6579892480314082,0.4289174389216512,0.09,0.3593685936859368,0.18908908908908909,0.0,0.0,0.0,0.0,0.0,1.0,0.0,0.0,0.29141591365863606,1.5340661261513184,0.34692242593929007
M-1203,Paper,0.5972696245733788,0.6778643639427128,0.5,0.4284542845428454,0.6034034034034034,0.0,0.0,0.0,0.0,1.0,0.0,0.0,0.0,0.16992351104692227,0.8811036178326627,0.5699288708503726
M-1109,Wood,0.8419772914854223,0.8221356360572872,0.92,0.945469454694547,0.13633633633633635,0.0,0.0,0.0,0.0,0.0,0.0,0.0,1.0,0.8165676131235787,1.0241330389110073,0.6536918174950699
M-0448,Wood,0.9693501974168506,0.3120261162594777,0.28,0.40344403444034443,0.7667667667667668,0.0,0.0,0.0,0.0,0.0,0.0,0.0,1.0,0.09409655658118142,3.1066216585187796,0.7017701089967703
M-0809,Wood,0.8398358205625822,0.07561078348778431,0.93,0.8466584665846659,0.528928928928929,0.0,0.0,0.0,0.0,0.0,0.0,0.0,1.0,0.3988363106854292,11.107208186648108,0.7736130069037116
M-1202,Plastic,0.21822927123067654,0.6750210614995787,0.05,0.997539975399754,0.06316316316316316,0.0,0.0,0.0,0.0,0.0,1.0,0.0,0.0,0.9345321951718016,0.323292057663826,0.12124065744121956
M-1328,Steel,0.5053871377902697,0.48957455770850883,0.24,0.26793767937679375,0.5855855855855856,0.0,0.0,0.0,0.0,0.0,0.0,1.0,0.0,0.1110372364984911,1.0322965062957146,0.4498305307917836
M-0972,Bamboo,0.11860625934105157,0.1614363942712721,0.05,0.7064370643706437,0.9315315315315316,0.0,1.0,0.0,0.0,0.0,0.0,0.0,0.0,0.048368663866818824,0.7346888859080007,0.34190196319588007
M-0263,Steel,0.9444332909500546,0.4485046335299074,0.7,0.490159901599016,0.2797797797797798,0.0,0.0,0.0,0.0,0.0,0.0,1.0,0.0,0.35302307227276475,2.1057333962942915,0.6717072503139557
M-1184,Paper,0.6025563809141403,0.4425021061499579,0.44,0.5135301353013529,0.33733733733733734,0.0,0.0,0.0,0.0,1.0,0.0,0.0,0.0,0.3402972468163119,1.3616997768823407,0.47422375356685736
M-1462,Steel,0.8047469272122956,0.716301600673968,0.22,0.22919229192291923,0.7613613613613613,0.0,0.0,0.0,0.0,0.0,0.0,1.0,0.0,0.0546941365309549,1.1234734125704842,0.6163071792933267
M-0135,Bamboo,0.799727854736889,0.31897641112047176,0.89,0.6473964739647398,0.9439439439439439,0.0,1.0,0.0,0.0,0.0,0.0,0.0,0.0,0.03629049303506053,2.507161406595174,0.8700743250779388
M-0848,Plastic,0.07649066452519573,0.10193765796124683,0.23,0.85239852398524,0.011611611611611611,0.0,0.0,0.0,0.0,0.0,1.0,0.0,0.0,0.8425008033864123,0.7503597364826458,0.10307974929356178
M-1100,Glass,0.6450288875504696,0.241575400168492,0.5,0.7091020910209103,0.013413413413413415,0.0,0.0,0.0,1.0,0.0,0.0,0.0,0.0,0.6995906115217309,2.6700823718731717,0.41203557904421184
M-1118,Steel,0.1622164224051395,0.2695871946082561,0.15,0.16113161131611317,0.34594594594594597,0.0,0.0,0.0,0.0,0.0,0.0,1.0,0.0,0.10538878361756591,0.6017193098564995,0.2136703527458396
M-1313,Aluminum,0.8062414954605277,0.05697135636057288,0.5,0.18081180811808117,0.9494494494494495,1.0,0.0,0.0,0.0,0.0,0.0,0.0,0.0,0.009140136446409493,14.151450755483912,0.7573314330190459
M-0286,Glass,0.6957103660576858,0.8344566133108677,0.99,0.1008610086100861,0.8367367367367368,0.0,0.0,0.0,1.0,0.0,0.0,0.0,0.0,0.016466897401706745,0.8337276273354662,0.8263051674440953
M-0709,Cotton,0.2132548127328292,0.2742207245155855,0.42,0.7693726937269373,0.22522522522522523,0.0,0.0,1.0,0.0,0.0,0.0,0.0,0.0,0.5960905555001496,0.7776729327683475,0.27886949266069927
M-1335,Aluminum,0.5375315086216512,0.40701347935973037,0.19,0.6683066830668306,0.6835835835835836,1.0,0.0,0.0,0.0,0.0,0.0,0.0,0.0,0.21146320572314828,1.3206692535047786,0.47708767852373557
M-0778,Cotton,0.30522652747105666,0.6419545071609098,0.91,0.12566625666256662,0.547947947947948,0.0,0.0,1.0,0.0,0.0,0.0,0.0,0.0,0.056807689198013094,0.47546367943931334,0.5594749953728071
M-1062,Steel,0.7640589796783332,0.6570134793597304,0.85,0.5227552275522755,0.05635635635635636,0.0,0.0,0.0,0.0,0.0,0.0,1.0,0.0,0.49329464766119135,1.1629256335764764,0.5775304987782403
M-0588,Glass,0.6795824131700462,0.044966301600673955,0.9,0.4089790897908979,0.2685685685685686,0.0,0.0,0.0,1.0,0.0,0.0,0.0,0.0,0.2991401610712804,15.11281284354098,0.6224035358385891
M-0010,Plastic,0.7883735974480804,0.4348146588037068,0.83,0.8778187781877819,0.2868868868868869,0.0,0.0,0.0,0.0,0.0,1.0,0.0,0.0,0.6259840816626384,1.813121449253013,0.6504155050452982
M-0675,Paper,0.9871511744629593,0.37110362257792756,0.32,0.24272242722427223,0.4694694694694695,0.0,0.0,0.0,0.0,1.0,0.0,0.0,0.0,0.12877165808695124,2.660034702897481,0.6317013106260245
M-0610,Cotton,0.5913805795355684,0.1753369839932603,0.18,0.585280852808528,0.8760760760760762,0.0,0.0,1.0,0.0,0.0,0.0,0.0,0.0,0.07253029987757328,3.3728035766528492,0.5533750546370502
M-1106,Paper,0.2499721162640255,0.07697978096040438,0.19,0.9688396883968841,0.42132132132132133,0.0,0.0,0.0,0.0,1.0,0.0,0.0,0.0,0.5606468707329716,3.2472016150706557,0.28338524290200656
M-1239,Aluminum,0.43527627205603514,0.03180286436394271,0.73,0.4223042230422304,0.7927927927927928,1.0,0.0,0.0,0.0,0.0,0.0,0.0,0.0,0.08750447864839009,13.686269915976782,0.6309483466602519
M-0224,Paper,0.21251868210310287,0.7224094355518113,0.71,0.7009020090200903,0.4135135135135135,0.0,0.0,0.0,0.0,1.0,0.0,0.0,0.0,0.4110695566415124,0.29417997255365097,0.42206152689529525
M-1003,Aluminum,0.008922795511833864,0.6059393428812132,0.68,0.3351783517835178,0.12812812812812813,1.0,0.0,0.0,0.0,0.0,0.0,0.0,0.0,0.29223257698042443,0.014725534644890055,0.246007556643172
M-0820,Aluminum,0.45026656851591607,0.676284751474305,0.86,0.2359573595735957,0.03753753753753754,1.0,0.0,0.0,0.0,0.0,0.0,0.0,0.0,0.22710010133134362,0.665793368460497,0.44936788866762767
M-1123,Glass,0.5045394722166454,0.264743049705139,0.2,0.9358343583435835,0.9409409409409409,0.0,0.0,0.0,1.0,0.0,0.0,0.0,0.0,0.05526949663891034,1.9057632183936926,0.5440980711689405
M-0897,Wood,0.12496375114323316,0.49189132266217356,0.68,0.5106601066010661,0.5149149149149149,0.0,0.0,0.0,0.0,0.0,0.0,0.0,1.0,0.24771360126013675,0.25404696391054865,0.4084599749317678
M-0939,Wood,0.6053224475228088,0.8288753159224936,0.5,0.13243132431324314,0.30630630630630634,0.0,0.0,0.0,0.0,0.0,0.0,0.0,1.0,0.0918667745236011,0.7302928505673592,0.4840208709010155
M-0625,Steel,0.2449307367998394,0.7806444818871103,0.51,0.4136941369413694,0.12092092092092091,0.0,0.0,0.0,0.0,0.0,0.0,1.0,0.0,0.3636698609228335,0.31375412076651077,0.28724857099621204
M-0451,Wood,0.7579245577639475,0.5214827295703455,0.85,0.2923329233292333,0.3691691691691692,0.0,0.0,0.0,0.0,0.0,0.0,0.0,1.0,0.1844126209029858,1.4534002017443717,0.6689205738563299
M-0253,Paper,0.8730509268553838,0.573820556023589,0.76,0.23001230012300122,0.8318318318318318,0.0,0.0,0.0,0.0,1.0,0.0,0.0,0.0,0.038680747167832034,1.5214676369172404,0.826769920291703
M-0955,Glass,0.4379531107095853,0.49189132266217356,0.42,0.08692086920869208,0.04904904904904905,0.0,0.0,0.0,1.0,0.0,0.0,0.0,0.0,0.08265748323148896,0.8903434563469836,0.31589595899854883
M-0083,Steel,0.13816948850074728,0.6040438079191238,0.82,0.08343583435834358,0.5118118118118118,0.0,0.0,0.0,0.0,0.0,0.0,1.0,0.0,0.040732388805369536,0.22874046211361018,0.4548113389438424
M-1047,Glass,0.7158312699368713,0.6485888795282225,0.16,0.34788847888478885,0.9376376376376376,0.0,0.0,0.0,1.0,0.0,0.0,0.0,0.0,0.021695147381904253,1.1036732032537409,0.6156237992660398
M-1094,Bamboo,0.6120368511454638,0.15659224936815502,0.04,0.8243132431324313,0.464964964964965,0.0,1.0,0.0,0.0,0.0,0.0,0.0,0.0,0.44103646491920373,3.908449780657839,0.396304229947675
M-1095,Plastic,0.9434294764549733,0.4740943555181129,0.18,0.4157441574415744,0.8213213213213213,0.0,0.0,0.0,0.0,0.0,1.0,0.0,0.0,0.07428461672004108,1.989957221630975,0.6777681869783857
M-1190,Cotton,0.07412612371455979,0.9295492839090144,0.81,0.5280852808528085,0.4756756756756757,0.0,0.0,1.0,0.0,0.0,0.0,0.0,0.0,0.2768879580687698,0.07974407086708539,0.41535315218852664
M-0967,Steel,0.05476365745388029,0.16533277169334454,0.6,0.15026650266502664,0.2233233233233233,0.0,0.0,0.0,0.0,0.0,0.0,1.0,0.0,0.11670848790569988,0.33123092090014167,0.2689024599785491
M-0962,Aluminum,0.05835508264739342,0.6739679865206403,0.46,0.1199261992619926,0.366966966966967,1.0,0.0,0.0,0.0,0.0,0.0,0.0,0.0,0.07591724565894306,0.08658422540872553,0.2714321231490475
M-0589,Paper,0.06924089317183071,0.7613732097725359,0.38,0.6031160311603115,0.6546546546546547,0.0,0.0,0.0,0.0,1.0,0.0,0.0,0.0,0.20828331406437184,0.0909419997198444,0.3380927536651287
M-0518,Wood,0.4785295232996498,0.2419966301600674,0.06,0.06375563755637556,0.3863863863863864,0.0,0.0,0.0,0.0,0.0,0.0,0.0,1.0,0.03912132714920743,1.977414088655043,0.3253277252357758
M-0825,Cotton,0.21432554819424926,0.49189132266217356,0.76,0.30463304633046334,0.00820820820820821,0.0,0.0,1.0,0.0,0.0,0.0,0.0,0.0,0.30213255485908214,0.43571639222644626,0.31619268174016213
M-0338,Glass,0.16444712128309796,0.6829191238416175,0.61,0.46719967199671997,0.619019019019019,0.0,0.0,0.0,1.0,0.0,0.0,0.0,0.0,0.17799418935130293,0.24079993478305592,0.43448455421894483
M-0641,Wood,0.2337103214437083,0.33235046335299073,0.19,0.7181221812218122,0.6503503503503503,0.0,0.0,0.0,0.0,0.0,0.0,0.0,1.0,0.2510911690698489,0.7032023240875109,0.3455892336825884
M-0879,Steel,0.09380088781815343,0.9518744734625106,0.65,0.14801148011480114,0.901901901901902,0.0,0.0,0.0,0.0,0.0,0.0,1.0,0.0,0.014519644695946443,0.09854323431293636,0.503090925697832
M-1360,Bamboo,0.9840281960338173,0.9703032855939344,0.97,0.30586305863058627,0.770970970970971,0.0,1.0,0.0,0.0,0.0,0.0,0.0,0.0,0.07005151933401214,1.0141439243788173,0.9159025697048182
M-1007,Paper,0.5053871377902697,0.692396798652064,0.01,0.6184911849118491,0.26206206206206206,0.0,0.0,0.0,0.0,1.0,0.0,0.0,0.0,0.4564081096266418,0.7299086432310151,0.2837734737347265
M-0845,Steel,0.7238617858975216,0.18860572872788545,0.43,0.2019270192701927,0.11751751751751752,0.0,0.0,0.0,0.0,0.0,0.0,1.0,0.0,0.17819705724584772,3.8379425314241127,0.4537999696142639
M-0211,Bamboo,0.07988132681969262,0.9943133951137322,0.57,0.7999179991799918,0.5316316316316316,0.0,1.0,0.0,0.0,0.0,0.0,0.0,0.0,0.3746562881044226,0.0803380974993886,0.3624420202173665
M-0483,Steel,0.21068950902317696,0.057919123841617515,0.36,0.6549815498154982,0.04594594594594595,0.0,0.0,0.0,0.0,0.0,0.0,1.0,0.0,0.6248878029320833,3.6375873366449816,0.20605958739305455
M-1116,Bamboo,0.9377188873273996,0.6366891322662174,0.64,0.5809758097580976,0.9738738738738739,0.0,1.0,0.0,0.0,0.0,0.0,0.0,0.0,0.015178647281968289,1.4728026080594476,0.859249717093122
M-0707,Paper,0.6889290414686922,0.7292544229149116,0.69,0.3064780647806478,0.6082082082082082,0.0,0.0,0.0,0.0,1.0,0.0,0.0,0.0,0.12007559014529084,0.9447019793352641,0.6650340790499393
M-0334,Glass,0.8792299627473288,0.44955770850884574,0.5,0.7006970069700696,0.4844844844844845,0.0,0.0,0.0,1.0,0.0,0.0,0.0,0.0,0.36122017876835427,1.9557622755516673,0.6470373304442769
M-0688,Steel,0.7041424078163688,0.5840353833192924,0.78,0.2091020910209102,0.22752752752752753,0.0,0.0,0.0,0.0,0.0,0.0,1.0,0.0,0.1615256092500865,1.2056481889269808,0.5839152213848058
M-0776,Aluminum,0.2545227419750608,0.37405223251895536,0.43,0.25994259942599424,0.6131131131131131,1.0,0.0,0.0,0.0,0.0,0.0,0.0,0.0,0.10056838306120798,0.6804452410718379,0.41474303072395824
M-0979,Cotton,0.8138481786343662,0.49189132266217356,0.74,0.490159901599016,0.9344344344344345,0.0,0.0,1.0,0.0,0.0,0.0,0.0,0.0,0.03213761116590141,1.6545250680672008,0.8278696017840768
M-0291,Aluminum,0.5383122532289366,0.658803706823926,0.87,0.10332103321033212,0.7845845845845847,1.0,0.0,0.0,0.0,0.0,0.0,0.0,0.0,0.022256943290153614,0.8171044433245184,0.71170027666695
M-0813,Aluminum,0.7802761605210913,0.5993049705139006,0.88,0.490159901599016,0.1133133133133133,1.0,0.0,0.0,0.0,0.0,0.0,0.0,0.0,0.4346182590955039,1.301966272506863,0.6101044582024304
M-0183,Wood,0.9849204755850007,0.9844144903117102,0.62,0.490159901599016,0.42732732732732737,0.0,0.0,0.0,0.0,0.0,0.0,0.0,1.0,0.28070118088568274,1.0005129798121426,0.7081663884321986
M-0959,Plastic,0.6187066407905597,0.4394481887110362,0.82,0.4001640016400164,0.5377377377377378,0.0,0.0,0.0,0.0,0.0,1.0,0.0,0.0,0.1849807166740336,1.4079139447391174,0.6548039776375453
M-0748,Bamboo,0.46202235160275706,0.3099199663016007,0.13,0.7646576465764658,0.850950950950951,0.0,1.0,0.0,0.0,0.0,0.0,0.0,0.0,0.11397149507030606,1.4907747517576415,0.4790942259263881
M-0078,Paper,0.34504450244261525,0.0015796124684077512,0.48,0.15129151291512916,0.21351351351351353,0.0,0.0,0.0,0.0,1.0,0.0,0.0,0.0,0.11898873042784482,218.2979758410991,0.34607185503110016
M-1474,Plastic,0.5053871377902697,0.49189132266217356,0.35,0.42578925789257893,0.8984984984984985,0.0,0.0,0.0,0.0,0.0,1.0,0.0,0.0,0.04321824899930681,1.027434490245875,0.5767044046656573
M-0482,Wood,0.2275982065181021,0.47398904802021896,0.56,0.35178351783517836,0.4426426426426427,0.0,0.0,0.0,0.0,0.0,0.0,0.0,1.0,0.1960691318624898,0.4801750742842463,0.3918320754000336
M-0264,Aluminum,0.03633808472194336,0.5106360572872789,0.19,0.7068470684706847,0.19149149149149147,1.0,0.0,0.0,0.0,0.0,0.0,0.0,0.0,0.5714918690728449,0.07116225546768326,0.12898268133622476
M-0668,Paper,0.11934238997077784,0.8487784330244313,0.02,0.6654366543665436,0.18178178178178178,0.0,0.0,0.0,0.0,1.0,0.0,0.0,0.0,0.5444723936728857,0.14060471463773402,0.10827149052284567
M-1156,Aluminum,0.2000267683865355,0.8069713563605728,0.16,0.8886838868388683,0.9928928928928928,1.0,0.0,0.0,0.0,0.0,0.0,0.0,0.0,0.006315971568124135,0.24787313569036207,0.42587857522248207
M-0497,Aluminum,0.12851056235918712,0.5785593934288121,0.25,0.6734317343173432,0.668968968968969,1.0,0.0,0.0,0.0,0.0,0.0,0.0,0.0,0.22292680134008547,0.22212125789941314,0.32709491563436555
M-1391,Aluminum,0.818956479064891,0.2382055602358888,0.58,0.7558425584255843,0.1202202202202202,1.0,0.0,0.0,0.0,0.0,0.0,0.0,0.0,0.664974999599846,3.438009760326932,0.5376486576920225
M-0714,Paper,0.5053871377902697,0.49189132266217356,0.14,0.7714227142271423,0.3684684684684685,0.0,0.0,0.0,0.0,1.0,0.0,0.0,0.0,0.4871777681740781,1.027434490245875,0.3546953956566484
M-1317,Plastic,0.19888911195877673,0.5745577085088459,0.47,0.6961869618696187,0.4813813813813814,0.0,0.0,0.0,0.0,0.0,1.0,0.0,0.0,0.3610555204651145,0.34615977273228404,0.36497005919792513
M-0880,Steel,0.44886122822280217,0.8388795282224094,0.51,0.28208282082820824,0.4773773773773774,0.0,0.0,0.0,0.0,0.0,0.0,1.0,0.0,0.14742286361802553,0.5350716974846711,0.4757577045023341
M-0816,Steel,0.42211514867608024,0.2674810446503791,0.9,0.7935629356293562,0.8947947947947947,0.0,0.0,0.0,0.0,0.0,0.0,1.0,0.0,0.08348695148613151,1.578106482727913,0.7072844979088705
M-0693,Steel,0.6719311160186486,0.2966512215669756,0.22,0.015785157851578514,0.13413413413413414,0.0,0.0,0.0,0.0,0.0,0.0,1.0,0.0,0.0136678293709864,2.2650466343025375,0.3750126866476997
M-0275,Aluminum,0.944634053849071,0.804759898904802,0.67,0.5272652726527265,0.6042042042042043,1.0,0.0,0.0,0.0,0.0,0.0,0.0,0.0,0.20868937818507308,1.1738070961631237,0.7601148828008898
M-0165,Plastic,0.550915701889402,0.5056866048862679,0.97,0.04571545715457154,0.29199199199199205,0.0,0.0,0.0,0.0,0.0,1.0,0.0,0.0,0.03236690975518363,1.0894388087944258,0.5989638783533584
M-0763,Steel,0.9559436971603203,0.306866048862679,0.09,0.97949979499795,0.022422422422422417,0.0,0.0,0.0,0.0,0.0,0.0,1.0,0.0,0.9575370368318298,3.1151721916812876,0.4161042055908549
M-1434,Paper,0.301880479154119,0.49189132266217356,0.94,0.3068880688806888,0.4773773773773774,0.0,0.0,0.0,0.0,1.0,0.0,0.0,0.0,0.16038664741001765,0.613712524562916,0.5459654048748608
M-0213,Steel,0.24305694974235426,0.62363100252738,0.03,0.06437064370643707,0.9544544544544545,0.0,0.0,0.0,0.0,0.0,0.0,1.0,0.0,0.002931796084727609,0.38974419009499606,0.3925591162332781
M-0245,Bamboo,0.35912021236253316,0.5114785172704297,0.49,0.47273472734727345,0.9292292292292292,0.0,1.0,0.0,0.0,0.0,0.0,0.0,0.0,0.033455801024476706,0.702120417800932,0.569416853713782
M-0990,Cotton,0.41247852952329966,0.5570766638584668,0.62,0.8940139401394013,0.07857857857857858,0.0,0.0,1.0,0.0,0.0,0.0,0.0,0.0,0.8237635954938126,0.7404327193202552,0.37456498538289346
M-0724,Aluminum,0.40244038457248654,0.7347304128053918,0.36,0.8501435014350143,0.513013013013013,1.0,0.0,0.0,0.0,0.0,0.0,0.0,0.0,0.4140088222704048,0.5477380952528851,0.42288005773289855
M-0073,Aluminum,0.33152646724218693,0.608150800336984,0.81,0.4028290282902829,0.975975975975976,1.0,0.0,0.0,0.0,0.0,0.0,0.0,0.0,0.009677574253220014,0.5451376894033434,0.6684033796896676
M-0720,Paper,0.5053871377902697,0.49641954507160907,0.88,0.8253382533825339,0.3342342342342342,0.0,0.0,0.0,0.0,1.0,0.0,0.0,0.0,0.5494819542790024,1.0180624931979139,0.5664251253863781
M-0248,Aluminum,0.13410961654286285,0.865943555181129,0.39,0.8890938909389094,0.9123123123123122,1.0,0.0,0.0,0.0,0.0,0.0,0.0,0.0,0.07796258743368221,0.15487090454054675,0.44433754031083883
M-0398,Wood,0.6577215641660532,0.5006318449873631,0.4,0.7347273472734728,0.2191191191191191,0.0,0.0,0.0,0.0,0.0,0.0,0.0,1.0,0.5737345381461824,1.3137802897903257,0.448824361402157
M-1298,Aluminum,0.7073100002230698,0.4847304128053917,0.53,0.490159901599016,0.031031031031031032,1.0,0.0,0.0,0.0,0.0,0.0,0.0,0.0,0.47494973448232986,1.4591792104611099,0.45123330939853723
M-1458,Paper,0.858372928238417,0.2775905644481887,0.43,0.5436654366543665,0.058358358358358356,0.0,0.0,0.0,0.0,1.0,0.0,0.0,0.0,0.5119380142750376,3.092215463912733,0.48985667880287437
M-0540,Plastic,0.07564299895157153,0.9952611625947769,0.8,0.2084870848708487,0.8431431431431432,0.0,0.0,0.0,0.0,0.0,1.0,0.0,0.0,0.032702628828090066,0.07600308923064097,0.5232001425235715
M-1045,Wood,0.03859109058868143,0.9685130581297388,0.3,0.8681836818368184,0.7276276276276276,0.0,0.0,0.0,0.0,0.0,0.0,0.0,1.0,0.23646924907687522,0.03984566900681157,0.32372472452376083
M-0333,Paper,0.4159361127841352,0.5032645324347094,0.63,0.8261582615826158,0.4330330330330331,0.0,0.0,0.0,0.0,1.0,0.0,0.0,0.0,0.46840444380419777,0.8264744672100036,0.48528435502356404
M-0278,Wood,0.8445425951950746,0.95787700084246,0.16,0.07790077900779008,0.9850850850850852,0.0,0.0,0.0,0.0,0.0,0.0,0.0,1.0,0.0011618834907067708,0.881680751047935,0.6813425636035554
M-0343,Glass,0.6068170157710411,0.5527590564448189,0.48,0.06252562525625256,0.6897897897897899,0.0,0.0,0.0,1.0,0.0,0.0,0.0,0.0,0.01939608735426693,1.0977946193759,0.5936637432453534
M-0782,Glass,0.6094269334582524,0.41849199663016007,0.2,0.35383353833538334,0.11921921921921921,0.0,0.0,0.0,1.0,0.0,0.0,0.0,0.0,0.3116497801614653,1.456241653661002,0.3395365391490667
M-0445,Paper,0.04267326953534542,0.9638795282224095,0.62,0.7544075440754408,0.8133133133133132,0.0,0.0,0.0,0.0,1.0,0.0,0.0,0.0,0.14083784481488462,0.04427236393502372,0.44706330180813214
M-0325,Wood,0.9882665239019386,0.49189132266217356,0.68,0.6463714637146372,0.504004004004004,0.0,0.0,0.0,0.0,0.0,0.0,0.0,1.0,0.32059765792853123,2.0091115034146805,0.7505078107619767
M-0413,Wood,0.3331548774230967,0.21588037068239257,0.55,0.8126281262812628,0.6296296296296297,0.0,0.0,0.0,0.0,0.0,0.0,0.0,1.0,0.3009733801041714,1.543231249505259,0.48715083985812757
M-0464,Aluminum,0.7945972473175846,0.37194608256107836,0.23,0.9460844608446085,0.5094094094094094,1.0,0.0,0.0,0.0,0.0,0.0,0.0,0.0,0.464140134394337,2.1363179994484884,0.5396617217498567
M-1330,Steel,0.7717325838185104,0.49273378264532436,0.43,0.567650676506765,0.4863863863863864,0.0,0.0,0.0,0.0,0.0,0.0,1.0,0.0,0.291553115230852,1.5662230696914523,0.5836089494433201
M-0877,Plastic,0.19846527917196455,0.6731255265374896,0.33,0.50820008200082,0.8903903903903904,0.0,0.0,0.0,0.0,0.0,1.0,0.0,0.0,0.05570361259168149,0.29484097171575524,0.4455032287859029
M-0591,Aluminum,0.25543732851502376,0.392586352148273,0.44,0.4153341533415334,0.9447447447447448,1.0,0.0,0.0,0.0,0.0,0.0,0.0,0.0,0.022949394659111735,0.6506509369628134,0.517598354829433
M-0397,Cotton,0.7972294719935755,0.49189132266217356,0.1,0.022755227552275516,0.7543543543543544,0.0,0.0,1.0,0.0,0.0,0.0,0.0,0.0,0.005589722563892304,1.620739814923081,0.5751980951037365
M-0236,Paper,0.49414441544535903,0.9813605728727886,0.93,0.9879048790487905,0.4773773773773774,0.0,0.0,0.0,0.0,1.0,0.0,0.0,0.0,0.5163014387901637,0.5035294116915802,0.6198709793913568
M-0269,Bamboo,0.9157465033795089,0.6879738837405224,0.3,0.11049610496104961,0.3565565565565566,0.0,1.0,0.0,0.0,0.0,0.0,0.0,0.0,0.07109799426322591,1.331075486943057,0.5632655683187705
M-1302,Paper,0.48330321889848094,0.1372156697556866,0.81,0.5202952029520295,0.4773773773773774,0.0,0.0,0.0,0.0,1.0,0.0,0.0,0.0,0.27191804350475934,3.5221902685657596,0.5795345007726056
M-0400,Aluminum,0.8673626447165896,0.4578770008424599,0.78,0.5795407954079541,0.6182182182182182,1.0,0.0,0.0,0.0,0.0,0.0,0.0,0.0,0.2212581174860798,1.894309495369312,0.7664105233521014
M-0373,Plastic,0.862187423319726,0.43397219882055604,0.7,0.8202132021320214,0.4773773773773774,0.0,0.0,0.0,0.0,0.0,1.0,0.0,0.0,0.42866197480793633,1.9867296544186652,0.6980881825411036
M-1362,Wood,0.1995583216221642,0.1431128896377422,0.87,0.7636326363263632,0.3053053053053053,0.0,0.0,0.0,0.0,0.0,0.0,0.0,1.0,0.5304915411516478,1.39440219343697,0.43241492024045725
M-1360,Bamboo,0.9840281960338173,0.9703032855939344,0.97,0.30586305863058627,0.770970970970971,0.0,1.0,0.0,0.0,0.0,0.0,0.0,0.0,0.07005151933401214,1.0141439243788173,0.9159025697048182
M-1489,Aluminum,0.07604452474960405,0.7542122999157541,0.04,0.2353423534235342,0.6295295295295296,1.0,0.0,0.0,0.0,0.0,0.0,0.0,0.0,0.08718739239444445,0.10082628449816285,0.23127666875870048
M-1035,Aluminum,0.6586361507060161,0.4665122156697556,0.42,0.2045920459204592,0.9455455455455456,1.0,0.0,0.0,0.0,0.0,0.0,0.0,0.0,0.011140948246319289,1.4118274222101872,0.6731181239460702
M-0952,Paper,0.43090410225523657,0.5033698399326032,0.07,0.40036900369003686,0.7513513513513513,0.0,0.0,0.0,0.0,1.0,0.0,0.0,0.0,0.09955121172833349,0.8560370765873738,0.4187670463075
M-0750,Plastic,0.8633920007138236,0.8717354675652907,0.42,0.14616646166461664,0.6692692692692692,0.0,0.0,0.0,0.0,0.0,1.0,0.0,0.0,0.048341740674664006,0.9904277643967646,0.6721375810663102
M-0139,Bamboo,0.09658926141560151,0.49189132266217356,0.63,0.5699056990569905,0.14934934934934935,0.0,1.0,0.0,0.0,0.0,0.0,0.0,0.0,0.48479065371234287,0.19636261223360868,0.2724405093710454
M-0521,Cotton,0.6943942537196903,0.07624262847514744,0.65,0.6322263222632226,0.32082082082082086,0.0,0.0,1.0,0.0,0.0,0.0,0.0,0.0,0.4293949546102067,9.10757092241533,0.5690039477341224
M-0773,Aluminum,0.34972897008632803,0.6857624262847516,0.89,0.8560885608856089,0.5606606606606607,1.0,0.0,0.0,0.0,0.0,0.0,0.0,0.0,0.3761133827554492,0.5099848674943901,0.5750897862327294
M-0898,Paper,0.8259831805304602,0.6667017691659647,0.25,0.48564985649856496,0.20020020020020018,0.0,0.0,0.0,0.0,1.0,0.0,0.0,0.0,0.3884226580003538,1.238907679300257,0.4654533322722441
M-1371,Bamboo,0.8034308148743001,0.6730202190395956,0.32,0.10988109881098809,0.4773773773773774,0.0,1.0,0.0,0.0,0.0,0.0,0.0,0.0,0.05742634803725413,1.1937674357738668,0.5605855391629333
M-0456,Glass,0.7701041736376006,0.8074978938500422,0.48,0.26301763017630175,0.18358358358358356,0.0,0.0,0.0,1.0,0.0,0.0,0.0,0.0,0.2147319110828746,0.9536906855263309,0.5071167445301153
M-0997,Aluminum,0.016038724932521342,0.5003159224936816,0.19,0.16359163591635917,0.17127127127127126,1.0,0.0,0.0,0.0,0.0,0.0,0.0,0.0,0.13557308846361737,0.03205713061349407,0.1147968713543899
M-1311,Glass,0.05926966918735638,0.3065501263689975,0.93,0.23739237392373924,0.4773773773773774,0.0,0.0,0.0,1.0,0.0,0.0,0.0,0.0,0.12406662505063488,0.1933435048482357,0.44592108088815574
M-0189,Bamboo,0.11497022016997924,0.5415964616680708,0.17,0.02665026650266503,0.4981981981981982,0.0,1.0,0.0,0.0,0.0,0.0,0.0,0.0,0.013373151749535515,0.21227983568438713,0.24644754752745116
M-0900,Glass,0.7082245867630328,0.4545071609098567,0.17,0.9464944649446494,0.5921921921921922,0.0,0.0,0.0,1.0,0.0,0.0,0.0,0.0,0.38598783285130145,1.5582219367530699,0.5119474923628707
M-0021,Wood,0.10780967677173259,0.10425442291491153,0.55,0.18962689626896267,0.1127127127127127,0.0,0.0,0.0,0.0,0.0,0.0,0.0,1.0,0.16825353438719573,1.0340917887765115,0.24193768452250686
M-0993,Plastic,0.7690111311874009,0.49189132266217356,0.04,0.490159901599016,0.7365365365365365,0.0,0.0,0.0,0.0,0.0,1.0,0.0,0.0,0.1291392253261872,1.5633729085776964,0.5405654134359213
M-0789,Cotton,0.17890205001226883,0.06750210614995787,0.08,0.12341123411234112,0.40490490490490494,0.0,0.0,1.0,0.0,0.0,0.0,0.0,0.0,0.07344142009988668,2.650278782947242,0.217032291476379
M-0177,Glass,0.26645698097213855,0.11615417017691661,0.6,0.9838048380483804,0.4032032032032032,0.0,0.0,0.0,1.0,0.0,0.0,0.0,0.0,0.587131576020465,2.293974349710791,0.4075437533498164
M-1102,Plastic,0.8158335006357492,0.42502106149957875,0.38,0.5166051660516605,0.6984984984984985,0.0,0.0,0.0,0.0,0.0,1.0,0.0,0.0,0.15575723324800814,1.9195085962297933,0.6498829498038492
M-0585,Wood,0.9752838564322202,0.3979570345408593,0.38,0.7960229602296024,0.35245245245245244,0.0,0.0,0.0,0.0,0.0,0.0,0.0,1.0,0.5154627156882181,2.4507203568774423,0.6098492783086238
M-0514,Wood,0.4537241517767516,0.44787278854254425,0.39,0.17158671586715868,0.4773773773773774,0.0,0.0,0.0,0.0,0.0,0.0,0.0,1.0,0.08967509945369724,1.013062526506062,0.44170287392391383
M-0200,Glass,0.5964665729773138,0.3425652906486942,0.23,0.12238622386223863,0.019919919919919916,0.0,0.0,0.0,1.0,0.0,0.0,0.0,0.0,0.11994830008360144,1.7411712397265537,0.3135626051669015
M-0470,Paper,0.27107452764951256,0.023588879528222403,0.25,0.14063140631406315,0.9130130130130131,0.0,0.0,0.0,0.0,1.0,0.0,0.0,0.0,0.012233102311003082,11.49113658360167,0.45733371496370895
M-1229,Wood,0.8728278569675879,0.49189132266217356,0.0,0.526650266502665,0.7322322322322322,0.0,0.0,0.0,0.0,0.0,0.0,0.0,1.0,0.1410199662557186,1.7744287047290164,0.5688008124567048
M-0053,Glass,0.5752526266479288,0.5128475147430498,0.82,0.7613776137761378,0.21941941941941942,0.0,0.0,0.0,1.0,0.0,0.0,0.0,0.0,0.5943165798024347,1.1216813739553189,0.5419268764849974
M-1275,Bamboo,0.41716299716701244,0.16754422914911543,0.93,0.06314063140631405,0.23013013013013014,0.0,1.0,0.0,0.0,0.0,0.0,0.0,0.0,0.048610069684280416,2.4898530342259817,0.514904237905844
M-0301,Aluminum,0.8748131789689709,0.348989048020219,0.93,0.25727757277572777,0.878978978978979,1.0,0.0,0.0,0.0,0.0,0.0,0.0,0.0,0.0311359945431286,2.5066995002627928,0.8926189652812822
M-1222,Plastic,0.831626848691695,0.7793807919123843,0.9,0.8236982369823698,0.6374374374374375,0.0,0.0,0.0,0.0,0.0,1.0,0.0,0.0,0.29864214357859287,1.06703397143923,0.7938819707079092
M-0148,Aluminum,0.8965178790515069,0.025484414490311705,0.83,0.456129561295613,0.4773773773773774,1.0,0.0,0.0,0.0,0.0,0.0,0.0,0.0,0.23838362758001955,35.17768484371006,0.750820364833816
M-0212,Bamboo,0.6022217760824466,0.8806866048862679,0.39,0.23882738827388272,0.39989989989989994,0.0,1.0,0.0,0.0,0.0,0.0,0.0,0.0,0.14332033960980248,0.6838086203793201,0.47785868040294865
M-0605,Bamboo,0.48528854089986395,0.101832350463353,0.54,0.4046740467404674,0.16836836836836835,0.0,1.0,0.0,0.0,0.0,0.0,0.0,0.0,0.3365397377697501,4.765516784940763,0.40662592687045607
M-0022,Steel,0.8464386892413392,0.3846882898062342,0.9,0.12566625666256662,0.8706706706706707,0.0,0.0,0.0,0.0,0.0,0.0,1.0,0.0,0.016252332693497098,2.2003177932707345,0.8697766768977371
M-0486,Wood,0.36670458854759197,0.7854886267902276,0.32,0.6818368183681838,0.47367367367367375,0.0,0.0,0.0,0.0,0.0,0.0,0.0,1.0,0.3588686677657567,0.4668484166316354,0.38478393752113893
M-1483,Wood,0.9030984407414844,0.44692502106149956,0.7,0.9337843378433784,0.7974974974974975,0.0,0.0,0.0,0.0,0.0,0.0,0.0,1.0,0.18909366521092635,2.0206888795522,0.810488625545843
M-0944,Steel,0.14370162171808426,0.32687447346251053,0.52,0.9378843788437884,0.5933933933933934,0.0,0.0,0.0,0.0,0.0,0.0,1.0,0.0,0.3813499846710179,0.43962191533029005,0.3914986667052517
M-1484,Aluminum,0.8522831203015904,0.5016849199663016,0.41,0.34235342353423537,0.5907907907907908,1.0,0.0,0.0,0.0,0.0,0.0,0.0,0.0,0.14009417371450994,1.6988380306922675,0.6411504853578733
M-1041,Steel,0.14751611679939325,0.06697556866048862,0.11,0.13960639606396064,0.5492492492492492,0.0,0.0,0.0,0.0,0.0,0.0,1.0,0.0,0.06292768783543691,2.2025033493006814,0.2567812214945321
M-1016,Wood,0.32267059269669185,0.06908171861836562,0.99,0.499179991799918,0.6251251251251251,0.0,0.0,0.0,0.0,0.0,0.0,0.0,1.0,0.18713003696603536,4.6707859671711,0.6136057746162142
M-0282,Paper,0.5953066095607753,0.8287700084245999,0.5,0.13017630176301762,0.2843843843843844,0.0,0.0,0.0,0.0,1.0,0.0,0.0,0.0,0.093156194324706,0.7183004756553755,0.4734379591396255
M-0087,Wood,0.9150996007049008,0.4564026958719461,0.93,0.3325133251332513,0.3667667667667668,0.0,0.0,0.0,0.0,0.0,0.0,0.0,1.0,0.21055848796726204,2.005022327780737,0.7550698703119905
M-1263,Bamboo,0.9066675589462179,0.49189132266217356,0.54,0.8454284542845428,0.6371371371371372,0.0,1.0,0.0,0.0,0.0,0.0,0.0,0.0,0.3067745892674142,1.8432236430103985,0.7158081647196283
M-0664,Wood,0.05407214080171316,0.9672493681550127,0.64,0.41697416974169743,0.8257257257257258,0.0,0.0,0.0,0.0,0.0,0.0,0.0,1.0,0.07266787082285235,0.05590294155674851,0.46134657403840296
M-0801,Aluminum,0.9517945972473176,0.20545492839090146,0.93,0.490159901599016,0.9464464464464464,1.0,0.0,0.0,0.0,0.0,0.0,0.0,0.0,0.02624980454008748,4.63259738816798,0.9436517728328611
M-1127,Paper,0.589372950545406,0.7611625947767482,0.6,0.7406724067240672,0.6542542542542542,0.0,0.0,0.0,0.0,1.0,0.0,0.0,0.0,0.25608433361610894,0.7743052276669524,0.6120254564944386
M-0140,Aluminum,0.24087086484195497,0.6887110362257793,0.5,0.8634686346863469,0.5103103103103104,1.0,0.0,0.0,0.0,0.0,0.0,0.0,0.0,0.4228316877763372,0.34974104149820706,0.39944143902987506
M-1492,Bamboo,0.5053871377902697,0.8177127211457457,0.42,0.10988109881098809,0.6777777777777778,0.0,1.0,0.0,0.0,0.0,0.0,0.0,0.0,0.03540613183909616,0.6180489879540516,0.5314881884494412
M-0505,Bamboo,0.6849360904771464,0.917860151642797,0.16,0.9104141041410414,0.32082082082082086,0.0,1.0,0.0,0.0,0.0,0.0,0.0,0.0,0.6183343039636602,0.7462306136949374,0.41822068243710486
M-0097,Plastic,0.08244663052934484,0.6789174389216512,0.97,0.010455104551045511,0.41651651651651656,0.0,0.0,0.0,0.0,0.0,1.0,0.0,0.0,0.006100380823628056,0.12143819611129957,0.4489336071666929
M-0367,Aluminum,0.08860335943251021,0.3603622577927548,0.92,0.8772037720377203,0.805005005005005,1.0,0.0,0.0,0.0,0.0,0.0,0.0,0.0,0.17105034513808595,0.24587234551938167,0.5529428452745055
M-0560,Wood,0.8146958442079903,0.7186183656276327,0.78,0.4141041410414104,0.031031031031031032,0.0,0.0,0.0,0.0,0.0,0.0,0.0,1.0,0.401254062590676,1.1336959218966298,0.5691876469925055
M-0631,Aluminum,0.16092261705592364,0.3317186183656276,0.06,0.2013120131201312,0.43123123123123125,1.0,0.0,0.0,0.0,0.0,0.0,0.0,0.0,0.11449998584069924,0.48511636980889,0.21173841619173883
M-0128,Aluminum,0.658212317919204,0.7892796967144061,0.88,0.33968839688396885,0.19109109109109107,1.0,0.0,0.0,0.0,0.0,0.0,0.0,0.0,0.27477697049242766,0.8339394598894796,0.584612254495009
M-0915,Paper,0.9927056146690758,0.05623420387531591,0.83,0.2519475194751948,0.35765765765765767,0.0,0.0,0.0,0.0,1.0,0.0,0.0,0.0,0.16183655980703954,17.652743233048323,0.7533795431649276
M-1199,Glass,0.3262174039126458,0.593407750631845,0.81,0.060065600656006565,0.9326326326326326,0.0,0.0,0.0,1.0,0.0,0.0,0.0,0.0,0.004046461385534777,0.5497347377592572,0.6532767513548481
M-1479,Wood,0.5053871377902697,0.16291069924178603,0.15,0.9620746207462074,0.5896896896896897,0.0,0.0,0.0,0.0,0.0,0.0,0.0,1.0,0.3947491361800505,3.102215127227894,0.42406176202301477
M-1369,Aluminum,0.08055053648308014,0.7962299915754002,0.76,0.5,0.1716716716716717,1.0,0.0,0.0,0.0,0.0,0.0,0.0,0.0,0.41416416416416413,0.10116478425903155,0.31172171609473354
M-1139,Paper,0.7260032568203618,0.0389637742207245,0.03,0.2771627716277163,0.4773773773773774,0.0,0.0,0.0,0.0,1.0,0.0,0.0,0.0,0.1448515346014321,18.6322972823545,0.4426145159413579
M-1195,Plastic,0.78839590443686,0.9815711878685762,0.79,0.5940959409594097,0.3815815815815816,0.0,0.0,0.0,0.0,0.0,1.0,0.0,0.0,0.36739987219692016,0.8031970691313222,0.6668328362492185
M-0716,Cotton,0.04517165227865891,0.7014532434709352,0.4,0.8977039770397703,0.3836836836836837,0.0,0.0,1.0,0.0,0.0,0.0,0.0,0.0,0.5532696082716583,0.06439714735367567,0.25317376601656866
M-0340,Paper,0.22931584465413013,0.7143007582139849,0.04,0.6400164001640015,0.08568568568568569,0.0,0.0,0.0,0.0,1.0,0.0,0.0,0.0,0.5851761560658648,0.32103497158890304,0.12943204356735777
M-0056,Paper,0.7360190947823952,0.3972198820556023,0.97,0.534030340303403,0.8003003003003003,0.0,0.0,0.0,0.0,1.0,0.0,0.0,0.0,0.10664569858911802,1.8529214551196946,0.8254977280030481
M-0049,Aluminum,0.6960672778781593,0.10804549283909014,0.17,0.42640426404264037,0.0978978978978979,1.0,0.0,0.0,0.0,0.0,0.0,0.0,0.0,0.3846601829381657,6.442294049421742,0.35879628052063306
M-0319,Bamboo,0.352740413571572,0.8038121314237574,0.67,0.490159901599016,0.15475475475475475,0.0,1.0,0.0,0.0,0.0,0.0,0.0,0.0,0.41430532623644556,0.4388338530210113,0.3885225918550552
M-1121,Aluminum,0.8176626737156751,0.21882898062342038,0.38,0.6631816318163182,0.8398398398398399,1.0,0.0,0.0,0.0,0.0,0.0,0.0,0.0,0.10621527636697785,3.73652034052305,0.6930170214382221
M-0516,Glass,0.06948627004840616,0.9582982308340353,0.44,0.7367773677736777,0.07907907907907907,0.0,0.0,0.0,1.0,0.0,0.0,0.0,0.0,0.6785136920438274,0.07250999250821714,0.18351823174308618
M-0565,Paper,0.450801936246626,0.5652906486941871,0.97,0.06642066420664205,0.06626626626626626,0.0,0.0,0.0,0.0,1.0,0.0,0.0,0.0,0.06201921478674245,0.7974678863343724,0.4912006543785303
M-0344,Plastic,0.5114100247607575,0.520429654591407,0.93,0.9731447314473144,0.12702702702702703,0.0,0.0,0.0,0.0,0.0,1.0,0.0,0.0,0.8495290493445474,0.9826669898264704,0.5216721180124111
M-0064,Aluminum,0.9211224876753887,0.7025063184498737,0.5,0.9624846248462484,0.7960960960960961,1.0,0.0,0.0,0.0,0.0,0.0,0.0,0.0,0.19625437245363442,1.3111927285083707,0.7572778238989843
M-1421,Aluminum,0.6857168350844319,0.23757371524852566,0.43,0.34337843378433786,0.8166166166166166,1.0,0.0,0.0,0.0,0.0,0.0,0.0,0.0,0.06296989896825897,2.886320770150591,0.6482717190187577
M-1268,Paper,0.9000423832786812,0.49189132266217356,0.32,0.7265272652726528,0.6181181181181181,0.0,0.0,0.0,0.0,1.0,0.0,0.0,0.0,0.27744759930081786,1.82975489108583,0.6414523887469079
M-0717,Glass,0.9776707042316357,0.7273588879528222,0.13,0.9079540795407953,0.8372372372372372,0.0,0.0,0.0,1.0,0.0,0.0,0.0,0.0,0.14778111444778114,1.3441361290671683,0.6812394528638255
M-0722,Glass,0.738026723772558,0.1631213142375737,0.99,0.19782697826978268,0.038238238238238235,0.0,0.0,0.0,1.0,0.0,0.0,0.0,0.0,0.19026242314475195,4.524376246266867,0.6036821609804945
M-0499,Aluminum,0.9211224876753887,0.8114995787700084,0.58,0.986059860598606,0.16286286286286286,1.0,0.0,0.0,0.0,0.0,0.0,0.0,0.0,0.8254673287473615,1.1350854352704642,0.5913078539290143
M-0687,Wood,0.3058734301456646,0.780960404380792,0.35,0.6838868388683886,0.2107107107107107,0.0,0.0,0.0,0.0,0.0,0.0,0.0,1.0,0.5397845570047292,0.3916626717144687,0.29056258527147905
M-1213,Plastic,0.8397688995962436,0.6361625947767481,0.29,0.949159491594916,0.12892892892892893,0.0,0.0,0.0,0.0,0.0,1.0,0.0,0.0,0.8267853749608567,1.3200518019126002,0.4615862385171762
M-0784,Paper,0.27042762497490463,0.1014111204717776,0.31,0.2308323083230832,0.5005005005005005,0.0,0.0,0.0,0.0,1.0,0.0,0.0,0.0,0.11530062247569421,2.666620357772354,0.35132120014011203
M-0783,Cotton,0.7156528140266345,0.7512636899747263,0.5,0.7886428864288643,0.22462462462462462,0.0,0.0,1.0,0.0,0.0,0.0,0.0,0.0,0.6114942741019002,0.9525974314734666,0.5036485129980411
M-0958,Aluminum,0.2136340315420821,0.74863100252738,0.2,0.3347683476834768,0.7625625625625626,1.0,0.0,0.0,0.0,0.0,0.0,0.0,0.0,0.07948653860912981,0.2853658817962017,0.3742223813856016
M-0989,Plastic,0.3659238439403065,0.616575400168492,0.37,0.8667486674866748,0.6657657657657658,0.0,0.0,0.0,0.0,0.0,1.0,0.0,0.0,0.2896970771509516,0.5934768892229907,0.4570992673058524
M-0241,Plastic,0.7992371009837382,0.2859098567818028,0.08,0.15313653136531366,0.4773773773773774,0.0,0.0,0.0,0.0,0.0,1.0,0.0,0.0,0.08003261564147172,2.7954066172229624,0.4869080536067085
M-0614,Plastic,0.6307301077427557,0.5818239258635215,0.52,0.42066420664206644,0.8502502502502503,0.0,0.0,0.0,0.0,0.0,1.0,0.0,0.0,0.06299435967332646,1.0840548070481013,0.6633671181721774
M-1115,Aluminum,0.9851881594503558,0.9394481887110362,0.31,0.45366953669536697,0.3165165165165165,1.0,0.0,0.0,0.0,0.0,0.0,0.0,0.0,0.3100756352908875,1.0486870086098805,0.5820302187350973
M-0158,Plastic,0.3398915880345312,0.21798652064026958,0.31,0.44157441574415746,0.8025025025025025,0.0,0.0,0.0,0.0,0.0,1.0,0.0,0.0,0.08720984206839064,1.5592249824036113,0.46970738596456324
M-0032,Aluminum,0.541569073590756,0.3620471777590565,0.33,0.48359983599836,0.4821821821821822,1.0,0.0,0.0,0.0,0.0,0.0,0.0,0.0,0.2504166117737254,1.4958480855859215,0.46028228409095706
M-0016,Steel,0.5688282138794084,0.6315290648694187,0.3,0.511070110701107,0.9065065065065065,0.0,0.0,0.0,0.0,0.0,0.0,1.0,0.0,0.04778173006955292,0.900714384828258,0.5894832375037153
M-0404,Aluminum,0.5053871377902697,0.052337826453243474,0.36,0.3501435014350143,0.8908908908908909,1.0,0.0,0.0,0.0,0.0,0.0,0.0,0.0,0.03820384550191847,9.656065526072766,0.5774221223833751
M-0954,Paper,0.50482946307078,0.8592038753159226,0.6,0.6492414924149241,0.3554554554554555,0.0,0.0,0.0,0.0,1.0,0.0,0.0,0.0,0.41846506202799766,0.5875542348210703,0.48856842186494864
M-0335,Wood,0.9451025006134421,0.5861415332771693,0.22,0.4575645756457565,0.6485485485485486,0.0,0.0,0.0,0.0,0.0,0.0,0.0,1.0,0.16081173424346853,1.6124107140447548,0.6386055648099415
M-1042,Plastic,0.7370229092774767,0.8777379949452401,0.95,0.38724887248872486,0.2193193193193193,0.0,0.0,0.0,0.0,0.0,1.0,0.0,0.0,0.3023177133673239,0.8396834520533722,0.6456049595067864
M-0934,Aluminum,0.8223917553369471,0.25010530749789384,0.3,0.9706847068470684,0.4826826826826827,1.0,0.0,0.0,0.0,0.0,0.0,0.0,0.0,0.5021520085070721,3.2881687933594903,0.5637615069395837
M-0653,Bamboo,0.03357201811327487,0.0,0.25,0.1260762607626076,0.5727727727727728,0.0,1.0,0.0,0.0,0.0,0.0,0.0,0.0,0.053863211304785705,33572.01811327487,0.2602606390771418
M-0195,Aluminum,0.20397510540052194,0.4406065711878686,0.1,0.06908569085690856,0.5666666666666668,1.0,0.0,0.0,0.0,0.0,0.0,0.0,0.0,0.02993713270466037,0.4629405365200816,0.2815900421602088
M-1221,Aluminum,0.021057797407927903,0.019165964616680714,0.48,0.6570315703157031,0.9834834834834835,1.0,0.0,0.0,0.0,0.0,0.0,0.0,0.0,0.010851872782992105,1.098650612085005,0.4474681640082162
M-0814,Paper,0.2726137098753039,0.6239469250210615,0.05,0.5715457154571546,0.7211211211211211,0.0,0.0,0.0,0.0,1.0,0.0,0.0,0.0,0.15939202835471797,0.43691740759631786,0.3403818202864579
M-0047,Cotton,0.9324321309866381,0.21914490311710189,0.53,0.465969659696597,0.9623623623623624,0.0,0.0,1.0,0.0,0.0,0.0,0.0,0.0,0.017537997201793828,4.2548462815131325,0.820681561103364
M-0458,Cotton,0.44437752347810566,0.26569081718618365,0.54,0.1000410004100041,0.4068068068068068,0.0,0.0,1.0,0.0,0.0,0.0,0.0,0.0,0.059343640483451886,1.6725299566403582,0.4617930514332843
M-0311,Cotton,0.8737647504963304,0.7948609941027802,0.29,0.33866338663386636,0.9440440440440441,0.0,0.0,1.0,0.0,0.0,0.0,0.0,0.0,0.018950233546379498,1.0992659819930295,0.7197191134117453
M-0099,Wood,0.5008811260567936,0.5939342881213142,0.71,0.4481344813448135,0.5993993993993995,0.0,0.0,0.0,0.0,0.0,0.0,0.0,1.0,0.1795229423765709,0.8433260930515483,0.5931722702425373
M-1133,Wood,0.6354814963528073,0.03117101937657961,0.8,0.023985239852398522,0.54994994994995,0.0,0.0,0.0,0.0,0.0,0.0,0.0,1.0,0.01079455839603441,20.386279396138892,0.6591775835261079
M-1009,Paper,0.10691739722054919,0.3920598146588037,0.46,0.8362033620336202,0.8924924924924926,0.0,0.0,0.0,0.0,1.0,0.0,0.0,0.0,0.08989813922163233,0.2727061548183425,0.4485147066359675
M-1321,Cotton,0.7564076825269357,0.3140269587194608,0.55,0.560680606806068,0.4358358358358359,0.0,0.0,1.0,0.0,0.0,0.0,0.0,0.0,0.31631590590180175,2.4087271898063007,0.5983138237615251
M-1107,Steel,0.7546900443909076,0.6963984835720303,0.15,0.5391553915539155,0.4107107107107107,0.0,0.0,0.0,0.0,0.0,0.0,1.0,0.0,0.31771849750529535,1.0837027628450964,0.4700892309695763
M-0681,Cotton,0.5053871377902697,0.5908803706823926,0.68,0.07503075030750306,0.28628628628628633,0.0,0.0,1.0,0.0,0.0,0.0,0.0,0.0,0.05355047544469438,0.8553106644851773,0.4920407410019938
M-0346,Bamboo,0.1739722054919806,0.7756950294860994,0.47,0.47621976219762197,0.5928928928928929,0.0,1.0,0.0,0.0,0.0,0.0,0.0,0.0,0.19387244973550835,0.2242788397502017,0.3884567500646601
M-1248,Wood,0.06598407281001137,0.8864785172704298,0.33,0.022140221402214024,0.4555555555555556,0.0,0.0,0.0,0.0,0.0,0.0,0.0,1.0,0.012054120541205412,0.0744338380351796,0.26206029579067125
M-1344,Aluminum,0.5220950723861786,0.5795071609098569,0.12,0.8544485444854448,0.9768768768768769,1.0,0.0,0.0,0.0,0.0,0.0,0.0,0.0,0.019757518896510305,0.9009279033559477,0.5379010920175346
M-0573,Aluminum,0.8718686564500658,0.6345829823083404,0.67,0.7078720787207872,0.4826826826826827,1.0,0.0,0.0,0.0,0.0,0.0,0.0,0.0,0.36619448476767047,1.373921625438113,0.6945522673848312
M-0418,Plastic,0.5061678823975552,0.6519587194608256,0.09,0.8343583435834359,0.45855855855855854,0.0,0.0,0.0,0.0,0.0,1.0,0.0,0.0,0.451756184228509,0.77637907264602,0.3670347205265896
M-0336,Cotton,0.46594838162796404,0.625,0.06,0.490159901599016,0.01821821821821822,0.0,0.0,1.0,0.0,0.0,0.0,0.0,0.0,0.48123006154986475,0.745516217778794,0.2098448181166511
M-0549,Plastic,0.6356153382854848,0.9815711878685762,0.43,0.964739647396474,0.3642642642642643,0.0,0.0,0.0,0.0,0.0,1.0,0.0,0.0,0.6133194695310317,0.6475482355156013,0.4925254145934732
M-1257,Wood,0.4482143255481942,0.9737784330244315,0.78,0.7710127101271012,0.7570570570570572,0.0,0.0,0.0,0.0,0.0,0.0,0.0,1.0,0.18731209684469205,0.4602832123452219,0.6404028473363947
M-0172,Steel,0.48604697851836975,0.023378264532434703,0.4,0.3068880688806888,0.04834834834834834,0.0,0.0,0.0,0.0,0.0,0.0,1.0,0.0,0.29205053762249333,20.78966076302628,0.32892329591185243
M-0725,Aluminum,0.3250351335073278,0.3844776748104465,0.67,0.2865928659286593,0.3984984984984985,1.0,0.0,0.0,0.0,0.0,0.0,0.0,0.0,0.17238603917570708,0.8453918378374947,0.45056360295248066
M-0216,Steel,0.35378884204421246,0.2013479359730413,0.79,0.5043050430504304,0.12642642642642643,0.0,0.0,0.0,0.0,0.0,0.0,1.0,0.0,0.4405475586287394,1.7570931792337925,0.41644346474561295
M-0533,Aluminum,0.5585446920520198,0.9815711878685762,0.21,0.5949159491594916,0.14044044044044043,1.0,0.0,0.0,0.0,0.0,0.0,0.0,0.0,0.5113656912344899,0.5690306825673875,0.32855000895294006
M-1338,Wood,0.6560485400075844,0.762742207245156,0.06,0.04551045510455104,0.7302302302302303,0.0,0.0,0.0,0.0,0.0,0.0,0.0,1.0,0.012277344995672176,0.8601171846250497,0.49948848507210286
M-1418,Bamboo,0.12351379687256014,0.1606992417860152,0.5,0.7439524395243952,0.6859859859859859,0.0,1.0,0.0,0.0,0.0,0.0,0.0,0.0,0.2336114917705734,0.7685974551116627,0.40520131454481984
M-1216,Aluminum,0.586785339846974,0.7054549283909014,0.22,0.051660516605166046,0.03083083083083083,1.0,0.0,0.0,0.0,0.0,0.0,0.0,0.0,0.050067779957078846,0.8317817119850318,0.30996338518803884
M-0353,Aluminum,0.8839144303910415,0.7489469250210616,0.55,0.12197621976219761,0.9597597597597598,1.0,0.0,0.0,0.0,0.0,0.0,0.0,0.0,0.004908352386827166,1.1802081304466987,0.8064937000843446
M-0172,Steel,0.48604697851836975,0.023378264532434703,0.4,0.3068880688806888,0.04834834834834834,0.0,0.0,0.0,0.0,0.0,0.0,1.0,0.0,0.29205053762249333,20.78966076302628,0.32892329591185243
M-1138,Plastic,0.24439536906912934,0.5576032013479361,0.5,0.7421074210742108,0.3942942942942943,0.0,0.0,0.0,0.0,0.0,1.0,0.0,0.0,0.4494986991911961,0.4382954225924681,0.36604643591594005
M-1044,Aluminum,0.6795824131700462,0.5420176916596462,0.5,0.31734317343173435,0.6527527527527528,1.0,0.0,0.0,0.0,0.0,0.0,0.0,0.0,0.11019654340687551,1.2537988516395693,0.6176587910938444
M-0636,Aluminum,0.3232059604274019,0.9411331086773379,0.5,0.4842148421484215,0.32552552552552555,1.0,0.0,0.0,0.0,0.0,0.0,0.0,0.0,0.32659055119079716,0.34342179020759633,0.3769400418286184
M-0453,Wood,0.018983247451426516,0.12563184498736307,0.13,0.5633456334563346,0.5187187187187188,0.0,0.0,0.0,0.0,0.0,0.0,0.0,1.0,0.2711277082740797,0.15110099157060375,0.20220891459618623
M-0305,Plastic,0.9985054317517679,0.07234625105307496,0.78,0.8347683476834767,0.4906906906906907,0.0,0.0,0.0,0.0,0.0,1.0,0.0,0.0,0.4251552905919449,13.801566987241163,0.7806093799079143
M-0923,Aluminum,0.8681433893238751,0.15954085930918277,0.73,0.05084050840508404,0.8834834834834835,1.0,0.0,0.0,0.0,0.0,0.0,0.0,0.0,0.005923758937289071,5.441477196536015,0.831302400774595
M-0890,Aluminum,0.9273015235673336,0.06844987363100252,0.5,0.8015580155801558,0.023723723723723725,1.0,0.0,0.0,0.0,0.0,0.0,0.0,0.0,0.7825420746699959,13.546964039730584,0.5280377265440507
M-1396,Wood,0.8215440897633228,0.15459140690817186,0.5,0.4085690856908569,0.022022022022022022,0.0,0.0,0.0,0.0,0.0,0.0,0.0,1.0,0.3995715682882555,5.3142590001287795,0.48522424251193574
M-0472,Cotton,0.14840839635057662,0.7834877843302445,0.61,0.4208692086920869,0.24474474474474472,0.0,0.0,1.0,0.0,0.0,0.0,0.0,0.0,0.3178636816398194,0.18941993723297731,0.31578678196365406
M-0436,Cotton,0.9375627384059426,0.0193765796124684,0.63,0.7585075850758507,0.9229229229229229,0.0,0.0,1.0,0.0,0.0,0.0,0.0,0.0,0.05846354759843897,48.38389299160318,0.8409019722392539
M-1475,Cotton,0.00921278636596845,0.37268323504633527,0.4,0.5949159491594916,0.3500500500500501,0.0,0.0,1.0,0.0,0.0,0.0,0.0,0.0,0.38666559138063855,0.024720086066487464,0.2287001295614024
M-0926,Aluminum,0.3026166097838453,0.18576242628475148,0.89,0.525420254202542,0.5782782782782783,1.0,0.0,0.0,0.0,0.0,0.0,0.0,0.0,0.22158113422976072,1.629043002899682,0.5615301273970217
M-1440,Glass,0.6642798188672511,0.019165964616680714,0.28,0.06908569085690856,0.36496496496496494,0.0,0.0,0.0,1.0,0.0,0.0,0.0,0.0,0.04387183411373653,34.657538747117975,0.45920141703638995
M-0504,Cotton,0.1224207544223605,0.34530328559393425,0.51,0.7802378023780238,0.9047047047047048,0.0,0.0,1.0,0.0,0.0,0.0,0.0,0.0,0.07435299177816598,0.35453007544286036,0.4733797131803556
M-0411,Glass,0.8257378036538847,0.47251474304970514,0.51,0.18101681016810167,0.7304304304304304,0.0,0.0,0.0,1.0,0.0,0.0,0.0,0.0,0.048796623601871654,1.7475350097848978,0.702424250590683
M-0136,Steel,0.1760021414709228,0.5824557708508846,0.93,0.509430094300943,0.9324324324324325,0.0,0.0,0.0,0.0,0.0,0.0,1.0,0.0,0.03442095231763127,0.30217202422389094,0.6291305863180989
M-0259,Cotton,0.5053871377902697,0.8473041280539174,0.68,0.25543255432554324,0.24124124124124124,0.0,0.0,1.0,0.0,0.0,0.0,0.0,0.0,0.1938116878666284,0.5964641556590577,0.47852722748848026
M-0353,Aluminum,0.8839144303910415,0.7489469250210616,0.55,0.12197621976219761,0.9597597597597598,1.0,0.0,0.0,0.0,0.0,0.0,0.0,0.0,0.004908352386827166,1.1802081304466987,0.8064937000843446
M-0510,Plastic,0.5053871377902697,0.06223673125526537,0.4,0.3079130791307913,0.4447447447447448,0.0,0.0,0.0,0.0,0.0,1.0,0.0,0.0,0.17097035534919913,8.120269289981765,0.45557827853953126
M-0950,Steel,0.5483950121573089,0.39290227464195454,0.98,0.06888068880688807,0.2773773773773774,0.0,0.0,0.0,0.0,0.0,0.0,1.0,0.0,0.049774743993686185,1.395750678476913,0.5965712180761368
M-0526,Bamboo,0.1020990876441589,0.43302443133951135,0.58,0.37310373103731037,0.8756756756756757,0.0,1.0,0.0,0.0,0.0,0.0,0.0,0.0,0.04638586926409803,0.23578081159881956,0.47754233776036625
M-0494,Wood,0.8447656650828704,0.14090143218197132,0.45,0.9922099220992211,0.5322322322322323,0.0,0.0,0.0,0.0,0.0,0.0,0.0,1.0,0.46412382041738337,5.995394486816811,0.6325759357028179
M-1058,Bamboo,0.18267193111601865,0.06876579612468407,0.96,0.36510865108651086,0.8552552552552553,0.0,1.0,0.0,0.0,0.0,0.0,0.0,0.0,0.05284755850561509,2.6563972936125775,0.6176453490229841
M-0861,Paper,0.8802114702536304,0.6379528222409436,0.34,0.9770397703977041,0.31331331331331336,0.0,0.0,0.0,0.0,1.0,0.0,0.0,0.0,0.6709202026955204,1.3797416671346323,0.5480785820954462
M-0356,Bamboo,0.17131767382721008,0.5113732097725359,0.66,0.5965559655596556,0.06686686686686687,0.0,1.0,0.0,0.0,0.0,0.0,0.0,0.0,0.5566661372319429,0.33501430176428687,0.2865871295909441
M-1072,Plastic,0.11860625934105157,0.06644903117101938,0.29,0.5079950799507995,0.3812812812812813,0.0,0.0,0.0,0.0,0.0,1.0,0.0,0.0,0.3143060649825717,1.7848939609343464,0.24882688812080503
M-0818,Glass,0.09266323139039459,0.9654591406908173,0.22,0.33169331693316934,0.05505505505505505,0.0,0.0,0.0,1.0,0.0,0.0,0.0,0.0,0.31343192310801987,0.09597830866853925,0.11958180907267436
M-0541,Bamboo,0.3952129202079011,0.7119839932603201,0.5,0.490159901599016,0.7229229229229229,0.0,1.0,0.0,0.0,0.0,0.0,0.0,0.0,0.13581207283544308,0.5550860256171172,0.5249620449600373
M-0209,Wood,0.1636886836645921,0.4891533277169335,0.05,0.490159901599016,0.7031031031031032,0.0,0.0,0.0,0.0,0.0,0.0,0.0,1.0,0.14552695376803615,0.3346360737082477,0.2914064043967678
M-0874,Aluminum,0.9580405541056012,0.45914069081718617,0.69,1.0,0.6910910910910911,1.0,0.0,0.0,0.0,0.0,0.0,0.0,0.0,0.3089089089089089,2.086590203561059,0.7975435489695679
M-0835,Aluminum,0.9883111378794975,0.7014532434709352,0.69,0.24067240672406726,0.5349349349349349,1.0,0.0,0.0,0.0,0.0,0.0,0.0,0.0,0.11192832849249414,1.4089459819775803,0.7628049356322795
M-0402,Paper,0.8369805259987955,0.36889216512215667,0.0,0.6744567445674458,0.1039039039039039,0.0,0.0,0.0,0.0,1.0,0.0,0.0,0.0,0.60437805579257,2.26889681114486,0.3659633815706894
M-0903,Wood,0.2608802337772424,0.705770850884583,0.48,0.04674046740467405,0.07307307307307308,0.0,0.0,0.0,0.0,0.0,0.0,0.0,1.0,0.043324997814542715,0.3696381960406422,0.27027401543281887
M-1288,Wood,0.1485868522608133,0.3555181128896377,0.97,0.490159901599016,0.8557557557557558,0.0,0.0,0.0,0.0,0.0,0.0,0.0,1.0,0.07070274456498317,0.4179433590872469,0.607161467631052
M-0039,Aluminum,0.46052778335452493,0.4822030328559393,0.12,0.09327593275932759,0.8512512512512513,1.0,0.0,0.0,0.0,0.0,0.0,0.0,0.0,0.013874678286322394,0.9550475565850561,0.4755864887171854
M-0256,Glass,0.658056168997747,0.10930918281381634,0.27,0.17876178761787617,0.376976976976977,0.0,0.0,0.0,1.0,0.0,0.0,0.0,0.0,0.1113727093226888,6.020081131129272,0.4573155606921919
M-0960,Bamboo,0.6494456713288272,0.6107834877843303,0.65,0.04756047560475604,0.8414414414414414,0.0,1.0,0.0,0.0,0.0,0.0,0.0,0.0,0.0075411204562496085,1.0632975858387357,0.7072107009639633
M-0157,Bamboo,0.8173280688839814,0.36478517270429656,0.51,0.9669946699466995,0.23103103103103104,0.0,1.0,0.0,0.0,0.0,0.0,0.0,0.0,0.7435888943474019,2.2405675709274346,0.5492405368629019
M-0030,Paper,0.6403667268955363,0.07097725358045492,0.9,0.34071340713407133,0.05455455455455455,0.0,0.0,0.0,0.0,1.0,0.0,0.0,0.0,0.32212593897710745,9.022013005288597,0.542513057124581
M-0192,Glass,0.5053871377902697,0.5419123841617524,0.9,0.21463714637146372,0.4773773773773774,0.0,0.0,0.0,1.0,0.0,0.0,0.0,0.0,0.1121742283488901,0.9325976301028575,0.6153680683293211
M-0803,Aluminum,0.8190680140087889,0.26863942712721145,0.15,0.490159901599016,0.6624624624624625,1.0,0.0,0.0,0.0,0.0,0.0,0.0,0.0,0.16544736618537353,3.0489380275625053,0.5713659443422543
M-0074,Plastic,0.3964621115795579,0.3094987363100253,0.33,0.9993849938499384,0.9665665665665666,0.0,0.0,0.0,0.0,0.0,1.0,0.0,0.0,0.033412871666254174,1.2809772192581859,0.5475548146017932
M-1323,Steel,0.20243592317473058,0.8404591406908173,0.49,0.07503075030750306,0.7332332332332332,0.0,0.0,0.0,0.0,0.0,0.0,1.0,0.0,0.020015710667617186,0.24086320501569308,0.4479443392398622
M-0658,Glass,0.5053871377902697,0.22620050547598985,0.14,0.7775727757277572,0.9714714714714714,0.0,0.0,0.0,1.0,0.0,0.0,0.0,0.0,0.022183007115356496,2.234234191884784,0.5355962965575493
M-1052,Aluminum,0.7370898302438154,0.9975779275484415,0.07,0.44075440754407547,0.12302302302302302,1.0,0.0,0.0,0.0,0.0,0.0,0.0,0.0,0.38653146791728177,0.7388787091315367,0.3527428390044331
M-1049,Steel,0.06830399964308817,0.37563184498736313,0.12,0.7238622386223862,0.23363363363363363,0.0,0.0,0.0,0.0,0.0,0.0,1.0,0.0,0.5547436735628617,0.18183713313298264,0.13341168994732533
M-0627,Steel,0.44377523478105685,0.49778854254422916,0.38,0.8669536695366953,0.5276276276276276,0.0,0.0,0.0,0.0,0.0,0.0,1.0,0.0,0.4095249616159825,0.8914916784167416,0.44979838220071106
M-0316,Cotton,0.7371567512101541,0.29538753159224934,0.1,0.02091020910209102,0.6014014014014014,0.0,0.0,1.0,0.0,0.0,0.0,0.0,0.0,0.00833478004449714,2.495549665508735,0.505283120904482
M-0601,Steel,0.8670949608512347,0.6569081718618366,0.78,0.15928659286592867,0.32942942942942943,0.0,0.0,0.0,0.0,0.0,0.0,1.0,0.0,0.10681290146234797,1.3199617207256853,0.6796668131693226
M-1068,Bamboo,0.7689219032322826,0.005265374894692497,0.82,0.575850758507585,0.9412412412412412,0.0,1.0,0.0,0.0,0.0,0.0,0.0,0.0,0.033836275800195464,146.00591841784933,0.8359411336652853
M-0889,Paper,0.9930402195007695,0.5216933445661331,0.75,0.6363263632636326,0.056156156156156156,0.0,0.0,0.0,0.0,1.0,0.0,0.0,0.0,0.6005927206419212,1.903490482203005,0.6390629346471547
M-0506,Aluminum,0.4287180173548373,0.2906486941870261,0.66,0.3806888068880689,0.5526526526526526,1.0,0.0,0.0,0.0,0.0,0.0,0.0,0.0,0.1703001279262042,1.4750334369144995,0.5352830027377307
M-0895,Paper,0.08623881862187421,0.26895534962089296,0.71,0.7826978269782697,0.16466466466466465,0.0,0.0,0.0,0.0,1.0,0.0,0.0,0.0,0.6538151517651312,0.3206424341475188,0.2968949268481491
M-0669,Steel,0.4506904013027282,0.4228096040438079,0.34,0.2826978269782698,0.08578578578578579,0.0,0.0,0.0,0.0,0.0,0.0,1.0,0.0,0.2584463717510048,1.0659392101150604,0.308011896256827
M-1202,Plastic,0.21822927123067654,0.6750210614995787,0.05,0.997539975399754,0.06316316316316316,0.0,0.0,0.0,0.0,0.0,1.0,0.0,0.0,0.9345321951718016,0.323292057663826,0.12124065744121956
M-0901,Steel,0.03305895737134443,0.6304759898904803,0.05,0.5785157851578516,0.07207207207207207,0.0,0.0,0.0,0.0,0.0,0.0,1.0,0.0,0.5368209537951235,0.05243483569017654,0.049845204570159396
M-0252,Aluminum,0.5407437150059113,0.7648483572030329,0.81,0.04756047560475604,0.18678678678678678,1.0,0.0,0.0,0.0,0.0,0.0,0.0,0.0,0.038676807188492306,0.7069937497017054,0.5153335220384005
M-0146,Bamboo,0.20252515112984898,0.3460404380791912,0.82,0.36982369823698236,0.896896896896897,0.0,1.0,0.0,0.0,0.0,0.0,0.0,0.0,0.03812997088929844,0.5852627137779416,0.5960791295210086
M-0756,Wood,0.3971090142541658,0.8331929233361416,0.29,0.9626896268962689,0.9471471471471472,0.0,0.0,0.0,0.0,0.0,0.0,0.0,1.0,0.050880893193316255,0.4766105502355628,0.5299877498458104
M-1023,Plastic,0.8922572441946062,0.7237784330244315,0.23,0.06211562115621155,0.24894894894894895,0.0,0.0,0.0,0.0,0.0,1.0,0.0,0.0,0.04665200255606159,1.2327750741219081,0.5005875823625272
M-0793,Steel,0.5662406031809766,0.11331086773378264,0.21,0.4255842558425584,0.5912912912912913,0.0,0.0,0.0,0.0,0.0,0.0,1.0,0.0,0.17393999165216875,4.997187095276856,0.46688362865977806
M-0145,Cotton,0.667402797296393,0.890480202190396,0.73,0.7173021730217302,0.491991991991992,0.0,0.0,1.0,0.0,0.0,0.0,0.0,0.0,0.3643952480565847,0.7494855541641112,0.6335587165161548
M-0956,Glass,0.1028352182738852,0.8382476832350463,0.42,0.9481344813448134,0.03093093093093093,0.0,0.0,0.0,1.0,0.0,0.0,0.0,0.0,0.9188077991891029,0.1226786517301931,0.17641336658883336
M-0562,Glass,0.8950010038144951,0.6409014321819714,0.94,0.9866748667486676,0.5269269269269269,0.0,0.0,0.0,1.0,0.0,0.0,0.0,0.0,0.4667693113367571,1.3964699755740317,0.7980784796038761
M-1429,Wood,0.6935688951348458,0.8018112889637743,0.54,0.5539155391553916,0.04014014014014014,0.0,0.0,0.0,0.0,0.0,0.0,0.0,1.0,0.5316812917878929,0.8650015779019583,0.45146960009598036
M-0121,Cotton,0.3715005911352027,0.6525905644481887,0.4,0.38232882328823287,0.5034034034034034,0.0,0.0,1.0,0.0,0.0,0.0,0.0,0.0,0.18986319242571806,0.569269680108924,0.41962125747510204
M-0615,Wood,0.7326730464654575,0.43681550126368995,0.23,0.7175071750717507,0.4803803803803804,0.0,0.0,0.0,0.0,0.0,0.0,0.0,1.0,0.3728308053851309,1.6773016686546143,0.5061833327002971
M-1472,Plastic,0.5395168306230341,0.8348778433024432,0.47,0.07195571955719557,0.1925925925925926,0.0,0.0,0.0,0.0,0.0,1.0,0.0,0.0,0.05809758097580975,0.646221706240541,0.4145845100269914
M-0929,Wood,0.1709607620067367,0.49189132266217356,0.68,0.1947519475194752,0.07347347347347348,0.0,0.0,0.0,0.0,0.0,0.0,0.0,1.0,0.18044284546949574,0.34755728872017944,0.29442634684473673
M-1170,Glass,0.41096165428628795,0.014427127211457447,0.34,0.5034850348503485,0.41121121121121124,0.0,0.0,0.0,1.0,0.0,0.0,0.0,0.0,0.2964463438428178,28.48336781782332,0.38974802507787853
M-1053,Glass,0.35135738026723773,0.5592881213142377,0.91,0.48359983599836,0.987087087087087,0.0,0.0,0.0,1.0,0.0,0.0,0.0,0.0,0.0062446825669458155,0.6282213740213747,0.7096690782330213
M-1372,Glass,0.5038925695420374,0.22061920808761581,0.92,0.4042640426404264,0.6293293293293294,0.0,0.0,0.0,1.0,0.0,0.0,0.0,0.0,0.14984882381356343,2.2839819339755336,0.6663558266156138
M-0126,Cotton,0.15351669678110152,0.2754844144903117,0.42,0.7937679376793767,0.43493493493493496,0.0,0.0,1.0,0.0,0.0,0.0,0.0,0.0,0.4485305313513595,0.5572588917824557,0.3178871591929211
M-0251,Wood,0.1826050101496799,0.8278222409435552,0.5,0.517220172201722,0.03863863863863864,0.0,0.0,0.0,0.0,0.0,0.0,0.0,1.0,0.49723548887140523,0.2205845416245456,0.23463359565146355
M-1355,Plastic,0.7930580650917933,0.21882898062342038,0.32,0.5217302173021731,0.8018018018018018,0.0,0.0,0.0,0.0,0.0,1.0,0.0,0.0,0.1034059890148451,3.624083239565557,0.6537637665772579
M-0644,Aluminum,0.518525954181445,0.6549073294018535,0.05,0.18921689216892168,0.5369369369369369,1.0,0.0,0.0,0.0,0.0,0.0,0.0,0.0,0.08761935367101419,0.7917534880874543,0.3834914627536591
M-0284,Bamboo,0.11780320774498651,0.49189132266217356,0.99,0.490159901599016,0.5871871871871872,0.0,1.0,0.0,0.0,0.0,0.0,0.0,0.0,0.20234428770714133,0.23948982799207563,0.5202774392541507
M-0815,Paper,0.8225255972696246,0.6487994945240101,0.23,0.2355473554735547,0.5006006006006006,0.0,0.0,0.0,0.0,1.0,0.0,0.0,0.0,0.11763220785361005,1.2677635177714641,0.54819041908803
M-1084,Paper,0.747685649914118,0.1950294860994103,0.16,0.5071750717507175,0.8772772772772772,0.0,0.0,0.0,0.0,1.0,0.0,0.0,0.0,0.06224190570234034,3.833686029644669,0.6102574431488303
M-0891,Bamboo,0.5387806999933079,0.37131423757371523,0.5,0.4645346453464535,0.4502502502502503,0.0,1.0,0.0,0.0,0.0,0.0,0.0,0.0,0.2553778050293015,1.4510061680039368,0.5005873550723983
M-0893,Aluminum,0.519708224586763,0.5846672283066555,0.86,0.1049610496104961,0.4385385385385385,1.0,0.0,0.0,0.0,0.0,0.0,0.0,0.0,0.0589315843108381,0.8888942470706287,0.5974448513962668
M-1419,Steel,0.6755225412121617,0.024957877000842454,0.2,0.14883148831488313,0.4364364364364364,0.0,0.0,0.0,0.0,0.0,0.0,1.0,0.0,0.08387600392520442,27.065422101697937,0.46113994741579556
M-0059,Glass,0.44932967498717347,0.1138374052232519,0.05,0.8874538745387454,0.33383383383383386,0.0,0.0,0.0,1.0,0.0,0.0,0.0,0.0,0.5911917452507859,3.9470833600135173,0.2948820201450196
M-0753,Plastic,0.02250775167860089,0.25052653748946924,0.29,0.8724887248872488,0.12502502502502502,0.0,0.0,0.0,0.0,0.0,1.0,0.0,0.0,0.7634058002241684,0.08984142782925407,0.13351060817894786
M-0511,Aluminum,0.26679158580383233,0.14732518955349622,0.12,0.7615826158261583,0.2563563563563564,1.0,0.0,0.0,0.0,0.0,0.0,0.0,0.0,0.5663460713686215,1.8108904235723584,0.21962354122843986
M-0117,Aluminum,0.1526021102411385,0.12310446503791071,0.41,0.6102911029110292,0.392992992992993,1.0,0.0,0.0,0.0,0.0,0.0,0.0,0.0,0.37045097578102915,1.239604677129031,0.3019387419943533
M-0978,Cotton,0.9972562403801111,0.35446503791069917,0.84,0.986469864698647,0.42482482482482486,0.0,0.0,1.0,0.0,0.0,0.0,0.0,0.0,0.5673929772330756,2.813404201593357,0.7783499435994918
M-0178,Glass,0.5404760311405563,0.9562973883740522,0.66,0.23882738827388272,0.6496496496496497,0.0,0.0,0.0,1.0,0.0,0.0,0.0,0.0,0.08367325915501396,0.5651750935808869,0.6090853073511174
M-0623,Bamboo,0.854402284235651,0.8929022746419546,0.05,0.6268962689626896,0.09939939939939939,0.0,1.0,0.0,0.0,0.0,0.0,0.0,0.0,0.5645831563420739,0.9568811185940133,0.38658073351408023
M-0412,Cotton,0.12612371455977156,0.8804759898904803,0.09,0.1022960229602296,0.41111111111111115,0.0,0.0,1.0,0.0,0.0,0.0,0.0,0.0,0.060240991298801866,0.1432447593837287,0.20078281915724194
M-0466,Bamboo,0.21838542015213364,0.29991575400168485,0.82,0.2990979909799098,0.6121121121121121,0.0,1.0,0.0,0.0,0.0,0.0,0.0,0.0,0.11601648799270775,0.7281534533776223,0.5169878016944871
M-0876,Glass,0.6893974882330633,0.49189132266217356,0.68,0.7863878638786387,0.6510510510510511,0.0,0.0,0.0,1.0,0.0,0.0,0.0,0.0,0.27440921856666006,1.401521138817477,0.6750743106085406
M-1489,Aluminum,0.07604452474960405,0.7542122999157541,0.04,0.2353423534235342,0.6295295295295296,1.0,0.0,0.0,0.0,0.0,0.0,0.0,0.0,0.08718739239444445,0.10082628449816285,0.23127666875870048
M-0858,Glass,0.8001739945124808,0.009056444818871107,0.5,0.490159901599016,0.6252252252252252,0.0,0.0,0.0,1.0,0.0,0.0,0.0,0.0,0.18369956672539703,88.34434109334295,0.6576371653725599
M-0961,Aluminum,0.14936759686809875,0.16038331929233363,0.42,0.49487494874948745,0.03323323323323323,1.0,0.0,0.0,0.0,0.0,0.0,0.0,0.0,0.4784286541564114,0.9313104767794997,0.19571700871720946
M-0273,Cotton,0.9246916058801222,0.29949452401010945,0.67,0.6453464534645347,0.9603603603603603,0.0,0.0,1.0,0.0,0.0,0.0,0.0,0.0,0.025581300858053654,3.0874972470336797,0.8589847504601571
M-0197,Plastic,0.1341765375092016,0.2594776748104465,0.66,0.34542845428454283,0.13643643643643644,0.0,0.0,0.0,0.0,0.0,1.0,0.0,0.0,0.2982994269382133,0.5171004422896017,0.2926015459346116
M-0238,Wood,0.43324633607709295,0.49189132266217356,0.45,0.6613366133661337,0.470970970970971,0.0,0.0,0.0,0.0,0.0,0.0,0.0,1.0,0.349866266430432,0.8807747470672397,0.4495898257221285
M-0440,Glass,0.7076446050547637,0.40448609941027797,0.7,0.6449364493644936,0.6055055055055055,0.0,0.0,0.0,1.0,0.0,0.0,0.0,0.0,0.25442387857312004,1.7494862162142484,0.6747094936735571
M-1264,Bamboo,0.13654107831983758,0.8172914911541702,0.64,0.7988929889298892,0.22122122122122123,0.0,1.0,0.0,0.0,0.0,0.0,0.0,0.0,0.6221609062937475,0.16706513249254987,0.3129827976943014
M-0965,Bamboo,0.5053871377902697,0.2296756529064869,0.51,0.490159901599016,0.07227227227227227,0.0,1.0,0.0,0.0,0.0,0.0,0.0,0.0,0.4547349317337017,2.2004288698688,0.37683653679778956
M-1490,Aluminum,0.2371902116933235,0.5781381634372368,0.37,0.9387043870438704,0.15265265265265265,1.0,0.0,0.0,0.0,0.0,0.0,0.0,0.0,0.7954086723049413,0.4102649097202581,0.2516718804731252
M-1130,Plastic,0.5639429833366794,0.6992417860151644,0.82,0.8899138991389914,0.04464464464464465,0.0,0.0,0.0,0.0,0.0,1.0,0.0,0.0,0.850184009347601,0.8065052577095149,0.48497058672806515
M-0673,Wood,0.03850186263356309,0.8170808761583825,0.6,0.17158671586715868,0.3905905905905906,0.0,0.0,0.0,0.0,0.0,0.0,0.0,1.0,0.1045665591791053,0.04712118057811371,0.3125779222306024
M-1149,Glass,0.3534988511900778,0.2491575400168492,0.09,0.43870438704387044,0.2577577577577578,0.0,0.0,0.0,1.0,0.0,0.0,0.0,0.0,0.3256249279209509,1.4187707600396624,0.24572686780335845
M-1141,Wood,0.09632157755024648,0.32318871103622576,0.32,0.08466584665846659,0.15045045045045047,0.0,0.0,0.0,0.0,0.0,0.0,0.0,1.0,0.07192783189093152,0.29803417083240613,0.17966376615523375
M-1259,Cotton,0.06237034062771865,0.8477253580454929,0.18,0.8544485444854448,0.693993993993994,0.0,0.0,1.0,0.0,0.0,0.0,0.0,0.0,0.26146638643563613,0.07357367154599147,0.2871463344492856
M-0640,Cotton,0.45229650449485825,0.8361415332771694,0.04,0.490159901599016,0.42402402402402406,0.0,0.0,1.0,0.0,0.0,0.0,0.0,0.0,0.2823203277077816,0.5409323010063026,0.32012580900515053
M-1218,Plastic,0.3603917107229695,0.6680707666385847,0.5,0.06703567035670356,0.03263263263263263,0.0,0.0,0.0,0.0,0.0,1.0,0.0,0.0,0.064848119952671,0.5394505930647047,0.30394647407897757
M-1386,Paper,0.8904280711146801,0.48631002527379946,0.38,0.3355883558835588,0.06336336336336336,0.0,0.0,0.0,0.0,1.0,0.0,0.0,0.0,0.31432434894919514,1.8309847501675651,0.48918023745488104
M-0232,Paper,0.7706172343795311,0.8774220724515586,0.81,0.2913079130791308,0.5369369369369369,0.0,0.0,0.0,0.0,1.0,0.0,0.0,0.0,0.13489393452493084,0.8782732738340157,0.7123279748328936
M-0941,Paper,0.1722768743447322,0.3079191238416175,0.37,0.6965969659696597,0.07227227227227227,0.0,0.0,0.0,0.0,1.0,0.0,0.0,0.0,0.6462523203810616,0.5594855970938261,0.20159243141957459
M-0429,Aluminum,0.7606906243726159,0.11152064026958718,0.33,0.7115621156211561,0.2105105105105105,1.0,0.0,0.0,0.0,0.0,0.0,0.0,0.0,0.5617708114018076,6.821013594614984,0.4664294029021996
M-0079,Bamboo,0.7370898302438154,0.6366891322662174,0.84,0.4376793767937679,0.6765765765765765,0.0,1.0,0.0,0.0,0.0,0.0,0.0,0.0,0.1415557624044709,1.1576900487215627,0.7498089050704992
M-0933,Aluminum,0.6401882709852996,0.3099199663016007,0.94,0.11295612956129561,0.6153153153153154,1.0,0.0,0.0,0.0,0.0,0.0,0.0,0.0,0.043452493083489384,2.065650086939579,0.7226699029887145
M-1169,Glass,0.389792321934462,0.23209772535804546,0.76,0.7613776137761378,0.11371371371371372,0.0,0.0,0.0,1.0,0.0,0.0,0.0,0.0,0.6747985377751675,1.6794246557500547,0.41803104288789894
M-0617,Aluminum,0.7153182091949407,0.51695450716091,0.08,0.7316523165231653,0.49349349349349353,1.0,0.0,0.0,0.0,0.0,0.0,0.0,0.0,0.3705866588195411,1.3837132969593986,0.45817533172602437
M-0761,Paper,0.8128443641392847,0.5490732940185342,0.17,0.8034030340303403,0.8375375375375376,0.0,0.0,0.0,0.0,1.0,0.0,0.0,0.0,0.1305228352583826,1.4803904917680353,0.6273990069169751
M-0491,Cotton,0.8687010640433648,0.36583824768323503,0.68,0.8911439114391143,0.8200200200200201,0.0,0.0,1.0,0.0,0.0,0.0,0.0,0.0,0.1603880633400928,2.374543107511354,0.797486431623352
M-1411,Paper,0.6504048718463494,0.5101095197978096,0.62,0.570930709307093,0.9635635635635635,0.0,0.0,0.0,0.0,1.0,0.0,0.0,0.0,0.020802680499277474,1.2750273648623198,0.7352310178076088
M-1067,Steel,0.29333690245153804,0.4842038753159224,0.91,0.7228372283722838,0.2535535535535536,0.0,0.0,0.0,0.0,0.0,0.0,1.0,0.0,0.5395592804776898,0.6058115426040447,0.46640082704668134
M-0909,Bamboo,0.3952575341854603,0.8250842459983151,0.19,0.490159901599016,0.4772772772772773,0.0,1.0,0.0,0.0,0.0,0.0,0.0,0.0,0.2562177183333395,0.4790505418712425,0.3582861968573673
M-0969,Wood,0.984206651944054,0.7190395956192082,0.44,0.37105371053710534,0.42612612612612616,0.0,0.0,0.0,0.0,0.0,0.0,0.0,1.0,0.21293803028120367,1.3687775877195023,0.6535204986154595
M-0315,Glass,0.4197283008766647,0.40301179443976415,0.87,0.9309143091430915,0.13093093093093092,0.0,0.0,0.0,1.0,0.0,0.0,0.0,0.0,0.8090288320300622,1.0414763666750013,0.46817059962994517
M-0137,Aluminum,0.6520109750384796,0.37131423757371523,0.92,0.44362443624436243,0.2069069069069069,1.0,0.0,0.0,0.0,0.0,0.0,0.0,0.0,0.35183547631272105,1.7559499558890022,0.5988764620874639
M-0882,Wood,0.3456690981284436,0.8232940185341198,0.31,0.7558425584255843,0.6036036036036037,0.0,0.0,0.0,0.0,0.0,0.0,0.0,1.0,0.2996132664029343,0.41986054858428373,0.4123487203324585
M-0527,Glass,0.23973320841419615,0.04391322662173547,0.4,0.6256662566625666,0.3016016016016016,0.0,0.0,0.0,1.0,0.0,0.0,0.0,0.0,0.4369643115850577,5.459123998224747,0.30637376384615894
M-0691,Plastic,0.9703763189007115,0.265480202190396,0.87,0.40918409184091836,0.6397397397397397,0.0,0.0,0.0,0.0,0.0,1.0,0.0,0.0,0.14741276742096748,3.655160180436368,0.8410724494822066
M-0772,Steel,0.9347743648084945,0.4329191238416175,0.58,0.8532185321853218,0.5061061061061061,0.0,0.0,0.0,0.0,0.0,0.0,1.0,0.0,0.42139942320344126,2.1592305677859382,0.6997415777552296
M-0434,Cotton,0.9323429030315198,0.37921229991575395,0.32,0.20869208692086919,0.7717717717717718,0.0,0.0,1.0,0.0,0.0,0.0,0.0,0.0,0.047629425243201365,2.4586239544832664,0.7004686927441395
M-0203,Bamboo,0.1728122420754422,0.5579191238416176,0.97,0.21053710537105372,0.44704704704704706,0.0,1.0,0.0,0.0,0.0,0.0,0.0,0.0,0.11641711412109115,0.309743697512693,0.494239010944291
M-0639,Plastic,0.9702870909455932,0.8111836562763269,0.1,0.8005330053300533,0.2863863863863864,0.0,0.0,0.0,0.0,0.0,1.0,0.0,0.0,0.5712712507505455,1.1961359025201637,0.5040307522941533
M-1114,Bamboo,0.5438666934350531,0.2642165122156697,0.33,0.46801968019680196,0.6277277277277277,0.0,1.0,0.0,0.0,0.0,0.0,0.0,0.0,0.1742307498150057,2.0584051710816107,0.5048649956923396
M-0798,Bamboo,0.5053871377902697,0.34667228306655434,0.65,0.504510045100451,0.2526526526526527,0.0,1.0,0.0,0.0,0.0,0.0,0.0,0.0,0.3770442439159127,1.4578196892468505,0.4729506509119037
M-1019,Cotton,0.37408820183363445,0.6286857624262848,0.71,0.3005330053300533,0.1028028028028028,0.0,0.0,1.0,0.0,0.0,0.0,0.0,0.0,0.26963737004737415,0.5950311414064444,0.39347612157429457
M-1046,Glass,0.08188895580985522,0.06655433866891322,0.32,0.8813038130381303,0.0005005005005005005,0.0,0.0,0.0,1.0,0.0,0.0,0.0,0.0,0.8808627200386117,1.2303889882856844,0.12890573247409226
M-0298,Bamboo,0.5053871377902697,0.40775063184498733,0.56,0.04571545715457154,0.020120120120120117,0.0,1.0,0.0,0.0,0.0,0.0,0.0,0.0,0.04479565666527535,1.2394484738258507,0.37619089115214394
M-0966,Aluminum,0.995427067300185,0.11762847514743051,0.32,0.8029930299302993,0.9548548548548549,1.0,0.0,0.0,0.0,0.0,0.0,0.0,0.0,0.03625123688674322,8.462394872140422,0.7806272833765305
M-0945,Steel,0.3657007740525106,0.3545703454085931,0.44,0.6910619106191062,0.9367367367367367,0.0,0.0,0.0,0.0,0.0,0.0,1.0,0.0,0.04371883158271021,1.0313884040208958,0.5593013306420253
M-1382,Paper,0.009413549264984722,0.15206402695871946,0.51,0.13509635096350964,0.609009009009009,0.0,0.0,0.0,0.0,1.0,0.0,0.0,0.0,0.052821456142489356,0.06190476175393165,0.3394681224086966
M-1267,Bamboo,0.3454237212518682,0.08508845829823082,0.04,0.8452234522345223,0.4734734734734735,0.0,1.0,0.0,0.0,0.0,0.0,0.0,0.0,0.44503256844380246,4.05953602432383,0.29221153054278937
M-0769,Paper,0.24118316268486917,0.06834456613310867,0.2,0.5448954489544895,0.7875875875875876,0.0,0.0,0.0,0.0,1.0,0.0,0.0,0.0,0.11574255682496762,3.5288779701545656,0.39274954135022394
M-0109,Wood,0.5637645274264427,0.5342249368155013,0.4,0.8532185321853218,0.9103103103103103,0.0,0.0,0.0,0.0,0.0,0.0,0.0,1.0,0.07652490538919406,1.0552923184280787,0.6185989040636701
M-0285,Plastic,0.07401458877066183,0.7382055602358888,0.16,0.16010660106601066,0.445945945945946,0.0,0.0,0.0,0.0,0.0,1.0,0.0,0.0,0.08870771140143832,0.10026270797026103,0.21138961929204853
M-0393,Cotton,0.6773740212808673,0.7821187868576243,0.09,0.3243132431324314,0.7752752752752753,0.0,0.0,1.0,0.0,0.0,0.0,0.0,0.0,0.07288120428751836,0.8660745229351617,0.5305321910949296
M-0268,Cotton,0.5053871377902697,0.47704296545914066,0.9,0.7673226732267322,0.07837837837837837,0.0,0.0,1.0,0.0,0.0,0.0,0.0,0.0,0.7071811664062586,1.059414172242698,0.4956683686296214
M-0098,Paper,0.9974346962903478,0.3620471777590565,0.5,0.25481754817548175,0.44914914914914916,0.0,0.0,0.0,0.0,1.0,0.0,0.0,0.0,0.1403664632241918,2.754977811141317,0.6837186232608838
M-0854,Glass,0.3531196323808249,0.43418281381634366,0.37,0.906109061090611,0.9047047047047048,0.0,0.0,0.0,1.0,0.0,0.0,0.0,0.0,0.08634793054637248,0.8132952476441043,0.5236592643637414
M-0863,Plastic,0.5317539985277386,0.7144060657118788,0.49,0.9235342353423535,0.9026026026026026,0.0,0.0,0.0,0.0,0.0,1.0,0.0,0.0,0.08994983092974072,0.7443291423746858,0.6304823801918762
M-0446,Glass,0.8716232795734903,0.5192712721145746,0.19,0.3068880688806888,0.5421421421421422,0.0,0.0,0.0,1.0,0.0,0.0,0.0,0.0,0.1405111138198469,1.6785477029691493,0.5682919544720387
M-0166,Aluminum,0.4345624484150884,0.9644060657118787,0.4,0.3841738417384174,0.17277277277277278,1.0,0.0,0.0,0.0,0.0,0.0,0.0,0.0,0.31779906187450263,0.45060064765734104,0.3456568111978672
M-0559,Cotton,0.3375047402351157,0.4771482729570346,0.83,0.6285362853628537,0.4773773773773774,0.0,0.0,1.0,0.0,0.0,0.0,0.0,0.0,0.3284872818698157,0.7073357529049544,0.5272151093072595
M-1082,Steel,0.6009502777220104,0.7425231676495367,0.74,0.7164821648216482,0.41371371371371374,0.0,0.0,0.0,0.0,0.0,0.0,1.0,0.0,0.420063667603643,0.8093343003559343,0.5864942252029183
M-0077,Paper,0.3444422137455665,0.8215037910699243,0.47,0.07913079130791308,0.1971971971971972,0.0,0.0,0.0,0.0,1.0,0.0,0.0,0.0,0.06352642104999628,0.419282051048012,0.33793604465738575
M-0947,Aluminum,0.022686207588837576,0.9415543386689132,0.51,0.24067240672406726,0.41461461461461463,1.0,0.0,0.0,0.0,0.0,0.0,0.0,0.0,0.14088610956179634,0.02409439642805202,0.28645886741991944
M-0702,Cotton,0.5053871377902697,0.697451558550969,0.58,0.15641656416564165,0.4373373373373374,0.0,0.0,1.0,0.0,0.0,0.0,0.0,0.0,0.08800976047798514,0.7246186591390024,0.5073560563173091
M-0839,Paper,0.42659885342077675,0.5831929233361416,0.67,0.7086920869208692,0.5222222222222223,0.0,0.0,0.0,0.0,1.0,0.0,0.0,0.0,0.3385973304177486,0.7314871372123222,0.5283062080349774
M-1347,Glass,0.5765687389859243,0.22988626790227462,0.84,0.1141861418614186,0.4773773773773774,0.0,0.0,0.0,1.0,0.0,0.0,0.0,0.0,0.05967626092677342,2.50804989874874,0.6258407088075829
M-1040,Glass,0.5171429208771107,0.20355939342881207,0.5,0.45038950389503896,0.5817817817817819,0.0,0.0,0.0,1.0,0.0,0.0,0.0,0.0,0.1883610958231704,2.5404889043799317,0.5313917028853787
M-1266,Glass,0.40942247206049653,0.9383951137320977,0.21,0.23001230012300122,0.7727727727727728,0.0,0.0,0.0,1.0,0.0,0.0,0.0,0.0,0.05226505718510638,0.4363002638962147,0.4586008206560305
M-1308,Cotton,0.4100916817238841,0.48799494524010106,0.28,0.04920049200492005,0.23453453453453452,0.0,0.0,1.0,0.0,0.0,0.0,0.0,0.0,0.03766127751367604,0.8403587892971387,0.318397033049914
M-0590,Steel,0.02752682415400745,0.3718407750631845,0.22,0.6289462894628947,0.533933933933934,0.0,0.0,0.0,0.0,0.0,0.0,1.0,0.0,0.29313052289682057,0.07402832602477226,0.23719090984178315
M-1246,Aluminum,0.656226995917821,0.211352148272957,0.9,0.12730627306273062,0.2732732732732733,1.0,0.0,0.0,0.0,0.0,0.0,0.0,0.0,0.09251687111465709,3.1048839408359377,0.6144727803491103
M-0196,Plastic,0.007807446072854621,0.3024431339511373,0.02,0.19618696186961868,0.7638638638638638,0.0,0.0,0.0,0.0,0.0,1.0,0.0,0.0,0.046326831136179226,0.02581450653665509,0.23828213758830097
M-0167,Cotton,0.5053871377902697,0.38437236731255264,0.73,0.35116851168511687,0.3795795795795796,0.0,0.0,1.0,0.0,0.0,0.0,0.0,0.0,0.21787211565809353,1.3148339109023517,0.5350287289899818
M-1496,Steel,0.5053871377902697,0.21251053074978937,0.58,0.9950799507995078,0.6698698698698698,0.0,0.0,0.0,0.0,0.0,0.0,1.0,0.0,0.32850587364732503,2.3781633683929906,0.5771158160770689
M-1004,Aluminum,0.2388855428405719,0.11720724515585508,0.51,0.01435014350143501,0.4256256256256256,1.0,0.0,0.0,0.0,0.0,0.0,0.0,0.0,0.008242354695819227,2.038129165084923,0.37624190482391645
M-0414,Aluminum,0.7431127172143032,0.6780749789385004,0.38,0.577490774907749,0.6997997997997999,1.0,0.0,0.0,0.0,0.0,0.0,0.0,0.0,0.17336284624107495,1.095913644334688,0.6211850268256612
M-0546,Cotton,0.5053871377902697,0.5938289806234205,0.3,0.7947929479294793,0.9790790790790791,0.0,0.0,1.0,0.0,0.0,0.0,0.0,0.0,0.016627800412138242,0.8510636954700386,0.5858785788398315
M-0015,Cotton,0.030426732695353453,0.6073083403538333,0.49,0.9723247232472324,0.7933933933933934,0.0,0.0,1.0,0.0,0.0,0.0,0.0,0.0,0.20088871158981855,0.050100880512764866,0.3971887110961594
M-0619,Bamboo,0.17713979789868167,0.2826453243470935,0.16,0.8128331283312834,0.4773773773773774,0.0,1.0,0.0,0.0,0.0,0.0,0.0,0.0,0.4248049812830461,0.6267189156196195,0.26206913237268586
M-0619,Bamboo,0.17713979789868167,0.2826453243470935,0.16,0.8128331283312834,0.4773773773773774,0.0,1.0,0.0,0.0,0.0,0.0,0.0,0.0,0.4248049812830461,0.6267189156196195,0.26206913237268586
M-0723,Paper,0.8786276740502799,0.7865417017691659,0.21,0.8048380483804839,0.8714714714714715,0.0,0.0,0.0,0.0,1.0,0.0,0.0,0.0,0.1034446500621162,1.1170756172220373,0.6758925110615535
M-1482,Aluminum,0.045082424323540565,0.9685130581297388,0.42,0.22078720787207873,0.45215215215215215,1.0,0.0,0.0,0.0,0.0,0.0,0.0,0.0,0.12095779666505375,0.046548032984257914,0.2796786153750619
M-0460,Glass,0.9977023801557028,0.2933866891322662,0.06,0.9071340713407133,0.7952952952952953,0.0,0.0,0.0,1.0,0.0,0.0,0.0,0.0,0.18569461220137726,3.4006279646788955,0.6556695406508697
M-1048,Aluminum,0.06912935822793281,0.07413647851727041,0.78,0.07974579745797458,0.16446446446446444,1.0,0.0,0.0,0.0,0.0,0.0,0.0,0.0,0.06663044758575715,0.9324481977334722,0.31099108263051245
M-0019,Cotton,0.3401592718998862,0.49189132266217356,0.16,0.8579335793357933,0.881981981981982,0.0,0.0,1.0,0.0,0.0,0.0,0.0,0.0,0.10125162062431435,0.6915319801270897,0.44865830335454904
M-0630,Bamboo,0.5053871377902697,0.18618365627632688,0.51,0.48626486264862645,0.08908908908908908,0.0,1.0,0.0,0.0,0.0,0.0,0.0,0.0,0.44294396897922933,2.714440319078694,0.3818815818428346
M-1080,Aluminum,0.2907046777755471,0.671440606571188,0.5,0.04899548995489955,0.4773773773773774,1.0,0.0,0.0,0.0,0.0,0.0,0.0,0.0,0.025606151456909965,0.4329560082820483,0.40949508432343207
M-1415,Plastic,0.4698521046643913,0.5513900589721988,0.15,0.8936039360393604,0.37647647647647653,0.0,0.0,0.0,0.0,0.0,1.0,0.0,0.0,0.5571830748337513,0.852121370158237,0.34588378480869947
M-0367,Aluminum,0.08860335943251021,0.3603622577927548,0.92,0.8772037720377203,0.805005005005005,1.0,0.0,0.0,0.0,0.0,0.0,0.0,0.0,0.17105034513808595,0.24587234551938167,0.5529428452745055
M-0105,Plastic,0.20268130005130608,0.7243049705139006,0.66,0.5317753177531775,0.01921921921921922,0.0,0.0,0.0,0.0,0.0,1.0,0.0,0.0,0.5215550113459093,0.27982828846143865,0.2848382857862882
M-0935,Cotton,0.12980436770840303,0.5152695871946082,0.78,0.018245182451824517,0.09359359359359358,0.0,0.0,1.0,0.0,0.0,0.0,0.0,0.0,0.016537550260387487,0.2519149567902239,0.31399982516143926
M-0537,Cotton,0.08496732026143791,0.9610362257792755,0.87,0.26691266912669126,0.5452452452452453,0.0,0.0,1.0,0.0,0.0,0.0,0.0,0.0,0.12137980538964546,0.0884121009907192,0.45856050167814877
M-0855,Bamboo,0.06645251957438264,0.25884582982308335,0.75,0.12341123411234112,0.3203203203203204,0.0,1.0,0.0,0.0,0.0,0.0,0.0,0.0,0.08388010807034996,0.25672525956683195,0.3476771039258491
M-0065,Bamboo,0.869972562403801,0.9932603201347936,0.25,0.507380073800738,0.4773773773773774,0.0,1.0,0.0,0.0,0.0,0.0,0.0,0.0,0.2651683048362015,0.8758748022984915,0.5662022381747337
M-1188,Aluminum,0.8249570590465992,0.5970935130581299,0.57,0.1113161131611316,0.5856856856856857,1.0,0.0,0.0,0.0,0.0,0.0,0.0,0.0,0.04611985909648886,1.3816188911558225,0.6766885293243454
M-0650,Steel,0.5053871377902697,0.037594776748104464,0.13,0.531570315703157,0.24994994994994993,0.0,0.0,0.0,0.0,0.0,0.0,1.0,0.0,0.39870434189827386,13.442657168022222,0.31613984010109286
M-0928,Paper,0.4012804211559482,0.882055602358888,0.96,0.16769167691676914,0.9654654654654655,0.0,0.0,0.0,0.0,1.0,0.0,0.0,0.0,0.005791154007636162,0.45493726829185577,0.7381518081020189
M-1233,Steel,0.4566909812844364,0.2771693344566133,0.66,0.6215662156621566,0.6887887887887888,0.0,0.0,0.0,0.0,0.0,0.0,1.0,0.0,0.19343837482418869,1.6476906959749849,0.5873130291504113
M-0964,Bamboo,0.45831939146534617,0.6942923336141534,0.75,0.34829848298482985,0.44754754754754755,0.0,1.0,0.0,0.0,0.0,0.0,0.0,0.0,0.19241835111043804,0.6601235663311907,0.5425920208504027
M-0520,Plastic,0.28954471435900864,0.679865206402696,0.94,0.9124641246412465,0.35515515515515517,0.0,0.0,0.0,0.0,0.0,1.0,0.0,0.0,0.5883977868807717,0.42588484562432644,0.5043644322901499
M-0432,Wood,0.3399362020120904,0.8358256107834878,0.67,0.492619926199262,0.40980980980980986,0.0,0.0,0.0,0.0,0.0,0.0,0.0,1.0,0.2907394479350199,0.4067066035304149,0.4599174237477791
M-0362,Aluminum,0.2220660733007651,0.0037910699241786028,0.5,0.6699466994669946,0.9190190190190191,1.0,0.0,0.0,0.0,0.0,0.0,0.0,0.0,0.05425294092780764,58.560648337429235,0.5145321350260117
M-0496,Bamboo,0.6253764304356555,0.7816975568660489,0.93,0.6910619106191062,0.4773773773773774,0.0,1.0,0.0,0.0,0.0,0.0,0.0,0.0,0.3611645881223577,0.8000224958107724,0.6723637853874754
M-1304,Wood,0.9460617011309642,0.5056866048862679,0.08,0.004715047150471503,0.6936936936936936,0.0,0.0,0.0,0.0,0.0,0.0,0.0,1.0,0.0014442486767210015,1.8708421800129724,0.6105327885604938
M-0985,Cotton,0.1279751946284771,0.3912173546756529,0.43,0.3765887658876588,0.08748748748748748,0.0,0.0,1.0,0.0,0.0,0.0,0.0,0.0,0.3436419609441339,0.32711960750046454,0.2064363240976371
M-1110,Glass,0.728033192799304,0.6597514743049706,0.89,0.6728167281672817,0.1966966966966967,0.0,0.0,0.0,1.0,0.0,0.0,0.0,0.0,0.540475900254498,1.1034944485297535,0.6172222861287306
M-0715,Cotton,1.0,0.8568871103622578,0.68,0.4821648216482165,0.3735735735735736,0.0,0.0,1.0,0.0,0.0,0.0,0.0,0.0,0.30204078617362745,1.1670135084232178,0.7160720720720721
M-0317,Glass,0.23645408106359717,0.23251895534962086,0.13,0.6959819598195982,0.03413413413413414,0.0,0.0,0.0,1.0,0.0,0.0,0.0,0.0,0.6722252182481785,1.0169195186196422,0.1438218726656791
M-1393,Cotton,0.709719155011265,0.49189132266217356,0.58,0.493029930299303,0.6453453453453453,0.0,0.0,1.0,0.0,0.0,0.0,0.0,0.0,0.1748553596647078,1.44283438125277,0.6514912656081095
M-1252,Aluminum,0.2446853599232639,0.8029696714406066,0.47,0.07646576465764657,0.6877877877877878,1.0,0.0,0.0,0.0,0.0,0.0,0.0,0.0,0.023873545542262224,0.3047251520211502,0.4452104803056419
M-1444,Glass,0.5593477436480849,0.23451979780960402,0.93,0.8029930299302993,0.20730730730730731,0.0,0.0,0.0,1.0,0.0,0.0,0.0,0.0,0.6365267071089129,2.385066692900269,0.5649312896514262
M-0274,Cotton,0.97153628231725,0.49189132266217356,0.83,0.456539565395654,0.7932932932932932,0.0,0.0,1.0,0.0,0.0,0.0,0.0,0.0,0.09436979004424682,1.9750995036051637,0.8756025009148879
M-0583,Paper,0.22608133128109037,0.11857624262847517,0.44,0.8159081590815909,0.9429429429429429,0.0,0.0,0.0,0.0,1.0,0.0,0.0,0.0,0.046553318386036754,1.906616533405535,0.505315415395319
M-1108,Wood,0.4590555220950724,0.38300336983993255,0.94,0.45633456334563344,0.4773773773773774,0.0,0.0,0.0,0.0,0.0,0.0,0.0,1.0,0.23849076628904425,1.1985647116426468,0.6088354220512422
M-0838,Steel,0.40261884048272323,0.015374894692502097,0.5,0.2029520295202952,0.7312312312312312,0.0,0.0,0.0,0.0,0.0,0.0,1.0,0.0,0.054547167093292555,26.18506750563636,0.5304169055624587
M-0324,Plastic,0.014700305605746283,0.49189132266217356,0.6,0.6453464534645347,0.07427427427427427,0.0,0.0,0.0,0.0,0.0,1.0,0.0,0.0,0.5974138139779797,0.029885210499295184,0.2081624045245808
M-1088,Cotton,0.33632246982979763,0.7590564448188711,0.5,0.18696186961869618,0.6923923923923924,0.0,0.0,1.0,0.0,0.0,0.0,0.0,0.0,0.057510893427252595,0.4430790740878011,0.4922467056496368
M-0734,Cotton,0.002542996720872659,0.8175021061499579,0.57,0.04079540795407954,0.49659659659659666,0.0,0.0,1.0,0.0,0.0,0.0,0.0,0.0,0.020536547207313915,0.0031106875334687557,0.320996177667328
M-0382,Wood,0.4945236342546119,0.7041912384161754,0.22,0.5811808118081181,0.46116116116116124,0.0,0.0,0.0,0.0,0.0,0.0,0.0,1.0,0.31316279379010004,0.7022565817636149,0.40215780205019314
M-0822,Paper,0.16542862878939973,0.610256950294861,0.67,0.30258302583025826,0.5426426426426426,0.0,0.0,0.0,0.0,1.0,0.0,0.0,0.0,0.13838857307491992,0.27107984207246927,0.42996424430855273
M-0144,Cotton,0.39545829708447655,0.1426916596461668,0.5,0.5817958179581796,0.3837837837837838,0.0,0.0,1.0,0.0,0.0,0.0,0.0,0.0,0.3585120175526079,2.771399019859112,0.42331845396892576
M-1301,Bamboo,0.45682482321711393,0.8041280539174389,0.2,0.33169331693316934,0.12722722722722724,0.0,1.0,0.0,0.0,0.0,0.0,0.0,0.0,0.2894928959299603,0.5680988903356012,0.28089809745501376
M-0023,Plastic,0.12474068125543733,0.4878896377422072,0.34,0.2954079540795408,0.6365365365365365,0.0,0.0,0.0,0.0,0.0,1.0,0.0,0.0,0.10736999812440567,0.2556734472969086,0.3428572334631359
M-0544,Plastic,0.6888621205023533,0.2596882898062342,0.91,0.9159491594915948,0.4930930930930931,0.0,0.0,0.0,0.0,0.0,1.0,0.0,0.0,0.46430095532186544,2.652639702686022,0.6964727761288694
M-1352,Cotton,0.5318209194940775,0.5710825610783488,0.58,0.595120951209512,0.9890890890890891,0.0,0.0,1.0,0.0,0.0,0.0,0.0,0.0,0.006493311679863537,0.9312488674859882,0.6834550945243577
M-0204,Aluminum,0.9146757679180888,0.3474094355518113,0.14,0.40918409184091836,0.006906906906906906,1.0,0.0,0.0,0.0,0.0,0.0,0.0,0.0,0.40635789541078593,2.632839069630302,0.4099423792393076
M-0207,Cotton,0.5176559816190412,0.44418702611625943,0.93,0.3644936449364493,0.5411411411411411,0.0,0.0,1.0,0.0,0.0,0.0,0.0,0.0,0.16725113797684524,1.1653983249957143,0.6484047349899589
M-0852,Plastic,0.321376787347476,0.7487363100252737,0.78,0.7220172201722016,0.1766766766766767,0.0,0.0,0.0,0.0,0.0,1.0,0.0,0.0,0.5944536172088446,0.4292250206372484,0.41555371794199336
M-1000,Glass,0.13439960739699747,0.6316343723673127,0.8,0.08261582615826157,0.6628628628628628,0.0,0.0,0.0,1.0,0.0,0.0,0.0,0.0,0.02785286311321572,0.21278036866947428,0.49261870181765777
M-1179,Bamboo,0.6415489973008544,0.8647851727042967,0.74,0.2656826568265683,0.773073073073073,0.0,1.0,0.0,0.0,0.0,0.0,0.0,0.0,0.06029054885143447,0.741858528212412,0.7105415208422636
M-0218,Steel,0.29500992661000686,0.039490311710193765,0.04,0.8583435834358344,0.36236236236236236,0.0,0.0,0.0,0.0,0.0,0.0,1.0,0.0,0.54731217482345,7.470248868280992,0.23871267935271145
M-0829,Bamboo,0.6061701130964331,0.15490732940185342,0.98,0.5502255022550225,0.9173173173173172,0.0,1.0,0.0,0.0,0.0,0.0,0.0,0.0,0.045494120606871774,3.913089215002408,0.8116632404337685
M-0151,Glass,0.2054473666599746,0.34077506318449874,0.43,0.24128741287412875,0.4773773773773774,0.0,0.0,0.0,1.0,0.0,0.0,0.0,0.0,0.12610226052210471,0.6028808618190529,0.3543921598772031
M-1423,Aluminum,0.17232148832229133,0.7249368155012638,0.02,0.24354243542435422,0.48668668668668674,1.0,0.0,0.0,0.0,0.0,0.0,0.0,0.0,0.1250135744600689,0.237705199863437,0.22093460133492254
M-0938,Steel,0.4856900666978965,0.35393850042123,0.01,0.2945879458794588,0.31181181181181183,0.0,0.0,0.0,0.0,0.0,0.0,1.0,0.0,0.2027319447368648,1.372240357800889,0.29081957022270216
M-0034,Plastic,0.3437730040821789,0.04570345408593092,0.83,0.8913489134891349,0.31601601601601603,0.0,0.0,0.0,0.0,0.0,1.0,0.0,0.0,0.609668380968094,7.521652122478838,0.48131400643767636
M-1290,Aluminum,0.24867831091480963,0.06255265374894692,0.92,0.6057810578105781,0.9737737737737737,1.0,0.0,0.0,0.0,0.0,0.0,0.0,0.0,0.01588735106570288,3.975440218294141,0.667603456498056
M-0307,Paper,0.7668696602645609,0.5227464195450716,0.82,0.1090610906109061,0.8033033033033032,0.0,0.0,0.0,0.0,1.0,0.0,0.0,0.0,0.02145195626130436,1.4669984615743108,0.7937388550968153
M-0171,Cotton,0.8685449151219077,0.49189132266217356,0.95,0.18921689216892168,0.9351351351351351,0.0,0.0,1.0,0.0,0.0,0.0,0.0,0.0,0.012273528140686812,1.76572163277778,0.9129585065893036
M-1464,Glass,0.9632380824912445,0.6229991575400169,0.5,0.8234932349323493,0.5581581581581582,0.0,0.0,0.0,1.0,0.0,0.0,0.0,0.0,0.36385376766680577,1.5461281523502235,0.7027426804439453
M-0742,Wood,0.3714336701688639,0.49189132266217356,0.69,0.540590405904059,0.39749749749749747,0.0,0.0,0.0,0.0,0.0,0.0,0.0,1.0,0.32570707238603924,0.7551117451043461,0.47482271731679476
M-1266,Glass,0.40942247206049653,0.9383951137320977,0.21,0.23001230012300122,0.7727727727727728,0.0,0.0,0.0,1.0,0.0,0.0,0.0,0.0,0.05226505718510638,0.4363002638962147,0.4586008206560305
M-0361,Paper,0.8156996587030717,0.8397219882055602,0.56,0.07339073390733906,0.7208208208208209,0.0,0.0,0.0,0.0,1.0,0.0,0.0,0.0,0.02048916485160847,0.9713913637712539,0.710526109727475
M-1175,Aluminum,0.7939949586205357,0.8375105307497894,0.05,0.43419434194341944,0.9411411411411412,1.0,0.0,0.0,0.0,0.0,0.0,0.0,0.0,0.02555618348976279,0.9480406292552234,0.6149403257905567
M-0647,Steel,0.4292979990631065,0.5392796967144061,0.3,0.9151291512915128,0.16246246246246246,0.0,0.0,0.0,0.0,0.0,0.0,1.0,0.0,0.7664550159015103,0.7960566763813826,0.31045793836398133
M-1477,Bamboo,0.2991813335117892,0.06181550126368997,0.58,0.33497334973349735,0.35965965965965974,0.0,1.0,0.0,0.0,0.0,0.0,0.0,0.0,0.2144969487732915,4.8398296150015785,0.4015704313026136
M-1275,Bamboo,0.41716299716701244,0.16754422914911543,0.93,0.06314063140631405,0.23013013013013014,0.0,1.0,0.0,0.0,0.0,0.0,0.0,0.0,0.048610069684280416,2.4898530342259817,0.514904237905844
M-0219,Cotton,0.5653260166410136,0.4757792754844145,0.59,0.8448134481344813,0.4773773773773774,0.0,0.0,1.0,0.0,0.0,0.0,0.0,0.0,0.4415186198909036,1.1882081830009206,0.5463436198696187
M-0296,Paper,0.614981373664369,0.4877843302443134,0.43,0.07175071750717507,0.3832832832832833,0.0,0.0,0.0,0.0,1.0,0.0,0.0,0.0,0.044249866923093656,1.2607623385400868,0.4899775344507326
M-1020,Steel,0.3927368444533672,0.688921651221567,0.35,0.6371463714637147,0.7195195195195196,0.0,0.0,0.0,0.0,0.0,0.0,1.0,0.0,0.17870712040453732,0.5700739317497888,0.4779505936372028
M-1442,Plastic,0.9074259965647238,0.5249578770008425,0.7,0.21484214842148422,0.3951951951951952,0.0,0.0,0.0,0.0,0.0,1.0,0.0,0.0,0.12993756363990067,1.7285658673855846,0.6915289571844481
M-0708,Cotton,0.6758571460438555,0.8620471777590565,0.14,0.36654366543665434,0.40490490490490494,0.0,0.0,1.0,0.0,0.0,0.0,0.0,0.0,0.21812833743953053,0.7840131949478564,0.43381432988901364
M-1401,Glass,0.33324410537821497,0.7697978096040438,0.31,0.08528085280852807,0.4773773773773774,0.0,0.0,0.0,1.0,0.0,0.0,0.0,0.0,0.04456970295428679,0.43289766263684337,0.36951085536449924
M-0076,Plastic,0.920140980169087,0.9554549283909015,0.5,0.5772857728577286,0.8117117117117117,0.0,0.0,0.0,0.0,0.0,1.0,0.0,0.0,0.1086961500245633,0.9630386424193431,0.7615699055811482
M-1036,Plastic,0.8952909946686296,0.07571609098567818,0.38,0.5674456744567445,0.4894894894894895,0.0,0.0,0.0,0.0,0.0,1.0,0.0,0.0,0.2896869809538936,11.824159948748864,0.6189632447142988
M-0556,Cotton,0.8710656048540008,0.9776748104465038,0.08,0.08487084870848709,0.9144144144144145,0.0,0.0,1.0,0.0,0.0,0.0,0.0,0.0,0.007263721285861499,0.8909554635050095,0.6467505662659248
M-1394,Wood,0.3123201499029646,0.4665122156697556,0.77,0.8948339483394835,0.3740740740740741,0.0,0.0,0.0,0.0,0.0,0.0,0.0,1.0,0.5600997676643433,0.6694776040901183,0.46815028218340804
M-0185,Aluminum,0.1691092819380312,0.9615627632687449,0.31,0.5949159491594916,0.9483483483483485,1.0,0.0,0.0,0.0,0.0,0.0,0.0,0.0,0.030728391367997696,0.17586902543327987,0.44514821727971704
M-0811,Glass,0.35153583617747436,0.49189132266217356,0.72,0.4013940139401394,0.7360360360360361,0.0,0.0,0.0,1.0,0.0,0.0,0.0,0.0,0.1059535550310458,0.714660139997561,0.5774251452818006
M-0337,Steel,0.6125276048986148,0.07181971356360572,0.13,0.42496924969249694,0.6544544544544545,0.0,0.0,0.0,0.0,0.0,0.0,1.0,0.0,0.146846231225075,8.5285647344084,0.4803473782957823
M-0234,Paper,0.07218541569073592,0.14890480202190398,0.23,0.7263222632226322,0.8356356356356357,0.0,0.0,0.0,0.0,1.0,0.0,0.0,0.0,0.11938149711827443,0.4847723507786317,0.3485648569669851
M-0501,Bamboo,0.7963371924423922,0.388374052232519,0.38,0.24087740877408775,0.8540540540540541,0.0,1.0,0.0,0.0,0.0,0.0,0.0,0.0,0.035155081280542524,2.050433435064278,0.6887510931931731
M-0604,Wood,0.7247986794262642,0.918597304128054,0.96,0.8638786387863878,0.5448448448448449,0.0,0.0,0.0,0.0,0.0,0.0,0.0,1.0,0.3931988158720426,0.789026798949137,0.741372925223959
M-0697,Bamboo,0.6920297129090544,0.5141112047177759,0.18,0.33620336203362033,0.5577577577577578,0.0,1.0,0.0,0.0,0.0,0.0,0.0,0.0,0.14868332867512857,1.3460674665153047,0.49813921249094906
M-0320,Wood,0.2851056235918713,0.9296545914069082,0.85,0.974989749897499,0.18288288288288287,0.0,0.0,0.0,0.0,0.0,0.0,0.0,1.0,0.7966808136549833,0.30667875956127194,0.4239071143016134
M-0953,Steel,0.3097771531820919,0.19397641112047181,0.66,0.9202542025420254,0.6451451451451452,0.0,0.0,0.0,0.0,0.0,0.0,1.0,0.0,0.3265566714726206,1.5969753972523193,0.5154544048163804
M-0603,Paper,0.4370608311584019,0.19165964616680708,0.5,0.8515785157851578,0.49659659659659666,0.0,0.0,0.0,0.0,1.0,0.0,0.0,0.0,0.4286875231114673,2.280389009948432,0.4738033114423397
M-0410,Wood,0.026121483860893607,0.6576453243470936,0.57,0.6273062730627306,0.5813813813813814,0.0,0.0,0.0,0.0,0.0,0.0,0.0,1.0,0.2626020854803142,0.039719653092909514,0.35586300795877185
M-0439,Bamboo,0.29886903566887507,0.49304970513900587,0.69,0.14329643296432965,0.5022022022022022,0.0,1.0,0.0,0.0,0.0,0.0,0.0,0.0,0.07133264876192305,0.6061628805187793,0.4772082749282107
M-0843,Aluminum,0.1256552677954003,0.39922072451558543,0.5,0.3364083640836409,0.7254254254254254,1.0,0.0,0.0,0.0,0.0,0.0,0.0,0.0,0.09236918345159428,0.31475057613127155,0.4178897347457877
M-1280,Paper,0.653438622320373,0.4399747262005055,0.12,0.8415334153341534,0.8067067067067067,0.0,0.0,0.0,0.0,1.0,0.0,0.0,0.0,0.16266276526629128,1.4851697114367357,0.5393874609401612
M-1326,Aluminum,0.8706640790559682,0.3716301600673968,0.52,0.7060270602706028,0.2500500500500501,1.0,0.0,0.0,0.0,0.0,0.0,0.0,0.0,0.5294849585132488,2.3428177521445455,0.5792806466374024
M-1425,Cotton,0.22480983292065398,0.6085720303285594,0.45,0.12833128331283314,0.6385385385385386,0.0,0.0,1.0,0.0,0.0,0.0,0.0,0.0,0.04638681321748152,0.369404856471018,0.41648549472982316
M-0797,Steel,0.5053871377902697,0.42291491154170174,0.01,0.1022960229602296,0.7800800800800801,0.0,0.0,0.0,0.0,0.0,0.0,1.0,0.0,0.02249693317753998,1.1950062033559499,0.4391788791401319
M-1294,Aluminum,0.11198108367351492,0.34277590564448185,0.67,0.2658876588765888,0.7056056056056057,1.0,0.0,0.0,0.0,0.0,0.0,0.0,0.0,0.07827583631191665,0.32668794726112155,0.4574741151510877
M-0925,Aluminum,0.7898012447299738,0.07055602358887952,0.41,0.510250102501025,0.517917917917918,1.0,0.0,0.0,0.0,0.0,0.0,0.0,0.0,0.2459824317962899,11.193800483024544,0.5942958732673649
M-0322,Steel,0.23125655267795397,0.9064869418702611,0.68,0.06170561705617056,0.4326326326326327,0.0,0.0,0.0,0.0,0.0,0.0,1.0,0.0,0.03500975350093841,0.255112662834573,0.42629241086097147
M-1383,Glass,0.5586562269959178,0.45850884582982304,0.1,0.6648216482164822,0.9716716716716717,0.0,0.0,0.0,1.0,0.0,0.0,0.0,0.0,0.018833285930456897,1.218417078884854,0.5449639922998686
M-1144,Bamboo,0.20158825760110638,0.3254001684919966,0.24,0.6927019270192701,0.44174174174174174,0.0,1.0,0.0,0.0,0.0,0.0,0.0,0.0,0.38670657126991687,0.6195068645122722,0.2851578255629651
M-0467,Cotton,0.5053871377902697,0.6466933445661331,0.04,0.1853218532185322,0.5660660660660661,0.0,0.0,1.0,0.0,0.0,0.0,0.0,0.0,0.08041744081104474,0.7814930531506868,0.38397467493592774
M-1274,Aluminum,0.049231524236543284,0.1009898904802022,0.72,0.1838868388683887,0.4107107107107107,1.0,0.0,0.0,0.0,0.0,0.0,0.0,0.0,0.10836254458640684,0.487484801871258,0.3589058229078305
M-0881,Steel,0.7558053938298869,0.8053917438921652,0.12,0.3737187371873719,0.48888888888888893,0.0,0.0,0.0,0.0,0.0,0.0,1.0,0.0,0.19101179900687898,0.9384308457726587,0.48498882419862144
M-0081,Bamboo,0.2222222222222222,0.25768744734625104,0.38,0.25604756047560473,0.9322322322322323,0.0,1.0,0.0,0.0,0.0,0.0,0.0,0.0,0.017351771615814242,0.8623678108612548,0.48255855855855856
M-1470,Aluminum,0.10977269178433602,0.2611625947767481,0.06,0.28864288642886426,0.733933933933934,1.0,0.0,0.0,0.0,0.0,0.0,0.0,0.0,0.07679807729008217,0.42032156847195196,0.2820892568939146
M-0473,Glass,0.43074795333377947,0.7807497893850043,0.9,0.7952029520295202,0.13153153153153152,0.0,0.0,0.0,1.0,0.0,0.0,0.0,0.0,0.6906086898706824,0.5517099171594545,0.48175864079297126
M-0182,Aluminum,0.8348836690535145,0.8270850884582983,0.18,0.08507585075850758,0.09339339339339339,1.0,0.0,0.0,0.0,0.0,0.0,0.0,0.0,0.07713032836034066,1.009427773848489,0.4159714856394238
M-0430,Paper,0.5400968123313034,0.516112047177759,0.31,0.490159901599016,0.5017017017017017,0.0,0.0,0.0,0.0,1.0,0.0,0.0,0.0,0.24424584486085102,1.046469984211199,0.4595492354430319
M-1176,Bamboo,0.09012023466952193,0.6197346251053075,0.26,0.15375153751537515,0.26076076076076077,0.0,1.0,0.0,0.0,0.0,0.0,0.0,0.0,0.11365916962472929,0.14541722473063962,0.192276322096037
M-0796,Bamboo,0.48216556247072206,0.7048230834035385,0.81,0.7583025830258302,0.046546546546546545,0.0,1.0,0.0,0.0,0.0,0.0,0.0,0.0,0.7230062165486519,0.6840934835007106,0.44983018895225285
M-0332,Aluminum,0.08650650248722924,0.8890058972198821,0.23,0.35998359983599837,0.7656656656656657,1.0,0.0,0.0,0.0,0.0,0.0,0.0,0.0,0.08435651723884603,0.09730689689557402,0.33330230069459144
M-1408,Steel,0.34602600994891697,0.5108466722830666,0.76,0.31816318163181634,0.3851851851851852,0.0,0.0,0.0,0.0,0.0,0.0,1.0,0.0,0.19561143759585745,0.6773565364455257,0.48196595953512233
M-1002,Bamboo,0.2127863659684579,0.11541701769165964,0.44,0.17076670766707666,0.6885885885885886,0.0,1.0,0.0,0.0,0.0,0.0,0.0,0.0,0.05317870145668423,1.843614803166337,0.4236911229639597
M-0503,Steel,0.11452408039438758,0.26000421229991577,0.34,0.10352603526035262,0.2653653653653654,0.0,0.0,0.0,0.0,0.0,0.0,1.0,0.0,0.07605381108866145,0.44046840208066357,0.22741924176736467
M-0674,Wood,0.1456646367306877,0.1816554338668913,0.73,0.6469864698646987,0.416016016016016,0.0,0.0,0.0,0.0,0.0,0.0,0.0,1.0,0.3778297362553205,0.8018688555640335,0.4020706594970799
M-0711,Bamboo,0.3921345557563185,0.19534540859309185,0.4,0.3983189831898319,0.4797797797797798,0.0,1.0,0.0,0.0,0.0,0.0,0.0,0.0,0.20721358915290852,2.007380420149612,0.42078775623646136
M-0987,Paper,0.44825893952575346,0.21967144060657118,0.51,0.490159901599016,0.9153153153153153,0.0,0.0,0.0,0.0,1.0,0.0,0.0,0.0,0.04150903671198875,2.0405788650046275,0.6068981704048959
M-1332,Wood,0.06221419170626158,0.8385636057287279,0.11,0.942189421894219,0.14174174174174173,0.0,0.0,0.0,0.0,0.0,0.0,0.0,1.0,0.8086418521842876,0.07419129221677119,0.10040819920502715
M-0154,Glass,0.5820339512369225,0.31139427127211455,0.25,0.24477244772447726,0.6438438438438439,0.0,0.0,0.0,1.0,0.0,0.0,0.0,0.0,0.0871772141144835,1.8691162163741042,0.5009667336479221
M-1279,Steel,0.25427736509848536,0.9681971356360572,0.73,0.36305863058630583,0.5247247247247248,0.0,0.0,0.0,0.0,0.0,0.0,1.0,0.0,0.17255279059297096,0.2626294719431968,0.47812836345681153
M-1327,Aluminum,0.2364763880523768,0.19524010109519796,0.61,0.9202542025420254,0.60990990990991,1.0,0.0,0.0,0.0,0.0,0.0,0.0,0.0,0.35898204477540263,1.211201876684115,0.4605635281939237
M-0557,Cotton,0.7135782640701331,0.7575821398483572,0.48,0.33989339893398934,0.8336336336336336,0.0,0.0,1.0,0.0,0.0,0.0,0.0,0.0,0.056546829732561595,0.9419141299963032,0.6795213957181433
M-0080,Paper,0.45071270829150767,0.05117944397641111,0.22,0.5088150881508815,0.40520520520520525,0.0,0.0,0.0,0.0,1.0,0.0,0.0,0.0,0.30264056594519895,8.806346199326438,0.36784664487816465
M-1225,Aluminum,0.5053871377902697,0.8384582982308342,0.25,0.7132021320213201,0.5165165165165165,1.0,0.0,0.0,0.0,0.0,0.0,0.0,0.0,0.3448214512175151,0.6027569124185832,0.43210981007106286
M-1150,Aluminum,0.7835552878716902,0.5769797809604044,0.91,0.8569085690856909,0.8855855855855855,1.0,0.0,0.0,0.0,0.0,0.0,0.0,0.0,0.09804269213863315,1.3580266687001867,0.8520977908243518
M-1427,Bamboo,0.2770974146200004,0.17354675652906487,0.89,0.490159901599016,0.23603603603603604,0.0,1.0,0.0,0.0,0.0,0.0,0.0,0.0,0.3744645014017708,1.5966637665730563,0.448649776658811
M-0355,Cotton,0.9954716812777442,0.49189132266217356,0.5,0.03608036080360805,0.2617617617617618,0.0,0.0,1.0,0.0,0.0,0.0,0.0,0.0,0.026635901994655587,2.0237593379993117,0.6267172010396262
M-1340,Wood,0.3786388275446697,0.19650379106992416,0.12,0.7902829028290284,0.8848848848848849,0.0,0.0,0.0,0.0,0.0,0.0,0.0,1.0,0.0909735073326709,1.9268681719314165,0.4529209964833334
M-0600,Wood,0.03702960137411049,0.3586773378264532,0.63,0.504510045100451,0.9413413413413414,0.0,0.0,0.0,0.0,0.0,0.0,0.0,1.0,0.029593882525411817,0.10323902357333688,0.48621424295204657
M-0422,Plastic,0.9816859622119609,0.39532434709351305,0.99,0.2835178351783518,0.8874874874874876,0.0,0.0,0.0,0.0,0.0,1.0,0.0,0.0,0.03189930397802473,2.4832355664251047,0.9559206311310307
M-0280,Plastic,0.828838475094247,0.49189132266217356,0.36,0.2900779007790078,0.15215215215215216,0.0,0.0,0.0,0.0,0.0,1.0,0.0,0.0,0.2459419238837033,1.6849998198965275,0.4851810356833445
M-0423,Wood,0.6309977916081108,0.7134582982308341,0.44,0.6394013940139401,0.3784784784784785,0.0,0.0,0.0,0.0,0.0,0.0,0.0,1.0,0.397401727270526,0.8844201668866,0.4979426601867879
M-1240,Glass,0.7290593142831648,0.4235467565290648,0.77,0.7140221402214023,0.8392392392392393,0.0,0.0,0.0,1.0,0.0,0.0,0.0,0.0,0.11478674246201921,1.7213154905074681,0.7743954974850378
M-0459,Glass,0.27143143946998594,0.01758635214827295,0.09,0.6555965559655597,0.3833833833833834,0.0,0.0,0.0,1.0,0.0,0.0,0.0,0.0,0.4042517302049897,15.433331702330193,0.2505875908030094
M-0348,Paper,0.1839211224876754,0.49694608256107836,0.08,0.6816318163181632,0.04354354354354354,0.0,0.0,0.0,0.0,1.0,0.0,0.0,0.0,0.6519511516436486,0.37010202683918597,0.11063151205813324
M-1399,Paper,0.49287291708492265,0.5971988205560237,0.62,0.6849118491184912,0.3210210210210211,0.0,0.0,0.0,0.0,1.0,0.0,0.0,0.0,0.4650407480050776,0.8253065391513893,0.47945547314027537
M-1368,Wood,0.6144013919560998,0.8455139005897221,0.48,0.36900369003690037,0.4773773773773774,0.0,0.0,0.0,0.0,0.0,0.0,0.0,1.0,0.1928496762445102,0.7266594492037605,0.5329737699956532
M-0153,Aluminum,0.17890205001226883,0.40975147430497044,0.92,0.958589585895859,0.03763763763763763,1.0,0.0,0.0,0.0,0.0,0.0,0.0,0.0,0.9225105384186976,0.4366100541936342,0.3588521112961989
M-0490,Steel,0.18300653594771243,0.07561078348778431,0.33,0.45366953669536697,0.43423423423423424,0.0,0.0,0.0,0.0,0.0,0.0,1.0,0.0,0.25667069283305444,2.420344125030176,0.30247288464935523
M-1388,Paper,0.731044636284548,0.040122156697556866,0.08,0.5861008610086101,0.9645645645645645,0.0,0.0,0.0,0.0,1.0,0.0,0.0,0.0,0.02076873921892375,18.220017976029833,0.6057872238831885
M-0988,Paper,0.5053871377902697,0.9602990732940186,0.35,0.6498564985649856,0.20870870870870872,0.0,0.0,0.0,0.0,1.0,0.0,0.0,0.0,0.5142257879035247,0.5262804323826532,0.3697674677287205
M-1289,Paper,0.2229360458631689,0.49189132266217356,0.73,0.4581795817958179,0.3466466466466467,0.0,0.0,0.0,0.0,1.0,0.0,0.0,0.0,0.29935316620433466,0.45322123479507737,0.4121684123392616
M-0326,Wood,0.4261750206339646,0.6407961246840775,0.58,0.12505125051250512,0.4773773773773774,0.0,0.0,0.0,0.0,0.0,0.0,0.0,1.0,0.06535461250508401,0.6650701200384992,0.4876832214667991
M-0575,Bamboo,0.9763545918936403,0.3218197135636057,0.81,0.17076670766707666,0.06786786786786786,0.0,1.0,0.0,0.0,0.0,0.0,0.0,0.0,0.1591771353148967,3.03384633351349,0.6539021971178165
M-1487,Bamboo,0.5053871377902697,0.6621735467565291,0.69,0.9440344403444034,0.7032032032032032,0.0,1.0,0.0,0.0,0.0,0.0,0.0,0.0,0.2801863979600757,0.7632234435252196,0.6201158160770688
M-1370,Plastic,0.8825537040754867,0.17523167649536647,0.28,0.7248872488724887,0.5301301301301301,0.0,0.0,0.0,0.0,0.0,1.0,0.0,0.0,0.3406026772980442,5.036467636781336,0.5960605206692338
M-0417,Steel,0.8320729884672867,0.13668913226621737,0.24,0.490159901599016,0.8603603603603603,0.0,0.0,0.0,0.0,0.0,0.0,1.0,0.0,0.06844575202508783,6.087293754656286,0.6629373034950228
M-0122,Steel,0.26855383791741955,0.8459351305812974,0.18,0.34460844608446084,0.08278278278278277,0.0,0.0,0.0,0.0,0.0,0.0,1.0,0.0,0.3160807999471386,0.3174634918748285,0.18625637000180267
M-0920,Cotton,0.8173280688839814,0.4098567818028644,0.7,0.13899138991389914,0.34244244244244243,0.0,0.0,1.0,0.0,0.0,0.0,0.0,0.0,0.09139483887331368,1.9941748215411566,0.6396639602863253
M-1192,Glass,0.33228490486069284,0.5279064869418704,0.43,0.490159901599016,0.6414414414414414,0.0,0.0,0.0,1.0,0.0,0.0,0.0,0.0,0.17575102778054807,0.629437757713184,0.45434639437670965
M-0237,Wood,0.6877913850409333,0.4835720303285594,0.1,0.2222222222222222,0.42962962962962964,0.0,0.0,0.0,0.0,0.0,0.0,0.0,1.0,0.12674897119341563,1.4223112992335813,0.43400544290526216
M-0611,Steel,0.9126012179615874,0.8671019376579613,0.06,0.4534645346453464,0.7050050050050051,0.0,0.0,0.0,0.0,0.0,0.0,1.0,0.0,0.13376976812811167,1.0524716020758926,0.5945419886861365
M-1087,Aluminum,0.12534296995248612,0.9085930918281382,0.38,0.16502665026650268,0.6061061061061062,1.0,0.0,0.0,0.0,0.0,0.0,0.0,0.0,0.06500298986973853,0.13795265793583314,0.3459690198128263
M-0420,Wood,0.28490486069285503,0.3157118786857624,0.1,0.7470274702747028,0.24184184184184185,0.0,0.0,0.0,0.0,0.0,0.0,0.0,1.0,0.5663649709570169,0.9024176076656937,0.21651449682969456
M-1165,Steel,0.4470766691204354,0.7841196293176074,0.17,0.19618696186961868,0.4773773773773774,0.0,0.0,0.0,0.0,0.0,0.0,1.0,0.0,0.10253174453666457,0.5701631259332005,0.3730438808613874
M-1231,Bamboo,0.1835865176559816,0.15374894692502106,0.98,0.5912259122591226,0.2003003003003003,0.0,1.0,0.0,0.0,0.0,0.0,0.0,0.0,0.47280318448830133,1.194059063613927,0.4275246971524827
M-1410,Plastic,0.748444087532624,0.9110151642796969,0.5,0.490159901599016,0.7838838838838839,0.0,0.0,0.0,0.0,0.0,1.0,0.0,0.0,0.105931454209437,0.8215486364332384,0.6845428001782148
M-1373,Aluminum,0.9675879453032634,0.49189132266217356,0.06,0.4833948339483395,0.1178178178178178,1.0,0.0,0.0,0.0,0.0,0.0,0.0,0.0,0.42644230946813977,1.9670726716501177,0.44038052346665074
M-0817,Aluminum,0.6668674295656829,0.015164279696714411,0.5,0.48482984829848297,0.9206206206206206,1.0,0.0,0.0,0.0,0.0,0.0,0.0,0.0,0.038485492462532266,43.973302365808735,0.6929331580124594
M-1099,Wood,0.8870820227977425,0.313921651221567,0.76,0.595120951209512,0.11841841841841841,0.0,0.0,0.0,0.0,0.0,0.0,0.0,1.0,0.5246476693996169,2.8257980726967005,0.6183583346446226
M-0701,Plastic,0.49583974659260743,0.8278222409435552,0.42,0.14329643296432965,0.5367367367367367,0.0,0.0,0.0,0.0,0.0,1.0,0.0,0.0,0.0663839731490408,0.5989681396567798,0.485356919658064
M-1060,Paper,0.09554083294296103,0.46440606571187865,0.86,0.8085280852808528,0.4773773773773774,0.0,0.0,0.0,0.0,1.0,0.0,0.0,0.0,0.4225550683935268,0.20572648436454935,0.43942954639039766
M-1495,Wood,0.8557183965736465,0.006844987363100255,0.72,0.47539975399754,0.33313313313313314,0.0,0.0,0.0,0.0,0.0,0.0,0.0,1.0,0.3170283444576188,124.99561439244728,0.6582272985693984
M-0824,Bamboo,0.8628566329831135,0.27116680707666385,0.76,0.45879458794587946,0.7468468468468468,0.0,1.0,0.0,0.0,0.0,0.0,0.0,0.0,0.11614529658810105,3.182002473985303,0.7971967072472994
M-0695,Plastic,0.8682103102902139,0.7593723673125526,0.41,0.965969659696597,0.33983983983983984,0.0,0.0,0.0,0.0,0.0,1.0,0.0,0.0,0.6376946852551608,1.1433246775072436,0.5722360760680375
M-0457,Wood,0.6826607776216289,0.12026116259477677,0.59,0.8958589585895859,0.2528528528528529,0.0,0.0,0.0,0.0,0.0,0.0,0.0,1.0,0.6693384651564233,5.67643856465357,0.5259201669045075
M-0999,Cotton,0.7599544937428896,0.8708930075821399,0.39,0.7195571955719557,0.3027027027027027,0.0,0.0,1.0,0.0,0.0,0.0,0.0,0.0,0.5017452877231475,0.8726142184084474,0.5117926083079667
M-0676,Steel,0.9655580093243212,0.9022746419545072,0.39,0.7168921689216892,0.3678678678678679,0.0,0.0,0.0,0.0,0.0,0.0,1.0,0.0,0.45317057524929594,1.0701364022558915,0.6135835640900889
M-0206,Steel,0.38136028017577905,0.13921651221566972,0.87,0.21463714637146372,0.35995995995995994,0.0,0.0,0.0,0.0,0.0,0.0,1.0,0.0,0.1373763677576716,2.7393125628117265,0.5215321000582995
M-0443,Aluminum,0.3439737669811952,0.009898904802021907,0.5,0.6826568265682658,0.5052052052052053,1.0,0.0,0.0,0.0,0.0,0.0,0.0,0.0,0.3377750444171108,34.74515905556422,0.43915106835403966
M-1124,Bamboo,0.8406834861362065,0.662278854254423,0.24,0.9124641246412465,0.8927927927927928,0.0,1.0,0.0,0.0,0.0,0.0,0.0,0.0,0.09782273047955707,1.2693780140460795,0.6761112322923204
M-0449,Bamboo,0.7492694461174685,0.7743260320134794,0.44,0.9846248462484624,0.9331331331331331,0.0,1.0,0.0,0.0,0.0,0.0,0.0,0.0,0.06583877850790526,0.9676395310249549,0.7116477183869274
M-1132,Plastic,0.8734301456646367,0.4324978938500421,0.47,0.5284952849528495,0.4574574574574575,0.0,0.0,0.0,0.0,0.0,1.0,0.0,0.0,0.28673117562006445,2.0194968312854837,0.627609295503092
M-0138,Aluminum,0.23585179236654846,0.6013058129738837,0.64,0.9674046740467405,0.3583583583583584,1.0,0.0,0.0,0.0,0.0,0.0,0.0,0.0,0.6207271231871477,0.39223203076661645,0.3938482244541269
M-0551,Aluminum,0.028463717682749995,0.7929654591406908,0.08,0.2968429684296843,0.12892892892892893,1.0,0.0,0.0,0.0,0.0,0.0,0.0,0.0,0.2585713224499612,0.03589523535912868,0.07406416575177868
M-0063,Steel,0.12190769368043006,0.49378685762426283,0.23,0.9272242722427224,0.012612612612612614,0.0,0.0,0.0,0.0,0.0,0.0,1.0,0.0,0.9155295516919133,0.24688272868222913,0.12154686125595582
M-0176,Wood,0.0193178522831203,0.9004844144903118,0.5,0.5752357523575236,0.039439439439439436,0.0,0.0,0.0,0.0,0.0,0.0,0.0,1.0,0.5525487767390187,0.021452709807692438,0.16955897274507994
M-1343,Bamboo,0.20129826674697182,0.5679233361415333,0.5,0.38191881918819187,0.5862862862862863,0.0,1.0,0.0,0.0,0.0,0.0,0.0,0.0,0.15800505302350318,0.354445573004651,0.4064051925846746
M-0775,Plastic,0.48448548930379887,0.05665543386689133,0.81,0.08733087330873308,0.35495495495495494,0.0,0.0,0.0,0.0,0.0,1.0,0.0,0.0,0.05633234710725486,8.551288110403304,0.5432806822080061
M-0635,Plastic,0.5053871377902697,0.06908171861836562,0.88,0.47847478474784755,0.6878878878878879,0.0,0.0,0.0,0.0,0.0,1.0,0.0,0.0,0.1493377756600389,7.315681083458586,0.6725212214824743
M-0976,Plastic,0.05929197617613599,0.8912173546756529,0.0,0.6271012710127102,0.13963963963963966,0.0,0.0,0.0,0.0,0.0,1.0,0.0,0.0,0.5395330755109353,0.06652912371594334,0.0656086823623463
M-0455,Steel,0.48727386290124686,0.49189132266217356,0.11,0.915539155391554,0.9347347347347348,0.0,0.0,0.0,0.0,0.0,0.0,1.0,0.0,0.059752905837366636,0.9906108317854382,0.5083299655809191
M-0297,Wood,0.23060965000334605,0.07771693344566134,0.33,0.1090610906109061,0.7300300300300301,0.0,0.0,0.0,0.0,0.0,0.0,0.0,1.0,0.029443219357118487,2.9672643079809013,0.4102528690103474
M-0622,Plastic,0.17843360324789753,0.9468197135636057,0.39,0.23390733907339073,0.6337337337337338,0.0,0.0,0.0,0.0,0.0,1.0,0.0,0.0,0.08567236773468835,0.18845553407499538,0.37849356141927915
M-1243,Bamboo,0.6093153985143546,0.8813184498736311,0.34,0.40877408774087737,0.2740740740740741,0.0,1.0,0.0,0.0,0.0,0.0,0.0,0.0,0.2967397081378221,0.6913672432870078,0.427948381627964
M-1392,Wood,0.5396283655669322,0.9088037068239259,0.13,0.7937679376793767,0.704004004004004,0.0,0.0,0.0,0.0,0.0,0.0,0.0,1.0,0.2349521313030948,0.5937781368373581,0.4660525474279741
M-0409,Paper,0.8719355774164045,0.21208930075821397,0.5,0.490159901599016,0.31451451451451456,0.0,0.0,0.0,0.0,1.0,0.0,0.0,0.0,0.3359974981131193,4.111152534082281,0.5931285853209162
M-0913,Steel,0.9196725334047158,0.3011794439764111,0.46,0.24620746207462074,0.7784784784784785,0.0,0.0,0.0,0.0,0.0,0.0,1.0,0.0,0.054540251608722286,3.053559923288864,0.73941255690543
M-0041,Glass,0.15070601619487384,0.610994102780118,0.21,0.27921279212792127,0.8265265265265266,0.0,0.0,0.0,1.0,0.0,0.0,0.0,0.0,0.0484360128886574,0.24665666796532276,0.3712403644359075
M-0646,Steel,0.8288161681054674,0.8762636899747261,0.84,0.24313243132431328,0.06146146146146146,0.0,0.0,0.0,0.0,0.0,0.0,1.0,0.0,0.22818915676644258,0.945851382108496,0.6019649056806253
M-0170,Wood,0.5053871377902697,0.38816343723673125,0.81,0.3183681836818368,0.41211211211211213,0.0,0.0,0.0,0.0,0.0,0.0,0.0,1.0,0.18716479907541816,1.3019923756746614,0.5687884887497415
M-1104,Aluminum,0.846505610207678,0.5072662173546757,0.34,0.5678556785567855,0.2958958958958959,1.0,0.0,0.0,0.0,0.0,0.0,0.0,0.0,0.39982951381065357,1.6687567838940605,0.52937101285184
M-0737,Paper,0.3944544825893952,0.051705981465880374,0.03,0.5656006560065601,0.42112112112112116,0.0,0.0,0.0,0.0,1.0,0.0,0.0,0.0,0.32741427364223585,7.62865035642589,0.29311812937209447
M-0294,Plastic,0.6250418256039616,0.6138374052232519,0.62,0.8280032800328003,0.15055055055055055,0.0,0.0,0.0,0.0,0.0,1.0,0.0,0.0,0.7033469303662006,1.0182514164727685,0.4811818954067498
M-0288,Steel,0.7243079256731133,0.14290227464195449,0.79,0.8772037720377203,0.44884884884884885,0.0,0.0,0.0,0.0,0.0,0.0,1.0,0.0,0.48347186875272147,5.068518741000679,0.6613778249239
M-0061,Glass,0.9853666153605924,0.49189132266217356,0.69,0.490159901599016,0.7745745745745747,0.0,0.0,0.0,1.0,0.0,0.0,0.0,0.0,0.1104945043444428,2.003216090114364,0.8335190185166094
M-0654,Steel,0.7359744808048361,0.41670176916596463,0.36,0.3737187371873719,0.40470470470470477,0.0,0.0,0.0,0.0,0.0,0.0,1.0,0.0,0.2224730060113414,1.7661857210066,0.5238012037333459
M-0960,Bamboo,0.6494456713288272,0.6107834877843303,0.65,0.04756047560475604,0.8414414414414414,0.0,1.0,0.0,0.0,0.0,0.0,0.0,0.0,0.0075411204562496085,1.0632975858387357,0.7072107009639633
M-0488,Paper,0.47177050569943557,0.5447556866048863,0.77,0.26342763427634275,0.8694694694694695,0.0,0.0,0.0,0.0,1.0,0.0,0.0,0.0,0.03438534885849359,0.8660205873555659,0.680549043120615
M-0242,Bamboo,0.6941042628655558,0.2033487784330244,0.21,0.7513325133251333,0.24074074074074073,0.0,1.0,0.0,0.0,0.0,0.0,0.0,0.0,0.5704561675246382,3.4133514588223024,0.41286392736844457
M-0904,Bamboo,0.35827254678890896,0.4277590564448188,0.85,0.05924559245592456,0.812912912912913,0.0,1.0,0.0,0.0,0.0,0.0,0.0,0.0,0.011084085315327622,0.8375549362101935,0.6421828925894375
M-1430,Bamboo,0.5113654107831983,0.49189132266217356,0.91,0.5260352603526035,0.0946946946946947,0.0,1.0,0.0,0.0,0.0,0.0,0.0,0.0,0.4762225119748695,1.039588111511142,0.5059545727216878
M-0678,Cotton,0.9522184300341296,0.9852569502948612,0.1,0.6726117261172612,0.30970970970970974,0.0,0.0,1.0,0.0,0.0,0.0,0.0,0.0,0.46429734367413744,0.9664661216376446,0.5038002849265648
M-1227,Bamboo,0.2570434317071539,0.9613521482729572,0.12,0.515580155801558,0.9224224224224224,0.0,1.0,0.0,0.0,0.0,0.0,0.0,0.0,0.039997459534154886,0.2673766993626898,0.41554409940958825
M-0106,Plastic,0.18818175734457604,0.12057708508845828,0.08,0.4036490364903649,0.32712712712712716,0.0,0.0,0.0,0.0,0.0,1.0,0.0,0.0,0.27160448681563887,1.560663011081346,0.19741084107596857
M-0096,Wood,0.41296928327645055,0.6688079191238417,0.66,0.536080360803608,0.19359359359359357,0.0,0.0,0.0,0.0,0.0,0.0,0.0,1.0,0.43229863730068735,0.6174697607463904,0.42126579138865833
M-1103,Paper,0.8614289857012202,0.9081718618365627,0.78,0.033825338253382534,0.7908908908908909,0.0,0.0,0.0,0.0,1.0,0.0,0.0,0.0,0.007073186347479089,0.948529758926275,0.8158388615477554
M-1314,Steel,0.45776171674585653,0.41880791912384163,0.33,0.5756457564575646,0.16976976976976976,0.0,0.0,0.0,0.0,0.0,0.0,1.0,0.0,0.47791850891481885,1.093008519740948,0.3330356176292736
M-0662,Glass,0.10910348212094848,0.0014743049705138941,0.0,0.9268142681426814,0.446946946946947,0.0,0.0,0.0,1.0,0.0,0.0,0.0,0.0,0.512577460609441,73.9531719214261,0.1777254769324635
M-0508,Glass,0.49024069240893176,0.890480202190396,0.45,0.490159901599016,0.04374374374374374,0.0,0.0,0.0,1.0,0.0,0.0,0.0,0.0,0.46871847247001,0.5505345774880401,0.3442194000866958
M-1303,Bamboo,0.16317562292266163,0.5809814658803707,0.19,0.584460844608446,0.961061061061061,0.0,1.0,0.0,0.0,0.0,0.0,0.0,0.0,0.022758285140408972,0.2808615276803567,0.4105885674873829
M-0713,Aluminum,0.5053871377902697,0.33572030328559394,1.0,0.4044690446904469,0.9145145145145145,1.0,0.0,0.0,0.0,0.0,0.0,0.0,0.0,0.03457623264921339,1.50537702804145,0.7765092094704622
M-1037,Cotton,0.6358607151620602,0.3879528222409436,0.88,0.8677736777367774,0.342042042042042,0.0,0.0,1.0,0.0,0.0,0.0,0.0,0.0,0.5709585969733572,1.6390113428684072,0.6209568986774368
M-1220,Glass,0.023065426398090505,0.16975568660488627,0.43,0.7658876588765887,0.8957957957957958,0.0,0.0,0.0,1.0,0.0,0.0,0.0,0.0,0.07980871400305592,0.1358734484007453,0.4069649092979749
M-0618,Cotton,0.9092551696446496,0.7590564448188711,0.44,0.23021730217302172,0.5794794794794794,0.0,0.0,1.0,0.0,0.0,0.0,0.0,0.0,0.09681109974262907,1.1978739894470294,0.6695459117017037
M-0051,Bamboo,0.7067077115260211,0.8029696714406066,0.3,0.7831078310783108,0.056956956956956954,0.0,1.0,0.0,0.0,0.0,0.0,0.0,0.0,0.7385043920509275,0.8801164683364082,0.3897701716974955
M-1079,Wood,0.7985232773427915,0.14037489469250208,0.31,0.4649446494464945,0.5610610610610611,0.0,0.0,0.0,0.0,0.0,0.0,0.0,1.0,0.20408231109338118,5.68846438408804,0.580727629255435
M-0133,Aluminum,0.016551785674451786,0.9170176916596462,0.96,0.25809758097580976,0.32182182182182184,1.0,0.0,0.0,0.0,0.0,0.0,0.0,0.0,0.17503614725836947,0.01804956193913114,0.39116726081632724
M-0441,Aluminum,0.06437796961788128,0.5311710193765796,0.75,0.23001230012300122,0.5602602602602603,1.0,0.0,0.0,0.0,0.0,0.0,0.0,0.0,0.10114554899302745,0.12119985102648993,0.4188292659252306
M-1271,Plastic,0.9638403711882932,0.22946503791069922,0.67,0.22283722837228373,0.4981981981981982,0.0,0.0,0.0,0.0,0.0,1.0,0.0,0.0,0.11182012270573156,4.200361761435864,0.7359956079347768
M-1055,Aluminum,0.34781056905128377,0.22019797809604041,0.82,0.38027880278802784,0.1152152152152152,1.0,0.0,0.0,0.0,0.0,0.0,0.0,0.0,0.3364648986830208,1.579528533958887,0.41968879218507804
M-0787,Bamboo,0.17861205915813427,0.43218197135636055,0.43,0.7129971299712997,0.7895895895895897,0.0,1.0,0.0,0.0,0.0,0.0,0.0,0.0,0.15002201873870583,0.4132787985551102,0.43732170054013064
M-0240,Cotton,0.8190010930424502,0.3755265374894692,0.87,0.9153341533415335,0.03093093093093093,0.0,0.0,1.0,0.0,0.0,0.0,0.0,0.0,0.8870220158658043,2.18093484839422,0.5978797164962594
M-0306,Steel,0.34881438354636507,0.9555602358887954,0.5,0.7097170971709718,0.11961961961961963,0.0,0.0,0.0,0.0,0.0,0.0,1.0,0.0,0.6248210079698395,0.3650361383924523,0.3254116393044319
M-0261,Aluminum,0.21880925293894576,0.06244734625105307,0.03,0.12997129971299712,0.2505505505505506,1.0,0.0,0.0,0.0,0.0,0.0,0.0,0.0,0.09740691901413508,3.5038438337389275,0.17168886634074348
M-0599,Paper,0.98817729594682,0.5643428812131425,0.83,0.3175481754817548,0.7071071071071071,0.0,0.0,0.0,0.0,1.0,0.0,0.0,0.0,0.09300760374971116,1.7510197750750545,0.8564030505108601
M-0345,Glass,0.22831203015904883,0.14290227464195449,0.33,0.35772857728577284,0.3568568568568569,0.0,0.0,0.0,1.0,0.0,0.0,0.0,0.0,0.23007068158769675,1.5976682880856774,0.2973818691206766
M-0042,Bamboo,0.5852238506324031,0.2807497893850042,0.07,0.18122181221812217,0.30360360360360367,0.0,1.0,0.0,0.0,0.0,0.0,0.0,0.0,0.12620221697712472,2.0844958331706183,0.34617062133404236
M-1426,Wood,0.837002832987575,0.28117101937657957,0.82,0.8587535875358753,0.28828828828828834,0.0,0.0,0.0,0.0,0.0,0.0,0.0,1.0,0.611184985723731,2.9768354434534245,0.6672876196815165
M-0973,Aluminum,0.3011889625019518,0.08361415332771692,0.2,0.18737187371873718,0.005105105105105106,1.0,0.0,0.0,0.0,0.0,0.0,0.0,0.0,0.18641532060966254,3.6020858721802176,0.18200711653231227
M-0380,Aluminum,0.5053871377902697,0.3878475147430497,0.0,0.08794587945879459,0.945845845845846,1.0,0.0,0.0,0.0,0.0,0.0,0.0,0.0,0.004762634713434211,1.3030529151957422,0.48590860886986165
M-0760,Bamboo,0.7645720404202636,0.05181128896377421,0.94,0.25051250512505124,0.9311311311311312,0.0,1.0,0.0,0.0,0.0,0.0,0.0,0.0,0.017252512865468972,14.756577169459398,0.8671681555074449
M-0249,Aluminum,0.9506346338307792,0.9811499578770009,0.53,0.568060680606806,0.3457457457457458,1.0,0.0,0.0,0.0,0.0,0.0,0.0,0.0,0.37165611696156997,0.9688974221538218,0.6429775772560354
M-1190,Cotton,0.07412612371455979,0.9295492839090144,0.81,0.5280852808528085,0.4756756756756757,0.0,0.0,1.0,0.0,0.0,0.0,0.0,0.0,0.2768879580687698,0.07974407086708539,0.41535315218852664
M-0866,Aluminum,0.6688081375895067,0.49189132266217356,0.32,0.7017220172201722,0.44864864864864873,1.0,0.0,0.0,0.0,0.0,0.0,0.0,0.0,0.3868953824673382,1.3596637043852322,0.49811784963039735
M-0980,Wood,0.6143344709897611,0.2224094355518113,0.5,0.3880688806888069,0.5427427427427428,0.0,0.0,0.0,0.0,0.0,0.0,0.0,1.0,0.17744731201065764,2.762165675659808,0.5585566112187272
M-0342,Paper,0.6488879966093376,0.8043386689132266,0.34,0.523780237802378,0.9239239239239239,0.0,0.0,0.0,0.0,1.0,0.0,0.0,0.0,0.03984714521819896,0.8067337987769202,0.6387323758209122
M-1459,Wood,0.2901023890784983,0.28169755686604886,0.87,0.6605166051660516,0.30550550550550554,0.0,0.0,0.0,0.0,0.0,0.0,0.0,1.0,0.45872514581001655,1.0298327130459726,0.468692607283051
M-0595,Paper,0.7423096656182382,0.5774010109519798,0.5,0.8735137351373513,0.4773773773773774,0.0,0.0,0.0,0.0,1.0,0.0,0.0,0.0,0.45651803915436545,1.2856028408948044,0.5901370794605085
M-0530,Plastic,0.4975573847286354,0.20924599831508,0.39,0.2322673226732267,0.6064064064064064,0.0,0.0,0.0,0.0,0.0,1.0,0.0,0.0,0.09141893020531805,2.3778471793388563,0.4979448758133761
M-1063,Bamboo,0.2628209418010663,0.7090353833192924,0.01,0.6699466994669946,0.1033033033033033,0.0,1.0,0.0,0.0,0.0,0.0,0.0,0.0,0.6007389923749087,0.3706734209755116,0.1391193677114175
M-0836,Aluminum,0.13373039773360995,0.6803917438921652,0.97,0.45592455924559244,0.6755755755755757,1.0,0.0,0.0,0.0,0.0,0.0,0.0,0.0,0.14791306271421067,0.19654882997224432,0.5471648317661166
M-1065,Wood,0.07925673113386425,0.21777590564448185,0.77,0.27490774907749077,0.22992992992992992,0.0,0.0,0.0,0.0,0.0,0.0,0.0,1.0,0.21169822959490858,0.36393542694214737,0.33168167143252464
M-0243,Paper,0.26995917821053333,0.7621103622577928,0.75,0.5670356703567035,0.23993993993993992,0.0,0.0,0.0,0.0,1.0,0.0,0.0,0.0,0.43098116566751254,0.3542253686006804,0.40496565326619527
M-0266,Plastic,0.9255392714537465,0.9268112889637743,0.26,0.7755227552275523,0.8662662662662663,0.0,0.0,0.0,0.0,0.0,1.0,0.0,0.0,0.10371355365205298,0.998626455944546,0.7080955884613784
M-1197,Plastic,0.43864462736175247,0.804759898904802,0.62,0.9692496924969249,0.6253253253253254,0.0,0.0,0.0,0.0,0.0,1.0,0.0,0.0,0.36315331321481376,0.5450620525409514,0.5490554485422986
M-0169,Bamboo,0.7632782350710478,0.03096040438079191,0.67,0.4893398933989339,0.6157157157157157,0.0,1.0,0.0,0.0,0.0,0.0,0.0,0.0,0.1880456307065573,24.65257149461142,0.6910260087431338
M-0485,Steel,0.6509179325882799,0.943133951137321,0.02,0.6763017630176301,0.3387387387387388,0.0,0.0,0.0,0.0,0.0,0.0,1.0,0.0,0.44721215680625265,0.6901641507435831,0.3679887946569336
M-0740,Paper,0.44716589707555376,0.8629949452401011,0.56,0.8224682246822469,0.8081081081081082,0.0,0.0,0.0,0.0,1.0,0.0,0.0,0.0,0.15782498365524192,0.5181552700704105,0.5892987912626539
M-1491,Aluminum,0.7943741774297888,0.9046967144060657,0.98,0.16789667896678967,0.7107107107107107,1.0,0.0,0.0,0.0,0.0,0.0,0.0,0.0,0.04857071093233455,0.878054807457202,0.8249628841851286
M-1114,Bamboo,0.5438666934350531,0.2642165122156697,0.33,0.46801968019680196,0.6277277277277277,0.0,1.0,0.0,0.0,0.0,0.0,0.0,0.0,0.1742307498150057,2.0584051710816107,0.5048649956923396
M-0379,Plastic,0.3708759954493743,0.4939974726200505,0.3,0.5451004510045101,0.32462462462462466,0.0,0.0,0.0,0.0,0.0,1.0,0.0,0.0,0.36814742171445736,0.7507634456485992,0.33573778556713707
M-1460,Glass,0.911017421758237,0.9637742207245157,0.18,0.9034440344403444,0.15765765765765766,0.0,0.0,0.0,1.0,0.0,0.0,0.0,0.0,0.7610091641456955,0.9452592286751073,0.4657042660005921
M-1466,Wood,0.302683530750184,0.3120261162594777,0.61,0.4130791307913079,0.5068068068068068,0.0,0.0,0.0,0.0,0.0,0.0,0.0,1.0,0.20372781555643385,0.9700552130811488,0.45611545434211564
M-0873,Aluminum,0.5611992237167904,0.06255265374894692,0.15,0.0,0.15715715715715717,1.0,0.0,0.0,0.0,0.0,0.0,0.0,0.0,0.0,8.9714859178188,0.3166268366338633
M-0272,Cotton,0.29525530348658235,0.13447767481044648,0.24,0.5760557605576055,0.8174174174174175,0.0,0.0,1.0,0.0,0.0,0.0,0.0,0.0,0.1051777484741814,2.195554826092371,0.43532734661985817
M-0044,Cotton,0.6105422828972317,0.5167438921651222,0.5,0.018040180401804013,0.31701701701701707,0.0,0.0,1.0,0.0,0.0,0.0,0.0,0.0,0.012321136224375253,1.1815158546398117,0.4893220182639978
M-0438,Cotton,0.06486872337103214,0.49189132266217356,0.58,0.9120541205412054,0.3800800800800801,0.0,0.0,1.0,0.0,0.0,0.0,0.0,0.0,0.565400517368537,0.13187586059476536,0.31397151337243684
M-1038,Bamboo,0.6130406656405452,0.8039174389216514,0.91,0.43009430094300943,0.924924924924925,0.0,1.0,0.0,0.0,0.0,0.0,0.0,0.0,0.032289361932658356,0.7625657479169863,0.7956937437336955
M-0780,Glass,0.5379776483972428,0.6325821398483572,0.18,0.09778597785977859,0.2594594594594595,0.0,0.0,0.0,1.0,0.0,0.0,0.0,0.0,0.07241448090156577,0.8504457588392361,0.34702889719673496
M-0071,Plastic,0.8026723772557941,0.9079612468407751,0.35,0.27982779827798276,0.4824824824824825,0.0,0.0,0.0,0.0,0.0,1.0,0.0,0.0,0.1448157874972143,0.8840371723038776,0.5708136956470624
M-0388,Aluminum,0.5053871377902697,0.7613732097725359,0.32,0.8403034030340303,0.6267267267267268,1.0,0.0,0.0,0.0,0.0,0.0,0.0,0.0,0.313662801793183,0.6637828433159779,0.4861728731341259
M-1151,Steel,0.5531017867898012,0.06729149115417019,0.01,0.6834768347683478,0.5773773773773774,0.0,0.0,0.0,0.0,0.0,0.0,1.0,0.0,0.288852772411608,8.219368570003146,0.3974539279291337
M-1315,Aluminum,0.04891922639362911,0.49189132266217356,0.74,0.15170151701517015,0.9664664664664664,1.0,0.0,0.0,0.0,0.0,0.0,0.0,0.0,0.005087087907916128,0.09945108744302626,0.5315076304973916
M-0597,Steel,0.3440183809587543,0.787910699241786,0.8,0.2084870848708487,0.4552552552552553,0.0,0.0,0.0,0.0,0.0,0.0,1.0,0.0,0.11357224383054638,0.4366204757332656,0.5141839289600783
M-1333,Bamboo,0.4624684913783488,0.36152064026958713,0.84,0.7390323903239032,0.2138138138138138,0.0,1.0,0.0,0.0,0.0,0.0,0.0,0.0,0.5810170564168105,1.279227686158664,0.5011315406954837
M-0013,Glass,0.24620223516027567,0.8929022746419546,0.53,0.5563755637556376,0.16406406406406407,0.0,0.0,0.0,1.0,0.0,0.0,0.0,0.0,0.4650943276199529,0.275732256955828,0.3067001132833295
M-0250,Glass,0.444466751433224,0.40775063184498733,0.16,0.6305863058630586,0.621921921921922,0.0,0.0,0.0,1.0,0.0,0.0,0.0,0.0,0.23841085858306027,1.0900428513850668,0.4123632771498662
M-0193,Aluminum,0.5053871377902697,0.7622156697556866,0.08,0.1305863058630586,0.6734734734734734,1.0,0.0,0.0,0.0,0.0,0.0,0.0,0.0,0.04263989286539512,0.66304917990348,0.4281968971581499
M-1299,Aluminum,0.542372125186821,0.30254844144903115,0.33,0.14124641246412464,0.8708708708708709,1.0,0.0,0.0,0.0,0.0,0.0,0.0,0.0,0.01823902623410618,1.7926727036387258,0.5772101113359897
M-0648,Aluminum,0.24642530504807153,0.2825400168491996,0.08,0.3329233292332923,0.8956956956956957,1.0,0.0,0.0,0.0,0.0,0.0,0.0,0.0,0.0347253362423514,0.8721753315540587,0.39127883072793734
M-1336,Wood,0.4964866492672153,0.3283487784330244,0.5,0.40815908159081593,0.6611611611611611,0.0,0.0,0.0,0.0,0.0,0.0,0.0,1.0,0.138300149267759,1.5120663447272187,0.5469430080552344
M-0431,Aluminum,0.9634388453902607,0.2676916596461668,0.4,0.2324723247232472,0.23363363363363363,1.0,0.0,0.0,0.0,0.0,0.0,0.0,0.0,0.17815897077889695,3.599048426145579,0.5754656282461943
M-0463,Wood,0.16101184501104193,0.34825189553496205,0.54,0.45100451004510045,0.2672672672672673,0.0,0.0,0.0,0.0,0.0,0.0,0.0,1.0,0.33046576712013365,0.46234172658839395,0.306584918184597
M-1433,Wood,0.030092127863659668,0.7730623420387531,0.13,0.8644936449364493,0.06886886886886887,0.0,0.0,0.0,0.0,0.0,0.0,0.0,1.0,0.8049569454653505,0.038925824350045525,0.07169751180612453
M-0227,Steel,0.5941243391554575,0.13068660488626788,0.37,0.32697826978269784,0.7492492492492493,0.0,0.0,0.0,0.0,0.0,0.0,1.0,0.0,0.08199004662719299,4.546141462095811,0.5734245104369577
M-1276,Cotton,0.2579134042695576,0.14732518955349622,0.53,0.999179991799918,0.4063063063063063,0.0,0.0,1.0,0.0,0.0,0.0,0.0,0.0,0.5932068599965278,1.750628350948462,0.384057253599715
M-0159,Aluminum,0.2571772736398314,0.9884161752316765,0.57,0.31857318573185733,0.8521521521521522,1.0,0.0,0.0,0.0,0.0,0.0,0.0,0.0,0.04710035989248779,0.2601910206381746,0.5295165551015782
M-0175,Cotton,0.4236097169243124,0.28938500421229985,0.99,0.44280442804428044,0.6160160160160161,0.0,0.0,1.0,0.0,0.0,0.0,0.0,0.0,0.17002980840619214,1.4638224059154676,0.6512486915745297
M-0907,Plastic,0.552677954002989,0.49189132266217356,0.84,0.7427224272242723,0.7168168168168167,0.0,0.0,0.0,0.0,0.0,1.0,0.0,0.0,0.2103265011629096,1.1235750763741081,0.6881162266462406
M-1358,Glass,0.9063552611033037,0.285804549283909,0.5,0.5354653546535465,0.4950950950950951,0.0,0.0,0.0,1.0,0.0,0.0,0.0,0.0,0.2703590839712201,3.171230451522699,0.66107063296985
M-0512,Aluminum,0.797363313926253,0.007792754844144899,0.5,0.9364493644936449,0.19039039039039038,1.0,0.0,0.0,0.0,0.0,0.0,0.0,0.0,0.7581584044068669,102.30797989819716,0.5260624426876184
M-0118,Wood,0.17939280376541972,0.5588668913226622,0.68,0.36879868798687987,0.17967967967967965,0.0,0.0,0.0,0.0,0.0,0.0,0.0,1.0,0.3025330578631112,0.32099321959766575,0.3296610254100718
M-1117,Bamboo,0.040107965825693204,0.32466301600673964,0.36,0.3544485444854449,0.1936936936936937,0.0,1.0,0.0,0.0,0.0,0.0,0.0,0.0,0.28579409667970557,0.12353683761757143,0.1821512944383854
M-1119,Steel,0.12900131611233798,0.19102780117944396,0.6,0.502050020500205,0.357957957957958,0.0,0.0,0.0,0.0,0.0,0.0,1.0,0.0,0.3223372203692007,0.6752977316292734,0.3389879138323226
M-0833,Glass,0.593499743469629,0.20271693344566133,0.78,0.37515375153751535,0.0011011011011011012,0.0,0.0,0.0,1.0,0.0,0.0,0.0,0.0,0.3747406693286152,2.9277120843811133,0.4717302277181819
M-0626,Plastic,0.8708425349662048,0.4765164279696715,0.48,0.25563755637556373,0.07857857857857858,0.0,0.0,0.0,0.0,0.0,1.0,0.0,0.0,0.23554992056427068,1.827514554245497,0.5159105875600555
M-0912,Steel,0.5144214682460014,0.021903959561920802,0.6,0.2986879868798688,0.621921921921922,0.0,0.0,0.0,0.0,0.0,0.0,1.0,0.0,0.11292738002455098,23.48424642336536,0.5723451638749771
M-1437,Wood,0.8712886747417966,0.9295492839090144,0.68,0.3704387043870439,0.24104104104104104,0.0,0.0,0.0,0.0,0.0,0.0,0.0,1.0,0.2811477734396964,0.9373227998788708,0.624827782209031
M-0479,Aluminum,0.9844966427981887,0.24673546756529063,0.47,0.16379663796637967,0.9481481481481481,1.0,0.0,0.0,0.0,0.0,0.0,0.0,0.0,0.008493159005664143,3.9900735084394214,0.8192431015637199
M-1204,Plastic,0.7352383501751099,0.3733150800336984,0.67,0.31775317753177534,0.056956956956956954,0.0,0.0,0.0,0.0,0.0,1.0,0.0,0.0,0.29965492347616174,1.9694794558775546,0.512182427157131
M-0173,Glass,0.8947333199491401,0.7565290648694187,0.78,0.9753997539975401,0.2103103103103103,0.0,0.0,0.0,1.0,0.0,0.0,0.0,0.0,0.7702631290577171,1.18268045316028,0.6549864210727492
M-0686,Wood,0.026857614490619908,0.49189132266217356,0.5,0.7320623206232062,0.8973973973973974,0.0,0.0,0.0,0.0,0.0,0.0,0.0,1.0,0.07511149936324185,0.05460059702754384,0.4299622650154672
M-1351,Paper,0.9153449775814764,0.14132266217354678,0.45,0.531980319803198,0.8168168168168168,0.0,0.0,0.0,0.0,1.0,0.0,0.0,0.0,0.0974498483723576,6.476940687097566,0.7461830360776356
M-0532,Cotton,0.7019117089384104,0.8440395956192082,0.73,0.40303403034030344,0.05345345345345345,0.0,0.0,1.0,0.0,0.0,0.0,0.0,0.0,0.3814904695593503,0.8316089446189153,0.5158007196114002
M-0102,Plastic,0.7495817439603828,0.9136478517270431,0.5,0.9961049610496104,0.9322322322322323,0.0,0.0,0.0,0.0,0.0,1.0,0.0,0.0,0.06750380967273131,0.8204265156613187,0.7295023672538228
M-0075,Aluminum,0.5362153962836557,0.8241364785172706,0.21,0.05125051250512505,0.21531531531531534,1.0,0.0,0.0,0.0,0.0,0.0,0.0,0.0,0.04021549224501254,0.6506382857971418,0.34208075310805686
M-0223,Aluminum,0.7321376787347477,0.9098567818028644,0.28,0.05719557195571956,0.06056056056056056,1.0,0.0,0.0,0.0,0.0,0.0,0.0,0.0,0.05373177605649931,0.8046726569552792,0.39502323966206726
M-0786,Aluminum,0.11911932008298198,0.2764321819713563,0.59,0.23288232882328824,0.7018018018018017,1.0,0.0,0.0,0.0,0.0,0.0,0.0,0.0,0.0694450908473049,0.4309154177276916,0.4351882685737333
M-1336,Wood,0.4964866492672153,0.3283487784330244,0.5,0.40815908159081593,0.6611611611611611,0.0,0.0,0.0,0.0,0.0,0.0,0.0,1.0,0.138300149267759,1.5120663447272187,0.5469430080552344
M-0295,Plastic,0.8861228222802204,0.08866891322662172,0.41,0.6250512505125051,0.9333333333333333,0.0,0.0,0.0,0.0,0.0,1.0,0.0,0.0,0.04167008336750033,9.993500501297166,0.7574491289120882
M-0762,Plastic,0.7176381360280176,0.28780539174389214,0.47,0.490159901599016,0.9962962962962962,0.0,0.0,0.0,0.0,0.0,1.0,0.0,0.0,0.0018154070429593483,2.493475324434825,0.7269441433000959
M-0270,Glass,0.5053871377902697,0.7230412805391744,0.23,0.6428864288642886,0.7482482482482482,0.0,0.0,0.0,1.0,0.0,0.0,0.0,0.0,0.16184778464401262,0.6989731463745125,0.49562932959058237
M-0584,Plastic,0.9968993285596377,0.2889637742207245,0.64,0.43009430094300943,0.4773773773773774,0.0,0.0,0.0,0.0,0.0,1.0,0.0,0.0,0.2247770115338791,3.449899148600585,0.7339729446370683
M-0313,Aluminum,0.7679627027147605,0.05023167649536646,0.77,0.2607626076260763,0.6775775775775775,1.0,0.0,0.0,0.0,0.0,0.0,0.0,0.0,0.08407571162798717,15.288110375436567,0.7414583543591775
M-0853,Steel,0.22429677217872357,0.9149115417017691,0.91,0.3167281672816728,0.5805805805805806,0.0,0.0,0.0,0.0,0.0,0.0,1.0,0.0,0.13284194403505595,0.24515651710438222,0.5368928830456636
M-1402,Glass,0.17118383189453257,0.3980623420387531,0.2,0.8649036490364904,0.8244244244244244,0.0,0.0,0.0,1.0,0.0,0.0,0.0,0.0,0.15185595599699742,0.43004168888746136,0.37580086008514035
M-1481,Glass,0.7428004193713891,0.1504844144903117,0.66,0.4577695776957769,0.203003003003003,0.0,0.0,0.0,1.0,0.0,0.0,0.0,0.0,0.3648409787401177,4.936029328072927,0.5560210686494566
M-1064,Steel,0.01780097704610853,0.00831929233361415,0.51,0.26670766707667076,0.43173173173173174,0.0,0.0,0.0,0.0,0.0,0.0,1.0,0.0,0.15156150410352953,2.139465337556978,0.2896399103379629
M-1349,Cotton,0.5053871377902697,0.3723673125526537,0.42,0.9210742107421074,0.441041041041041,0.0,0.0,1.0,0.0,0.0,0.0,0.0,0.0,0.5148426819603531,1.3572238043719331,0.4604671674284202
M-1155,Cotton,0.7453434160922616,0.7485256950294861,0.93,0.05617056170561706,0.4773773773773774,0.0,0.0,1.0,0.0,0.0,0.0,0.0,0.0,0.02935600627277544,0.9957472740005631,0.7203505796501178
M-1171,Cotton,0.6950411563942982,0.7646377422072452,0.95,0.9889298892988929,0.6482482482482482,0.0,0.0,1.0,0.0,0.0,0.0,0.0,0.0,0.34785782092055156,0.9089797809459104,0.7574909370321936
M-1159,Paper,0.3249459055522095,0.241575400168492,0.74,0.5104551045510455,0.39499499499499496,0.0,0.0,0.0,0.0,1.0,0.0,0.0,0.0,0.30882789308373565,1.3451061665194526,0.4704768607193823
M-1343,Bamboo,0.20129826674697182,0.5679233361415333,0.5,0.38191881918819187,0.5862862862862863,0.0,1.0,0.0,0.0,0.0,0.0,0.0,0.0,0.15800505302350318,0.354445573004651,0.4064051925846746
M-1235,Plastic,0.13076356822592516,0.5834035383319293,0.55,0.1918819188191882,0.4389389389389389,0.0,0.0,0.0,0.0,0.0,1.0,0.0,0.0,0.10765747297112613,0.2241387573017592,0.34898710897205176
M-0341,Glass,0.9430948716232797,0.8228727885425443,0.73,0.3091430914309143,0.09079079079079079,0.0,0.0,0.0,1.0,0.0,0.0,0.0,0.0,0.28107574569239185,1.146099055231384,0.6234751858865492
M-0279,Aluminum,0.3170938455017957,0.0088458298230834,0.74,0.43316933169331695,0.3836836836836837,1.0,0.0,0.0,0.0,0.0,0.0,0.0,0.0,0.2669693268504257,35.84265232212622,0.46394264330582335
M-1057,Cotton,0.6606660866849584,0.37268323504633527,0.08,0.490159901599016,0.7200200200200201,0.0,0.0,1.0,0.0,0.0,0.0,0.0,0.0,0.13723495943668143,1.7727234601238735,0.5042724406799894
M-0887,Aluminum,0.39759976800731667,0.7431550126368998,0.33,0.490159901599016,0.3267267267267267,1.0,0.0,0.0,0.0,0.0,0.0,0.0,0.0,0.3300115613768751,0.5350152070983523,0.3560579252209447
M-0986,Plastic,0.8867474179660488,0.23430918281381635,0.12,0.8429684296842969,0.6342342342342343,0.0,0.0,0.0,0.0,0.0,1.0,0.0,0.0,0.30832899319984186,3.7845022666840786,0.5809692374566898
M-0014,Glass,0.7435588569898949,0.44355518112889636,0.29,0.051045510455104554,0.4773773773773774,0.0,0.0,0.0,1.0,0.0,0.0,0.0,0.0,0.026677538547157244,1.67635778425511,0.5276367560091711
M-1073,Plastic,0.6141337080907447,0.766849199663016,0.38,0.544280442804428,0.41211211211211213,0.0,0.0,0.0,0.0,0.0,1.0,0.0,0.0,0.3199758799389796,0.8008522503620904,0.48328711686993153
M-1251,Bamboo,0.2594748934841286,0.28664700926705977,0.5,0.19823698236982368,0.7208208208208209,0.0,1.0,0.0,0.0,0.0,0.0,0.0,0.0,0.05534363802096478,0.9052038915169478,0.47003620363989773
M-1405,Plastic,0.09779383880969908,0.03043386689132266,0.68,0.23657236572365725,0.7956956956956958,0.0,0.0,0.0,0.0,0.0,1.0,0.0,0.0,0.048332752596795224,3.213217234000168,0.48182624423258835
M-0026,Wood,0.14724843293403822,0.6008845829823084,0.93,0.22468224682246823,0.4773773773773774,0.0,0.0,0.0,0.0,0.0,0.0,0.0,1.0,0.11742402509110177,0.2450523645503633,0.4811125863868285
M-0522,Bamboo,0.8601797943295634,0.2748525695029486,0.95,0.7203772037720377,0.9646646646646647,0.0,1.0,0.0,0.0,0.0,0.0,0.0,0.0,0.02545477006321611,3.129592953386532,0.9184713171312248
M-1312,Plastic,0.5112315688505208,0.8227674810446504,0.92,0.490159901599016,0.2571571571571572,0.0,0.0,0.0,0.0,0.0,1.0,0.0,0.0,0.3641117747513812,0.6213553151688817,0.5576397746873556
M-1446,Aluminum,0.4455151799058644,0.030117944397641108,0.8,0.7402624026240262,0.31681681681681684,1.0,0.0,0.0,0.0,0.0,0.0,0.0,0.0,0.5057348246155133,14.791859038086235,0.5132511170073908
M-1142,Aluminum,0.39978585290771596,0.8982729570345409,0.06,0.4116441164411644,0.5039039039039039,1.0,0.0,0.0,0.0,0.0,0.0,0.0,0.0,0.20421503914738845,0.4450600507528052,0.32908551233425754
M-1447,Cotton,0.5053871377902697,0.9618786857624264,0.74,0.6609266092660927,0.6777777777777778,0.0,0.0,1.0,0.0,0.0,0.0,0.0,0.0,0.21296524076351875,0.5254161671890165,0.6274881884494412
M-1086,Aluminum,0.6557585491534498,0.7503159224936816,0.09,0.7441574415744158,0.4773773773773774,1.0,0.0,0.0,0.0,0.0,0.0,0.0,0.0,0.38891351375976224,0.8739754222442875,0.4325166328745932
M-0218,Steel,0.29500992661000686,0.039490311710193765,0.04,0.8583435834358344,0.36236236236236236,0.0,0.0,0.0,0.0,0.0,0.0,1.0,0.0,0.54731217482345,7.470248868280992,0.23871267935271145
M-0896,Paper,0.7549131142787034,0.36857624262847516,0.74,0.16502665026650268,0.6895895895895896,0.0,0.0,0.0,0.0,1.0,0.0,0.0,0.0,0.05122599023788036,2.048181566759546,0.7308421225883582
M-1269,Steel,0.018670949608512344,0.07108256107834877,0.56,0.9813448134481346,0.4773773773773774,0.0,0.0,0.0,0.0,0.0,0.0,1.0,0.0,0.5128730001013725,0.26266198999137225,0.31868159305661814
M-0187,Plastic,0.5053871377902697,0.3856360572872788,0.42,0.490159901599016,0.31741741741741747,0.0,0.0,0.0,0.0,0.0,1.0,0.0,0.0,0.3345746115118809,1.310525345632911,0.4233800803413331
M-1353,Bamboo,0.15532356287224786,0.18534119629317608,0.57,0.3638786387863879,0.3890890890890891,0.0,1.0,0.0,0.0,0.0,0.0,0.0,0.0,0.22229743068201452,0.8380367017263329,0.34985615187562585
M-0374,Cotton,0.8093644738896696,0.9102780117944398,0.9,0.7595325953259533,0.8801801801801802,0.0,0.0,1.0,0.0,0.0,0.0,0.0,0.0,0.09100705871923584,0.8891388941223234,0.8577998436099219
M-0433,Steel,0.5053871377902697,0.01474304970513901,0.68,0.490159901599016,0.7806806806806807,0.0,0.0,0.0,0.0,0.0,0.0,1.0,0.0,0.1075015359763207,34.27736259015174,0.6403590593203121
M-0451,Wood,0.7579245577639475,0.5214827295703455,0.85,0.2923329233292333,0.3691691691691692,0.0,0.0,0.0,0.0,0.0,0.0,0.0,1.0,0.1844126209029858,1.4534002017443717,0.6689205738563299
M-1499,Glass,0.5980280621918848,0.40259056444818864,0.46,0.9934399343993439,0.9139139139139139,0.0,0.0,0.0,1.0,0.0,0.0,0.0,0.0,0.08552135571405768,1.4854460823379914,0.6513853990509282
M-1077,Wood,0.03888108144281602,0.8033909014321821,0.69,0.9512095120951211,0.9448448448448449,0.0,0.0,0.0,0.0,0.0,0.0,0.0,1.0,0.0524641082246658,0.04839615805624118,0.5060058860305798
M-0755,Plastic,0.3784157576568739,0.5720303285593935,0.5,0.15395653956539562,0.5571571571571572,0.0,0.0,0.0,0.0,0.0,1.0,0.0,0.0,0.0681785516553864,0.6615297777656304,0.46851345020989676
M-1010,Cotton,0.5468112159539583,0.8960614995787701,0.99,0.21258712587125872,0.1963963963963964,0.0,0.0,1.0,0.0,0.0,0.0,0.0,0.0,0.17083578042987638,0.6102378084240873,0.5746434053005022
M-1382,Paper,0.009413549264984722,0.15206402695871946,0.51,0.13509635096350964,0.609009009009009,0.0,0.0,0.0,0.0,1.0,0.0,0.0,0.0,0.052821456142489356,0.06190476175393165,0.3394681224086966
M-0088,Aluminum,0.3605478596444266,0.36920808761583823,0.12,0.5694956949569495,0.6195195195195196,1.0,0.0,0.0,0.0,0.0,0.0,0.0,0.0,0.21668199564878526,0.9765411300481758,0.36607499971362656
M-1297,Glass,0.06469026746079548,0.08277169334456612,0.5,0.557810578105781,0.708008008008008,0.0,0.0,0.0,1.0,0.0,0.0,0.0,0.0,0.16287622185531164,0.7815411683114245,0.3882785093867206
M-1189,Glass,0.49693278904280713,0.9286015164279697,0.76,0.12279622796227962,0.3594594594594595,0.0,0.0,0.0,1.0,0.0,0.0,0.0,0.0,0.07865596223529801,0.5351404721089332,0.5346109534549607
M-0199,Steel,0.8739878203841264,0.05770850884582983,0.16,0.543460434604346,0.8831831831831832,0.0,0.0,0.0,0.0,0.0,0.0,1.0,0.0,0.06348531803636352,15.144606805075624,0.6625500831086055
M-1230,Glass,0.8419103705190836,0.40206402695871946,0.04,0.12361623616236161,0.7097097097097097,0.0,0.0,0.0,1.0,0.0,0.0,0.0,0.0,0.035884593080165034,2.0939656873103853,0.5616770611205464
M-0519,Cotton,0.5990764906645252,0.5008424599831509,0.81,0.2652726527265273,0.4851851851851852,0.0,0.0,1.0,0.0,0.0,0.0,0.0,0.0,0.13656629158884181,1.1961351969828635,0.6281861518213656
M-0917,Aluminum,0.5053871377902697,0.9275484414490311,0.11,0.4052890528905289,0.6432432432432432,1.0,0.0,0.0,0.0,0.0,0.0,0.0,0.0,0.14458960805824275,0.5448627482333951,0.42812782808908084
M-1485,Bamboo,0.6671128064422583,0.24673546756529063,0.5,0.15785157851578516,0.09679679679679679,0.0,1.0,0.0,0.0,0.0,0.0,0.0,0.0,0.1425720513461391,2.7037462804955212,0.44588416161594235
M-0383,Paper,0.0781190747061054,0.004317607413647853,0.66,0.1834768347683477,0.6717717717717717,0.0,0.0,0.0,0.0,1.0,0.0,0.0,0.0,0.060222276396938154,18.088950261889995,0.43077916141397365
M-1457,Wood,0.2778781592272859,0.49189132266217356,0.8,0.9302993029930299,0.12692692692692692,0.0,0.0,0.0,0.0,0.0,0.0,0.0,1.0,0.8122192713418626,0.5649166421695296,0.38922934176899243
M-0851,Bamboo,0.18936402774989403,0.09267059814658805,0.2,0.3501435014350143,0.6684684684684684,0.0,1.0,0.0,0.0,0.0,0.0,0.0,0.0,0.11608361128656333,2.0433879585237946,0.33628615164049813
M-0936,Aluminum,0.8620758883758282,0.5358045492839091,0.39,0.8023780237802378,0.7686686686686687,1.0,0.0,0.0,0.0,0.0,0.0,0.0,0.0,0.18561517647208503,1.608934229083613,0.6924309559509318
M-0844,Bamboo,0.10127372905931425,0.8401432181971357,0.31,0.490159901599016,0.8954954954954956,0.0,1.0,0.0,0.0,0.0,0.0,0.0,0.0,0.05122391764458182,0.12054326729360515,0.4021581402723744
M-1418,Bamboo,0.12351379687256014,0.1606992417860152,0.5,0.7439524395243952,0.6859859859859859,0.0,1.0,0.0,0.0,0.0,0.0,0.0,0.0,0.2336114917705734,0.7685974551116627,0.40520131454481984
M-0869,Bamboo,0.5566709049945348,0.49189132266217356,0.5,0.26240262402624026,0.971971971971972,0.0,1.0,0.0,0.0,0.0,0.0,0.0,0.0,0.007354628100835542,1.1316926069953128,0.6642599535894056
M-0395,Glass,0.26480626380244926,0.04823083403538332,0.92,0.595120951209512,0.9343343343343343,0.0,0.0,0.0,1.0,0.0,0.0,0.0,0.0,0.03907901341275675,5.490279793386769,0.66222280582128
M-0231,Wood,0.33228490486069284,0.2759056444818871,0.83,0.8113981139811399,0.1940940940940941,0.0,0.0,0.0,0.0,0.0,0.0,0.0,1.0,0.6539105320983141,1.204338175634284,0.44014219017250533
M-1148,Plastic,0.18550491869102592,0.8451979780960406,0.5,0.3271832718327183,0.4907907907907908,0.0,0.0,0.0,0.0,0.0,1.0,0.0,0.0,0.1666047351164202,0.21948076547478604,0.37143920471364755
M-0364,Plastic,0.5357915634968435,0.7412594776748105,0.09,0.24190241902419024,0.19129129129129127,0.0,0.0,0.0,0.0,0.0,1.0,0.0,0.0,0.19562859292256585,0.7228114537787272,0.2987040127861248
M-0766,Glass,0.004349862812019004,0.3341406908171861,0.41,0.7529725297252973,0.8212212212212212,0.0,0.0,0.0,1.0,0.0,0.0,0.0,0.0,0.13461550931825636,0.013018018797297816,0.37110631149117396
M-0028,Plastic,0.7217649289522406,0.5065290648694187,0.57,0.33025830258302585,0.45365365365365373,0.0,0.0,0.0,0.0,0.0,1.0,0.0,0.0,0.18043541696678228,1.4249202150287141,0.5958020676769924
M-0974,Glass,0.0981953646077316,0.019165964616680714,0.42,0.3644936449364493,0.7487487487487487,0.0,0.0,0.0,1.0,0.0,0.0,0.0,0.0,0.09157948436341219,5.123156773726898,0.38990277046771726
M-1436,Plastic,0.9386557808561422,0.5660278011794441,0.94,0.012300123001230016,0.14924924924924923,0.0,0.0,0.0,0.0,0.0,1.0,0.0,0.0,0.010464338877623014,1.6583180553714736,0.7022370871172317
M-0771,Steel,0.057262040197193775,0.2859098567818028,0.86,0.41594915949159494,0.36956956956956954,0.0,0.0,0.0,0.0,0.0,0.0,1.0,0.0,0.262227007655462,0.20027934875132836,0.3917756869497484
M-0229,Aluminum,0.4950143880077629,0.49189132266217356,0.05,0.7658876588765887,0.7717717717717718,1.0,0.0,0.0,0.0,0.0,0.0,0.0,0.0,0.17479718340726946,1.0063470503639749,0.44453728673463666
M-0572,Glass,0.15692966606437797,0.22872788542544226,0.94,0.4440344403444035,0.5324324324324324,0.0,0.0,0.0,1.0,0.0,0.0,0.0,0.0,0.20761610318805893,0.686094656442208,0.504501596155481
M-1186,Paper,0.8048361551674139,0.3894271272114574,0.35,0.5608856088560886,0.12182182182182182,0.0,0.0,0.0,0.0,1.0,0.0,0.0,0.0,0.49255750215159816,2.066712954019349,0.4634810086135121
M-1500,Bamboo,0.11213723259497199,0.8850042122999159,0.48,0.40590405904059035,0.7983983983983984,0.0,1.0,0.0,0.0,0.0,0.0,0.0,0.0,0.08183090839917405,0.12670799113550332,0.4283744125575083
M-0542,Plastic,0.12998282361863972,0.9815711878685762,0.08,0.6619516195161951,0.07787787787787788,0.0,0.0,0.0,0.0,0.0,1.0,0.0,0.0,0.6104002321304494,0.1324230914701133,0.09935649281081926
M-0116,Paper,0.5585446920520198,0.04380791912384162,0.35,0.9907749077490775,0.3035035035035035,0.0,0.0,0.0,0.0,1.0,0.0,0.0,0.0,0.690071252063872,12.74956568713994,0.41946892787185897
M-0330,Cotton,0.9503446429766447,0.6480623420387532,0.23,0.4372693726937269,0.7388388388388388,0.0,0.0,1.0,0.0,0.0,0.0,0.0,0.0,0.11419777711290625,1.4664378947695755,0.6707895088423096
M-0152,Glass,0.02340003122978429,0.07171440606571187,0.38,0.9671996719967199,0.1995995995995996,0.0,0.0,0.0,1.0,0.0,0.0,0.0,0.0,0.7741470047333106,0.3262901587469665,0.18323989237179358
M-1234,Aluminum,0.48158558076245284,0.9216512215669755,0.84,0.006150061500615006,0.4773773773773774,1.0,0.0,0.0,0.0,0.0,0.0,0.0,0.0,0.0032141612707418366,0.52252419024572,0.5878474455181943
M-0354,Cotton,0.9280599611858396,0.31771272114574556,0.17,0.6545715457154571,0.6138138138138138,0.0,0.0,1.0,0.0,0.0,0.0,0.0,0.0,0.25278648882584914,2.921057226735601,0.60636812861848
M-0529,Plastic,0.13979789868165698,0.49189132266217356,0.13,0.8228782287822878,0.758958958958959,0.0,0.0,0.0,0.0,0.0,1.0,0.0,0.0,0.19834742491569052,0.2842042704083201,0.3226068471603505
M-0299,Steel,0.8701733253028174,0.40732940185341193,0.85,0.25481754817548175,0.2052052052052052,0.0,0.0,0.0,0.0,0.0,0.0,1.0,0.0,0.20252766091224478,2.136283767043667,0.6646308916826885
M-0911,Glass,0.5996564723727943,0.44408171861836565,0.51,0.15149651496514965,0.038238238238238235,0.0,0.0,0.0,1.0,0.0,0.0,0.0,0.0,0.14570355513364944,1.3503260704187077,0.4043340604205892
M-1389,Bamboo,0.1849026299939771,0.29159646166807074,0.68,0.08179581795817957,0.5393393393393393,0.0,1.0,0.0,0.0,0.0,0.0,0.0,0.0,0.037680115539894136,0.6341023304395367,0.4397628537993926
M-1098,Wood,0.1949853889223494,0.20229570345408593,0.5,0.9805248052480526,0.4942942942942943,0.0,0.0,0.0,0.0,0.0,0.0,0.0,1.0,0.4958569885999161,0.9638584593475794,0.37628244385722803
M-0271,Wood,0.6968480224854446,0.6928180286436395,0.41,0.8341533415334154,0.5510510510510511,0.0,0.0,0.0,0.0,0.0,0.0,0.0,1.0,0.3744922659436804,1.0058153625625625,0.5670545243094932
M-1350,Steel,0.3942537196903789,0.6619629317607414,0.04,0.490159901599016,0.4773773773773774,0.0,0.0,0.0,0.0,0.0,0.0,1.0,0.0,0.2561686532781244,0.5955818750452359,0.3129147010893648
M-0130,Paper,0.2195899975462312,0.7987573715248526,0.23,0.2355473554735547,0.2656656656656657,0.0,0.0,0.0,0.0,1.0,0.0,0.0,0.0,0.1729705104858856,0.27491417351536185,0.2365356987181922
M-1245,Bamboo,0.7510093912422762,0.6593302443133952,0.07,0.9665846658466585,0.11671671671671671,0.0,1.0,0.0,0.0,0.0,0.0,0.0,0.0,0.8537680772203118,1.139047175027101,0.3564187715119255
M-1152,Steel,0.002007628990162616,0.09498736310025273,0.48,0.8825338253382534,0.22112112112112112,0.0,0.0,0.0,0.0,0.0,0.0,1.0,0.0,0.6873869564521471,0.02113552570690919,0.2111393879324014
M-1134,Bamboo,0.7607798523277343,0.2596882898062342,0.18,0.24395243952439521,0.8884884884884885,0.0,1.0,0.0,0.0,0.0,0.0,0.0,0.0,0.02720350526828591,2.929577314857252,0.6248584874776402
M-1249,Plastic,0.054027526824154015,0.1967144060657119,0.82,0.2189421894218942,0.9091091091091091,0.0,0.0,0.0,0.0,0.0,1.0,0.0,0.0,0.019899850650158146,0.27464817273186204,0.5403437434623943
M-0531,Aluminum,0.6172789935086663,0.05002106149957877,0.5,0.6512915129151292,0.5706706706706707,1.0,0.0,0.0,0.0,0.0,0.0,0.0,0.0,0.27961854843773665,12.340135032496898,0.5681127986046677
M-0652,Cotton,0.1650271029913672,0.7659014321819715,0.52,0.541410414104141,0.6910910910910911,0.0,0.0,1.0,0.0,0.0,0.0,0.0,0.0,0.16724650029283072,0.2154675270076153,0.4293381685238742
M-1217,Aluminum,0.18193580048629232,0.4553496208930076,0.97,0.5366953669536696,0.274974974974975,1.0,0.0,0.0,0.0,0.0,0.0,0.0,0.0,0.3891175718563993,0.3995510100095839,0.4462668126870094
M-1069,Steel,0.6238149412210846,0.804865206402696,0.89,0.6467814678146782,0.9066066066066066,0.0,0.0,0.0,0.0,0.0,0.0,1.0,0.0,0.06040511606317263,0.7750542093314989,0.7885079584704159
M-0188,Bamboo,0.9145419259854113,0.34056444818871107,0.16,0.8415334153341534,0.7668668668668669,0.0,1.0,0.0,0.0,0.0,0.0,0.0,0.0,0.19618932175307738,2.6853632124144715,0.6438768304542246
M-1337,Glass,0.10263445537486893,0.4541912384161752,0.77,0.46883968839688395,0.9513513513513514,0.0,0.0,0.0,1.0,0.0,0.0,0.0,0.0,0.022808417273361897,0.22597139865878826,0.557459187555353
M-0995,Paper,0.41450846550224185,0.7024010109519798,0.23,0.7564575645756458,0.46366366366366374,0.0,0.0,0.0,0.0,1.0,0.0,0.0,0.0,0.4057156787784094,0.5901299527039366,0.37390248529999587
M-0156,Plastic,0.8928372259028754,0.606044650379107,0.48,0.8956539565395655,0.4773773773773774,0.0,0.0,0.0,0.0,0.0,1.0,0.0,0.0,0.46808901972903616,1.473217777149903,0.6443481035743635
M-0120,Steel,0.9464855339177765,0.7294650379106993,0.07,0.16728167281672815,0.4773773773773774,0.0,0.0,0.0,0.0,0.0,0.0,1.0,0.0,0.08742518656417794,1.297504592028237,0.5428074267803238
M-1163,Plastic,0.9968993285596377,0.022430497051390053,0.53,0.490159901599016,0.5378378378378379,0.0,0.0,0.0,0.0,0.0,1.0,0.0,0.0,0.22653335992819384,44.441943677489014,0.7191110827752065
M-1441,Aluminum,0.2580472462022351,0.827190395956192,0.33,0.7898728987289872,0.8740740740740741,1.0,0.0,0.0,0.0,0.0,0.0,0.0,0.0,0.0994654761362428,0.3119559118527162,0.4644411207031163
M-0602,Cotton,0.5776394744473443,0.24052232518955347,0.6,0.9602296022960229,0.04204204204204204,0.0,0.0,1.0,0.0,0.0,0.0,0.0,0.0,0.9198595889862803,2.4015944149787294,0.42366840239155035
M-1034,Aluminum,0.6363960828927703,0.8828980623420388,0.29,0.7129971299712997,0.012812812812812813,1.0,0.0,0.0,0.0,0.0,0.0,0.0,0.0,0.7038616312089048,0.7208027622145415,0.34540227700095194
M-0596,Paper,0.4238774007896674,0.3573083403538332,0.35,0.23370233702337023,0.2678678678678679,0.0,0.0,0.0,0.0,1.0,0.0,0.0,0.0,0.17110099028918216,1.1863037231825897,0.3549113206762273
M-0679,Plastic,0.6383144839278146,0.7545282224094356,0.18,0.6133661336613366,0.6641641641641642,0.0,0.0,0.0,0.0,0.0,1.0,0.0,0.0,0.20599032817154994,0.8459771536607782,0.5085750428203751
M-0372,Cotton,0.9560552321042182,0.8922704296545915,0.53,0.9112341123411234,0.12242242242242242,0.0,0.0,1.0,0.0,0.0,0.0,0.0,0.0,0.7996786249143772,1.071484752654602,0.578148819568414
M-1439,Cotton,0.7882174485266233,0.06623841617523167,0.94,0.5420254202542025,0.5205205205205206,0.0,0.0,1.0,0.0,0.0,0.0,0.0,0.0,0.2598900663681311,11.899522882892718,0.7534431355668055
M-0767,Steel,0.6467019117089384,0.7330454928390902,0.52,0.12915129151291513,0.2852852852852853,0.0,0.0,0.0,0.0,0.0,0.0,1.0,0.0,0.0923063284686901,0.8822113167805509,0.500266350269161
M-0086,Glass,0.41729683909968995,0.38395113732097724,0.3,0.9450594505945059,0.15645645645645645,0.0,0.0,0.0,1.0,0.0,0.0,0.0,0.0,0.797198797813804,1.0868459855735537,0.30385567257681295
M-1027,Plastic,0.6875237011755784,0.8437236731255267,0.0,0.2529725297252972,0.3411411411411412,0.0,0.0,0.0,0.0,0.0,1.0,0.0,0.0,0.1666731922574481,0.8148673650003486,0.37735182281257373
M-1367,Aluminum,0.43877846929443,0.49189132266217356,0.46,0.19659696596965967,0.7316316316316317,1.0,0.0,0.0,0.0,0.0,0.0,0.0,0.0,0.05276040698344919,0.8920213816709199,0.5330008772072615
M-1089,Aluminum,0.9283945660175332,0.5974094355518113,0.04,0.45879458794587946,0.3832832832832833,1.0,0.0,0.0,0.0,0.0,0.0,0.0,0.0,0.2829462919253817,1.5540313840684774,0.4983428113919983
M-0682,Steel,0.5143322402908831,0.6613310867733783,0.55,0.3284132841328413,0.4603603603603604,0.0,0.0,0.0,0.0,0.0,0.0,1.0,0.0,0.1772248263023171,0.7777215873500051,0.5088410042244614
M-0493,Aluminum,0.7706172343795311,0.1958719460825611,0.76,0.8323083230832308,0.11971971971971972,1.0,0.0,0.0,0.0,0.0,0.0,0.0,0.0,0.7326646039233164,3.9342709128126017,0.5721628096677284
M-0024,Cotton,0.3955698320283745,0.6524852569502948,0.73,0.7796227962279623,0.16466466466466465,0.0,0.0,1.0,0.0,0.0,0.0,0.0,0.0,0.6512464699221566,0.606250059391685,0.4266273322107492
M-0205,Paper,0.41714069017823274,0.5806655433866892,0.23,0.7033620336203362,0.8200200200200201,0.0,0.0,0.0,0.0,1.0,0.0,0.0,0.0,0.1265910847296661,0.7183825121821114,0.4818622820772991
M-1374,Plastic,0.4161145686943719,0.8744734625105308,0.49,0.5393603936039361,0.6553553553553553,0.0,0.0,0.0,0.0,0.0,1.0,0.0,0.0,0.18588767118902425,0.47584530656246676,0.5100524340843553
M-0685,Aluminum,0.13694260411787013,0.7096672283066555,0.07,0.38724887248872486,0.02282282282282282,1.0,0.0,0.0,0.0,0.0,0.0,0.0,0.0,0.3784107600835768,0.19296707765067891,0.08262388849399491
M-1305,Plastic,0.8499855004572933,0.14416596461668074,0.44,0.490159901599016,0.802002002002002,0.0,0.0,0.0,0.0,0.0,1.0,0.0,0.0,0.09705067921550087,5.895840997396891,0.7125948007835179
M-1147,Bamboo,0.6150929086082669,0.8257160909856782,0.15,0.49651496514965154,0.7066066066066066,0.0,1.0,0.0,0.0,0.0,0.0,0.0,0.0,0.14567421049585874,0.7449196768762723,0.5030191454252887
M-0847,Plastic,0.271966807200696,0.9774641954507162,0.75,0.04858548585485854,0.2094094094094094,0.0,0.0,0.0,0.0,0.0,1.0,0.0,0.0,0.0384112279561234,0.27823681954761587,0.3966095457031012
M-1191,Glass,0.05554440206116573,0.3420387531592249,0.34,0.26609266092660927,0.3636636636636637,0.0,0.0,0.0,1.0,0.0,0.0,0.0,0.0,0.16932442898002553,0.1623916563736641,0.2333168599235654
M-0009,Aluminum,0.8940641102857525,0.31708087615838243,0.43,0.41512915129151295,1.0,1.0,0.0,0.0,0.0,0.0,0.0,0.0,0.0,0.0,2.819663240036991,0.786625644114301
M-1224,Bamboo,0.5168306230341966,0.6999789385004213,0.71,0.9694546945469454,0.9065065065065065,0.0,1.0,0.0,0.0,0.0,0.0,0.0,0.0,0.09063770617686152,0.7383506220784147,0.6916842011656306
M-0940,Plastic,0.7644828124651454,0.49189132266217356,0.98,0.14247642476424766,0.8384384384384385,0.0,0.0,0.0,0.0,0.0,1.0,0.0,0.0,0.023018713670620188,1.5541669939625875,0.8513246565175897
M-1480,Cotton,0.2978206071962346,0.595513900589722,0.6,0.8070930709307094,0.5254254254254255,0.0,0.0,1.0,0.0,0.0,0.0,0.0,0.0,0.3830258507790283,0.5001060542755706,0.45675587050612143
M-0683,Bamboo,0.48747462580026324,0.07845408593091828,0.48,0.24559245592455925,0.1933933933933934,0.0,1.0,0.0,0.0,0.0,0.0,0.0,0.0,0.19809649748149136,6.213422877765977,0.39700786833812335
M-1185,Cotton,0.6758125320662964,0.7076663858466724,0.49,0.7742927429274293,0.2625625625625626,0.0,0.0,1.0,0.0,0.0,0.0,0.0,0.0,0.570992456170808,0.9549861214216281,0.49609378159528733
M-0731,Glass,0.8177295946820138,0.4378685762426284,0.16,0.6441164411644116,0.34314314314314315,0.0,0.0,0.0,1.0,0.0,0.0,0.0,0.0,0.42309230099308,1.8675186380816298,0.47803478081574846
M-0865,Paper,0.3310357134890361,0.19934709351305813,0.25,0.26711767117671176,0.24534534534534536,0.0,0.0,0.0,0.0,1.0,0.0,0.0,0.0,0.201581593894017,1.6605913187093102,0.2810178889992181
M-0963,Wood,0.780499230408887,0.17933866891322664,0.26,0.3989339893398934,0.23713713713713713,0.0,0.0,0.0,0.0,0.0,0.0,0.0,1.0,0.3043319252011339,4.352072439625898,0.46134083330469594
M-0302,Aluminum,0.5277164335586338,0.11099410278011794,0.69,0.3829438294382944,0.5276276276276276,1.0,0.0,0.0,0.0,0.0,0.0,0.0,0.0,0.18089208519712827,4.754411864494992,0.5763748617117419
M-1174,Bamboo,0.3536103861339758,0.0389637742207245,0.5,0.25953259532595324,0.4773773773773774,0.0,1.0,0.0,0.0,0.0,0.0,0.0,0.0,0.1356376056253055,9.075129862959612,0.4346573676668035
M-1029,Steel,0.2524035780410002,0.33371946082561077,0.24,0.8435834358343584,0.8979979979979981,0.0,0.0,0.0,0.0,0.0,0.0,1.0,0.0,0.08604719931083189,0.7563323429931869,0.44236083061579945
M-1494,Plastic,0.5053871377902697,0.05560235888795281,0.91,0.8618286182861827,0.41191191191191195,0.0,0.0,0.0,0.0,0.0,1.0,0.0,0.0,0.5068311443875199,9.08914763240622,0.5987284286896815
M-1205,Steel,0.9989292645385799,0.9420808761583824,0.45,0.906929069290693,0.8944944944944945,0.0,0.0,0.0,0.0,0.0,0.0,1.0,0.0,0.09568600991315221,1.0603423012573063,0.8029200541637803
M-1258,Glass,0.7764393584510026,0.46524852569502945,0.85,0.9153341533415335,0.25745745745745746,0.0,0.0,0.0,1.0,0.0,0.0,0.0,0.0,0.6796745494982477,1.6688665233803115,0.6428129806176383
M-0948,Cotton,0.132436592384394,0.8766849199663016,0.51,0.8421484214842149,0.6899899899899901,0.0,0.0,1.0,0.0,0.0,0.0,0.0,0.0,0.2610744405742355,0.1510650386508827,0.41297163395075465
M-1177,Bamboo,0.5053871377902697,0.5636057287278855,0.5,0.947929479294793,0.8539539539539539,0.0,1.0,0.0,0.0,0.0,0.0,0.0,0.0,0.13844135238149183,0.8967017461466028,0.608341041302294
M-1031,Bamboo,0.035334270226862086,0.45145324347093513,0.07,0.8267732677326773,0.4557557557557558,0.0,1.0,0.0,0.0,0.0,0.0,0.0,0.0,0.44996659225851515,0.0782676666303989,0.17186043481747157
M-0127,Plastic,0.5053871377902697,0.49189132266217356,0.17,0.490159901599016,0.1927927927927928,0.0,0.0,0.0,0.0,0.0,1.0,0.0,0.0,0.3956606052547012,1.027434490245875,0.3109926929539457
M-1033,Aluminum,0.459992415623815,0.8553074978938501,0.5,0.7617876178761788,0.8798798798798799,1.0,0.0,0.0,0.0,0.0,0.0,0.0,0.0,0.09150602016530672,0.5378087751454836,0.5979609302134901
M-0399,Cotton,0.850587789154342,0.4329191238416175,0.73,0.6246412464124641,0.4432432432432432,0.0,0.0,1.0,0.0,0.0,0.0,0.0,0.0,0.3477732344891017,1.9647684233443647,0.6922080886347097
M-1449,Wood,0.5454951036159629,0.9335509688289807,0.39,0.8085280852808528,0.5775775775775776,0.0,0.0,0.0,0.0,0.0,0.0,0.0,1.0,0.34154039238090084,0.5843221607686344,0.5084713147196585
M-1381,Wood,0.15962881170670773,0.7506318449873631,0.56,0.4100041000410004,0.778978978978979,0.0,0.0,0.0,0.0,0.0,0.0,0.0,1.0,0.09061952481386673,0.21265897538682185,0.4655452183763768
M-0548,Paper,0.10174217582368555,0.6225779275484415,0.15,0.9778597785977861,0.4877877877877878,0.0,0.0,0.0,0.0,1.0,0.0,0.0,0.0,0.5008717204289159,0.16342052601157017,0.23203320666581057
M-0027,Wood,0.2268843828771554,0.7438921651221567,0.82,0.16297662976629768,0.7373373373373374,0.0,0.0,0.0,0.0,0.0,0.0,0.0,1.0,0.0428078755262027,0.30499592349379645,0.5579549543520633
M-0807,Cotton,0.6100738361328604,0.6039385004212301,0.66,0.470069700697007,0.18858858858858857,0.0,0.0,1.0,0.0,0.0,0.0,0.0,0.0,0.3814199193042982,1.0101572023478373,0.49860611102972074
M-0001,Bamboo,0.11410024760757542,0.09393428812131423,0.9,0.3839688396883969,0.2874874874874875,0.0,1.0,0.0,0.0,0.0,0.0,0.0,0.0,0.2735826026928938,1.2146686286863657,0.40188634528927647
M-1223,Aluminum,0.2708737647504963,0.6099410278011795,0.53,0.6465764657646575,0.16156156156156157,1.0,0.0,0.0,0.0,0.0,0.0,0.0,0.0,0.5421145622867639,0.44409755747933466,0.315817974368667
M-0840,Steel,0.7171027682973076,0.2531592249368155,0.73,0.01742517425174252,0.07407407407407407,0.0,0.0,0.0,0.0,0.0,0.0,1.0,0.0,0.0161344206034653,2.8326044048834467,0.5280633295411453
M-1008,Steel,0.4864708113051819,0.2062973883740522,0.78,0.6625666256662566,0.8823823823823824,0.0,0.0,0.0,0.0,0.0,0.0,1.0,0.0,0.07792950802380892,2.3580931249115333,0.6933030392367874
M-0609,Paper,0.5053871377902697,0.03601516427969671,0.57,0.016195161951619515,0.1970970970970971,0.0,0.0,0.0,0.0,1.0,0.0,0.0,0.0,0.01300314254393795,14.032231024533894,0.43228398424523695
M-0781,Aluminum,0.3092640924401615,0.19903117101937656,0.27,0.6219762197621976,0.08448448448448449,1.0,0.0,0.0,0.0,0.0,0.0,0.0,0.0,0.5694288794739799,1.5538397177512244,0.23005098232140997
M-0267,Paper,0.178032077449865,0.019165964616680714,0.89,0.490159901599016,0.24134134134134133,0.0,0.0,0.0,0.0,1.0,0.0,0.0,0.0,0.3718640534753696,9.288485736282228,0.4106152333823484
M-0946,Bamboo,0.06520332820272592,0.5058972198820556,0.88,0.15272652726527267,0.6785785785785786,0.0,1.0,0.0,0.0,0.0,0.0,0.0,0.0,0.04908957748236141,0.12888625743321913,0.49365490485466396
M-0474,Paper,0.9439871511744629,0.45819292333614153,0.81,0.13817138171381713,0.3024024024024024,0.0,0.0,0.0,0.0,1.0,0.0,0.0,0.0,0.09638802394029947,2.060234985879401,0.7113155811905059
M-1272,Wood,0.5590800597827299,0.4693555181128896,0.44,0.2088970889708897,0.8424424424424425,0.0,0.0,0.0,0.0,0.0,0.0,0.0,1.0,0.03291331511913717,1.1911628755696966,0.6083647566458248
M-0411,Glass,0.8257378036538847,0.47251474304970514,0.51,0.18101681016810167,0.7304304304304304,0.0,0.0,0.0,1.0,0.0,0.0,0.0,0.0,0.048796623601871654,1.7475350097848978,0.702424250590683
M-0655,Wood,0.663097548461933,0.5227464195450716,0.99,0.0957359573595736,0.3637637637637638,0.0,0.0,0.0,0.0,0.0,0.0,0.0,1.0,0.0609106851829279,1.2684855508976076,0.6713681485139024
M-0288,Steel,0.7243079256731133,0.14290227464195449,0.79,0.8772037720377203,0.44884884884884885,0.0,0.0,0.0,0.0,0.0,0.0,1.0,0.0,0.48347186875272147,5.068518741000679,0.6613778249239
M-0281,Paper,0.033906622944968656,0.6771272114574558,0.67,0.5440754407544075,0.6671671671671672,0.0,0.0,0.0,0.0,1.0,0.0,0.0,0.0,0.18108617022106155,0.050074154895994934,0.41471279932813765
M-0550,Bamboo,0.5053871377902697,0.19018534119629316,0.5,0.16051660516605165,0.6398398398398398,0.0,1.0,0.0,0.0,0.0,0.0,0.0,0.0,0.057811686224970356,2.6573261497714746,0.5441068070680598
M-1491,Aluminum,0.7943741774297888,0.9046967144060657,0.98,0.16789667896678967,0.7107107107107107,1.0,0.0,0.0,0.0,0.0,0.0,0.0,0.0,0.04857071093233455,0.878054807457202,0.8249628841851286
M-0184,Glass,0.5244596131968146,0.2885425442291491,0.22,0.060475604756047546,0.12872872872872873,0.0,0.0,0.0,1.0,0.0,0.0,0.0,0.0,0.052690657036700485,1.8176099368222598,0.31440246389734444
M-0534,Aluminum,0.006580561689977463,0.79349199663016,0.06,0.10414104141041408,0.622922922922923,1.0,0.0,0.0,0.0,0.0,0.0,0.0,0.0,0.03926919949880178,0.008293156609981528,0.20750910155286786
M-0018,Aluminum,0.8768654219366928,0.7029275484414491,0.43,0.46760967609676096,0.23233233233233233,1.0,0.0,0.0,0.0,0.0,0.0,0.0,0.0,0.35896882942803404,1.24744602261624,0.5494458684743768
M-0077,Paper,0.3444422137455665,0.8215037910699243,0.47,0.07913079130791308,0.1971971971971972,0.0,0.0,0.0,0.0,1.0,0.0,0.0,0.0,0.06352642104999628,0.419282051048012,0.33793604465738575
M-1456,Steel,0.9183341140779406,0.8852148272957036,0.38,0.8177531775317752,0.2551551551551552,0.0,0.0,0.0,0.0,0.0,0.0,1.0,0.0,0.6090992386400339,1.0374126690475158,0.5578801921777228
M-1011,Steel,0.45287648620312737,0.20440185341196293,0.48,0.11705617056170561,0.6142142142142143,0.0,0.0,0.0,0.0,0.0,0.0,1.0,0.0,0.04515860674122256,2.215607456762745,0.5094148587455152
M-0671,Aluminum,0.31412701599411097,0.3254001684919966,0.1,0.490159901599016,0.19619619619619622,1.0,0.0,0.0,0.0,0.0,0.0,0.0,0.0,0.39399239337738723,0.9653530669538364,0.21450966525650325
M-1256,Plastic,0.7590622141917063,0.622893850042123,0.5,0.8072980729807298,0.3638638638638639,0.0,0.0,0.0,0.0,0.0,1.0,0.0,0.0,0.5135514768561099,1.2186040936770868,0.5627840448358418
M-1403,Aluminum,0.7115037141136318,0.8279275484414491,0.91,0.31816318163181634,0.10300300300300301,1.0,0.0,0.0,0.0,0.0,0.0,0.0,0.0,0.2853914184787494,0.8593781618631419,0.5885023865463537
M-1146,Wood,0.7326284324878984,0.996524852569503,0.08,0.27531775317753177,0.8494494494494494,0.0,0.0,0.0,0.0,0.0,0.0,0.0,1.0,0.041449239317217994,0.7351825651074125,0.5718862078299942
M-0060,Steel,0.11044190144772356,0.3454085930918281,0.05,0.8940139401394013,0.3166166166166166,0.0,0.0,0.0,0.0,0.0,0.0,1.0,0.0,0.6109542712043736,0.3197418475240851,0.15416174556407441
M-0244,Aluminum,0.5892391086127284,0.3866891322662173,0.05,0.2720377203772038,0.08328328328328329,1.0,0.0,0.0,0.0,0.0,0.0,0.0,0.0,0.24938152584729054,1.5238017716135204,0.27568062843007635
M-0612,Plastic,0.20823574025742264,0.2826453243470935,0.6,0.51640016400164,0.4540540540540541,0.0,0.0,0.0,0.0,0.0,1.0,0.0,0.0,0.281926576022517,0.7367360631292214,0.3995105123191853
M-1409,Bamboo,0.4488389212340226,0.6154170176916597,0.47,0.490159901599016,0.40250250250250247,0.0,1.0,0.0,0.0,0.0,0.0,0.0,0.0,0.29286931457903176,0.729323660229432,0.4412863192443598
M-1403,Aluminum,0.7115037141136318,0.8279275484414491,0.91,0.31816318163181634,0.10300300300300301,1.0,0.0,0.0,0.0,0.0,0.0,0.0,0.0,0.2853914184787494,0.8593781618631419,0.5885023865463537
M-0982,Cotton,0.6230341966137991,0.6080454928390902,0.07,0.9116441164411644,0.14104104104104104,0.0,0.0,1.0,0.0,0.0,0.0,0.0,0.0,0.7830648811993626,1.024648943709433,0.31252599095783196
M-1498,Aluminum,0.8313145508487809,0.41133108677337826,0.86,0.07052070520705206,0.5912912912912913,1.0,0.0,0.0,0.0,0.0,0.0,0.0,0.0,0.028822426362401756,2.021030154418248,0.7679132077268997
M-0202,Cotton,0.6643467398335898,0.9668281381634374,0.83,0.2359573595735957,0.47407407407407415,0.0,0.0,1.0,0.0,0.0,0.0,0.0,0.0,0.12409609281277996,0.6871397578020507,0.6569609181556582
M-1237,Aluminum,0.7274755180798144,0.3550968828980623,0.73,0.95079950799508,0.7845845845845847,1.0,0.0,0.0,0.0,0.0,0.0,0.0,0.0,0.20481687099153265,2.0486619411601796,0.7453655826073011
M-0180,Glass,0.25563809141404004,0.8887952822240944,0.12,0.7152521525215252,0.6385385385385386,0.0,0.0,0.0,1.0,0.0,0.0,0.0,0.0,0.2585360883638866,0.2876228181044364,0.32981679812717757
M-1377,Paper,0.6338530861718977,0.0006318449873630935,0.55,0.8075030750307503,0.12682682682682683,0.0,0.0,0.0,0.0,1.0,0.0,0.0,0.0,0.705090022371695,1001.5929632515613,0.4565892825168072
M-0571,Wood,0.24481920185594142,0.9266006739679865,0.58,0.8427634276342763,0.24604604604604605,0.0,0.0,0.0,0.0,0.0,0.0,0.0,1.0,0.6354048185126495,0.26421191406610794,0.34574149455619035
M-0837,Aluminum,0.694572709629927,0.4082771693344566,0.39,0.7591225912259122,0.4176176176176177,1.0,0.0,0.0,0.0,0.0,0.0,0.0,0.0,0.44209962319843416,1.7012242186795477,0.5201143691372561
M-1435,Paper,0.6524125008365121,0.677653748946925,0.75,0.6933169331693316,0.2888888888888889,0.0,0.0,0.0,0.0,1.0,0.0,0.0,0.0,0.4930253746981913,0.9627505774147687,0.5726316670012714
M-0684,Paper,0.6661759129135157,0.5447556866048863,0.92,0.9885198851988519,0.2104104104104104,0.0,0.0,0.0,0.0,1.0,0.0,0.0,0.0,0.7805250104553096,1.2228870783860524,0.6055934882885294
M-0665,Aluminum,0.5299694394253719,0.22441027801179442,0.41,0.5157851578515785,0.4855855855855856,1.0,0.0,0.0,0.0,0.0,0.0,0.0,0.0,0.265327319939866,2.3615989540308138,0.48066345144582445
M-1200,Steel,0.43244328448102787,0.49189132266217356,0.85,0.5502255022550225,0.278978978978979,0.0,0.0,0.0,0.0,0.0,0.0,1.0,0.0,0.3967241534277205,0.8791421710763828,0.5116710074861048
M-0645,Cotton,0.33505097146936136,0.15164279696714406,0.95,0.4620746207462075,0.2782782782782783,0.0,0.0,1.0,0.0,0.0,0.0,0.0,0.0,0.3334892908488645,2.2094604472476727,0.5025038720712279
M-1226,Wood,0.9410426286555578,0.8031802864363943,0.45,0.9249692496924969,0.15365365365365363,0.0,0.0,0.0,0.0,0.0,0.0,0.0,1.0,0.7828443449599661,1.1716441163997178,0.5575131475583193
M-0949,Wood,0.9635503803341585,0.10256950294860993,0.14,0.20643706437064369,0.3441441441441441,0.0,0.0,0.0,0.0,0.0,0.0,0.0,1.0,0.13539295753317893,9.394029985569226,0.5306633953769067
M-0095,Wood,0.14599924156238148,0.9420808761583824,0.16,0.9612546125461254,0.9101101101101101,0.0,0.0,0.0,0.0,0.0,0.0,0.0,1.0,0.08640707127791998,0.15497510912505458,0.3794327296579856
M-0225,Aluminum,0.02806219188471748,0.5335930918281382,0.27,0.005945059450594505,0.5469469469469469,1.0,0.0,0.0,0.0,0.0,0.0,0.0,0.0,0.002693427334673747,0.052590896927988934,0.25630896083797106
M-0538,Bamboo,0.3487251555912467,0.19703032855939345,0.58,0.8193931939319392,0.2835835835835836,0.0,1.0,0.0,0.0,0.0,0.0,0.0,0.0,0.5870267356327216,1.7698969912093265,0.3985651373115737
M-0840,Steel,0.7171027682973076,0.2531592249368155,0.73,0.01742517425174252,0.07407407407407407,0.0,0.0,0.0,0.0,0.0,0.0,1.0,0.0,0.0161344206034653,2.8326044048834467,0.5280633295411453
M-0161,Bamboo,0.5893060295790671,0.6886057287278855,0.04,0.6869618696186962,0.4163163163163163,0.0,1.0,0.0,0.0,0.0,0.0,0.0,0.0,0.400968434609271,0.8557947591766,0.3726173067265217
M-0564,Bamboo,0.8171719199625241,0.1628053917438922,0.88,0.2788027880278803,0.36276276276276276,0.0,1.0,0.0,0.0,0.0,0.0,0.0,0.0,0.1776635183769255,5.019286474010201,0.6996975968138386
M-1341,Bamboo,0.775346316000803,0.9518744734625106,0.04,0.45202952029520294,0.8633633633633634,0.0,1.0,0.0,0.0,0.0,0.0,0.0,0.0,0.061763793313608796,0.8145459543992964,0.5811475354093303
M-0046,Paper,0.8722255682705391,0.007687447346251056,0.66,0.13120131201312013,0.2856856856856857,0.0,0.0,0.0,0.0,1.0,0.0,0.0,0.0,0.09371897522779031,113.44625631023445,0.6325959330139214
M-0991,Plastic,0.8274554417899127,0.41596461668070767,0.72,0.9200492004920049,0.6042042042042043,0.0,0.0,0.0,0.0,0.0,1.0,0.0,0.0,0.3641516054800187,1.9892399963073435,0.7282434379772263
M-1379,Wood,0.882062950322336,0.7929654591406908,0.34,0.554530545305453,0.868068068068068,0.0,0.0,0.0,0.0,0.0,0.0,0.0,1.0,0.07316028615741614,1.112358461262278,0.7152456005493548
M-1296,Plastic,0.7223449106605099,0.15501263689974726,0.6,0.08261582615826157,0.1007007007007007,0.0,0.0,0.0,0.0,0.0,1.0,0.0,0.0,0.07429635457515736,4.659879769982274,0.4991481744744142
M-1164,Wood,0.3664815186597961,0.36057287278854255,0.2,0.3940139401394014,0.04914914914914915,0.0,0.0,0.0,0.0,0.0,0.0,0.0,1.0,0.37464849022864605,1.0163840098162578,0.22133735220866319
M-0113,Cotton,0.5231658078475987,0.29517691659646167,0.37,0.5424354243542435,0.9585585585585585,0.0,0.0,1.0,0.0,0.0,0.0,0.0,0.0,0.02247930587413983,1.7723744847851195,0.607833890706607
M-0444,Cotton,0.6200450601173348,0.49189132266217356,0.73,0.5924559245592456,0.17637637637637638,0.0,0.0,1.0,0.0,0.0,0.0,0.0,0.0,0.48796069542277004,1.2605300622737616,0.5199309369598468
M-0358,Cotton,0.7579022507751678,0.49189132266217356,0.05,0.490159901599016,0.24474474474474472,0.0,0.0,1.0,0.0,0.0,0.0,0.0,0.0,0.37019584159805563,1.5407889407041775,0.39158432373349056
M-1445,Glass,0.10818889558098552,0.3451979780960404,0.5,0.5604756047560476,0.377977977977978,0.0,0.0,0.0,1.0,0.0,0.0,0.0,0.0,0.3486281689643724,0.3134102429204917,0.3066689516257876
M-0327,Glass,0.3825648575698766,0.9793597304128054,0.43,0.490159901599016,0.5743743743743743,0.0,0.0,0.0,1.0,0.0,0.0,0.0,0.0,0.2086246147746763,0.3906271159234898,0.45433825534026295
M-0319,Bamboo,0.352740413571572,0.8038121314237574,0.67,0.490159901599016,0.15475475475475475,0.0,1.0,0.0,0.0,0.0,0.0,0.0,0.0,0.41430532623644556,0.4388338530210113,0.3885225918550552
M-0670,Bamboo,0.9341943831002253,0.30307497893850044,0.18,0.584460844608446,0.4773773773773774,0.0,1.0,0.0,0.0,0.0,0.0,0.0,0.0,0.30545245942949917,3.0823768560351335,0.5708909664533033
M-0350,Bamboo,0.34823440183809584,0.1338458298230834,0.03,0.7146371463714637,0.4773773773773774,0.0,1.0,0.0,0.0,0.0,0.0,0.0,0.0,0.37348553966020137,2.6017381382763154,0.29150697394845154
M-0977,Cotton,0.5081308974101586,0.24168070766638583,0.92,0.11808118081180813,0.095995995995996,0.0,0.0,1.0,0.0,0.0,0.0,0.0,0.0,0.10674586025139532,2.102479754535563,0.5080511577628622
M-0163,Aluminum,0.6233018804791541,0.4857834877843303,0.01,0.7359573595735958,0.2006006006006006,1.0,0.0,0.0,0.0,0.0,0.0,0.0,0.0,0.5883238712267003,1.2830831287389242,0.31250093237184184
M-0992,Paper,0.7331861072073881,0.4291280539174389,0.11,0.0914309143091431,0.16386386386386387,0.0,0.0,0.0,0.0,1.0,0.0,0.0,0.0,0.07644869141384107,1.708544552074182,0.3754336020421144
M-0790,Bamboo,0.5239242454661045,0.5189553496208931,0.09,0.8665436654366544,0.3938938938938939,0.0,1.0,0.0,0.0,0.0,0.0,0.0,0.0,0.525217406828723,1.0095728587748094,0.35473786635460997
M-0933,Aluminum,0.6401882709852996,0.3099199663016007,0.94,0.11295612956129561,0.6153153153153154,1.0,0.0,0.0,0.0,0.0,0.0,0.0,0.0,0.043452493083489384,2.065650086939579,0.7226699029887145
M-0577,Aluminum,0.17957125967565635,0.7291491154170177,0.02,0.6363263632636326,0.21461461461461462,1.0,0.0,0.0,0.0,0.0,0.0,0.0,0.0,0.4997614260426888,0.24627474628177962,0.14221288825464695
M-1451,Cotton,0.9772914854223829,0.611731255265375,0.3,0.5699056990569905,0.19129129129129127,0.0,0.0,1.0,0.0,0.0,0.0,0.0,0.0,0.46088770197011275,1.5975804398256308,0.5383039815563405
M-0849,Bamboo,0.08275892837225901,0.00831929233361415,0.41,0.19516195161951622,0.9981981981981982,0.0,1.0,0.0,0.0,0.0,0.0,0.0,0.0,0.00035164315607119677,9.946637095659641,0.455563030808363
M-1431,Aluminum,0.3032412054696736,0.7510530749789385,0.39,0.6545715457154571,0.006606606606606607,1.0,0.0,0.0,0.0,0.0,0.0,0.0,0.0,0.6502470490170367,0.4037541577524591,0.2402784641698514
M-1083,Steel,0.5814093555510941,0.169966301600674,0.65,0.5366953669536696,0.20620620620620622,0.0,0.0,0.0,0.0,0.0,0.0,1.0,0.0,0.4260254514457057,3.4207129846485045,0.4894256040822995
M-0580,Plastic,0.4968658680764684,0.029170176916596458,0.81,0.5334153341533415,0.5738738738738739,0.0,0.0,0.0,0.0,0.0,1.0,0.0,0.0,0.22730220995903652,17.032767292765097,0.6139085093927495
M-0728,Glass,0.7619621227330522,0.011373209772535808,0.36,0.14678146781467813,0.012612612612612614,0.0,0.0,0.0,1.0,0.0,0.0,0.0,0.0,0.14493017002242092,66.99033497455689,0.4165686328770047
M-0719,Cotton,0.8708425349662048,0.9474515585509689,0.95,0.9368593685936859,0.6146146146146146,0.0,0.0,1.0,0.0,0.0,0.0,0.0,0.0,0.3610519088173864,0.9191410452234873,0.8177213983708663
M-0321,Cotton,0.2942068750139419,0.40522325189553493,0.32,0.9760147601476015,0.3651651651651652,0.0,0.0,1.0,0.0,0.0,0.0,0.0,0.0,0.6196081690546635,0.726034716919626,0.32323229955512633
M-0656,Steel,0.47319815298132895,0.05465459140690816,0.68,0.6217712177121771,0.2168168168168168,0.0,0.0,0.0,0.0,0.0,0.0,1.0,0.0,0.48696076149950696,8.657817815169032,0.45832430623757664
M-0407,Wood,0.15597046554685584,0.8225568660488627,0.54,0.6752767527675277,0.4773773773773774,0.0,0.0,0.0,0.0,0.0,0.0,0.0,1.0,0.3529149075274537,0.18961640509993088,0.3676013994319556
M-0447,Glass,0.9739677440942247,0.6778643639427128,0.03,0.4460844608446084,0.13103103103103103,0.0,0.0,0.0,1.0,0.0,0.0,0.0,0.0,0.3876335540132178,1.4368159164074592,0.4378964069469992
M-0425,Cotton,0.6331838765085102,0.8905855096882898,0.87,0.9583845838458384,0.09669669669669669,0.0,0.0,1.0,0.0,0.0,0.0,0.0,0.0,0.8657119604229074,0.7109740262404469,0.5432825596124131
M-0389,Aluminum,0.4791764259742577,0.9511373209772536,0.67,0.013735137351373519,0.6695695695695696,1.0,0.0,0.0,0.0,0.0,0.0,0.0,0.0,0.004538507347035434,0.5037925771741849,0.593541441260574
M-1261,Bamboo,0.03051596065047177,0.33540438079191237,0.17,0.04858548585485854,0.4773773773773774,0.0,1.0,0.0,0.0,0.0,0.0,0.0,0.0,0.025391874038860503,0.09098232287872587,0.2064195974734019
M-1017,Plastic,0.7369336813223583,0.4744102780117944,0.86,0.981959819598196,0.2825825825825826,0.0,0.0,0.0,0.0,0.0,1.0,0.0,0.0,0.7044750777838108,1.5533645920281796,0.6375482473037181
M-1400,Steel,0.8281692654308594,1.0,0.13,0.8589585895858959,0.25235235235235237,0.0,0.0,0.0,0.0,0.0,0.0,1.0,0.0,0.6421983689306363,0.8281684372624223,0.4459734118780495
M-0406,Paper,0.7523478105690513,0.41670176916596463,0.01,0.12648626486264863,0.4773773773773774,0.0,0.0,0.0,0.0,1.0,0.0,0.0,0.0,0.06610458346825711,1.8054783078952994,0.4471523374408337
M-0149,Aluminum,0.009815075063017237,0.64606149957877,0.54,0.39237392373923735,0.32022022022022023,1.0,0.0,0.0,0.0,0.0,0.0,0.0,0.0,0.26672785947078687,0.015192144830285961,0.26199209609127294
M-0110,Bamboo,0.062727252448192,0.14216512215669758,0.83,0.49671996719967204,0.6343343343343344,0.0,1.0,0.0,0.0,0.0,0.0,0.0,0.0,0.18163343745549565,0.44122503657413614,0.4643912012795771
M-1022,Aluminum,0.7847821722545673,0.010004212299915757,0.4,0.928659286592866,0.7093093093093092,1.0,0.0,0.0,0.0,0.0,0.0,0.0,0.0,0.26995260943600435,78.43733333486338,0.6467056616946196
M-0996,Aluminum,0.4799348635927636,0.17175652906486938,0.05,0.6055760557605576,0.5997997997997998,1.0,0.0,0.0,0.0,0.0,0.0,0.0,0.0,0.24235165875182277,2.794258081178507,0.3869138853770454
M-0567,Plastic,0.5251734368377612,0.49189132266217356,0.72,0.11705617056170561,0.03913913913913914,0.0,0.0,0.0,0.0,0.0,1.0,0.0,0.0,0.11247469281499621,1.067659348687263,0.43781111647684623
M-0221,Glass,0.6629637065292555,0.22788542544229146,0.97,0.6863468634686347,0.1988988988988989,0.0,0.0,0.0,1.0,0.0,0.0,0.0,0.0,0.5498332280620104,2.9091847188464515,0.6158551522813719
M-0706,Steel,0.9312721675700997,0.6949241786015165,0.5,0.6213612136121361,0.9996996996996997,0.0,0.0,0.0,0.0,0.0,0.0,1.0,0.0,0.00018659495904265863,1.3401042245212835,0.8224187769379498
M-0329,Cotton,0.21584242343126103,0.3579401853411963,0.77,0.9120541205412054,0.5570570570570571,0.0,0.0,1.0,0.0,0.0,0.0,0.0,0.0,0.4039879362757591,0.6030108639929657,0.4844540864896215
M-0100,Steel,0.594414330009592,0.010109519797809594,0.07,0.6920869208692088,0.07157157157157157,0.0,0.0,0.0,0.0,0.0,0.0,1.0,0.0,0.6425531722784696,58.79166866755651,0.2802372034753083
M-0036,Steel,0.9086751879363804,0.2769587194608256,0.1,0.7088970889708898,0.4773773773773774,0.0,0.0,0.0,0.0,0.0,0.0,1.0,0.0,0.37048565580750903,3.2808929388914527,0.5366832883877654
M-0764,Plastic,0.015057217426219627,0.3530960404380792,0.63,0.5002050020500205,0.1128128128128128,0.0,0.0,0.0,0.0,0.0,1.0,0.0,0.0,0.44377546878571894,0.0426432841451701,0.2288667308143317
M-1194,Cotton,0.5053871377902697,0.9959983150800338,0.36,0.028700287002870025,0.16386386386386387,0.0,0.0,1.0,0.0,0.0,0.0,0.0,0.0,0.02399734708057791,0.5074171539461944,0.359314014275267
M-0050,Wood,0.9227732048450779,0.33898483572030325,0.57,0.023370233702337023,0.5271271271271272,0.0,0.0,0.0,0.0,0.0,0.0,0.0,1.0,0.011051149550534543,2.7221585907396344,0.6982474200761692
M-1209,Aluminum,0.6353699614089093,0.697451558550969,0.19,0.03731037310373103,0.15025025025025024,1.0,0.0,0.0,0.0,0.0,0.0,0.0,0.0,0.031704480207965235,0.9109866378997264,0.3562230596386388
M-1348,Bamboo,0.5053871377902697,0.5528643639427128,0.26,0.24928249282492826,0.19109109109109107,0.0,1.0,0.0,0.0,0.0,0.0,0.0,0.0,0.20164682928110564,0.9141233485602062,0.3374821824434352
M-0094,Aluminum,0.9614981373664369,0.3548862679022747,0.41,0.490159901599016,0.08528528528528527,1.0,0.0,0.0,0.0,0.0,0.0,0.0,0.0,0.4483564745557366,2.7093058115322544,0.5331848405321603
M-0369,Glass,0.2633786165205559,0.8430918281381635,0.14,0.54920049200492,0.6930930930930932,0.0,0.0,0.0,1.0,0.0,0.0,0.0,0.0,0.16855342427298142,0.3123957501835067,0.3552793745361503
M-0062,Bamboo,0.8388543130562806,0.8745787700084247,0.46,0.6139811398113981,0.05195195195195195,0.0,1.0,0.0,0.0,0.0,0.0,0.0,0.0,0.5820836211365117,0.9591512882217708,0.48912731080809785
M-1478,Cotton,0.5053871377902697,0.09235467565290649,0.88,0.0863058630586306,0.1257257257257257,0.0,0.0,1.0,0.0,0.0,0.0,0.0,0.0,0.07545499579119916,5.472182778345196,0.5038725728338256
M-0569,Bamboo,0.07869905641437464,0.49189132266217356,0.41,0.9290692906929069,0.442942942942943,0.0,1.0,0.0,0.0,0.0,0.0,0.0,0.0,0.5175446048754782,0.1599924471039657,0.28736250544863273
M-1131,Plastic,0.6882821387940842,0.3684709351305813,0.2,0.5994259942599426,0.053853853853853856,0.0,0.0,0.0,0.0,0.0,1.0,0.0,0.0,0.5671445943688666,1.8679363967032296,0.35146901167378986
M-0727,Glass,0.8076914497312007,0.8393007582139849,0.42,0.046125461254612546,0.6678678678678679,0.0,0.0,0.0,1.0,0.0,0.0,0.0,0.0,0.015319747792072513,0.9623373736878018,0.6494369402528406
M-0743,Plastic,0.22489906087577238,0.5529696714406066,0.57,0.4577695776957769,0.33693693693693694,0.0,0.0,0.0,0.0,0.0,1.0,0.0,0.0,0.30353009836404665,0.4067106493909746,0.36204070543139
M-0816,Steel,0.42211514867608024,0.2674810446503791,0.9,0.7935629356293562,0.8947947947947947,0.0,0.0,0.0,0.0,0.0,0.0,1.0,0.0,0.08348695148613151,1.578106482727913,0.7072844979088705
M-1278,Bamboo,0.981797497155859,0.7595829823083403,0.05,0.8351783517835178,0.22762762762762764,0.0,1.0,0.0,0.0,0.0,0.0,0.0,0.0,0.6450686849210834,1.2925463411856344,0.4760072871506319
M-0407,Wood,0.15597046554685584,0.8225568660488627,0.54,0.6752767527675277,0.4773773773773774,0.0,0.0,0.0,0.0,0.0,0.0,0.0,1.0,0.3529149075274537,0.18961640509993088,0.3676013994319556
M-0035,Wood,0.17905819893372593,0.14005897219882057,0.8,0.4585895858958589,0.7297297297297297,0.0,0.0,0.0,0.0,0.0,0.0,0.0,1.0,0.12394313132320511,1.2784394864761637,0.5305421984924092
M-0300,Cotton,0.01811327488902273,0.06602780117944397,0.2,0.13243132431324314,0.4873873873873874,0.0,0.0,1.0,0.0,0.0,0.0,0.0,0.0,0.06788596714795977,0.2743238490699985,0.21346152617182532
M-0663,Steel,0.2675500234223382,0.7296756529064871,0.67,0.7097170971709718,0.25415415415415415,0.0,0.0,0.0,0.0,0.0,0.0,1.0,0.0,0.5293395486507418,0.36666929434650075,0.3842662556151816
M-0167,Cotton,0.5053871377902697,0.38437236731255264,0.73,0.35116851168511687,0.3795795795795796,0.0,0.0,1.0,0.0,0.0,0.0,0.0,0.0,0.21787211565809353,1.3148339109023517,0.5350287289899818
M-0788,Cotton,0.6804746927212295,0.9808340353833194,0.62,0.8737187371873719,0.3511511511511512,0.0,0.0,1.0,0.0,0.0,0.0,0.0,0.0,0.5669113968416962,0.6937707852730747,0.5635352224338371
M-0637,Aluminum,0.7731825380891834,0.5071609098567819,0.96,0.5645756457564576,0.0945945945945946,1.0,0.0,0.0,0.0,0.0,0.0,0.0,0.0,0.511169841428144,1.5245280117892201,0.6256513936140518
M-1356,Paper,0.31472930469115973,0.18291912384161751,0.11,0.1133661336613366,0.6048048048048048,0.0,0.0,0.0,0.0,1.0,0.0,0.0,0.0,0.044801751320816506,1.720583269250736,0.3403331633179053
M-1318,Cotton,0.2563742220437663,0.6675442291491155,0.34,0.5588355883558835,0.3335335335335336,0.0,0.0,1.0,0.0,0.0,0.0,0.0,0.0,0.37244517990725445,0.38405520831982115,0.30460974887756664
M-0226,Plastic,0.2600325682036182,0.8703664700926707,0.9,0.40713407134071344,0.43623623623623625,0.0,0.0,0.0,0.0,0.0,1.0,0.0,0.0,0.22952743641550533,0.2987618185867307,0.5048838981523182
M-0107,Wood,0.03346048316937697,0.9028011794439765,0.35,0.16605166051660514,0.6284284284284284,0.0,0.0,0.0,0.0,0.0,0.0,0.0,1.0,0.06170007646022406,0.03706291802483776,0.30691272179627926
M-1253,Cotton,0.9064667960472015,0.9976832350463354,0.85,0.47273472734727345,0.09569569569569569,0.0,0.0,1.0,0.0,0.0,0.0,0.0,0.0,0.4274960487342611,0.9085708325391174,0.6462954271275893
M-1390,Aluminum,0.8582167793169599,0.20766638584667224,0.93,0.44792947929479293,0.287987987987988,1.0,0.0,0.0,0.0,0.0,0.0,0.0,0.0,0.31893116979217834,4.132650756968694,0.7086831081231805
M-0908,Glass,0.3034642753574695,0.06402695871946082,0.55,0.7226322263222632,0.6698698698698698,0.0,0.0,0.0,1.0,0.0,0.0,0.0,0.0,0.2385626709119944,4.739558802539706,0.48734667110394875
M-1284,Aluminum,0.9724731758459924,0.49189132266217356,0.6,0.005330053300533006,0.10920920920920921,1.0,0.0,0.0,0.0,0.0,0.0,0.0,0.0,0.004747962394538861,1.9770041755944963,0.6017520331011598
M-0111,Cotton,0.7752570880456847,0.011689132266217359,0.81,0.602091020910209,0.07177177177177177,0.0,0.0,1.0,0.0,0.0,0.0,0.0,0.0,0.5588778815716084,66.3172212589977,0.5746343667498054
M-1166,Plastic,0.7215864730420041,0.5664490311710194,0.92,0.4227142271422714,0.24484484484484484,0.0,0.0,0.0,0.0,0.0,1.0,0.0,0.0,0.31921482778391347,1.2738748933427928,0.6380880426702551
M-0454,Wood,0.3215998572352718,0.016954507160909862,0.96,0.24948749487494876,0.11251251251251251,0.0,0.0,0.0,0.0,0.0,0.0,0.0,1.0,0.22141702998611568,18.967280316846278,0.45039369664786244
M-1046,Glass,0.08188895580985522,0.06655433866891322,0.32,0.8813038130381303,0.0005005005005005005,0.0,0.0,0.0,1.0,0.0,0.0,0.0,0.0,0.8808627200386117,1.2303889882856844,0.12890573247409226
M-0587,Wood,0.1970599388788507,0.9936815501263689,0.6,0.8866338663386634,0.04964964964964965,0.0,0.0,0.0,0.0,0.0,0.0,0.0,1.0,0.8426128055074344,0.19831276986175325,0.27371887044643517
M-1242,Paper,0.15628276338977004,0.6070977253580455,0.57,0.2964329643296433,0.4773773773773774,0.0,0.0,0.0,0.0,1.0,0.0,0.0,0.0,0.1549225732497565,0.257425616068622,0.3767263185691212
M-0561,Paper,0.07718218117736286,0.2474726200505476,0.28,0.16338663386633867,0.9676676676676677,0.0,0.0,0.0,0.0,1.0,0.0,0.0,0.0,0.005282670944827569,0.3118804386568478,0.4051731727712454
M-0886,Steel,0.2323049811505945,0.6169966301600674,0.95,0.09881098810988109,0.04364364364364364,0.0,0.0,0.0,0.0,0.0,0.0,1.0,0.0,0.09449851655673713,0.3765087089399804,0.39101508555333087
M-0805,Wood,0.22572441946061694,0.6570134793597304,0.46,0.8480934809348094,0.4773773773773774,0.0,0.0,0.0,0.0,0.0,0.0,0.0,1.0,0.44323283923529927,0.3435607989653264,0.37150298099746004
M-0680,Plastic,0.867987240402418,0.3933235046335299,0.8,0.8925789257892578,0.6662662662662663,0.0,0.0,0.0,0.0,0.0,1.0,0.0,0.0,0.2978836975556942,2.206796754784305,0.7870747760408471
M-0342,Paper,0.6488879966093376,0.8043386689132266,0.34,0.523780237802378,0.9239239239239239,0.0,0.0,0.0,0.0,1.0,0.0,0.0,0.0,0.03984714521819896,0.8067337987769202,0.6387323758209122
M-0870,Wood,0.7301969707109237,0.21451137320977254,0.86,0.6711767117671177,0.4382382382382382,0.0,0.0,0.0,0.0,0.0,0.0,0.0,1.0,0.37704141205576225,3.4039853262770117,0.6815502597558409
M-1292,Steel,0.5601284882553704,0.8093934288121315,0.59,0.8046330463304633,0.26836836836836836,0.0,0.0,0.0,0.0,0.0,0.0,1.0,0.0,0.588694988551487,0.6920340297837432,0.4815619058126587
M-0469,Steel,0.6537732271520666,0.8474094355518114,0.69,0.08958589585895858,0.9384384384384384,0.0,0.0,0.0,0.0,0.0,0.0,1.0,0.0,0.0055150476429689215,0.7714953695682857,0.7500408223923583
M-0428,Aluminum,0.1041513306118807,0.058129738837405215,0.81,0.16338663386633867,0.770970970970971,1.0,0.0,0.0,0.0,0.0,0.0,0.0,0.0,0.03742028211072901,1.7916739524539254,0.5159518235360436
M-1135,Glass,0.1574427268063084,0.033698399326032,0.11,0.490159901599016,0.1046046046046046,0.0,0.0,0.0,1.0,0.0,0.0,0.0,0.0,0.43888691889921905,4.67197427714053,0.12735847210390475
M-0104,Paper,0.8982355171875349,0.8740522325189554,0.94,0.490159901599016,0.7818818818818819,0.0,0.0,0.0,0.0,1.0,0.0,0.0,0.0,0.10691275531373932,1.02766683282995,0.8758587714395786
M-0365,Bamboo,0.5919605612438377,0.31644903117101936,0.6,0.4192291922919229,0.5174174174174174,0.0,1.0,0.0,0.0,0.0,0.0,0.0,0.0,0.20231270631024628,1.8706288605922872,0.5720094497227602
M-0462,Steel,0.4498650427178835,0.5182181971356361,0.5,0.9688396883968841,0.17077077077077074,0.0,0.0,0.0,0.0,0.0,0.0,1.0,0.0,0.8033901880560348,0.8680979886589151,0.3811772483183847
M-0888,Wood,0.1497691226661313,0.7382055602358888,0.66,0.9335793357933578,0.6237237237237238,0.0,0.0,0.0,0.0,0.0,0.0,0.0,1.0,0.351283756080804,0.20288240545881034,0.4450247661835697
M-0378,Aluminum,0.40676794039572595,0.6873420387531592,0.95,0.490159901599016,0.2781781781781782,1.0,0.0,0.0,0.0,0.0,0.0,0.0,0.0,0.35380811315620664,0.5917975704440148,0.5311606296117438
M-1126,Cotton,0.5410783198376051,0.7783277169334457,0.64,0.03567035670356704,0.543943943943944,0.0,0.0,1.0,0.0,0.0,0.0,0.0,0.0,0.016267682196341483,0.6951796947302823,0.5716145111182253
M-0230,Steel,0.5958865912690445,0.7945450716090986,0.5,0.3015580155801558,0.03863863863863864,0.0,0.0,0.0,0.0,0.0,0.0,1.0,0.0,0.28990622438756924,0.7499710999291295,0.3999462280992094
M-0525,Plastic,0.47910950500791905,0.5467565290648695,0.6,0.024395243952439524,0.4304304304304305,0.0,0.0,0.0,0.0,0.0,1.0,0.0,0.0,0.013894788597535623,0.8762741792094747,0.5007729311322967
M-0371,Paper,0.8889111958776685,0.7892796967144061,0.29,0.490159901599016,0.9082082082082082,0.0,0.0,0.0,0.0,1.0,0.0,0.0,0.0,0.04499265563226201,1.1262294891766658,0.7150269408135299
M-0025,Paper,0.797095630060898,0.49189132266217356,0.66,0.46986469864698643,0.43003003003003004,0.0,0.0,0.0,0.0,1.0,0.0,0.0,0.0,0.2678087681777718,1.6204677189246048,0.6458472610333683
M-1346,Glass,0.7926342323049811,0.6450084245998315,0.44,0.2695776957769578,0.906006006006006,0.0,0.0,0.0,1.0,0.0,0.0,0.0,0.0,0.02533868431777411,1.2288723266279977,0.7208554947237943
M-1448,Cotton,0.8646188850967008,0.6681760741364786,0.06,0.3532185321853219,0.2896896896896897,0.0,0.0,1.0,0.0,0.0,0.0,0.0,0.0,0.25089476520390835,1.2939966343713523,0.45075446094558724
M-1291,Aluminum,0.8506324031319011,0.21061499578770004,0.76,0.1855268552685527,0.9804804804804805,1.0,0.0,0.0,0.0,0.0,0.0,0.0,0.0,0.0036213950728095777,4.038783473926333,0.8623971053969046
M-1182,Cotton,0.5603961721207255,0.9910488626790228,0.34,0.9415744157441573,0.7698698698698699,0.0,0.0,1.0,0.0,0.0,0.0,0.0,0.0,0.2166846428224041,0.5654570907318962,0.5571194298092512
M-0677,Paper,0.0017176381360280157,0.8070766638584668,0.24,0.7763427634276343,0.10050050050050051,0.0,0.0,0.0,0.0,1.0,0.0,0.0,0.0,0.6983199271432153,0.002128219145374874,0.10283720540456134
M-0616,Glass,0.12884516719088088,0.5803496208930076,0.67,0.44075440754407547,0.3733733733733734,0.0,0.0,0.0,1.0,0.0,0.0,0.0,0.0,0.27618844757016137,0.22201262918030812,0.3645500788883644
M-1173,Glass,0.6187289477793392,0.762636899747262,0.6,0.05453054530545305,0.1784784784784785,0.0,0.0,0.0,1.0,0.0,0.0,0.0,0.0,0.04479801654873405,0.8113010748408724,0.48103512265527926
M-0437,Cotton,0.5053871377902697,0.12436815501263689,0.13,0.4989749897498975,0.592992992992993,0.0,0.0,1.0,0.0,0.0,0.0,0.0,0.0,0.20308631714945777,4.063605141796761,0.4190527530140058
M-1359,Paper,0.2747328738093645,0.9275484414490311,0.77,0.9368593685936859,0.7428428428428429,0.0,0.0,0.0,0.0,1.0,0.0,0.0,0.0,0.2409200918836015,0.2961921613366214,0.5637460023765987
M-0547,Steel,0.16489326105868968,0.07308340353833191,0.14,0.13243132431324314,0.4773773773773774,0.0,0.0,0.0,0.0,0.0,0.0,1.0,0.0,0.06921160602997421,2.256203144248213,0.2511705176366891
M-0826,Paper,0.09284168730063128,0.8664700926705982,0.31,0.03136531365313654,0.16856856856856856,0.0,0.0,0.0,0.0,1.0,0.0,0.0,0.0,0.026078107627923133,0.10714920334442873,0.1807072454908231
M-1467,Plastic,0.8293292288473979,0.3401432181971356,0.44,0.08589585895858957,0.5631631631631632,0.0,0.0,0.0,0.0,0.0,1.0,0.0,0.0,0.037522475324853345,2.438169413089209,0.6326806404879082
M-1265,Wood,0.5053871377902697,0.8528854254422915,0.2,0.506970069700697,0.6775775775775775,0.0,0.0,0.0,0.0,0.0,0.0,0.0,1.0,0.1634585179685631,0.5925608881958521,0.4654281283893811
M-0927,Steel,0.07798523277342789,0.6644903117101938,0.05,0.560270602706027,0.7498498498498499,0.0,0.0,0.0,0.0,0.0,0.0,1.0,0.0,0.14015177539162774,0.11736080126122067,0.2711490480643261
M-0672,Wood,0.5059448125097593,0.7129317607413649,0.96,0.490159901599016,0.6905905905905907,0.0,0.0,0.0,0.0,0.0,0.0,0.0,1.0,0.15166008566992573,0.7096669424808549,0.6975551021810809
M-0607,Bamboo,0.900912355841085,0.22093513058129738,0.22,0.14063140631406315,0.9856856856856856,0.0,1.0,0.0,0.0,0.0,0.0,0.0,0.0,0.002013042152443559,4.077704961477898,0.7220706480421397
M-0341,Glass,0.9430948716232797,0.8228727885425443,0.73,0.3091430914309143,0.09079079079079079,0.0,0.0,0.0,1.0,0.0,0.0,0.0,0.0,0.28107574569239185,1.146099055231384,0.6234751858865492
M-0179,Aluminum,0.6326708157665796,0.3141322662173546,0.69,0.6804018040180402,0.6985985985985986,1.0,0.0,0.0,0.0,0.0,0.0,0.0,0.0,0.20507405724707894,2.014020429561328,0.6696479058862115
M-0841,Bamboo,0.6918512569988178,0.45040016849199666,0.58,0.490159901599016,0.191991991991992,0.0,1.0,0.0,0.0,0.0,0.0,0.0,0.0,0.39605312569642215,1.5360778465900262,0.5083381003971247
M-0043,Plastic,0.5045840861942046,0.20703454085930917,0.59,0.490159901599016,0.39869869869869873,0.0,0.0,0.0,0.0,0.0,1.0,0.0,0.0,0.2947337866772061,2.4371858285775883,0.49844324408729146
M-0552,Paper,0.9365589239108614,0.9082771693344567,0.94,0.09676096760967609,0.4305305305305306,0.0,0.0,0.0,0.0,1.0,0.0,0.0,0.0,0.055102416890034756,1.0311366666415944,0.7857827287235037
M-0857,Glass,0.06464565348323631,0.7237784330244315,0.85,0.491389913899139,0.18788788788788788,0.0,0.0,0.0,1.0,0.0,0.0,0.0,0.0,0.3990637008472187,0.08931678703980826,0.3372246277596609
M-0246,Wood,0.08869258738762853,0.4925231676495367,0.44,0.33148831488314884,0.58008008008008,0.0,0.0,0.0,0.0,0.0,0.0,0.0,1.0,0.13919854664012107,0.18007763519685624,0.34150105897907546
M-0594,Paper,0.7267170804613086,0.9513479359730415,0.83,0.012915129151291515,0.4895895895895896,0.0,0.0,0.0,0.0,1.0,0.0,0.0,0.0,0.006592016370614157,0.7638806887590839,0.6865637090614003
M-0721,Plastic,0.5659506123268421,0.3806866048862679,0.91,0.7908979089790898,0.8185185185185186,0.0,0.0,0.0,0.0,0.0,1.0,0.0,0.0,0.14353332422213103,1.4866536368997945,0.7449358004862925
M-0661,Cotton,0.20339512369225277,0.23051811288963775,0.08,0.4042640426404264,0.42442442442442446,0.0,0.0,1.0,0.0,0.0,0.0,0.0,0.0,0.23268450902727247,0.8823351831552001,0.23268537680422843
M-0634,Aluminum,0.2558834682906154,0.07118786857624262,0.5,0.996309963099631,0.5615615615615616,1.0,0.0,0.0,0.0,0.0,0.0,0.0,0.0,0.43682058442206045,3.594430890786901,0.42082185578471465
M-0703,Aluminum,0.8689910548974993,0.7146166807076664,0.83,0.7896678966789668,0.26796796796796796,1.0,0.0,0.0,0.0,0.0,0.0,0.0,0.0,0.5780621950363648,1.2160223268433006,0.6769868123493902
M-0045,Paper,0.014945682482321698,0.005475989890480197,0.03,0.7740877408774088,0.4676676676676677,0.0,0.0,0.0,0.0,1.0,0.0,0.0,0.0,0.41207193253113716,2.728813231570769,0.15527857329322897
M-0765,Steel,0.19329005777510094,0.621524852569503,0.5,0.490159901599016,0.60990990990991,0.0,0.0,0.0,0.0,0.0,0.0,1.0,0.0,0.1912065201733098,0.3109927881133247,0.4102889960830134
M-1354,Wood,0.5053871377902697,0.27874894692502106,0.33,0.8068880688806888,0.04724724724724725,0.0,0.0,0.0,0.0,0.0,0.0,0.0,1.0,0.768764828789429,1.8130483731579334,0.315329029290282
M-1039,Aluminum,0.06366414597693457,0.9021693344566134,0.49,0.9669946699466995,0.02422422422422422,1.0,0.0,0.0,0.0,0.0,0.0,0.0,0.0,0.9435699742382809,0.07056776702293159,0.17973292565804108
M-0214,Bamboo,0.38753931606772407,0.5696082561078349,0.58,0.31447314473144733,0.6425425425425425,0.0,1.0,0.0,0.0,0.0,0.0,0.0,0.0,0.11241077075435421,0.6803599343097007,0.5217784891898524
M-0360,Glass,0.1512413839255839,0.06276326874473463,0.58,0.4575645756457565,0.41611611611611615,0.0,0.0,0.0,1.0,0.0,0.0,0.0,0.0,0.2671645815557254,2.4096733213078614,0.3593313884050684
M-0981,Paper,0.3041780989984162,0.49189132266217356,0.12,0.5772857728577286,0.5278278278278279,0.0,0.0,0.0,0.0,1.0,0.0,0.0,0.0,0.2725782773343249,0.6183835058700896,0.31601958794771484
M-1387,Aluminum,0.07646835753641615,0.9211246840775064,0.6,0.9071340713407133,0.3963963963963964,1.0,0.0,0.0,0.0,0.0,0.0,0.0,0.0,0.5475493944128631,0.08301620382347503,0.32950626193348537
M-0509,Cotton,0.06121037721118025,0.7079823083403539,0.35,0.4358343583435834,0.720920920920921,0.0,0.0,1.0,0.0,0.0,0.0,0.0,0.0,0.12163225135754858,0.08645737334495765,0.3457604271607484
M-0586,Bamboo,0.6495795132615048,0.919966301600674,0.05,0.59430094300943,0.23413413413413414,0.0,1.0,0.0,0.0,0.0,0.0,0.0,0.0,0.4551548063028178,0.7060897839861103,0.34507204554484217
M-0883,Glass,0.6642128979009123,0.9331297388374052,0.8,0.5381303813038131,0.3257257257257258,0.0,0.0,0.0,1.0,0.0,0.0,0.0,0.0,0.362847472318567,0.7118111859957161,0.6034028768780827
M-1157,Plastic,0.9584866938811929,0.8583614153327718,0.97,0.32656826568265684,0.1303303303303303,0.0,0.0,0.0,0.0,0.0,1.0,0.0,0.0,0.28400651574083313,1.116645692728292,0.7134937766515763
M-0099,Wood,0.5008811260567936,0.5939342881213142,0.71,0.4481344813448135,0.5993993993993995,0.0,0.0,0.0,0.0,0.0,0.0,0.0,1.0,0.1795229423765709,0.8433260930515483,0.5931722702425373
M-1178,Cotton,0.47957795177229023,0.6248946925021063,0.23,0.490159901599016,0.8641641641641641,0.0,0.0,1.0,0.0,0.0,0.0,0.0,0.0,0.06658127992691343,0.7674528045665377,0.5200804299581653
M-0292,Glass,0.7905150683709206,0.49189132266217356,0.29,0.6486264862648626,0.39499499499499496,0.0,0.0,0.0,1.0,0.0,0.0,0.0,0.0,0.3924222705690521,1.607089665666195,0.5217045258468667
M-0922,Bamboo,0.8780923063195698,0.2603201347935973,0.88,0.6248462484624846,0.5617617617617617,0.0,1.0,0.0,0.0,0.0,0.0,0.0,0.0,0.27383151909597175,3.3731118566911187,0.7837654510563565
M-0308,Plastic,0.40023199268330767,0.29970513900589724,0.04,0.7353423534235343,0.24704704704704702,0.0,0.0,0.0,0.0,0.0,1.0,0.0,0.0,0.5536781964416241,1.335414729944629,0.2462069111874372
M-1260,Glass,0.48620312743982697,0.06244734625105307,0.43,0.490159901599016,0.039539539539539544,0.0,0.0,0.0,1.0,0.0,0.0,0.0,0.0,0.4707792047890449,7.785684595797092,0.3353431128377927
M-1262,Glass,0.059648887996609334,0.06708087615838247,0.71,0.7824928249282492,0.4484484484484485,0.0,0.0,0.0,1.0,0.0,0.0,0.0,0.0,0.43158513166713236,0.8891952851136182,0.3713940897331783
M-0468,Aluminum,0.6798500970354012,0.9746208930075821,0.5,0.490159901599016,0.7152152152152152,1.0,0.0,0.0,0.0,0.0,0.0,0.0,0.0,0.13959008208700704,0.6975526631537634,0.6365046033787252
M-1295,Paper,0.8601797943295634,0.8649957877000843,0.62,0.4932349323493235,0.45125125125125126,0.0,0.0,0.0,0.0,1.0,0.0,0.0,0.0,0.270662051965865,0.9944312008564462,0.6654472931072007
M-1049,Steel,0.06830399964308817,0.37563184498736313,0.12,0.7238622386223862,0.23363363363363363,0.0,0.0,0.0,0.0,0.0,0.0,1.0,0.0,0.5547436735628617,0.18183713313298264,0.13341168994732533
M-1207,Steel,0.6417720671886501,0.49189132266217356,0.36,0.6143911439114391,0.6697697697697699,0.0,0.0,0.0,0.0,0.0,0.0,1.0,0.0,0.202890528905289,1.3047003126930534,0.565639757806391
M-1247,Wood,0.9570367396105199,0.8633108677337827,0.12,0.36961869618696186,0.2095095095095095,0.0,0.0,0.0,0.0,0.0,0.0,0.0,1.0,0.29218006444328704,1.1085643269595813,0.48166754869706085
M-0003,Steel,0.6268709986838877,0.6694397641112046,0.31,0.6963919639196391,0.3044044044044044,0.0,0.0,0.0,0.0,0.0,0.0,1.0,0.0,0.48440718291066787,0.9364099593130761,0.4350697207948764
M-1416,Paper,0.9796114122554596,0.4383951137320977,0.98,0.7562525625256252,0.3633633633633634,0.0,0.0,0.0,0.0,1.0,0.0,0.0,0.0,0.4814580878541518,2.2345348910964495,0.7948535739111928
M-0921,Steel,0.378839590443686,0.6554338668913227,0.36,0.04920049200492005,0.7703703703703705,0.0,0.0,0.0,0.0,0.0,0.0,1.0,0.0,0.011297890756685339,0.5779973107633,0.4906469472885855
M-0738,Steel,0.6948850074728412,0.5050547598989048,0.35,0.9325543255432555,0.9621621621621622,0.0,0.0,0.0,0.0,0.0,0.0,1.0,0.0,0.03528583934487989,1.3758579995443152,0.6716026516377851
M-0536,Wood,0.5164514042249437,0.24210193765796123,0.6,0.9097990979909799,0.4773773773773774,0.0,0.0,0.0,0.0,0.0,0.0,0.0,1.0,0.47548159065174234,2.1331893335163787,0.5297937749031907
M-0217,Paper,0.7185527225679805,0.39532434709351305,0.31,0.7773677736777368,0.4773773773773774,0.0,0.0,0.0,0.0,1.0,0.0,0.0,0.0,0.4062699846217681,1.8176237062735292,0.5236343022404054
M-0632,Paper,0.3893461821588704,0.855412805391744,0.07,0.6256662566625666,0.17477477477477477,0.0,0.0,0.0,0.0,1.0,0.0,0.0,0.0,0.5163155775701901,0.4551553642281539,0.22917090529598058
M-0005,Glass,0.13656338530861717,0.8793176074136478,0.27,0.8630586305863058,0.0012012012012012014,0.0,0.0,0.0,1.0,0.0,0.0,0.0,0.0,0.8620219235225386,0.15530592001264817,0.13598571448380722
M-0489,Aluminum,0.9686586807646835,0.9631423757371524,0.7,0.03526035260352604,0.6623623623623623,1.0,0.0,0.0,0.0,0.0,0.0,0.0,0.0,0.01190522215532466,1.00572635930067,0.7961721810145821
M-0052,Wood,0.14988065761002922,0.5722409435551812,0.94,0.006765067650676509,0.11041041041041041,0.0,0.0,0.0,0.0,0.0,0.0,0.0,1.0,0.006018133754911124,0.26191833593822583,0.37507538616713476
M-1200,Steel,0.43244328448102787,0.49189132266217356,0.85,0.5502255022550225,0.278978978978979,0.0,0.0,0.0,0.0,0.0,0.0,1.0,0.0,0.3967241534277205,0.8791421710763828,0.5116710074861048
M-0970,Glass,0.2368556068616297,0.7327295703454086,0.92,0.14821648216482164,0.9862862862862862,0.0,0.0,0.0,1.0,0.0,0.0,0.0,0.0,0.002032598404062127,0.3232506141377125,0.6666281286305378
M-1385,Aluminum,0.7188650204108946,0.09382898062342039,0.96,0.6383763837638377,0.681981981981982,1.0,0.0,0.0,0.0,0.0,0.0,0.0,0.0,0.2030151923140853,7.661357442841277,0.7801406027589525
M-0608,Cotton,0.42008521269713806,0.0389637742207245,0.63,0.004715047150471503,0.9465465465465466,0.0,0.0,1.0,0.0,0.0,0.0,0.0,0.0,0.0002520355533885667,10.78115351875192,0.6409980490428192
M-1469,Paper,0.8728501639563675,0.4430286436394271,0.23,0.22796227962279625,0.2951951951951952,0.0,0.0,0.0,0.0,1.0,0.0,0.0,0.0,0.16066890999240324,1.970184560983379,0.5066986241411056
M-1307,Cotton,0.46081777420865955,0.2737994945240101,0.44,0.3640836408364083,0.3364364364364365,0.0,0.0,1.0,0.0,0.0,0.0,0.0,0.0,0.24159263814860366,1.6830421545065894,0.41725804061439475
M-0057,Cotton,0.9347074438421559,0.08708930075821399,0.43,0.4751947519475195,0.4773773773773774,0.0,0.0,1.0,0.0,0.0,0.0,0.0,0.0,0.24834752751931924,10.732623905354906,0.6460961907500756
M-0124,Bamboo,0.40705793124986056,0.4300758213984836,0.83,0.7814678146781469,0.3403403403403404,0.0,1.0,0.0,0.0,0.0,0.0,0.0,0.0,0.5155027926655643,0.9464772594026984,0.5139252746020463
M-1414,Cotton,0.8414196167659327,0.03496208930075821,0.47,0.7460024600246002,0.48118118118118125,0.0,0.0,1.0,0.0,0.0,0.0,0.0,0.0,0.38704011514589615,24.065940212774205,0.6219222010607275
M-1286,Wood,0.3476098061522675,0.12973883740522324,0.38,0.24764247642476422,0.0988988988988989,0.0,0.0,0.0,0.0,0.0,0.0,0.0,1.0,0.2231509081857585,2.679283503852094,0.2827135921305767
M-1059,Wood,0.17154074371500588,0.36973462510530747,0.25,0.5243952439524395,0.25705705705705706,0.0,0.0,0.0,0.0,0.0,0.0,0.0,1.0,0.38959574580730794,0.46395514001699983,0.22073341460311946
M-1066,Glass,0.9683240759329899,0.6619629317607414,0.93,0.9337843378433784,0.5162162162162163,0.0,0.0,0.0,1.0,0.0,0.0,0.0,0.0,0.45174972019990467,1.4628048893198284,0.8211944952380609
M-1021,Aluminum,0.4579624796448727,0.25336983993260315,0.01,0.3476834768347683,0.5042042042042042,1.0,0.0,0.0,0.0,0.0,0.0,0.0,0.0,0.17238000608234308,1.8074790286312787,0.33744625311921034
M-0808,Aluminum,0.4093555510941578,0.07697978096040438,0.68,0.48872488724887253,0.5082082082082082,1.0,0.0,0.0,0.0,0.0,0.0,0.0,0.0,0.24035088799336443,5.317633128517009,0.5202046829001256
M-1324,Wood,0.8779361573981127,0.9898904802021904,0.09,0.8813038130381303,0.6863863863863865,0.0,0.0,0.0,0.0,0.0,0.0,0.0,1.0,0.27638887349834446,0.8869014179400653,0.584090378875161
M-0377,Paper,0.08407504071025451,0.08930075821398482,0.68,0.43603936039360397,0.07037037037037036,0.0,0.0,0.0,0.0,1.0,0.0,0.0,0.0,0.4053551091066466,0.9414712811005798,0.25874112739521293
M-0628,Wood,0.5135514956835977,0.2047177759056445,0.84,0.6683066830668306,0.403003003003003,0.0,0.0,0.0,0.0,0.0,0.0,0.0,1.0,0.39897708286392175,2.508570566679703,0.57832149917434
M-0772,Steel,0.9347743648084945,0.4329191238416175,0.58,0.8532185321853218,0.5061061061061061,0.0,0.0,0.0,0.0,0.0,0.0,1.0,0.0,0.42139942320344126,2.1592305677859382,0.6997415777552296
M-0143,Paper,0.8301545874322426,0.4307076663858466,0.68,0.8679786797867979,0.9307307307307308,0.0,0.0,0.0,0.0,1.0,0.0,0.0,0.0,0.060124248890136525,1.9274155646744193,0.8152810541921163
M-0834,Paper,0.495438220794575,0.5878264532434709,0.77,0.25543255432554324,0.12012012012012012,0.0,0.0,0.0,0.0,1.0,0.0,0.0,0.0,0.2247499652173699,0.8428293337796364,0.4652113243538661
M-0391,Glass,0.824600147226126,0.29812552653748947,0.34,0.5715457154571546,0.9465465465465466,0.0,0.0,0.0,1.0,0.0,0.0,0.0,0.0,0.03055109229770975,2.7659402093574936,0.7158040228544144
M-1331,Wood,0.02404693390439222,0.4833614153327717,0.07,0.8817138171381714,0.31391391391391393,0.0,0.0,0.0,0.0,0.0,0.0,0.0,1.0,0.6049315818483509,0.049749283646385846,0.12479294773593107
M-0955,Glass,0.4379531107095853,0.49189132266217356,0.42,0.08692086920869208,0.04904904904904905,0.0,0.0,0.0,1.0,0.0,0.0,0.0,0.0,0.08265748323148896,0.8903434563469836,0.31589595899854883
M-0942,Steel,0.5012380378772668,0.9141743892165123,0.36,0.6418614186141861,0.8817817817817818,0.0,0.0,0.0,0.0,0.0,0.0,1.0,0.0,0.07587971325158696,0.5482952656457416,0.5730297496854413
M-0331,Aluminum,0.7861205915813424,0.12299915754001685,0.69,0.03628536285362853,0.3357357357357358,1.0,0.0,0.0,0.0,0.0,0.0,0.0,0.0,0.02410306985952742,6.391216135845892,0.6221689573532576
M-1428,Glass,0.642106672020344,0.3799494524010109,0.09,0.25051250512505124,0.7310310310310311,0.0,0.0,0.0,1.0,0.0,0.0,0.0,0.0,0.06738009021731858,1.6899747531887281,0.5031519781174469
M-1427,Bamboo,0.2770974146200004,0.17354675652906487,0.89,0.490159901599016,0.23603603603603604,0.0,1.0,0.0,0.0,0.0,0.0,0.0,0.0,0.3744645014017708,1.5966637665730563,0.448649776658811
M-0481,Paper,0.8942648731847687,0.7477885425442292,0.7,0.8212382123821238,0.00910910910910911,0.0,0.0,0.0,0.0,1.0,0.0,0.0,0.0,0.8137574639009653,1.1958777467550314,0.5704386820066403
M-0115,Bamboo,0.39904972227798974,0.5774010109519798,0.11,0.5135301353013529,0.5327327327327328,0.0,1.0,0.0,0.0,0.0,0.0,0.0,0.0,0.23995582298165316,0.6911124566747952,0.3524397087310157
M-1026,Wood,0.31336857837560506,0.8217144060657119,0.83,0.6517015170151701,0.025525525525525523,0.0,0.0,0.0,0.0,0.0,0.0,0.0,1.0,0.6350664933075756,0.3813590156182921,0.38200508900789965
M-0132,Steel,0.671217292377702,0.8579401853411963,0.73,0.502870028700287,0.2059059059059059,0.0,0.0,0.0,0.0,0.0,0.0,1.0,0.0,0.3993261198878255,0.7823581660912622,0.5492586887228526
M-0480,Paper,0.4076602199469094,0.48430918281381635,0.19,0.9239442394423943,0.42362362362362366,0.0,0.0,0.0,0.0,1.0,0.0,0.0,0.0,0.5325396327036342,0.8417337367932783,0.34715117506585086
M-0745,Glass,0.6025117669365813,0.1317396798652064,0.74,0.06867568675686757,0.8617617617617618,0.0,0.0,0.0,1.0,0.0,0.0,0.0,0.0,0.00949360594707048,4.573467873044647,0.721533235303161
M-1424,Bamboo,0.8557630105512056,0.11162594776748104,0.03,0.05965559655596554,0.29859859859859866,0.0,1.0,0.0,0.0,0.0,0.0,0.0,0.0,0.04184251902579084,7.666276178524205,0.4408847838000619
M-0125,Steel,0.02224006781324589,0.6732308340353834,0.04,0.482369823698237,0.8565565565565566,0.0,0.0,0.0,0.0,0.0,0.0,1.0,0.0,0.06919278852448182,0.03303478339688406,0.27786299409226534
M-0555,Aluminum,0.708536884605947,0.5216933445661331,0.83,0.490159901599016,0.040440440440440435,1.0,0.0,0.0,0.0,0.0,0.0,0.0,0.0,0.4703376192921088,1.3581456114790766,0.544546885974511
M-1306,Bamboo,0.6683396908251354,0.6242628475147431,0.66,0.7123821238212381,0.3977977977977978,0.0,1.0,0.0,0.0,0.0,0.0,0.0,0.0,0.4289980837746315,1.0706045103939026,0.5846752156693935
M-0937,Wood,0.9230408887104329,0.3569924178601516,0.5,0.7876178761787618,0.7477477477477478,0.0,0.0,0.0,0.0,0.0,0.0,0.0,1.0,0.19867838318022818,2.5855963794604873,0.7435406798084976
M-0303,Glass,0.9394142184746481,0.49189132266217356,0.82,0.9434194341943419,0.9306306306306306,0.0,0.0,0.0,1.0,0.0,0.0,0.0,0.0,0.06544441120086883,1.9097964639708922,0.9009548765790485
M-0906,Plastic,0.9372950545405876,0.6496419545071609,0.17,0.028700287002870025,0.7538538538538538,0.0,0.0,0.0,0.0,0.0,1.0,0.0,0.0,0.007064465039044785,1.4427849144483502,0.6520741779723912
M-0629,Bamboo,0.35738026723772554,0.5914069081718618,0.15,0.44628946289462895,0.5891891891891893,0.0,1.0,0.0,0.0,0.0,0.0,0.0,0.0,0.18334053610806375,0.6042872648464342,0.364708863651847
M-1076,Steel,0.5290994668629682,0.7521061499578771,0.16,0.1902419024190242,0.8573573573573574,0.0,0.0,0.0,0.0,0.0,0.0,1.0,0.0,0.02713660770241335,0.7034894787166978,0.5168469939523945
M-0201,Bamboo,0.5995672444176761,0.27032434709351305,0.02,0.2872078720787208,0.7532532532532532,0.0,1.0,0.0,0.0,0.0,0.0,0.0,0.0,0.07086760807548016,2.2179468217246723,0.4718028737430464
M-0108,Paper,0.4706328492716768,0.06644903117101938,0.55,0.9780647806478064,0.2752752752752753,0.0,0.0,0.0,0.0,1.0,0.0,0.0,0.0,0.7088277289179298,7.082507577166227,0.43583572229125334
M-0070,Wood,0.5053871377902697,0.49189132266217356,0.48,0.5785157851578516,0.7103103103103103,0.0,0.0,0.0,0.0,0.0,0.0,0.0,1.0,0.16759005828296522,1.027434490245875,0.559247948209201
M-0692,Wood,0.09103482120948495,0.601832350463353,0.83,0.23144731447314476,0.07497497497497498,0.0,0.0,0.0,0.0,0.0,0.0,0.0,1.0,0.21409455786249557,0.15126250670455035,0.3079064209762864
M-0012,Bamboo,0.30966561823819405,0.6021482729570345,0.73,0.8263632636326363,0.4773773773773774,0.0,1.0,0.0,0.0,0.0,0.0,0.0,0.0,0.4318761360786781,0.5142671961015384,0.4860794605084908
M-0017,Paper,0.762140578643289,0.5919334456613311,0.6,0.28823288232882327,0.975875875875876,0.0,0.0,0.0,0.0,1.0,0.0,0.0,0.0,0.006953365829954564,1.2875422003728763,0.7776189942200784
M-0228,Wood,0.04838385866291908,0.7908593091828138,0.55,0.6927019270192701,0.8285285285285287,0.0,0.0,0.0,0.0,0.0,0.0,0.0,1.0,0.118778618717118,0.06117876709846967,0.4329121020237262
M-0624,Plastic,0.4909322090610988,0.41965037910699243,0.4,0.8298482984829848,0.6046046046046046,0.0,0.0,0.0,0.0,0.0,1.0,0.0,0.0,0.32811819609687587,1.169857251764048,0.4977542650058209
M-0983,Paper,0.5258203395123693,0.24547177759056443,0.72,0.5526855268552685,0.0006006006006006007,0.0,0.0,0.0,0.0,1.0,0.0,0.0,0.0,0.5523535835958959,2.1420719017137198,0.4265083159851279
M-0751,Cotton,0.5053871377902697,0.6730202190395956,0.6,0.6471914719147192,0.5432432432432432,0.0,0.0,1.0,0.0,0.0,0.0,0.0,0.0,0.29560907771239875,0.750923037035087,0.5451278280890808
M-1030,Steel,0.8408396350576635,0.7919123841617524,0.23,0.1918819188191882,0.5185185185185185,0.0,0.0,0.0,0.0,0.0,0.0,1.0,0.0,0.0923875905425721,1.06178232604024,0.5608914095786209
M-1244,Bamboo,0.13263735528341028,0.8833192923336142,0.65,0.21484214842148422,0.31491491491491497,0.0,1.0,0.0,0.0,0.0,0.0,0.0,0.0,0.147185151531195,0.15015771338502834,0.34252941658783864
M-0698,Plastic,0.8380735684489949,0.5090564448188711,0.8,0.0032800328003280074,0.2560560560560561,0.0,0.0,0.0,0.0,0.0,1.0,0.0,0.0,0.0024401605377415165,1.6463241564951314,0.6520462441964148
M-0579,Plastic,0.6579892480314082,0.4289174389216512,0.09,0.3593685936859368,0.18908908908908909,0.0,0.0,0.0,0.0,0.0,1.0,0.0,0.0,0.29141591365863606,1.5340661261513184,0.34692242593929007
M-1096,Plastic,0.23837248209864148,0.7167228306655434,0.39,0.06949569495694957,0.614914914914915,0.0,0.0,0.0,0.0,0.0,1.0,0.0,0.0,0.026761755605544037,0.3325862374037304,0.39682346731393103
M-0277,Aluminum,0.8620981953646077,0.21082561078348777,0.4,0.6379663796637967,0.03993993993993994,1.0,0.0,0.0,0.0,0.0,0.0,0.0,0.0,0.6124860407763237,4.08913368270173,0.4768212601278251
M-0384,Steel,0.21778313145508488,0.16701769165964614,0.63,0.1851168511685117,0.16216216216216214,0.0,0.0,0.0,0.0,0.0,0.0,1.0,0.0,0.15509790233037468,1.3039446620674497,0.3247619012306826
M-1209,Aluminum,0.6353699614089093,0.697451558550969,0.19,0.03731037310373103,0.15025025025025024,1.0,0.0,0.0,0.0,0.0,0.0,0.0,0.0,0.031704480207965235,0.9109866378997264,0.3562230596386388
M-0314,Bamboo,0.4161368756831515,0.07297809604043808,0.25,0.27654776547765475,0.779079079079079,0.0,1.0,0.0,0.0,0.0,0.0,0.0,0.0,0.06109518702794636,5.70213798554819,0.4751784739969843
M-1486,Bamboo,0.5922505520979723,0.47114574557708505,0.01,0.5619106191061911,0.5483483483483483,0.0,1.0,0.0,0.0,0.0,0.0,0.0,0.0,0.25378785919991337,1.2570405243329295,0.4044047253436934
M-1005,Aluminum,0.9763545918936403,0.3372999157540017,0.86,0.3983189831898319,0.24724724724724723,1.0,0.0,0.0,0.0,0.0,0.0,0.0,0.0,0.29983571106982343,2.8946099648472625,0.7227160109316303
M-1218,Plastic,0.3603917107229695,0.6680707666385847,0.5,0.06703567035670356,0.03263263263263263,0.0,0.0,0.0,0.0,0.0,1.0,0.0,0.0,0.064848119952671,0.5394505930647047,0.30394647407897757
M-0779,Cotton,0.8028508331660309,0.6717565290648695,0.57,0.7193521935219352,0.6409409409409409,0.0,0.0,1.0,0.0,0.0,0.0,0.0,0.0,0.25828992173805626,1.1951497354762095,0.6844226155486947
M-1167,Steel,0.8863458921680163,0.3128685762426285,0.33,0.3833538335383354,0.6810810810810811,0.0,0.0,0.0,0.0,0.0,0.0,1.0,0.0,0.12225879015546912,2.8329564760258457,0.6578626811915309
M-0864,Plastic,0.32233598786499806,0.09140690817186183,0.11,0.543460434604346,0.39739739739739743,0.0,0.0,0.0,0.0,0.0,1.0,0.0,0.0,0.3274906723041204,3.526346837069651,0.28115361436521846
M-1015,Steel,0.14738227486671573,0.7930707666385848,0.54,0.8423534235342354,0.6598598598598598,0.0,0.0,0.0,0.0,0.0,0.0,1.0,0.0,0.28651821152846163,0.18583724836327473,0.41891086790464427
M-1012,Steel,0.8443418322960583,0.5080033698399327,0.99,0.8515785157851578,0.08758758758758758,0.0,0.0,0.0,0.0,0.0,0.0,1.0,0.0,0.7769908079461174,1.6620759237998333,0.6610130091946995
M-1092,Bamboo,0.43048026946842444,0.5790859309182814,0.95,0.6443214432144321,0.4773773773773774,0.0,1.0,0.0,0.0,0.0,0.0,0.0,0.0,0.3367369624647197,0.743377628615784,0.600405321000583
M-0878,Plastic,0.5346316000803052,0.08119208087615838,0.5,0.29745797457974577,0.4773773773773774,0.0,0.0,0.0,0.0,0.0,1.0,0.0,0.0,0.15545826679488015,6.5846940935245994,0.5070658532453353
M-1241,Steel,0.765196636106092,0.08456192080876158,0.98,0.6027060270602705,0.6552552552552553,0.0,0.0,0.0,0.0,0.0,0.0,1.0,0.0,0.20777973545501216,9.048843497690655,0.7966552310190134
M-0568,Cotton,0.7311561712284459,0.012110362257792759,0.04,0.5795407954079541,0.6553553553553553,0.0,0.0,1.0,0.0,0.0,0.0,0.0,0.0,0.1997356314904491,60.36944116323508,0.5010690750979849
M-1158,Aluminum,0.36610229985054316,0.9979991575400169,0.21,0.3120131201312013,0.7966966966966967,1.0,0.0,0.0,0.0,0.0,0.0,0.0,0.0,0.06343329799664361,0.36683591388698106,0.4484499289492263
M-1285,Bamboo,0.607620067367106,0.23262426284751475,0.17,0.07195571955719557,0.794994994994995,0.0,1.0,0.0,0.0,0.0,0.0,0.0,0.0,0.01475128264796161,2.6120123839060394,0.532546525445341
M-1075,Aluminum,0.6431327935042048,0.782329401853412,0.54,0.07790077900779008,0.45185185185185184,1.0,0.0,0.0,0.0,0.0,0.0,0.0,0.0,0.042701167752418265,0.8220731189540437,0.5548086729572375
M-0495,Steel,0.7606906243726159,0.6226832350463353,0.41,0.16051660516605165,0.2845845845845846,0.0,0.0,0.0,0.0,0.0,0.0,1.0,0.0,0.11483605376594307,1.2216314169508584,0.5126516251244218
M-0004,Bamboo,0.3329541145240804,0.8296124684077507,0.69,0.490159901599016,0.08638638638638639,0.0,1.0,0.0,0.0,0.0,0.0,0.0,0.0,0.44781675894837025,0.40133643823684306,0.3660975617255481
M-0524,Bamboo,0.5053871377902697,0.45987784330244313,0.48,0.7187371873718738,0.02322322322322322,0.0,1.0,0.0,0.0,0.0,0.0,0.0,0.0,0.7020457932307052,1.0989571387129407,0.35312182208307485
M-0082,Paper,0.4509357781793035,0.05949873631002528,0.81,0.31406314063140633,0.08888888888888889,0.0,0.0,0.0,0.0,1.0,0.0,0.0,0.0,0.28614641701972576,7.578786161835882,0.4500409779383881
M-0850,Wood,0.8943764081286667,0.43376158382476826,0.27,0.8745387453874539,0.2811811811811812,0.0,0.0,0.0,0.0,0.0,0.0,0.0,1.0,0.6286349079707013,2.061903081271707,0.5231049176058211
M-1206,Wood,0.9334359454817194,0.16743892165122154,0.75,0.18819188191881916,0.5301301301301301,0.0,0.0,0.0,0.0,0.0,0.0,0.0,1.0,0.08842569506776148,5.574751446826836,0.7574134172317268
M-0659,Paper,0.5053871377902697,0.3043386689132266,0.38,0.21750717507175074,0.17567567567567569,0.0,0.0,0.0,0.0,1.0,0.0,0.0,0.0,0.17929645512671347,1.6606022461513745,0.3688575578188106
M-0162,Aluminum,0.2658546922750898,0.1405855096882898,0.27,0.27080770807708077,0.9786786786786787,1.0,0.0,0.0,0.0,0.0,0.0,0.0,0.0,0.0057739781602020035,1.8910398505841433,0.4809454805136395
M-0726,Steel,0.6669120435432421,0.025168491996630155,0.48,0.9526445264452644,0.4974974974974975,0.0,0.0,0.0,0.0,0.0,0.0,1.0,0.0,0.4787062585340568,26.496841637985078,0.5600140666665461
M-1375,Glass,0.9846304847308662,0.24978938500421227,0.91,0.8181631816318163,0.28338338338338337,0.0,0.0,0.0,1.0,0.0,0.0,0.0,0.0,0.5863093310612786,3.94182700312609,0.7518672089073615
M-0633,Steel,0.9698855651475606,0.20713984835720306,0.57,0.3564985649856498,0.9878878878878878,0.0,0.0,0.0,0.0,0.0,0.0,1.0,0.0,0.004317950586913293,4.682251583111439,0.8553205924253906
M-0777,Aluminum,0.28271877579245575,0.9448188711036226,0.75,0.8747437474374744,0.5857857857857858,1.0,0.0,0.0,0.0,0.0,0.0,0.0,0.0,0.3623312939836105,0.2992303447875396,0.513823246052718
M-0576,Wood,0.3349394365254634,0.848357203032856,0.95,0.3589585895858958,0.19379379379379377,0.0,0.0,0.0,0.0,0.0,0.0,0.0,1.0,0.2893946426951757,0.3948089796598472,0.47711391274832343
M-1397,Glass,0.4577840237346361,0.48746840775063177,0.65,0.8987289872898729,0.30380380380380384,0.0,0.0,0.0,1.0,0.0,0.0,0.0,0.0,0.6256917023624691,0.9391030830981266,0.4692547506349956
M-0352,Aluminum,0.5053871377902697,0.054338668913226626,0.43,0.3132431324313243,0.2014014014014014,1.0,0.0,0.0,0.0,0.0,0.0,0.0,0.0,0.25015552658029083,9.30051926884772,0.39157527553652827
M-0392,Glass,0.5053871377902697,0.1054128053917439,0.13,0.8193931939319392,0.13253253253253253,0.0,0.0,0.0,1.0,0.0,0.0,0.0,0.0,0.7107969388002188,4.794316417210492,0.2809146148758676
M-1364,Wood,0.8941756452296505,0.7980202190395956,0.7,0.032595325953259535,0.6638638638638639,0.0,0.0,0.0,0.0,0.0,0.0,0.0,1.0,0.010956466922026578,1.1204910645180275,0.7668294172510194
M-0570,Bamboo,0.05735126815231212,0.35720303285593935,0.52,0.49507995079950795,0.9496496496496497,0.0,1.0,0.0,0.0,0.0,0.0,0.0,0.0,0.02492744897418941,0.16055604886029362,0.46383540215581975
M-1120,Wood,0.7255125030672109,0.6949241786015165,0.81,0.8300533005330053,0.008308308308308308,0.0,0.0,0.0,0.0,0.0,0.0,0.0,1.0,0.8231569617998482,1.0440152773385605,0.5356974937193768
M-0401,Cotton,0.7078230609650003,0.49189132266217356,0.12,0.7410824108241083,0.7705705705705705,0.0,0.0,1.0,0.0,0.0,0.0,0.0,0.0,0.1700261146755612,1.4389796879410246,0.5503003955571713
M-0978,Cotton,0.9972562403801111,0.35446503791069917,0.84,0.986469864698647,0.42482482482482486,0.0,0.0,1.0,0.0,0.0,0.0,0.0,0.0,0.5673929772330756,2.813404201593357,0.7783499435994918
M-0621,Paper,0.9718708871489437,0.8944818871103623,0.2,0.2078720787207872,0.6746746746746747,0.0,0.0,0.0,0.0,1.0,0.0,0.0,0.0,0.06762605163589173,1.0865170269367412,0.6511507572619799
M-0984,Steel,0.4244796894867162,0.05770850884582983,0.93,0.17138171381713818,0.8107107107107108,0.0,0.0,0.0,0.0,0.0,0.0,1.0,0.0,0.032440722805626446,7.355454897748444,0.6920050890078997
M-0842,Aluminum,0.9918133351178924,0.9579823083403538,0.21,0.7755227552275523,0.8406406406406407,1.0,0.0,0.0,0.0,0.0,0.0,0.0,0.0,0.12358680944166794,1.0353137956402882,0.7119175262393491
M-0487,Glass,0.8644181221976844,0.9917860151642799,0.06,0.6277162771627716,0.6136136136136137,0.0,0.0,0.0,1.0,0.0,0.0,0.0,0.0,0.24254102400883862,0.8715763656721216,0.5478513329631579
M-1412,Plastic,0.5053871377902697,0.5014743049705139,0.04,0.4399343993439934,0.12662662662662663,0.0,0.0,0.0,0.0,0.0,1.0,0.0,0.0,0.3842269904180523,1.0078006489671225,0.25214284310409585
M-0351,Paper,0.054830578420219045,0.6298441449031171,0.63,0.2654776547765478,0.00900900900900901,0.0,0.0,0.0,0.0,1.0,0.0,0.0,0.0,0.26308596419297525,0.08705406219913482,0.21363493407079032
M-0366,Bamboo,0.5053871377902697,0.10193765796124683,0.34,0.8386633866338664,0.9088088088088089,0.0,1.0,0.0,0.0,0.0,0.0,0.0,0.0,0.07647871323558075,4.9577574189999485,0.5767974977587504
M-1293,Paper,0.5221619933525172,0.14700926705981465,0.19,0.490159901599016,0.04084084084084084,0.0,0.0,0.0,0.0,1.0,0.0,0.0,0.0,0.4701413590712484,3.551874326845914,0.2781170495932591
M-0408,Cotton,0.8809922148609158,0.8506739679865207,0.85,0.8585485854858549,0.4620620620620621,0.0,0.0,1.0,0.0,0.0,0.0,0.0,0.0,0.46184585569579417,1.0356390490085228,0.746015504562985
M-0090,Plastic,0.6314439313837025,0.41912384161752314,0.68,0.002255022550225503,0.9687687687687687,0.0,0.0,0.0,0.0,0.0,1.0,0.0,0.0,7.042713069773354e-05,1.5065772025031468,0.7472082031841116
M-0257,Bamboo,0.691672801088581,0.8543597304128054,0.36,0.502460024600246,0.533933933933934,0.0,1.0,0.0,0.0,0.0,0.0,0.0,0.0,0.2341795670208954,0.8095793456639588,0.5448493006156125
M-0054,Paper,0.6057908942871801,0.2935973041280539,0.98,0.89339893398934,0.4773773773773774,0.0,0.0,0.0,0.0,1.0,0.0,0.0,0.0,0.46691049392976414,2.063332402706803,0.6795295709280853
M-0233,Paper,0.10377211180262774,0.9443976411120473,0.22,0.4444444444444445,0.9355355355355356,0.0,0.0,0.0,0.0,1.0,0.0,0.0,0.0,0.028650873095317518,0.1098816826763263,0.38816950538171174
M-0276,Paper,0.4727966271832964,0.2788542544229149,0.82,0.030545305453054537,0.4935935935935936,0.0,0.0,0.0,0.0,1.0,0.0,0.0,0.0,0.015468338367067359,1.6954911900861942,0.5831967289513966
M-0744,Steel,0.07024470766691204,0.3966933445661331,0.8,0.4973349733497334,0.5698698698698699,0.0,0.0,0.0,0.0,0.0,0.0,1.0,0.0,0.21391875680518563,0.17707514268633975,0.43905884402772577
M-1208,Wood,0.41961676593276676,0.6911331086773378,0.63,0.4036490364903649,0.8322322322322322,0.0,0.0,0.0,0.0,0.0,0.0,0.0,1.0,0.06771929781359877,0.6071423196516967,0.6065163760427763
M-0768,Cotton,0.8982132101987552,0.4046967144060657,0.9,0.5455104551045511,0.23923923923923926,0.0,0.0,1.0,0.0,0.0,0.0,0.0,0.0,0.4150029488282871,2.2194669705930337,0.7010570558512739
M-0739,Steel,0.38680318543799774,0.7187236731255265,0.78,0.6650266502665028,0.5996996996996997,0.0,0.0,0.0,0.0,0.0,0.0,1.0,0.0,0.26621036780938384,0.5381799177088246,0.568631184085109
M-1094,Bamboo,0.6120368511454638,0.15659224936815502,0.04,0.8243132431324313,0.464964964964965,0.0,1.0,0.0,0.0,0.0,0.0,0.0,0.0,0.44103646491920373,3.908449780657839,0.396304229947675
M-0735,Plastic,0.3225813647415735,0.5466512215669755,0.21,0.13981139811398113,0.4038038038038038,0.0,0.0,0.0,0.0,0.0,1.0,0.0,0.0,0.08335502374042758,0.5901034552039244,0.31317368703777054
M-1137,Bamboo,0.0061344219143857764,0.24347093513058127,0.34,0.5559655596555966,0.21001001001001002,0.0,1.0,0.0,0.0,0.0,0.0,0.0,0.0,0.43920722690710395,0.02519560174808527,0.16745677176875734
M-1081,Glass,0.9804813848178635,0.6207877000842461,0.8,0.033825338253382534,0.2005005005005005,0.0,0.0,0.0,1.0,0.0,0.0,0.0,0.0,0.02704334100398061,1.5794124227531914,0.6923427040772955
M-0700,Glass,0.6826161636440696,0.9333403538331929,0.73,0.8253382533825339,0.11621621621621622,0.0,0.0,0.0,1.0,0.0,0.0,0.0,0.0,0.7294205644759151,0.7313681761132669,0.5269113303224927
M-1264,Bamboo,0.13654107831983758,0.8172914911541702,0.64,0.7988929889298892,0.22122122122122123,0.0,1.0,0.0,0.0,0.0,0.0,0.0,0.0,0.6221609062937475,0.16706513249254987,0.3129827976943014
M-1111,Aluminum,0.5053871377902697,0.7965459140690818,0.63,0.06129561295612955,0.05515515515515516,1.0,0.0,0.0,0.0,0.0,0.0,0.0,0.0,0.05791484391320389,0.6344725324570639,0.4077014016626544
M-0465,Paper,0.6931004483704745,0.001368997472620044,0.64,0.6758917589175891,0.14744744744744745,0.0,0.0,0.0,0.0,1.0,0.0,0.0,0.0,0.5762332443144251,505.91366934784077,0.5134744135824241
M-0757,Plastic,0.579156349684356,0.9064869418702611,0.73,0.516810168101681,0.41521521521521526,0.0,0.0,0.0,0.0,0.0,1.0,0.0,0.0,0.3022227229279299,0.6389013277875971,0.5752271044383069
M-0318,Aluminum,0.10765352785027546,0.28117101937657957,0.98,0.7246822468224682,0.4978978978978979,1.0,0.0,0.0,0.0,0.0,0.0,0.0,0.0,0.3638644794856357,0.38287425643905504,0.4864307805094795
M-0923,Aluminum,0.8681433893238751,0.15954085930918277,0.73,0.05084050840508404,0.8834834834834835,1.0,0.0,0.0,0.0,0.0,0.0,0.0,0.0,0.005923758937289071,5.441477196536015,0.831302400774595
M-1236,Paper,0.07767293493051372,0.5930918281381635,0.15,0.4897498974989749,0.7825825825825826,0.0,0.0,0.0,0.0,1.0,0.0,0.0,0.0,0.10648015789467201,0.1309625260085247,0.31084394874698024
M-1488,Aluminum,0.18280577304869616,0.7514743049705139,0.66,0.0,0.7932932932932932,1.0,0.0,0.0,0.0,0.0,0.0,0.0,0.0,0.0,0.24326251553385245,0.5091102972074665
M-1473,Aluminum,0.09366704588547592,0.9358677337826454,0.5,0.8273882738827387,0.09749749749749749,1.0,0.0,0.0,0.0,0.0,0.0,0.0,0.0,0.7467199877203976,0.10008566640204693,0.21671606760343962
M-0979,Cotton,0.8138481786343662,0.49189132266217356,0.74,0.490159901599016,0.9344344344344345,0.0,0.0,1.0,0.0,0.0,0.0,0.0,0.0,0.03213761116590141,1.6545250680672008,0.8278696017840768
M-1316,Paper,0.7860536706150036,0.49189132266217356,0.04,0.35383353833538334,0.014714714714714715,0.0,0.0,0.0,0.0,1.0,0.0,0.0,0.0,0.3486269787622801,1.598019799050324,0.3308358826604159
M-0931,Bamboo,0.34417452988021147,0.1104675652906487,0.27,0.5922509225092251,0.9383383383383385,0.0,1.0,0.0,0.0,0.0,0.0,0.0,0.0,0.03651917600257076,3.115587941009914,0.5001713134535861
M-0055,Bamboo,0.4225166744741128,0.9321819713563606,0.26,0.490159901599016,0.4335335335335335,0.0,1.0,0.0,0.0,0.0,0.0,0.0,0.0,0.2776591474623455,0.45325508774241546,0.3770667298497052
M-0318,Aluminum,0.10765352785027546,0.28117101937657957,0.98,0.7246822468224682,0.4978978978978979,1.0,0.0,0.0,0.0,0.0,0.0,0.0,0.0,0.3638644794856357,0.38287425643905504,0.4864307805094795
M-0804,Aluminum,0.8843382631778536,0.28759477674810446,0.89,0.3921689216892169,0.4651651651651652,1.0,0.0,0.0,0.0,0.0,0.0,0.0,0.0,0.20974560045900761,3.0749348032061543,0.7602848548206911
M-0435,Paper,0.09966762586718417,0.3375105307497893,0.13,0.14104141041410415,0.2281281281281281,0.0,0.0,0.0,0.0,1.0,0.0,0.0,0.0,0.1088658974677835,0.29530139502425395,0.14730548878531208
M-0563,Bamboo,0.5464543041334851,0.6669123841617524,0.12,0.8206232062320623,0.30340340340340344,0.0,1.0,0.0,0.0,0.0,0.0,0.0,0.0,0.5716433325494416,0.8193782237858772,0.34560274267441504
M-0475,Glass,0.4180998906957549,0.398167649536647,0.58,0.12710127101271013,0.8957957957957958,0.0,0.0,0.0,1.0,0.0,0.0,0.0,0.0,0.013244486799222343,1.0500572839732665,0.6099786950170407
M-1162,Steel,0.8767538869927949,0.13016006739679864,0.55,0.3499384993849939,0.4131131131131131,0.0,0.0,0.0,0.0,0.0,0.0,1.0,0.0,0.20537431650592783,6.735915005367872,0.6396354887310519
M-0800,Glass,0.6323362109348859,0.26442712721145745,0.8,0.9364493644936449,0.7044044044044044,0.0,0.0,0.0,1.0,0.0,0.0,0.0,0.0,0.27681030764261594,2.3913349067787344,0.7042558056952757
M-0872,Cotton,0.05712819826451626,0.24768323504633527,0.76,0.11029110291102912,0.4773773773773774,0.0,0.0,1.0,0.0,0.0,0.0,0.0,0.0,0.0576406254553036,0.2306493114260141,0.39406449251901965
M-1054,Bamboo,0.2944299449017377,0.32129317607413643,0.5,0.7775727757277572,0.3153153153153153,0.0,1.0,0.0,0.0,0.0,0.0,0.0,0.0,0.5323921707685545,0.9163874319147323,0.36236657255528965
M-1013,Wood,0.09522853510004683,0.4194397641112047,0.75,0.15334153341533416,0.3916916916916917,0.0,0.0,0.0,0.0,0.0,0.0,0.0,1.0,0.09327892878528385,0.22703691021028005,0.3805989215475262
M-0029,Cotton,0.7195565370630618,0.6343723673125526,0.66,0.9403444034440345,0.9900900900900902,0.0,0.0,1.0,0.0,0.0,0.0,0.0,0.0,0.009318728322418264,1.13427923387039,0.7828496418522517
M-0119,Cotton,0.8618305114992527,0.34330244313395114,0.66,0.7718327183271834,0.5784784784784786,0.0,0.0,1.0,0.0,0.0,0.0,0.0,0.0,0.32534410178936624,2.510404508710334,0.7162757481432447
M-1310,Paper,0.5442682192330857,0.4597725358045492,0.35,0.490159901599016,0.5521521521521522,0.0,0.0,0.0,0.0,1.0,0.0,0.0,0.0,0.21951705703243218,1.1837745691053767,0.4883529333388799
M-0975,Paper,0.6915612661446832,0.16585930918281383,0.22,0.1022960229602296,0.9038038038038039,0.0,0.0,0.0,0.0,1.0,0.0,0.0,0.0,0.00984048829477283,4.169540437685025,0.6137656475990144
M-0093,Plastic,0.5053871377902697,0.08024431339511372,0.48,0.08774087740877408,0.12112112112112111,0.0,0.0,0.0,0.0,0.0,1.0,0.0,0.0,0.07711360396887251,6.298026843036089,0.3824911914524442
M-0812,Glass,0.23453568002855296,0.09214406065711879,0.29,0.3308733087330873,0.6642642642642642,0.0,0.0,0.0,1.0,0.0,0.0,0.0,0.0,0.11108599374282031,2.5452875971429902,0.38009355129070044
M-0103,Plastic,0.20747730263891678,0.6127843302443134,0.61,0.28495284952849526,0.9091091091091091,0.0,0.0,0.0,0.0,0.0,1.0,0.0,0.0,0.025899618355542903,0.33858072704873166,0.5387236537882995
M-1168,Aluminum,0.5920720961877356,0.6545914069081719,0.37,0.9157441574415744,0.12122122122122123,1.0,0.0,0.0,0.0,0.0,0.0,0.0,0.0,0.8047365323503085,0.9044897098398411,0.38419520484146064
M-0899,Bamboo,0.7817707287693234,0.7877000842459984,0.87,0.6240262402624026,0.31971971971971974,0.0,1.0,0.0,0.0,0.0,0.0,0.0,0.0,0.42451274562795677,0.9924713122842129,0.6696242074236454
M-1172,Glass,0.0,0.6240522325189555,0.74,0.46350963509635096,0.7126126126126126,0.0,0.0,0.0,1.0,0.0,0.0,0.0,0.0,0.1332068230592216,0.0,0.4357837837837838
M-0795,Aluminum,0.963371924423922,0.7382055602358888,0.4,0.6996719967199672,0.16676676676676677,1.0,0.0,0.0,0.0,0.0,0.0,0.0,0.0,0.5829899600297305,1.3050167477732564,0.5553787997995989
M-0339,Paper,0.991724107162774,0.2419966301600674,0.85,0.9288642886428864,0.30990990990990996,0.0,0.0,0.0,0.0,1.0,0.0,0.0,0.0,0.6410000406310369,4.098073631988901,0.7446626158380827
M-0155,Steel,0.41979522184300333,0.6774431339511373,0.84,0.3456334563345634,0.2625625625625626,0.0,0.0,0.0,0.0,0.0,0.0,1.0,0.0,0.2548830503320048,0.6196750415338046,0.49868685750597014
M-0732,Aluminum,0.11742398893573355,0.23504633529907326,0.47,0.013120131201312012,0.13813813813813813,1.0,0.0,0.0,0.0,0.0,0.0,0.0,0.0,0.011307740705034677,0.4995759206813545,0.22941103701573484
M-1438,Steel,0.7657543108255817,0.3875315922493681,0.36,0.34932349323493234,0.9368368368368368,0.0,0.0,0.0,0.0,0.0,0.0,1.0,0.0,0.02206437679992416,1.9759739597149466,0.6953527753812837
M-0758,Glass,0.5324009012023467,0.012110362257792759,0.02,0.06929069290692907,0.327027027027027,0.0,0.0,0.0,1.0,0.0,0.0,0.0,0.0,0.04663076360493335,43.958795870364334,0.3170684685890468
M-0696,Paper,0.174596801177809,0.10256950294860993,0.98,0.3392783927839278,0.7084084084084085,0.0,0.0,0.0,0.0,1.0,0.0,0.0,0.0,0.09893072654450265,1.7022125870367022,0.5763612429936461
M-1183,Cotton,0.5595708135358808,0.757055602358888,0.96,0.8817138171381714,0.5970970970970971,0.0,0.0,1.0,0.0,0.0,0.0,0.0,0.0,0.35524505645456855,0.7391399953350017,0.6909574545434815
M-1300,Plastic,0.07881059135827254,0.5636057287278855,0.52,0.4401394013940139,0.4773773773773774,0.0,0.0,0.0,0.0,0.0,1.0,0.0,0.0,0.23002680827609076,0.13983259485946095,0.3307374497565222
M-0892,Bamboo,0.841999598474202,0.9211246840775064,0.31,0.3593685936859368,0.3328328328328329,0.0,1.0,0.0,0.0,0.0,0.0,0.0,0.0,0.23975892661829515,0.9140984916922081,0.5296496892395307
M-0160,Paper,0.3779026969149435,0.4541912384161752,0.33,0.52460024600246,0.48338338338338344,0.0,0.0,0.0,0.0,1.0,0.0,0.0,0.0,0.27101720416603564,0.8320324852594073,0.3951760937809924
M-0390,Aluminum,0.5914251935131276,0.7028222409435552,0.56,0.04530545305453054,0.12622622622622623,1.0,0.0,0.0,0.0,0.0,0.0,0.0,0.0,0.039586716687987696,0.8414991978909614,0.44243794527311897
M-0733,Aluminum,0.5433313257043431,0.7051390058972199,0.55,0.9608446084460845,0.4397397397397398,1.0,0.0,0.0,0.0,0.0,0.0,0.0,0.0,0.5383230503976711,0.7705297120576905,0.5142544522036592
M-0914,Plastic,0.4956166767048116,0.502843302443134,0.83,0.37002870028700285,0.5007007007007007,0.0,0.0,0.0,0.0,0.0,1.0,0.0,0.0,0.18475507077393094,0.9856265136082757,0.5974568808921348
M-1309,Aluminum,0.6502264159361127,0.08235046335299075,0.56,0.7544075440754408,0.4773773773773774,1.0,0.0,0.0,0.0,0.0,0.0,0.0,0.0,0.3942704492109986,7.895748168420356,0.5713037795876583
M-0101,Bamboo,0.0640879787637467,0.6363732097725359,0.5,0.7324723247232473,0.2268268268268268,0.0,1.0,0.0,0.0,0.0,0.0,0.0,0.0,0.566327951567804,0.10070800761497571,0.2436832395535467
M-1215,Plastic,0.5708135358807914,0.17944397641112048,0.5,0.8111931119311193,0.5986986986986987,0.0,0.0,0.0,0.0,0.0,1.0,0.0,0.0,0.3255328514246103,3.180994794599428,0.5579350239619262
M-0592,Cotton,0.46115237904035333,0.7546335299073295,0.05,0.14104141041410415,0.39649649649649654,0.0,0.0,1.0,0.0,0.0,0.0,0.0,0.0,0.08511898532398737,0.6110936629112157,0.31840990056509033
M-0069,Paper,0.05172990697985677,0.4219671440606571,0.82,0.13960639606396064,0.8601601601601602,0.0,0.0,0.0,0.0,1.0,0.0,0.0,0.0,0.019522536066201503,0.12259197218551338,0.5247400108399907
M-0033,Paper,0.24952597648843383,0.4727253580454928,0.01,0.17609676096760965,0.5034034034034034,0.0,0.0,0.0,0.0,1.0,0.0,0.0,0.0,0.08744905216819934,0.5278444331306373,0.25383141161639455
M-1006,Steel,0.8013562649177988,0.14290227464195449,0.87,0.5483804838048381,0.748948948948949,0.0,0.0,0.0,0.0,0.0,0.0,1.0,0.0,0.13767149683508842,5.607683007444053,0.8062271906518043
M-1211,Aluminum,0.11555020187824844,0.27537910699241785,0.55,0.26260762607626076,0.8795795795795796,1.0,0.0,0.0,0.0,0.0,0.0,0.0,0.0,0.03162332073771189,0.4196025745658888,0.47509395462517323
M-0905,Glass,0.08474425037364205,0.44271272114574556,0.38,0.18429684296842969,0.752952952952953,0.0,0.0,0.0,1.0,0.0,0.0,0.0,0.0,0.045529990835443894,0.19141997712274078,0.3737835860353427
M-0810,Steel,0.9002208391889179,0.9518744734625106,1.0,0.8318983189831899,0.8112112112112112,0.0,0.0,0.0,0.0,0.0,0.0,1.0,0.0,0.1570530760362659,0.9457338320886707,0.9034516990389305
M-0875,Plastic,0.17274532110910346,0.7330454928390902,0.95,0.8019680196801968,0.5137137137137138,0.0,0.0,0.0,0.0,0.0,1.0,0.0,0.0,0.38998605001065023,0.23565397665305043,0.5082122425577555
M-0921,Steel,0.378839590443686,0.6554338668913227,0.36,0.04920049200492005,0.7703703703703705,0.0,0.0,0.0,0.0,0.0,0.0,1.0,0.0,0.011297890756685339,0.5779973107633,0.4906469472885855
M-0626,Plastic,0.8708425349662048,0.4765164279696715,0.48,0.25563755637556373,0.07857857857857858,0.0,0.0,0.0,0.0,0.0,1.0,0.0,0.0,0.23554992056427068,1.827514554245497,0.5159105875600555
M-0376,Paper,0.5497334314840839,0.9645113732097725,0.68,0.8435834358343584,0.4822822822822823,0.0,0.0,0.0,0.0,1.0,0.0,0.0,0.0,0.43673809110463474,0.569959957750093,0.5685780572783182
M-1339,Wood,0.8220125365276941,0.12605307497893847,0.58,0.490159901599016,0.05185185185185185,0.0,0.0,0.0,0.0,0.0,0.0,0.0,1.0,0.46474420299758556,6.521110377947231,0.5183605701666332
M-0699,Plastic,0.9449909656695441,0.3694187026116259,0.33,0.6793767937679377,0.6512512512512513,0.0,0.0,0.0,0.0,0.0,1.0,0.0,0.0,0.236931806755505,2.5580415960190983,0.6723717616431931
M-0613,Paper,0.6220973030850565,0.9508213984835721,0.76,0.0036900369003690058,0.540940940940941,0.0,0.0,0.0,0.0,1.0,0.0,0.0,0.0,0.0016939448673766024,0.6542728737535151,0.639121203516305
M-1196,Steel,0.5160052644493519,0.6497472620050548,0.94,0.5377203772037721,0.14084084084084084,0.0,0.0,0.0,0.0,0.0,0.0,1.0,0.0,0.46198738714113874,0.7941618233144847,0.530654358031993
M-0651,Bamboo,0.16444712128309796,0.1279486099410278,0.12,0.6305863058630586,0.06546546546546546,0.0,1.0,0.0,0.0,0.0,0.0,0.0,0.0,0.5893046798335851,1.2852491020401855,0.12141848815287881
M-0770,Aluminum,0.9273461375448928,0.7841196293176074,0.02,0.08589585895858957,0.05625625625625625,1.0,0.0,0.0,0.0,0.0,0.0,0.0,0.0,0.08106367950566391,1.182657492829808,0.39381533189483403
M-0048,Bamboo,0.5640545182805773,0.49189132266217356,0.1,0.6047560475604756,0.31291291291291295,0.0,1.0,0.0,0.0,0.0,0.0,0.0,0.0,0.4155200711166271,1.1467032362445795,0.34949568118610486
M-0498,Paper,0.029422918200272152,0.14700926705981465,0.12,0.9805248052480526,0.8634634634634635,0.0,0.0,0.0,0.0,1.0,0.0,0.0,0.0,0.1338774608967311,0.20014192742266587,0.3068082063191479
M-0147,Glass,0.2910392826072408,0.15448609941027802,0.15,0.08897088970889709,0.4773773773773774,0.0,0.0,0.0,1.0,0.0,0.0,0.0,0.0,0.0464981997167319,1.8839067062442236,0.3046289262561095
M-1395,Aluminum,0.4697405697204934,0.7608466722830666,0.41,0.2650676506765067,0.9516516516516517,1.0,0.0,0.0,0.0,0.0,0.0,0.0,0.0,0.012815583110786058,0.6173910847501819,0.5963917233836928
M-0694,Paper,0.44221374556648596,0.7147219882055603,0.4,0.879458794587946,0.6452452452452453,0.0,0.0,0.0,0.0,1.0,0.0,0.0,0.0,0.311992188990959,0.61872047333575,0.49045907180016796
M-0799,Aluminum,0.04035334270226862,0.3977464195450716,0.67,0.8144731447314474,0.8302302302302302,1.0,0.0,0.0,0.0,0.0,0.0,0.0,0.0,0.1382729182647182,0.10145469390706102,0.46621040614997655
M-0198,Paper,0.9002208391889179,0.19471356360572872,0.6,0.6191061910619107,0.22872872872872874,0.0,0.0,0.0,0.0,1.0,0.0,0.0,0.0,0.4774988190322344,4.62328457881428,0.6087069542941859
M-1378,Steel,0.16335407883289838,0.49189132266217356,0.25,0.6920869208692088,0.4773773773773774,0.0,0.0,0.0,0.0,0.0,0.0,1.0,0.0,0.36170028166748136,0.3320931661401193,0.28355484474637255
M-1154,Plastic,0.032211291797720226,0.3267691659646167,0.31,0.8733087330873308,0.8037037037037037,0.0,0.0,0.0,0.0,0.0,1.0,0.0,0.0,0.17142726982825382,0.09857476340483338,0.3469956278301992
M-0553,Steel,0.0489415333824087,0.9440817186183658,0.76,0.2689626896268963,0.2747747747747748,0.0,0.0,0.0,0.0,0.0,0.0,1.0,0.0,0.19505852716184818,0.05184030214432167,0.3300090457853959
M-1256,Plastic,0.7590622141917063,0.622893850042123,0.5,0.8072980729807298,0.3638638638638639,0.0,0.0,0.0,0.0,0.0,1.0,0.0,0.0,0.5135514768561099,1.2186040936770868,0.5627840448358418
M-1050,Aluminum,0.008922795511833864,0.8041280539174389,0.63,0.30893808938089384,0.2635635635635636,1.0,0.0,0.0,0.0,0.0,0.0,0.0,0.0,0.22751326562314675,0.01109622325964357,0.2716381872738026
M-1258,Glass,0.7764393584510026,0.46524852569502945,0.85,0.9153341533415335,0.25745745745745746,0.0,0.0,0.0,1.0,0.0,0.0,0.0,0.0,0.6796745494982477,1.6688665233803115,0.6428129806176383
M-0712,Plastic,0.6504717928126882,0.345513900589722,0.52,0.9475194751947519,0.36746746746746745,0.0,0.0,0.0,0.0,0.0,1.0,0.0,0.0,0.5993368932688327,1.8826157474032765,0.5264289573653156
M-0545,Aluminum,0.8003970644002766,0.43713142375737146,0.4,0.501230012300123,0.16066066066066065,1.0,0.0,0.0,0.0,0.0,0.0,0.0,0.0,0.42070206738103416,1.8310173780303556,0.4883570239583089
M-1476,Cotton,0.46733141493229824,0.9290227464195451,0.06,0.08610086100861007,0.4773773773773774,0.0,0.0,1.0,0.0,0.0,0.0,0.0,0.0,0.0449982577903857,0.5030349511876226,0.3481457791861325
M-0396,Paper,0.8787392089941778,0.36015164279696715,0.65,0.27162771627716276,0.7205205205205205,0.0,0.0,0.0,0.0,1.0,0.0,0.0,0.0,0.07591437275734118,2.439907707381615,0.7626518397538272
M-1074,Glass,0.7743648084945013,0.5839300758213986,0.39,0.35711357113571135,0.7281281281281282,0.0,0.0,0.0,1.0,0.0,0.0,0.0,0.0,0.09708913505551468,1.3261236480782004,0.645184361836239
M-0394,Cotton,0.564656806977626,0.6443765796124684,0.83,0.3472734727347273,0.2648648648648649,0.0,0.0,1.0,0.0,0.0,0.0,0.0,0.0,0.25529293130769143,0.8762825164047655,0.5543221822505098
M-0859,Plastic,0.2313680876218519,0.5897219882055603,0.96,0.1929069290692907,0.4773773773773774,0.0,0.0,0.0,0.0,0.0,1.0,0.0,0.0,0.10081752519226893,0.39233350615323764,0.523760448261954
M-0828,Plastic,0.641192085480381,0.10593934288121314,0.21,0.542640426404264,0.7149149149149149,0.0,0.0,0.0,0.0,0.0,1.0,0.0,0.0,0.15469869213206647,6.052388240798175,0.5339513086666269
M-0381,Cotton,0.5053871377902697,0.6330033698399327,0.27,0.7562525625256252,0.2827827827827828,0.0,0.0,1.0,0.0,0.0,0.0,0.0,0.0,0.5423973584080185,0.798394390102025,0.3679896899509427
M-0981,Paper,0.3041780989984162,0.49189132266217356,0.12,0.5772857728577286,0.5278278278278279,0.0,0.0,0.0,0.0,1.0,0.0,0.0,0.0,0.2725782773343249,0.6183835058700896,0.31601958794771484
M-1025,Cotton,0.786678266300832,0.836457455770851,0.34,0.5895858958589586,0.33433433433433435,0.0,0.0,1.0,0.0,0.0,0.0,0.0,0.0,0.3924670878340415,0.9404869552975668,0.5169716068206331
M-1384,Paper,0.5261772513328425,0.3514111204717775,0.02,0.5231652316523165,0.3737737737737738,0.0,0.0,0.0,0.0,1.0,0.0,0.0,0.0,0.3276197887103996,1.4973224333481712,0.32860303266526913
M-0513,Bamboo,0.3083048919226393,0.6312131423757372,0.41,0.9411644116441165,0.6704704704704705,0.0,1.0,0.0,0.0,0.0,0.0,0.0,0.0,0.31014146577902213,0.48843153412604845,0.4474630979101969
M-0210,Steel,0.7376251979745254,0.4019587194608256,0.04,0.9551045510455105,0.9567567567567568,0.0,0.0,0.0,0.0,0.0,0.0,1.0,0.0,0.04130181842358965,1.8350724270679397,0.5940771062168373
M-1232,Cotton,0.8024716143567779,0.5728727885425443,0.24,0.480729807298073,0.21101101101101102,0.0,0.0,1.0,0.0,0.0,0.0,0.0,0.0,0.3792905246369781,1.4007825639891056,0.4562919490460145
M-0038,Aluminum,0.39913895023310797,0.3315080033698399,0.46,0.04653546535465354,0.4773773773773774,1.0,0.0,0.0,0.0,0.0,0.0,0.0,0.0,0.024320486948613225,1.2040063653650408,0.44086879330645645
M-0442,Cotton,0.5811639786745187,0.5954085930918281,0.87,0.15354653546535466,0.48668668668668674,0.0,0.0,1.0,0.0,0.0,0.0,0.0,0.0,0.07881748086750136,0.9760742611765203,0.6394715974758135
M-0910,Wood,0.44567132882732163,0.29254422914911543,0.72,0.8359983599835998,0.6427427427427428,0.0,0.0,0.0,0.0,0.0,0.0,0.0,1.0,0.29866648115930605,1.5234270957813336,0.5870913543537515
M-0951,Glass,0.966271832965268,0.5536015164279697,0.25,0.490159901599016,0.9974974974974975,0.0,0.0,0.0,1.0,0.0,0.0,0.0,0.0,0.0012266263803779175,1.7454252903328185,0.7607579824353565
M-0660,Plastic,0.8683441522228914,0.304022746419545,0.55,0.16133661336613367,0.5974974974974975,0.0,0.0,0.0,0.0,0.0,1.0,0.0,0.0,0.0649383906251475,2.856172132766888,0.6915869101384058
M-0523,Wood,0.7795846438689241,0.49189132266217356,0.15,0.25440754407544075,0.6420420420420421,0.0,0.0,0.0,0.0,0.0,0.0,0.0,1.0,0.09106720496634395,1.5848684924573109,0.5494464701601822
M-1160,Aluminum,0.14622231145017733,0.040332771693344566,0.55,0.940959409594096,0.4924924924924925,1.0,0.0,0.0,0.0,0.0,0.0,0.0,0.0,0.47754396462883547,3.625307163483184,0.37123667232781865
M-0871,Steel,0.46373998973878505,0.2709561920808761,0.86,0.048380483804838045,0.8616616616616616,0.0,0.0,0.0,0.0,0.0,0.0,1.0,0.0,0.006692875737566188,1.7114880257556204,0.7019944943940125
M-0089,Paper,0.5053871377902697,0.12110362257792755,0.93,0.9097990979909799,0.15935935935935935,0.0,0.0,0.0,0.0,1.0,0.0,0.0,0.0,0.7648140965894143,4.1731448976282195,0.5289626629239157
M-1093,Cotton,0.4378415757656874,0.632687447346251,0.35,0.6500615006150061,0.06706706706706707,0.0,0.0,1.0,0.0,0.0,0.0,0.0,0.0,0.6064637823555412,0.6920334607059295,0.30025675042639505
M-0142,Aluminum,0.8557183965736465,0.1669123841617523,0.53,0.5678556785567855,0.9015015015015015,1.0,0.0,0.0,0.0,0.0,0.0,0.0,0.0,0.055932931701689365,5.12672126846573,0.7717378090799091
M-0452,Aluminum,0.021437016217180832,0.9764111204717776,0.2,0.35219352193521936,0.13543543543543543,1.0,0.0,0.0,0.0,0.0,0.0,0.0,0.0,0.3044940389343833,0.021954885409270635,0.10920543711750297
M-0255,Aluminum,0.8063976443819848,0.20061078348778433,0.15,0.3077080770807708,0.3507507507507508,1.0,0.0,0.0,0.0,0.0,0.0,0.0,0.0,0.19977923803262054,4.019692314988506,0.4727842829780191
M-0349,Cotton,0.7793169600035691,0.28443555181128893,0.26,0.6613366133661337,0.23663663663663664,0.0,0.0,1.0,0.0,0.0,0.0,0.0,0.0,0.5048401414945081,2.739862211944587,0.46071777499241867
M-0819,Paper,0.6230118896250195,0.25094776748104464,0.14,0.10332103321033212,0.8212212212212212,0.0,0.0,0.0,0.0,1.0,0.0,0.0,0.0,0.01847160813950482,2.4826258199179185,0.5375711222163742
M-1463,Steel,0.014834147538423798,0.70650800336984,0.33,0.7082820828208283,0.015615615615615619,0.0,0.0,0.0,0.0,0.0,0.0,1.0,0.0,0.6972218220680706,0.020996402689377316,0.10961834370005422
M-1255,Steel,0.26975841531151706,0.8977464195450716,0.87,0.08118081180811809,0.5688688688688689,0.0,0.0,0.0,0.0,0.0,0.0,1.0,0.0,0.034999575220977436,0.3004836432147202,0.5395640267852675
M-0780,Glass,0.5379776483972428,0.6325821398483572,0.18,0.09778597785977859,0.2594594594594595,0.0,0.0,0.0,1.0,0.0,0.0,0.0,0.0,0.07241448090156577,0.8504457588392361,0.34702889719673496
M-0370,Bamboo,0.12677061723437952,0.3135004212299916,0.71,0.18942189421894218,0.5722722722722723,0.0,1.0,0.0,0.0,0.0,0.0,0.0,0.0,0.08102099639615014,0.40437015161528655,0.4353899285754335
M-0582,Aluminum,0.7187088714894376,0.6627000842459985,0.13,0.47273472734727345,0.8622622622622622,1.0,0.0,0.0,0.0,0.0,0.0,0.0,0.0,0.06511341189487974,1.0845144041180543,0.5851622272744537
M-0868,Wood,0.6611345334493296,0.013795282224094346,0.88,0.9897498974989749,0.7449449449449449,0.0,0.0,0.0,0.0,0.0,0.0,0.0,1.0,0.2524407145973362,47.92120969334039,0.7519372968632153
M-0208,Paper,0.04390015391822255,0.6264743049705139,0.5,0.38868388683886834,0.6777777777777778,0.0,0.0,0.0,0.0,1.0,0.0,0.0,0.0,0.1252425857591909,0.07007483546424673,0.37089339490062234
M-0290,Cotton,0.3132570434317071,0.7692712721145746,0.58,0.46555965559655593,0.664064064064064,0.0,0.0,1.0,0.0,0.0,0.0,0.0,0.0,0.15639821863684103,0.40721218583717644,0.49852203659190203
M-1329,Wood,0.9855227642820494,0.7419966301600673,0.48,0.3681836818368183,0.36986986986986986,0.0,0.0,0.0,0.0,0.0,0.0,0.0,1.0,0.23200363134762475,1.3282020376122328,0.6491700666737807
M-0304,Wood,0.7985901983091303,0.9480834035383321,0.56,0.6092660926609266,0.48408408408408415,0.0,0.0,0.0,0.0,0.0,0.0,0.0,1.0,0.3143300742316732,0.8423197294763244,0.6326613045488774
M-0476,Cotton,0.6377345022195453,0.30307497893850044,0.73,0.6424764247642477,0.9728728728728728,0.0,0.0,1.0,0.0,0.0,0.0,0.0,0.0,0.017428539650761903,2.1042066892043367,0.76595566274968
M-1112,Aluminum,0.655423944321756,0.2720092670598146,0.81,0.46391963919639195,0.19809809809809809,1.0,0.0,0.0,0.0,0.0,0.0,0.0,0.0,0.3720180410012308,2.4095559017175976,0.5645990071581318
M-0112,Bamboo,0.4517834437529278,0.42217775905644483,0.61,0.22447724477244774,0.9097097097097098,0.0,1.0,0.0,0.0,0.0,0.0,0.0,0.0,0.020268115594068842,1.070123576947946,0.636626290414084
M-1319,Plastic,0.16210488746124163,0.777379949452401,0.92,0.3843788437884379,0.44934934934934934,0.0,0.0,0.0,0.0,0.0,1.0,0.0,0.0,0.21165846042844813,0.20852696168516965,0.4756467597893015
M-0239,Glass,0.24410537821499473,0.5889848357203034,0.34,0.6084460844608446,0.15735735735735737,0.0,0.0,0.0,1.0,0.0,0.0,0.0,0.0,0.5127026165156546,0.4144503371909865,0.2468493584932051
M-0802,Wood,0.6006825938566553,0.4832561078348779,0.02,0.9505945059450595,0.40910910910910914,0.0,0.0,0.0,0.0,0.0,0.0,0.0,1.0,0.5616976344938625,1.2429876024956474,0.3690057702753949
M-1078,Aluminum,0.5053871377902697,0.5182181971356361,0.17,0.40672406724067245,0.3360360360360361,1.0,0.0,0.0,0.0,0.0,0.0,0.0,0.0,0.27005012392466266,0.9752381628926652,0.3539656659269187
M-1432,Steel,0.21022106225880566,0.1255265374894693,0.83,0.23042230422304222,0.15285285285285286,0.0,0.0,0.0,0.0,0.0,0.0,1.0,0.0,0.19520159766162223,1.674700758600012,0.3789442807593781
M-1413,Steel,0.3504874077048339,0.05023167649536646,0.33,0.3444034440344403,0.42082082082082084,0.0,0.0,0.0,0.0,0.0,0.0,1.0,0.0,0.1994713040223495,6.977279176775767,0.3654412093281798
M-1136,Glass,0.4600816435789332,0.8795282224094355,0.88,0.6275112751127512,0.8232232232232233,0.0,0.0,0.0,1.0,0.0,0.0,0.0,0.0,0.11092942060551735,0.5230998946442709,0.6949996243985402
M-0643,Aluminum,0.1671685739142073,0.7714827295703455,0.65,0.4907749077490775,0.8109109109109109,1.0,0.0,0.0,0.0,0.0,0.0,0.0,0.0,0.09280018025405477,0.21668450999907254,0.5051407028389562
M-0235,Paper,0.7277208949563898,0.462826453243471,0.82,0.6920869208692088,0.8431431431431432,0.0,0.0,0.0,0.0,1.0,0.0,0.0,0.0,0.10855857907928425,1.572337357813499,0.7900313009254989
M-1398,Bamboo,0.3559303129670525,0.43018112889637744,0.9,0.490159901599016,0.9218218218218218,0.0,1.0,0.0,0.0,0.0,0.0,0.0,0.0,0.03831980812300616,0.827394466339603,0.6889186717333675
M-0690,Plastic,0.6727564746034933,0.04243892165122155,0.24,0.2785977859778598,0.12732732732732732,0.0,0.0,0.0,0.0,0.0,1.0,0.0,0.0,0.24312467448998815,15.851972586856302,0.37930078803959555
M-1091,Paper,0.3703629347074438,0.8895324347093513,0.5,0.24477244772447726,0.5686686686686687,0.0,0.0,0.0,0.0,1.0,0.0,0.0,0.0,0.10557802575022747,0.4163563956743877,0.4687457744835781
M-0312,Bamboo,0.9846081777420865,0.7073504633529908,0.21,0.998359983599836,0.5205205205205206,0.0,1.0,0.0,0.0,0.0,0.0,0.0,0.0,0.478693125269591,1.3919645731343258,0.6129994272529908
M-1128,Plastic,0.5070601619487385,0.1877632687447346,0.7,0.8273882738827387,0.38728728728728734,0.0,0.0,0.0,0.0,0.0,1.0,0.0,0.0,0.5069513137573817,2.7005146684116266,0.5290102509656815
M-0058,Aluminum,0.9258738762854402,0.617312552653749,0.35,0.38704387043870436,0.42652652652652656,1.0,0.0,0.0,0.0,0.0,0.0,0.0,0.0,0.2219593927671008,1.4998437541266205,0.603307508472134
M-0032,Aluminum,0.541569073590756,0.3620471777590565,0.33,0.48359983599836,0.4821821821821822,1.0,0.0,0.0,0.0,0.0,0.0,0.0,0.0,0.2504166117737254,1.4958480855859215,0.46028228409095706
M-0578,Wood,0.7894666398982801,0.09540859309182813,0.98,0.06703567035670356,0.7387387387387387,0.0,0.0,0.0,0.0,0.0,0.0,0.0,1.0,0.017513823786886516,8.2744996002493,0.8314082775809337
M-1254,Plastic,0.2472729706216958,0.030012636899747258,0.34,0.006150061500615006,0.9233233233233233,0.0,0.0,0.0,0.0,0.0,1.0,0.0,0.0,0.0004715662772243337,8.238687348942308,0.4779061852456753
M-1101,Glass,0.2837672042650962,0.21503791069924177,0.98,0.003485034850348505,0.30330330330330335,0.0,0.0,0.0,1.0,0.0,0.0,0.0,0.0,0.0024280122681106697,1.319608638931302,0.4984978726970295
M-1325,Steel,0.8796984095117,0.8898483572030329,0.97,0.07441574415744158,0.8339339339339339,0.0,0.0,0.0,0.0,0.0,0.0,1.0,0.0,0.012357929885605166,0.9885925099465832,0.8930595439848601
M-1361,Wood,0.13801333957929018,0.5715037910699242,0.97,0.8696186961869619,0.4998998998998999,0.0,0.0,0.0,0.0,0.0,0.0,0.0,1.0,0.43489639701201815,0.24149113312053425,0.49617530580168606
M-1129,Wood,0.2954560663855986,0.08845829823083402,0.5,0.968429684296843,0.6476476476476477,0.0,0.0,0.0,0.0,0.0,0.0,0.0,1.0,0.3412284773498385,3.34002272564505,0.46247672084853375
M-1376,Steel,0.6672243413861563,0.263374052232519,0.5,0.490159901599016,0.0,0.0,0.0,0.0,0.0,0.0,0.0,1.0,0.0,0.490159901599016,2.5333619708107418,0.4168897365544625
M-1281,Plastic,0.1956099846081777,0.27853833192923333,0.3,0.55330053300533,0.3536536536536537,0.0,0.0,0.0,0.0,0.0,1.0,0.0,0.0,0.3576237779394811,0.7022706030539165,0.2743400899393672
M-0558,Wood,0.5053871377902697,0.16175231676495366,0.5,0.981959819598196,0.2976976976976977,0.0,0.0,0.0,0.0,0.0,0.0,0.0,1.0,0.6896326420721665,3.1244313742552543,0.4414641644254172
M-1270,Plastic,0.663097548461933,0.2109309182813816,0.86,0.15252152521525217,0.8947947947947947,0.0,0.0,0.0,0.0,0.0,1.0,0.0,0.0,0.016046058358481493,3.143656748891677,0.7916774578232116
M-0375,Aluminum,0.6545093577817931,0.3775273799494524,0.79,0.045100451004510045,0.41021021021021026,1.0,0.0,0.0,0.0,0.0,0.0,0.0,0.0,0.02659978551737469,1.733669288304699,0.6218668061757803
M-1113,Cotton,0.17486448504316404,0.6926074136478517,0.07,0.23739237392373924,0.00900900900900901,0.0,0.0,1.0,0.0,0.0,0.0,0.0,0.0,0.23525370388839023,0.252472366199224,0.09364849671996833
M-1070,Steel,0.3801557027816815,0.7731676495366471,0.5,0.025625256252562522,0.5671671671671672,0.0,0.0,0.0,0.0,0.0,0.0,1.0,0.0,0.011091452255863898,0.4916853561115098,0.47221243126282275
M-0747,Glass,0.6186174128354412,0.157329401853412,0.49,0.501640016400164,0.07247247247247247,0.0,0.0,0.0,1.0,0.0,0.0,0.0,0.0,0.4652849241205125,3.9319635972952005,0.4161887068759183
M-0415,Glass,0.15813424345847554,0.6080454928390902,0.61,0.6172611726117261,0.7116116116116116,0.0,0.0,0.0,1.0,0.0,0.0,0.0,0.0,0.17801095478422252,0.26006932910691627,0.45973718086687365
M-0191,Bamboo,0.271855272256798,0.5539174389216512,0.76,0.4585895858958589,0.8126126126126126,0.0,1.0,0.0,0.0,0.0,0.0,0.0,0.0,0.08593390438408886,0.4907857423667574,0.5805258926865029
M-0885,Aluminum,0.9274799794775703,0.2004001684919966,0.14,0.014145141451414513,0.6678678678678679,1.0,0.0,0.0,0.0,0.0,0.0,0.0,0.0,0.004698055989568904,4.628116624552571,0.6133523521513885
M-0031,Aluminum,0.6933681322358294,0.25452822240943557,0.4,0.9887248872488725,0.35515515515515517,1.0,0.0,0.0,0.0,0.0,0.0,0.0,0.0,0.6375741465122359,2.7241199484767917,0.5038937994408783
M-1125,Wood,0.7323607486225434,0.8152906486941871,0.3,0.20643706437064369,0.5358358358358358,0.0,0.0,0.0,0.0,0.0,0.0,0.0,1.0,0.09582068743610359,0.8982806947618437,0.5436950501997682
M-0718,Paper,0.40522875816993464,0.5623420387531592,0.16,0.08384583845838459,0.6512512512512513,0.0,0.0,0.0,0.0,1.0,0.0,0.0,0.0,0.02924113125015134,0.7206077611779773,0.4054668786433493
M-0066,Aluminum,0.5175890606527025,0.13152906486941868,0.58,0.45100451004510045,0.13083083083083083,1.0,0.0,0.0,0.0,0.0,0.0,0.0,0.0,0.3919992152874482,3.9351387925381025,0.4202848735103303
M-0543,Glass,0.5664636730687724,0.5698188711036226,0.57,0.490159901599016,0.106006006006006,0.0,0.0,0.0,1.0,0.0,0.0,0.0,0.0,0.4382000081262074,0.9941100719630048,0.4293872710293108
M-0823,Wood,0.7364429275692074,0.3130791912384161,0.24,0.16564165641656414,0.14804804804804805,0.0,0.0,0.0,0.0,0.0,0.0,0.0,1.0,0.1411187325086464,2.35225015244862,0.41099158544209735
M-0323,Paper,0.03901492337549353,0.321609098567818,0.5,0.8216482164821649,0.6236236236236237,0.0,0.0,0.0,0.0,1.0,0.0,0.0,0.0,0.3092489783756696,0.1213112509502448,0.35269305643728455
M-0131,Paper,0.22871355595708132,0.8227674810446504,0.5,0.22140221402214022,0.7677677677677678,0.0,0.0,0.0,0.0,1.0,0.0,0.0,0.0,0.05141673038352005,0.27798045407219407,0.47181575271316284
M-0741,Bamboo,0.23520488969194042,0.17933866891322664,0.26,0.00943009430094301,0.4773773773773774,0.0,1.0,0.0,0.0,0.0,0.0,0.0,0.0,0.004928380615137483,1.311505095984894,0.31529516908998934
M-1273,Glass,0.9371612126079101,0.26863942712721145,0.95,0.7921279212792127,0.802002002002002,0.0,0.0,0.0,1.0,0.0,0.0,0.0,0.0,0.15683974257159988,3.4885338094110785,0.9004650856437647
M-1153,Paper,0.7606683173838363,0.9992628475147431,0.12,0.2004920049200492,0.2691691691691692,0.0,0.0,0.0,0.0,1.0,0.0,0.0,0.0,0.14652573853065856,0.761228697781557,0.4210180777042853
M-0515,Plastic,0.008432041758682979,0.13437236731255264,0.66,0.8747437474374744,0.8065065065065066,0.0,0.0,0.0,0.0,0.0,1.0,0.0,0.0,0.169257223603267,0.06275084064143482,0.44332476865542514
M-0791,Wood,0.7085145776171674,0.17944397641112048,0.17,0.5924559245592456,0.1918918918918919,0.0,0.0,0.0,0.0,0.0,0.0,0.0,1.0,0.4787684363330119,3.9483667461044605,0.39197339861443453
M-0736,Glass,0.36463003859109056,0.9674599831508004,0.74,0.010250102501025007,0.6791791791791792,0.0,0.0,0.0,1.0,0.0,0.0,0.0,0.0,0.00328844629787639,0.3768937920406603,0.5716057691901899
M-0580,Plastic,0.4968658680764684,0.029170176916596458,0.81,0.5334153341533415,0.5738738738738739,0.0,0.0,0.0,0.0,0.0,1.0,0.0,0.0,0.22730220995903652,17.032767292765097,0.6139085093927495
M-0426,Steel,0.5388030069820875,0.28748946925021057,1.0,0.029725297252972533,0.4773773773773774,0.0,0.0,0.0,0.0,0.0,0.0,1.0,0.0,0.015535112808585544,1.874159544792259,0.6587344160060482
M-0294,Plastic,0.6250418256039616,0.6138374052232519,0.62,0.8280032800328003,0.15055055055055055,0.0,0.0,0.0,0.0,0.0,1.0,0.0,0.0,0.7033469303662006,1.0182514164727685,0.4811818954067498
M-0606,Glass,0.8735193736197551,0.5062131423757372,0.61,0.7619926199261993,0.7610610610610611,0.0,0.0,0.0,1.0,0.0,0.0,0.0,0.0,0.1820697080844682,1.7255925911516428,0.7607260677662203
M-1365,Cotton,0.6535501572642709,0.36752316764953663,0.29,0.0984009840098401,0.4084084084084084,0.0,0.0,1.0,0.0,0.0,0.0,0.0,0.0,0.058213194744560055,1.7782508329832685,0.47094258542823086
M-1071,Steel,0.20323897477079567,0.5486520640269588,0.28,0.6170561705617056,0.35455455455455454,0.0,0.0,0.0,0.0,0.0,0.0,1.0,0.0,0.3982760948730608,0.37043258863639417,0.27166195627468465
M-1417,Aluminum,0.6333177184411877,0.8395113732097725,0.21,0.3296432964329643,0.05215215215215215,1.0,0.0,0.0,0.0,0.0,0.0,0.0,0.0,0.3124516890814553,0.7543875929067907,0.3319727330221207
M-1422,Aluminum,0.0666755894621785,0.04959983150800337,0.57,0.8075030750307503,0.8032032032032033,1.0,0.0,0.0,0.0,0.0,0.0,0.0,0.0,0.15891401856961507,1.3442433813114607,0.4386311967458324
M-0900,Glass,0.7082245867630328,0.4545071609098567,0.17,0.9464944649446494,0.5921921921921922,0.0,0.0,0.0,1.0,0.0,0.0,0.0,0.0,0.38598783285130145,1.5582219367530699,0.5119474923628707
M-0774,Paper,0.09857458341698452,0.3325610783487784,0.6,0.0957359573595736,0.7291291291291292,0.0,0.0,0.0,0.0,1.0,0.0,0.0,0.0,0.025932082143644255,0.29640957233134463,0.43816857210553256
M-0085,Aluminum,0.49704432398670495,0.11457455770850884,0.46,0.9669946699466995,0.9048048048048047,1.0,0.0,0.0,0.0,0.0,0.0,0.0,0.0,0.09205324635828947,4.338135758860831,0.6082591710361234
M-0918,Paper,0.9309152557496263,0.1054128053917439,0.84,0.9870848708487086,0.6932932932932934,0.0,0.0,0.0,0.0,1.0,0.0,0.0,0.0,0.3027455499780223,8.831056352534793,0.8323540902878386
M-0007,Steel,0.6191973945437105,0.5176916596461668,0.18,0.06519065190651907,0.8375375375375376,0.0,0.0,0.0,0.0,0.0,0.0,1.0,0.0,0.01059103383826631,1.1960714199944813,0.5529402190787455
M-0598,Bamboo,0.369225278279685,0.25115838247683236,0.55,0.7355473554735548,0.4710710710710711,0.0,1.0,0.0,0.0,0.0,0.0,0.0,0.0,0.3890522749071335,1.4700835566584631,0.4540114326331953
M-1407,Plastic,0.1392848379397265,0.34056444818871107,0.18,0.24846248462484627,0.7125125125125126,0.0,0.0,0.0,0.0,0.0,1.0,0.0,0.0,0.07142985543969553,0.4089811185500746,0.3234676889296444
M-0416,Aluminum,0.8178634366146913,0.29538753159224934,0.39,0.7810578105781057,0.05185185185185185,1.0,0.0,0.0,0.0,0.0,0.0,0.0,0.0,0.740558516696278,2.768771801011083,0.4597009302014321
M-1085,Wood,0.8116397867451872,0.49189132266217356,0.55,0.24026240262402626,0.15825825825825826,0.0,0.0,0.0,0.0,0.0,0.0,0.0,1.0,0.2022388932598035,1.6500354840923446,0.5371333921755523
M-1201,Steel,0.08570345089116421,0.45492839090143217,0.4,0.8409184091840919,0.950950950950951,0.0,0.0,0.0,0.0,0.0,0.0,1.0,0.0,0.04124624829831883,0.18838846776055684,0.43956666564175095
M-0957,Paper,0.6400321220638426,0.8590985678180286,0.79,0.25584255842558423,0.5545545545545546,0.0,0.0,0.0,0.0,1.0,0.0,0.0,0.0,0.11396390240178676,0.745003426889643,0.6593792151919033
M-0689,Bamboo,0.19937986571192756,0.9526116259477675,0.99,0.23616236162361626,0.2796796796796797,0.0,1.0,0.0,0.0,0.0,0.0,0.0,0.0,0.17011254797232658,0.20929794575582258,0.46065585018867494
M-0919,Paper,0.11356487987686542,0.7647430497051391,0.67,0.05227552275522755,0.8716716716716716,0.0,0.0,0.0,0.0,1.0,0.0,0.0,0.0,0.006708430447667844,0.14850050800742082,0.5079274534522477
M-0293,Aluminum,0.31673693368132233,0.8462510530749789,0.47,0.8679786797867979,0.6464464464464464,1.0,0.0,0.0,0.0,0.0,0.0,0.0,0.0,0.3068769466473444,0.3742820268859768,0.46162870740646283
M-0806,Paper,0.20961877356175684,0.9689342881213143,0.56,0.491389913899139,0.4498498498498499,0.0,0.0,0.0,0.0,1.0,0.0,0.0,0.0,0.27033823491388065,0.2163392913144802,0.3868024643796577
M-0657,Bamboo,0.8441633763858216,0.9734625105307497,0.95,0.4450594505945059,0.67007007007007,0.0,1.0,0.0,0.0,0.0,0.0,0.0,0.0,0.14683843334929847,0.8671751609113408,0.8236863715753497
M-1056,Steel,0.7743648084945013,0.3506739679865206,0.5,0.44116441164411646,0.4773773773773774,0.0,0.0,0.0,0.0,0.0,0.0,1.0,0.0,0.2305625018212144,2.208212388071756,0.6029591366110137
M-0150,Cotton,0.08260277945080194,0.6372156697556867,0.84,0.8671586715867159,0.42202202202202205,0.0,0.0,1.0,0.0,0.0,0.0,0.0,0.0,0.5011986155897594,0.1296306003458328,0.4116477183869274
M-1140,Aluminum,0.9923487028486024,0.66712299915754,0.69,0.5635506355063551,0.4004004004004005,1.0,0.0,0.0,0.0,0.0,0.0,0.0,0.0,0.33790473540371035,1.4875026293489124,0.724059601259561
M-1189,Glass,0.49693278904280713,0.9286015164279697,0.76,0.12279622796227962,0.3594594594594595,0.0,0.0,0.0,1.0,0.0,0.0,0.0,0.0,0.07865596223529801,0.5351404721089332,0.5346109534549607
M-0902,Paper,0.30105512056927436,0.24852569502948607,0.72,0.5387453874538745,0.14744744744744745,0.0,0.0,0.0,0.0,1.0,0.0,0.0,0.0,0.4593087552497146,1.2113592889228906,0.38065628246194394
M-0328,Bamboo,0.6790024314617769,0.49189132266217356,0.28,0.9829848298482984,0.6378378378378379,0.0,1.0,0.0,0.0,0.0,0.0,0.0,0.0,0.35599991135046477,1.3803883496024973,0.5469523239360622
M-0554,Paper,0.5053871377902697,0.9605096882898063,0.59,0.8157031570315703,0.8884884884884885,0.0,0.0,0.0,0.0,1.0,0.0,0.0,0.0,0.09096029198530223,0.5261650327807531,0.6457014016626543
M-0535,Glass,0.32447745878783824,0.8541491154170178,0.55,0.490159901599016,0.2078078078078078,0.0,0.0,0.0,1.0,0.0,0.0,0.0,0.0,0.3883008469724337,0.3798834103410735,0.35713332585747765
M-0710,Cotton,0.6581677039416449,0.8073925863521483,0.55,0.8107831078310783,0.4773773773773774,0.0,0.0,1.0,0.0,0.0,0.0,0.0,0.0,0.42373359419279877,0.815175789190109,0.5714802947898712
M-0666,Steel,0.9369381427201142,0.6633319292333614,0.49,0.08077080770807707,0.5437437437437438,0.0,0.0,0.0,0.0,0.0,0.0,1.0,0.0,0.03685218633968121,1.4124704223608626,0.6848983802111689
M-0916,Wood,0.8514354547279662,0.49125947767481043,0.71,0.48728987289872905,0.2774774774774775,0.0,0.0,0.0,0.0,0.0,0.0,0.0,1.0,0.35207790816646906,1.733164977483846,0.6368174251344297
M-0528,Plastic,0.9871957884405185,0.16585930918281383,0.34,0.14288642886428865,0.0944944944944945,0.0,0.0,0.0,0.0,0.0,1.0,0.0,0.0,0.12938444799863413,5.951971229912612,0.5252266637245557
M-1122,Glass,0.2110910348212095,0.595513900589722,0.13,0.3359983599835998,0.03183183183183183,0.0,0.0,0.0,1.0,0.0,0.0,0.0,0.0,0.32530291669283057,0.3544680991393698,0.13298596347803338
M-1238,Cotton,0.4951259229516608,0.05202190395956191,0.6,0.3815088150881509,0.45355355355355353,0.0,0.0,1.0,0.0,0.0,0.0,0.0,0.0,0.20847413629291447,9.517460296651812,0.5141164352467303
M-0827,Glass,0.020500122688438288,0.9471356360572873,0.41,0.3206232062320623,0.5811811811811812,0.0,0.0,0.0,1.0,0.0,0.0,0.0,0.0,0.13428303252001486,0.021644313933178214,0.30555440342972967
M-0752,Steel,0.4777710856811439,0.7969671440606573,0.51,0.16933169331693315,0.8335335335335337,0.0,0.0,0.0,0.0,0.0,0.0,1.0,0.0,0.028188048647253217,0.5994858003317893,0.5941684943325176
M-1404,Wood,0.5053871377902697,0.17080876158382474,0.76,0.1752767527675277,0.9437437437437437,0.0,0.0,0.0,0.0,0.0,0.0,0.0,1.0,0.009860413919454518,2.9587719876434075,0.7132779782392309
M-0215,Glass,0.2865555778625443,0.6208930075821399,0.01,0.26404264042640424,0.29829829829829835,0.0,0.0,0.0,1.0,0.0,0.0,0.0,0.0,0.18527917010901837,0.4615209268622793,0.20711172063450722
M-1452,Steel,0.1078989047268509,0.6788121314237573,0.98,0.7447724477244773,0.40760760760760767,0.0,0.0,0.0,0.0,0.0,0.0,1.0,0.0,0.4411975320954411,0.15895229442680553,0.4594418441730227
M-0357,Plastic,0.39452140355573395,0.04686183656276326,0.97,0.8698236982369824,0.028028028028028024,0.0,0.0,0.0,0.0,0.0,1.0,0.0,0.0,0.8454442552433532,8.418641134267505,0.457216969830702
M-0492,Steel,0.5053871377902697,0.22546335299073295,0.4,0.5682656826568265,0.9063063063063064,0.0,0.0,0.0,0.0,0.0,0.0,1.0,0.0,0.05324291080748641,2.241538988697881,0.5940467470079998
M-0405,Cotton,0.6177474402730375,0.7679022746419546,0.25,0.12279622796227962,0.2703703703703704,0.0,0.0,1.0,0.0,0.0,0.0,0.0,0.0,0.08959576632803365,0.8044599634779142,0.40321008722032614
M-1277,Aluminum,0.7303754266211604,0.9734625105307497,0.26,0.021115211152111523,0.8268268268268268,1.0,0.0,0.0,0.0,0.0,0.0,0.0,0.0,0.003656588117432726,0.7502853663440827,0.6181982186965123
M-0930,Aluminum,0.6943719467309108,0.68544650379107,0.63,0.3163181631816318,0.05325325325325325,1.0,0.0,0.0,0.0,0.0,0.0,0.0,0.0,0.2994731919291165,1.0130198780949402,0.48272475466834036
M-1322,Glass,0.5181244283834125,0.5382266217354676,0.74,0.002050020500205002,0.41501501501501503,0.0,0.0,0.0,1.0,0.0,0.0,0.0,0.0,0.0011992312115313346,0.9626492722777138,0.5537542758578695
M-0386,Aluminum,0.07318923018581722,0.6667017691659647,0.02,0.05330053300533005,0.739039039039039,1.0,0.0,0.0,0.0,0.0,0.0,0.0,0.0,0.013909358312802348,0.10977790039386796,0.25698740378603857
M-0028,Plastic,0.7217649289522406,0.5065290648694187,0.57,0.33025830258302585,0.45365365365365373,0.0,0.0,0.0,0.0,0.0,1.0,0.0,0.0,0.18043541696678228,1.4249202150287141,0.5958020676769924
M-0749,Aluminum,0.3779919248700618,0.2901221566975568,0.26,0.48359983599836,0.2129129129129129,1.0,0.0,0.0,0.0,0.0,0.0,0.0,0.0,0.3806351862317422,1.302867131230428,0.2930706438218986
M-0730,Paper,0.43400477369559876,0.9706192080876159,0.58,0.5744157441574416,0.446946946946947,0.0,0.0,0.0,0.0,1.0,0.0,0.0,0.0,0.3176823810280145,0.4471417039118786,0.48168599356232356
M-1497,Cotton,0.060652702491690635,0.49189132266217356,0.8,0.6783517835178352,0.2161161161161161,0.0,0.0,1.0,0.0,0.0,0.0,0.0,0.0,0.5317490307035202,0.12330483664276719,0.32909591583151104
M-0795,Aluminum,0.963371924423922,0.7382055602358888,0.4,0.6996719967199672,0.16676676676676677,1.0,0.0,0.0,0.0,0.0,0.0,0.0,0.0,0.5829899600297305,1.3050167477732564,0.5553787997995989
M-0220,Bamboo,0.47462580026322254,0.5432813816343725,0.4,0.35731857318573185,0.4710710710710711,0.0,1.0,0.0,0.0,0.0,0.0,0.0,0.0,0.18899613020154227,0.8736263429625524,0.45117164142661037
M-0114,Wood,0.439202302081242,0.4862047177759056,0.26,0.6941369413694136,0.07757757757757758,0.0,0.0,0.0,0.0,0.0,0.0,0.0,1.0,0.6402874789508656,0.9033260737663154,0.2769541941057701
M-0068,Aluminum,0.39728747016440247,0.3946925021061499,0.82,0.9592045920459203,0.9332332332332333,1.0,0.0,0.0,0.0,0.0,0.0,0.0,0.0,0.06404298927874161,1.006572107329892,0.684884958035731
M-0310,Wood,0.6266702357848714,0.5008424599831509,0.99,0.6381713817138172,0.9115115115115116,0.0,0.0,0.0,0.0,0.0,0.0,0.0,1.0,0.05647082096446587,1.2512297471268836,0.8211215477674019
M-0410,Wood,0.026121483860893607,0.6576453243470936,0.57,0.6273062730627306,0.5813813813813814,0.0,0.0,0.0,0.0,0.0,0.0,0.0,1.0,0.2626020854803142,0.039719653092909514,0.35586300795877185
M-1283,Aluminum,0.4624684913783488,0.3263479359730413,0.56,0.9264042640426404,0.24564564564564562,1.0,0.0,0.0,0.0,0.0,0.0,0.0,0.0,0.6988370904730069,1.4170982050223444,0.4266810902450332
M-1145,Paper,0.5053871377902697,0.9013268744734626,0.5,0.9911849118491185,0.49089089089089094,0.0,0.0,0.0,0.0,1.0,0.0,0.0,0.0,0.5046212674338956,0.5607139777913853,0.49942212238337513
M-0924,Bamboo,0.8057730486961565,0.16048862679022746,0.11,0.8364083640836408,0.5281281281281281,0.0,1.0,0.0,0.0,0.0,0.0,0.0,0.0,0.39467758040943773,5.020717318692286,0.513747657916901
M-0507,Cotton,0.19806375337393206,0.4701979780960404,1.0,0.629561295612956,0.05035035035035035,0.0,0.0,1.0,0.0,0.0,0.0,0.0,0.0,0.5978626638118232,0.42123390862299276,0.39433060645467793
M-0821,Bamboo,0.5856030694416561,0.49189132266217356,0.5,0.9495694956949569,0.36736736736736736,0.0,1.0,0.0,0.0,0.0,0.0,0.0,0.0,0.6007286499291419,1.1905106919992368,0.4944514379868727
M-1420,Aluminum,0.32311673247228356,0.44924178601516424,0.77,0.12710127101271013,0.1947947947947948,1.0,0.0,0.0,0.0,0.0,0.0,0.0,0.0,0.10234260500763166,0.7192474593490228,0.41868513142735186
M-0943,Cotton,0.3969528653327087,0.9532434709351305,0.34,0.7822878228782288,0.2567567567567568,0.0,0.0,1.0,0.0,0.0,0.0,0.0,0.0,0.5814301386257106,0.4164229402173179,0.33780817316011047
M-1357,Paper,0.8572129648218787,0.8260320134793597,0.37,0.12566625666256662,0.4773773773773774,0.0,0.0,0.0,0.0,1.0,0.0,0.0,0.0,0.06567602863215818,1.0377466164592923,0.5970983991419647
