Material_ID,Material_Type,Product_Category,Strength_MPa,Weight_Capacity_kg,Biodegradability_Score,CO2_Emission_Score_kg,Recyclability_Percentage,Source,Certification,Price_INR,Availability_Status
MAT00001,Cellulose,Textiles,22.26,28.23,37.9,11.18,67.7,Supplier A,EcoCert,3720.06,Low Stock
MAT00002,Recycled Paper,Electronics,55.91,24.03,68.2,8.64,71.6,Supplier D,FSC,2959.78,Low Stock
MAT00003,Recycled Aluminum,Household Items,406.62,1.64,84.5,10.62,34.0,Supplier C,ISO 14001,785.18,In Stock
MAT00004,Linen,Textiles,185.9,35.05,41.2,1.13,45.9,Supplier D,ISO 14001,663.17,Pre-Order
MAT00005,Recycled Glass,Coatings,443.87,36.8,35.4,1.51,66.1,Supplier A,FSC,3246.13,In Stock
MAT00006,Linen,Household Items,232.17,83.58,33.0,5.65,67.0,Supplier A,EcoCert,2962.27,Pre-Order
MAT00007,Bio-based Polymer,Insulation,367.27,17.18,50.4,14.85,64.0,Supplier C,ISO 14001,2384.59,In Stock
MAT00008,Corn Plastic,Food Packaging,404.47,40.72,25.3,13.74,56.7,Supplier B,None,3026.18,Low Stock
MAT00009,Linen,Toys,80.01,14.82,79.6,8.32,74.7,Supplier E,Cradle to Cradle,1872.48,Low Stock
MAT00010,Hemp Fiber,Construction,259.67,10.0,23.8,2.09,62.7,Supplier D,EcoCert,3321.66,In Stock
MAT00011,Linen,Office Supplies,301.99,47.34,40.1,8.52,94.2,Supplier A,None,2875.95,Pre-Order
MAT00012,Cork Composite,Household Items,386.61,34.68,43.5,2.79,0.3,Supplier C,EcoCert,3042.78,In Stock
MAT00013,Mushroom Composite,Textiles,436.55,30.55,71.1,9.33,15.3,Supplier E,EcoCert,3203.8,In Stock
MAT00014,Bioplastic,Bags & Luggage,249.42,12.07,49.0,14.79,80.7,Supplier B,EcoCert,1119.67,In Stock
MAT00015,Sustainable Bamboo,Kitchen Utensils,409.85,97.82,62.6,2.32,66.0,Supplier B,GOTS,3938.35,Pre-Order
MAT00016,Bioplastic,Sports Equipment,482.54,92.96,80.4,10.5,71.3,Supplier C,Cradle to Cradle,1755.45,Pre-Order
MAT00017,Recycled PET,Textiles,131.47,7.34,21.7,8.53,58.8,Supplier A,FSC,195.05,In Stock
MAT00018,Recycled Paper,Bags & Luggage,44.72,24.56,73.5,3.61,13.2,Supplier E,EcoCert,3892.7,Low Stock
MAT00019,Hemp Fiber,Kitchen Utensils,405.67,19.85,27.8,6.75,42.4,Supplier A,None,2026.86,Pre-Order
MAT00020,Cellulose,Textiles,39.7,73.09,84.0,2.08,19.2,Supplier B,Cradle to Cradle,2302.42,In Stock
MAT00021,Mycelium Leather,Toys,132.41,92.4,55.5,12.99,55.0,Supplier E,ISO 14001,367.69,In Stock
MAT00022,Cork Composite,Accessories,91.49,49.08,37.1,6.32,5.9,Supplier D,GOTS,1675.77,Low Stock
MAT00023,Recycled Glass,Sports Equipment,351.33,73.32,82.7,10.1,48.7,Supplier B,ISO 14001,922.96,Pre-Order
MAT00024,Recycled Copper,Insulation,39.87,32.05,24.0,7.41,91.9,Supplier A,EcoCert,2281.67,In Stock
MAT00025,Bio-based Polymer,Cosmetics,301.57,67.85,38.8,2.24,89.0,Supplier E,ISO 14001,1147.06,Pre-Order
MAT00026,Sustainable Bamboo,Sports Equipment,332.11,56.96,45.3,4.28,67.0,Supplier C,Cradle to Cradle,1417.64,In Stock
MAT00027,Wool,Footwear,234.04,92.97,94.9,0.64,62.1,Supplier A,ISO 14001,2408.66,Pre-Order
MAT00028,Cork,Flooring,139.95,93.39,90.5,13.25,37.0,Supplier E,None,794.31,Low Stock
MAT00029,Bioplastic,Flooring,13.83,81.89,44.0,10.12,93.9,Supplier A,ISO 14001,701.35,Pre-Order
MAT00030,Algae-based Material,Construction,143.45,60.88,77.4,3.45,63.4,Supplier D,GOTS,1217.61,In Stock
MAT00031,Sustainable Bamboo,Sports Equipment,416.38,5.36,46.7,2.4,98.0,Supplier D,EcoCert,810.08,Pre-Order
MAT00032,Jute,Insulation,14.74,8.45,90.6,13.61,54.6,Supplier E,EcoCert,3490.98,In Stock
MAT00033,Jute,Construction,30.5,37.1,94.6,14.6,4.0,Supplier B,None,1591.11,In Stock
MAT00034,Certified Wood,Insulation,443.23,41.23,69.7,2.74,93.0,Supplier B,Cradle to Cradle,3610.5,In Stock
MAT00035,Bio-based Polymer,Bags & Luggage,393.37,41.76,73.6,11.16,24.8,Supplier A,Cradle to Cradle,800.12,In Stock
MAT00036,Cardboard,Accessories,107.79,91.93,48.0,12.4,87.1,Supplier B,Cradle to Cradle,1054.1,Low Stock
MAT00037,Mycelium Leather,Cosmetics,483.78,28.63,71.3,6.3,98.1,Supplier A,ISO 14001,2302.42,Low Stock
MAT00038,Bio-based Polymer,Adhesives,481.64,27.28,28.7,6.8,72.9,Supplier E,EcoCert,1415.98,In Stock
MAT00039,Linen,Adhesives,103.14,5.39,54.9,8.04,80.7,Supplier B,GOTS,2902.51,Low Stock
MAT00040,Sustainable Bamboo,Bags & Luggage,315.35,66.68,30.0,13.55,50.7,Supplier C,Cradle to Cradle,2822.83,Pre-Order
MAT00041,Recycled Glass,Insulation,72.37,42.62,95.2,10.32,90.3,Supplier C,Cradle to Cradle,2617.82,Pre-Order
MAT00042,Corn Plastic,Electronics,158.9,21.81,82.9,9.3,32.2,Supplier B,EcoCert,1926.43,Low Stock
MAT00043,Seaweed Polymer,Automotive,332.84,29.09,73.1,9.48,9.3,Supplier B,None,3959.1,Low Stock
MAT00044,Hemp Fiber,Furniture,82.2,5.58,98.7,9.36,76.8,Supplier E,FSC,1980.38,Pre-Order
MAT00045,Flax Fiber,Office Supplies,252.24,25.15,72.5,0.58,75.1,Supplier A,Cradle to Cradle,3233.68,In Stock
MAT00046,Bio-based Polymer,Flooring,237.63,56.18,93.4,2.26,13.3,Supplier E,EcoCert,2016.9,Pre-Order
MAT00047,Natural Rubber,Toys,310.2,72.21,60.4,12.54,54.8,Supplier D,Cradle to Cradle,3740.81,Low Stock
MAT00048,Cork Composite,Accessories,421.53,28.45,82.2,7.53,23.9,Supplier C,FSC,1918.13,Low Stock
MAT00049,Natural Rubber,Bags & Luggage,447.58,8.98,32.1,6.05,15.3,Supplier D,Cradle to Cradle,1018.41,Low Stock
MAT00050,Algae-based Material,Toys,213.73,21.48,53.6,13.62,58.4,Supplier E,Cradle to Cradle,2937.37,Low Stock
MAT00051,Biodegradable Plastic,Home Decor,156.32,39.61,91.3,12.62,53.8,Supplier E,FSC,3092.58,Low Stock
MAT00052,Hemp Fiber,Household Items,223.56,3.87,46.9,10.35,40.4,Supplier D,FSC,823.36,Pre-Order
MAT00053,Algae-based Material,Electronics,454.4,59.6,73.0,1.72,42.9,Supplier B,ISO 14001,3619.63,Low Stock
MAT00054,Linen,Bags & Luggage,113.71,33.36,80.9,6.0,75.2,Supplier C,ISO 14001,3480.19,Low Stock
MAT00055,Biodegradable Plastic,Insulation,35.52,95.24,37.9,1.49,95.7,Supplier A,FSC,326.19,In Stock
MAT00056,Corn Plastic,Electronics,314.45,24.62,57.9,2.16,94.8,Supplier C,GOTS,2018.56,In Stock
MAT00057,Bioplastic,Coatings,482.23,72.12,82.2,2.87,31.1,Supplier C,EcoCert,2471.74,Pre-Order
MAT00058,Linen,Office Supplies,471.32,20.63,67.4,12.54,24.3,Supplier C,None,2944.01,Pre-Order
MAT00059,Seaweed Polymer,Textiles,400.15,57.03,23.3,8.22,66.2,Supplier C,ISO 14001,440.73,Low Stock
MAT00060,Corn Plastic,Kitchen Utensils,61.71,96.12,70.8,12.52,70.7,Supplier E,None,1900.7,Low Stock
MAT00061,Bioplastic,Insulation,389.57,47.02,86.1,9.09,32.2,Supplier A,GOTS,1143.74,Low Stock
MAT00062,Hemp Fiber,Toys,289.23,67.15,46.9,7.67,32.5,Supplier C,GOTS,2108.2,Low Stock
MAT00063,Mycelium Leather,Coatings,353.58,28.35,20.8,14.25,8.6,Supplier D,EcoCert,3034.48,In Stock
MAT00064,Flax Fiber,Kitchen Utensils,326.49,49.59,83.4,1.85,22.2,Supplier C,None,2922.43,Pre-Order
MAT00065,Certified Wood,Kitchen Utensils,281.2,35.03,99.7,8.48,35.2,Supplier C,GOTS,1973.74,In Stock
MAT00066,Organic Cotton,Furniture,164.62,74.55,96.1,10.51,19.2,Supplier C,None,3108.35,Pre-Order
MAT00067,Cork Composite,Flooring,302.43,98.07,86.6,4.8,36.1,Supplier E,FSC,1370.33,Low Stock
MAT00068,Recycled Paper,Food Packaging,281.15,70.04,30.1,13.09,49.1,Supplier E,GOTS,3642.87,Low Stock
MAT00069,Cardboard,Toys,176.95,96.58,40.2,12.99,11.4,Supplier D,ISO 14001,426.62,Pre-Order
MAT00070,Cellulose,Food Packaging,84.35,81.3,95.9,1.74,24.8,Supplier D,EcoCert,2389.57,Pre-Order
MAT00071,Seaweed Polymer,Coatings,120.59,52.73,56.0,6.92,86.0,Supplier C,EcoCert,4110.16,Pre-Order
MAT00072,Recycled Paper,Coatings,480.45,10.82,81.0,9.57,26.5,Supplier B,FSC,489.7,Pre-Order
MAT00073,Sustainable Bamboo,Automotive,11.31,45.6,67.5,4.72,23.1,Supplier D,ISO 14001,2982.19,Pre-Order
MAT00074,Hemp Fiber,Household Items,396.04,62.88,72.9,14.04,42.5,Supplier B,GOTS,2335.62,In Stock
MAT00075,Sustainable Bamboo,Food Packaging,91.3,31.45,79.9,8.75,28.9,Supplier C,None,661.51,Low Stock
MAT00076,Mycelium Leather,Flooring,274.59,44.34,67.8,13.4,73.5,Supplier A,ISO 14001,2571.34,In Stock
MAT00077,Wool,Adhesives,297.69,3.05,81.2,12.41,57.6,Supplier B,Cradle to Cradle,3206.29,Pre-Order
MAT00078,Cellulose,Toys,458.88,18.97,66.8,9.7,49.2,Supplier C,Cradle to Cradle,529.54,Low Stock
MAT00079,Natural Rubber,Textiles,430.29,33.65,75.5,4.68,94.5,Supplier E,ISO 14001,3407.15,Low Stock
MAT00080,Sustainable Bamboo,Bags & Luggage,133.68,12.48,81.8,13.04,82.5,Supplier E,Cradle to Cradle,170.98,Low Stock
MAT00081,Recycled Paper,Furniture,264.04,62.64,59.9,6.91,5.2,Supplier B,GOTS,1230.06,Low Stock
MAT00082,Flax Fiber,Kitchen Utensils,69.5,97.34,68.7,3.97,15.8,Supplier E,Cradle to Cradle,2360.52,In Stock
MAT00083,Hemp Fiber,Textiles,236.11,12.63,86.6,7.73,71.7,Supplier C,Cradle to Cradle,2193.69,Low Stock
MAT00084,Cardboard,Accessories,233.83,15.32,35.2,9.19,74.6,Supplier A,GOTS,709.65,Low Stock
MAT00085,Natural Rubber,Flooring,140.91,1.25,78.1,12.64,58.0,Supplier B,Cradle to Cradle,2795.44,Pre-Order
MAT00086,Cardboard,Home Decor,172.9,76.52,50.2,14.03,87.0,Supplier B,EcoCert,4073.64,Low Stock
MAT00087,Hemp Fiber,Sports Equipment,31.39,74.73,76.4,12.27,38.6,Supplier B,Cradle to Cradle,2810.38,In Stock
MAT00088,Recycled Metal,Flooring,483.02,33.87,28.0,12.75,10.0,Supplier A,None,3793.1,In Stock
MAT00089,Jute,Construction,46.67,78.37,41.2,9.54,39.7,Supplier C,None,486.38,Pre-Order
MAT00090,Linen,Bags & Luggage,317.13,88.86,59.0,8.34,61.7,Supplier C,FSC,1101.41,Pre-Order
MAT00091,Sustainable Bamboo,Sports Equipment,489.39,76.28,76.3,1.96,16.6,Supplier A,ISO 14001,1358.71,Low Stock
MAT00092,Seaweed Polymer,Food Packaging,153.75,38.11,31.6,8.2,56.6,Supplier B,FSC,3323.32,In Stock
MAT00093,Bioplastic,Office Supplies,313.66,24.84,93.0,2.58,46.1,Supplier C,None,1177.77,In Stock
MAT00094,Seaweed Polymer,Toys,451.59,68.08,32.6,6.91,34.6,Supplier D,None,2506.6,Low Stock
MAT00095,Recycled PET,Footwear,107.62,39.08,58.7,3.94,57.2,Supplier C,ISO 14001,2455.97,Pre-Order
MAT00096,Linen,Household Items,13.97,86.64,82.3,14.62,91.1,Supplier C,FSC,3134.91,Pre-Order
MAT00097,Seaweed Polymer,Home Decor,117.31,19.82,40.1,11.46,76.7,Supplier B,None,2878.44,In Stock
MAT00098,Cellulose,Food Packaging,161.38,44.64,66.4,11.12,9.0,Supplier D,FSC,1342.11,In Stock
MAT00099,Recycled Metal,Insulation,439.47,37.22,60.1,4.45,16.5,Supplier D,GOTS,3807.21,Pre-Order
MAT00100,Natural Rubber,Textiles,239.48,8.45,80.3,3.77,67.6,Supplier D,EcoCert,2852.71,Low Stock
MAT00101,Sustainable Bamboo,Office Supplies,16.82,54.12,56.4,10.26,67.2,Supplier C,ISO 14001,2494.98,Pre-Order
MAT00102,Hemp Fiber,Kitchen Utensils,22.26,88.54,64.9,13.77,22.1,Supplier D,None,417.49,Low Stock
MAT00103,Cellulose,Sports Equipment,67.17,5.49,23.0,14.94,11.6,Supplier E,FSC,1101.41,Low Stock
MAT00104,Recycled PET,Home Decor,338.54,74.57,95.7,6.58,74.2,Supplier D,None,781.86,In Stock
MAT00105,Corn Plastic,Kitchen Utensils,311.67,93.97,42.4,10.51,21.7,Supplier B,GOTS,1938.05,In Stock
MAT00106,Wool,Home Decor,276.79,97.81,48.7,6.27,19.0,Supplier D,ISO 14001,652.38,Pre-Order
MAT00107,Cork,Coatings,485.84,6.01,46.7,14.84,78.7,Supplier E,FSC,983.55,Pre-Order
MAT00108,Cork,Accessories,170.99,15.61,92.0,0.54,85.8,Supplier B,EcoCert,742.85,Low Stock
MAT00109,Seaweed Polymer,Automotive,63.86,86.78,30.5,5.69,78.8,Supplier A,FSC,2511.58,Low Stock
MAT00110,Recycled Paper,Construction,373.44,53.08,79.7,7.41,77.8,Supplier A,Cradle to Cradle,2211.12,Pre-Order
MAT00111,Hemp Fiber,Coatings,31.25,78.54,89.4,8.06,45.8,Supplier A,Cradle to Cradle,4006.41,Low Stock
MAT00112,Jute,Textiles,250.23,91.06,25.9,1.67,60.8,Supplier C,EcoCert,427.45,Pre-Order
MAT00113,Recycled Aluminum,Insulation,358.95,38.71,67.8,4.78,50.6,Supplier A,None,1879.95,Pre-Order
MAT00114,Cork Composite,Insulation,363.21,22.29,56.1,3.81,33.9,Supplier D,None,1972.91,In Stock
MAT00115,Natural Rubber,Sports Equipment,163.14,26.23,96.3,10.46,47.4,Supplier A,ISO 14001,529.54,Low Stock
MAT00116,Organic Cotton,Home Decor,407.77,56.08,66.9,8.64,33.0,Supplier C,None,653.21,Low Stock
MAT00117,Recycled Copper,Food Packaging,484.52,60.44,48.1,8.88,21.3,Supplier B,ISO 14001,2782.16,Low Stock
MAT00118,Algae-based Material,Home Decor,66.29,28.58,38.1,6.72,56.1,Supplier E,EcoCert,3223.72,Pre-Order
MAT00119,Cellulose,Insulation,22.86,92.98,86.4,4.38,18.0,Supplier C,GOTS,2965.59,Low Stock
MAT00120,Biodegradable Plastic,Automotive,436.23,57.07,52.1,2.56,63.3,Supplier E,FSC,288.01,Low Stock
MAT00121,Jute,Toys,177.04,37.64,77.7,11.76,56.8,Supplier A,FSC,504.64,In Stock
MAT00122,Cork Composite,Coatings,34.38,9.08,55.4,6.65,60.7,Supplier B,EcoCert,1816.04,In Stock
MAT00123,Certified Wood,Sports Equipment,64.34,68.14,67.5,8.14,30.8,Supplier E,ISO 14001,1044.14,In Stock
MAT00124,Cork,Footwear,473.21,76.97,81.1,4.7,12.0,Supplier D,FSC,2147.21,In Stock
MAT00125,Linen,Insulation,354.8,50.53,86.7,12.19,7.2,Supplier A,Cradle to Cradle,3598.88,In Stock
MAT00126,Recycled PET,Cosmetics,432.43,58.0,65.9,10.79,41.8,Supplier A,GOTS,624.99,In Stock
MAT00127,Seaweed Polymer,Coatings,235.45,69.27,48.9,6.83,10.6,Supplier D,EcoCert,1901.53,In Stock
MAT00128,Linen,Footwear,375.44,22.94,82.3,1.61,63.3,Supplier B,GOTS,2280.01,Low Stock
MAT00129,Recycled Copper,Construction,125.77,15.5,35.8,9.23,76.0,Supplier B,None,2777.18,Low Stock
MAT00130,Recycled PET,Adhesives,382.34,45.44,93.9,8.69,63.5,Supplier C,FSC,2654.34,Low Stock
MAT00131,Sustainable Bamboo,Kitchen Utensils,226.68,30.98,42.0,1.31,50.7,Supplier D,ISO 14001,1402.7,In Stock
MAT00132,Certified Wood,Footwear,47.6,86.56,88.4,9.42,50.7,Supplier E,None,2009.43,In Stock
MAT00133,Recycled PET,Adhesives,329.4,32.83,58.1,2.69,6.2,Supplier C,None,578.51,In Stock
MAT00134,Mushroom Composite,Automotive,29.18,71.05,99.3,8.1,61.0,Supplier C,Cradle to Cradle,1616.01,Low Stock
MAT00135,Cork Composite,Bags & Luggage,342.66,6.18,70.5,5.35,33.0,Supplier D,GOTS,2388.74,Low Stock
MAT00136,Recycled Copper,Coatings,437.91,34.0,66.6,2.55,35.0,Supplier D,FSC,4021.35,Pre-Order
MAT00137,Flax Fiber,Cosmetics,161.7,38.29,83.3,12.29,67.0,Supplier E,ISO 14001,3468.57,Pre-Order
MAT00138,Wool,Sports Equipment,259.16,2.8,44.7,14.29,34.2,Supplier B,FSC,3218.74,In Stock
MAT00139,Recycled Metal,Cosmetics,154.94,79.02,60.6,8.33,73.9,Supplier C,EcoCert,2263.41,In Stock
MAT00140,Bioplastic,Office Supplies,85.58,18.9,75.4,9.56,90.3,Supplier A,Cradle to Cradle,3039.46,Low Stock
MAT00141,Wool,Accessories,485.1,61.45,80.2,11.87,23.4,Supplier D,FSC,1118.84,Low Stock
MAT00142,Wool,Adhesives,492.38,46.71,42.5,6.04,52.7,Supplier B,EcoCert,4015.54,In Stock
MAT00143,Mycelium Leather,Food Packaging,324.18,87.54,64.4,1.99,84.6,Supplier C,ISO 14001,3557.38,In Stock
MAT00144,Mycelium Leather,Toys,453.6,15.59,55.0,14.22,22.2,Supplier C,ISO 14001,1962.95,Low Stock
MAT00145,Recycled Paper,Office Supplies,255.98,24.34,99.6,5.94,2.8,Supplier C,FSC,3874.44,In Stock
MAT00146,Recycled Paper,Footwear,459.52,47.77,86.5,11.5,46.9,Supplier A,ISO 14001,2617.82,Low Stock
MAT00147,Cork,Construction,278.91,73.0,62.2,2.11,28.8,Supplier A,FSC,1366.18,Low Stock
MAT00148,Cellulose,Coatings,233.99,11.97,92.4,9.15,1.6,Supplier B,None,2219.42,In Stock
MAT00149,Recycled Glass,Sports Equipment,10.77,35.93,65.7,3.22,66.8,Supplier C,ISO 14001,2251.79,Pre-Order
MAT00150,Algae-based Material,Flooring,395.34,51.25,21.6,13.16,4.4,Supplier C,GOTS,1707.31,Pre-Order
MAT00151,Biodegradable Plastic,Home Decor,396.37,35.14,78.6,9.61,77.2,Supplier C,FSC,3095.07,In Stock
MAT00152,Certified Wood,Insulation,175.89,64.64,86.4,10.43,98.1,Supplier B,FSC,2072.51,In Stock
MAT00153,Flax Fiber,Toys,28.12,20.96,83.3,13.34,31.6,Supplier D,EcoCert,1401.04,Low Stock
MAT00154,Mycelium Leather,Food Packaging,379.11,19.92,48.6,11.82,86.6,Supplier A,GOTS,1488.19,Low Stock
MAT00155,Linen,Toys,448.37,39.28,97.9,7.69,49.8,Supplier E,GOTS,3848.71,In Stock
MAT00156,Recycled Copper,Sports Equipment,48.67,60.64,85.8,8.41,32.1,Supplier C,GOTS,484.72,Low Stock
MAT00157,Bioplastic,Sports Equipment,91.66,44.95,55.8,11.04,91.2,Supplier D,GOTS,2615.33,Pre-Order
MAT00158,Seaweed Polymer,Food Packaging,46.77,64.11,49.1,12.12,67.9,Supplier B,EcoCert,3961.59,Pre-Order
MAT00159,Seaweed Polymer,Toys,27.05,7.66,82.3,5.81,38.3,Supplier E,FSC,2426.09,Pre-Order
MAT00160,Recycled PET,Home Decor,192.29,76.55,65.9,8.18,39.8,Supplier B,ISO 14001,2753.94,In Stock
MAT00161,Recycled Copper,Automotive,254.53,39.31,64.9,4.3,26.0,Supplier E,GOTS,1943.86,Pre-Order
MAT00162,Cardboard,Furniture,70.09,85.43,56.2,13.53,44.5,Supplier C,None,515.43,Low Stock
MAT00163,Flax Fiber,Cosmetics,279.5,29.75,44.0,2.78,71.0,Supplier B,GOTS,2955.63,Pre-Order
MAT00164,Hemp Fiber,Textiles,492.71,79.41,38.9,7.66,36.1,Supplier D,EcoCert,2446.01,In Stock
MAT00165,Bioplastic,Cosmetics,42.22,40.42,77.4,7.44,41.1,Supplier E,ISO 14001,1796.95,In Stock
MAT00166,Natural Rubber,Cosmetics,230.49,68.33,47.6,13.23,78.0,Supplier B,FSC,2714.93,Low Stock
MAT00167,Mushroom Composite,Food Packaging,417.38,52.29,44.3,2.85,93.5,Supplier E,GOTS,1064.06,In Stock
MAT00168,Mycelium Leather,Furniture,321.18,55.53,30.0,4.89,53.3,Supplier B,EcoCert,2167.96,Pre-Order
MAT00169,Recycled Metal,Automotive,332.78,72.34,68.4,12.72,56.4,Supplier A,ISO 14001,3453.63,In Stock
MAT00170,Cellulose,Adhesives,139.68,21.87,65.8,9.46,3.0,Supplier E,GOTS,3707.61,Pre-Order
MAT00171,Recycled Glass,Kitchen Utensils,129.99,80.93,52.5,7.08,68.9,Supplier D,Cradle to Cradle,795.97,Low Stock
MAT00172,Cork,Bags & Luggage,307.26,31.95,77.5,11.15,86.1,Supplier B,GOTS,4052.06,Pre-Order
MAT00173,Algae-based Material,Textiles,166.37,47.18,41.4,4.09,9.7,Supplier D,EcoCert,1322.19,Low Stock
MAT00174,Hemp Fiber,Automotive,408.6,93.44,77.7,3.25,15.9,Supplier D,Cradle to Cradle,4134.23,Low Stock
MAT00175,Cardboard,Electronics,54.12,39.93,56.6,3.99,58.3,Supplier C,Cradle to Cradle,360.22,Pre-Order
MAT00176,Corn Plastic,Kitchen Utensils,150.02,1.81,28.6,2.44,26.4,Supplier D,GOTS,1623.48,In Stock
MAT00177,Linen,Food Packaging,289.44,20.27,64.3,1.57,50.4,Supplier C,EcoCert,3211.27,Pre-Order
MAT00178,Bioplastic,Textiles,73.05,10.57,49.9,14.81,55.8,Supplier B,FSC,1622.65,Pre-Order
MAT00179,Mushroom Composite,Office Supplies,255.04,5.49,31.0,5.33,47.4,Supplier E,EcoCert,1987.02,In Stock
MAT00180,Natural Rubber,Coatings,166.08,39.9,69.3,12.72,59.4,Supplier E,EcoCert,2187.05,Low Stock
MAT00181,Flax Fiber,Adhesives,156.9,81.76,49.5,10.27,98.0,Supplier A,EcoCert,2491.66,Low Stock
MAT00182,Mycelium Leather,Adhesives,293.04,72.42,66.7,2.97,62.9,Supplier D,FSC,2635.25,Pre-Order
MAT00183,Hemp Fiber,Food Packaging,290.56,70.35,35.3,6.9,41.9,Supplier B,Cradle to Cradle,1811.06,Pre-Order
MAT00184,Cork Composite,Coatings,461.06,87.41,78.9,1.4,13.8,Supplier C,None,991.85,Low Stock
MAT00185,Mushroom Composite,Office Supplies,163.74,18.15,93.0,5.46,35.4,Supplier C,EcoCert,3241.98,Low Stock
MAT00186,Cork,Accessories,146.71,30.55,95.3,14.74,77.1,Supplier D,GOTS,2974.72,Low Stock
MAT00187,Certified Wood,Insulation,467.51,79.75,41.9,2.27,67.7,Supplier D,GOTS,1679.09,In Stock
MAT00188,Recycled Glass,Food Packaging,150.94,71.7,47.7,6.91,25.6,Supplier B,EcoCert,2075.0,Low Stock
MAT00189,Algae-based Material,Household Items,77.26,61.95,66.9,4.02,67.0,Supplier B,ISO 14001,2281.67,In Stock
MAT00190,Jute,Bags & Luggage,361.51,10.95,81.7,0.58,55.0,Supplier D,None,3867.8,Low Stock
MAT00191,Cardboard,Furniture,380.4,29.44,42.8,1.36,76.9,Supplier B,EcoCert,2764.73,Pre-Order
MAT00192,Recycled Copper,Food Packaging,457.48,18.33,90.6,3.05,92.0,Supplier D,Cradle to Cradle,4138.38,In Stock
MAT00193,Recycled Copper,Footwear,439.6,1.92,65.4,2.06,98.3,Supplier E,EcoCert,1299.78,Low Stock
MAT00194,Recycled Metal,Flooring,239.33,20.09,29.0,2.86,45.9,Supplier B,ISO 14001,1191.05,Pre-Order
MAT00195,Natural Rubber,Footwear,288.21,75.97,34.0,12.91,89.7,Supplier E,GOTS,3461.1,In Stock
MAT00196,Linen,Textiles,100.54,14.92,45.9,4.1,26.1,Supplier C,GOTS,1104.73,Low Stock
MAT00197,Recycled Aluminum,Adhesives,15.6,65.71,75.4,1.4,11.8,Supplier D,None,1388.59,Pre-Order
MAT00198,Flax Fiber,Footwear,348.24,64.23,95.3,5.83,22.1,Supplier D,FSC,3979.85,Low Stock
MAT00199,Recycled Copper,Coatings,193.08,70.49,93.0,11.48,80.2,Supplier B,None,3455.29,Pre-Order
MAT00200,Seaweed Polymer,Cosmetics,267.5,53.29,48.9,13.8,11.2,Supplier E,FSC,3467.74,Pre-Order
MAT00201,Algae-based Material,Construction,90.62,85.59,55.3,10.36,71.7,Supplier E,Cradle to Cradle,2113.18,In Stock
MAT00202,Recycled PET,Construction,261.49,46.22,24.6,7.2,80.7,Supplier D,GOTS,3047.76,In Stock
MAT00203,Recycled Copper,Furniture,293.37,5.48,47.6,1.42,99.4,Supplier A,Cradle to Cradle,3889.38,In Stock
MAT00204,Recycled Glass,Sports Equipment,98.19,14.41,71.3,11.07,96.4,Supplier D,Cradle to Cradle,1657.51,Low Stock
MAT00205,Linen,Cosmetics,344.54,66.52,63.1,9.98,34.8,Supplier E,Cradle to Cradle,877.31,Pre-Order
MAT00206,Recycled Metal,Accessories,419.06,75.86,98.3,7.21,71.9,Supplier D,FSC,1855.88,In Stock
MAT00207,Recycled PET,Home Decor,86.01,19.66,90.0,11.6,3.2,Supplier E,ISO 14001,2796.27,In Stock
MAT00208,Cork,Cosmetics,59.44,4.32,67.8,10.7,4.9,Supplier D,Cradle to Cradle,3116.65,In Stock
MAT00209,Algae-based Material,Furniture,379.65,77.83,31.2,14.91,23.4,Supplier E,GOTS,3817.17,Pre-Order
MAT00210,Bioplastic,Bags & Luggage,126.08,87.75,98.9,8.06,41.4,Supplier E,EcoCert,1262.43,Pre-Order
MAT00211,Bio-based Polymer,Sports Equipment,282.37,5.64,47.6,9.83,38.1,Supplier D,Cradle to Cradle,2255.11,In Stock
MAT00212,Recycled Glass,Office Supplies,100.1,54.25,39.3,3.77,85.8,Supplier D,ISO 14001,741.19,Pre-Order
MAT00213,Jute,Sports Equipment,283.07,14.28,39.4,3.45,64.7,Supplier C,ISO 14001,3840.41,Pre-Order
MAT00214,Recycled Copper,Furniture,35.25,38.34,68.4,1.07,7.3,Supplier E,None,3371.46,Pre-Order
MAT00215,Algae-based Material,Furniture,244.9,87.08,46.6,14.38,1.5,Supplier A,None,3899.34,Low Stock
MAT00216,Hemp Fiber,Coatings,354.85,40.27,39.1,5.16,28.3,Supplier C,GOTS,2023.54,Low Stock
MAT00217,Certified Wood,Flooring,442.58,47.13,84.2,10.97,76.2,Supplier B,GOTS,1441.71,Low Stock
MAT00218,Jute,Food Packaging,285.64,22.91,31.7,4.28,93.5,Supplier D,GOTS,2473.4,In Stock
MAT00219,Cork,Bags & Luggage,122.71,57.41,39.7,8.48,94.3,Supplier D,None,1510.6,Pre-Order
MAT00220,Recycled Copper,Kitchen Utensils,235.81,73.54,48.2,2.53,54.7,Supplier E,None,898.89,In Stock
MAT00221,Mushroom Composite,Food Packaging,421.14,8.36,85.4,1.2,0.6,Supplier B,ISO 14001,713.8,Pre-Order
MAT00222,Recycled Metal,Electronics,117.17,46.14,24.8,9.75,93.4,Supplier D,ISO 14001,3802.23,In Stock
MAT00223,Algae-based Material,Insulation,211.56,2.66,77.8,8.27,28.7,Supplier D,FSC,2167.13,In Stock
MAT00224,Organic Cotton,Flooring,82.96,20.0,62.1,12.32,26.7,Supplier C,Cradle to Cradle,1747.15,Low Stock
MAT00225,Recycled Aluminum,Accessories,495.21,23.36,74.7,12.79,65.4,Supplier A,ISO 14001,3584.77,Low Stock
MAT00226,Linen,Office Supplies,280.82,6.56,20.8,2.99,50.0,Supplier C,EcoCert,1894.89,In Stock
MAT00227,Mushroom Composite,Food Packaging,122.59,90.23,75.4,8.72,27.1,Supplier C,EcoCert,3847.88,Pre-Order
MAT00228,Wool,Food Packaging,97.88,85.19,21.3,3.5,14.4,Supplier D,ISO 14001,3435.37,Low Stock
MAT00229,Bio-based Polymer,Adhesives,127.83,83.63,51.1,13.5,33.2,Supplier B,None,3176.41,Pre-Order
MAT00230,Sustainable Bamboo,Flooring,375.27,35.24,27.8,3.87,7.6,Supplier E,EcoCert,2577.15,Low Stock
MAT00231,Cork Composite,Bags & Luggage,24.52,28.06,99.4,7.61,35.6,Supplier D,FSC,3915.11,Pre-Order
MAT00232,Recycled Aluminum,Office Supplies,51.99,62.24,83.8,10.84,8.2,Supplier B,None,780.2,Low Stock
MAT00233,Natural Rubber,Home Decor,62.21,1.51,44.7,5.72,27.0,Supplier B,Cradle to Cradle,693.88,Low Stock
MAT00234,Algae-based Material,Insulation,261.1,11.23,27.2,8.54,59.7,Supplier D,ISO 14001,3290.95,Low Stock
MAT00235,Jute,Office Supplies,391.79,72.76,64.8,14.89,24.3,Supplier D,FSC,2241.83,In Stock
MAT00236,Mycelium Leather,Footwear,141.52,15.45,33.4,4.5,30.0,Supplier C,GOTS,3284.31,In Stock
MAT00237,Recycled Copper,Kitchen Utensils,300.97,20.36,28.6,4.92,94.9,Supplier E,Cradle to Cradle,1489.85,Low Stock
MAT00238,Recycled PET,Bags & Luggage,221.0,82.53,72.1,9.12,30.0,Supplier B,Cradle to Cradle,2568.85,Low Stock
MAT00239,Bio-based Polymer,Office Supplies,484.68,29.85,75.6,7.62,57.6,Supplier D,GOTS,1132.12,Low Stock
MAT00240,Certified Wood,Textiles,466.71,20.78,99.8,3.11,76.8,Supplier D,None,273.07,In Stock
MAT00241,Recycled PET,Footwear,417.33,7.85,87.8,12.03,67.3,Supplier C,FSC,720.44,Low Stock
MAT00242,Wool,Construction,360.47,79.12,25.9,14.87,47.9,Supplier E,None,1762.92,Low Stock
MAT00243,Algae-based Material,Food Packaging,397.45,36.59,91.6,8.29,63.8,Supplier B,None,504.64,Pre-Order
MAT00244,Certified Wood,Automotive,327.03,5.39,98.7,10.32,40.0,Supplier D,ISO 14001,3164.79,In Stock
MAT00245,Organic Cotton,Household Items,118.78,74.94,64.6,10.47,22.1,Supplier D,None,1656.68,Pre-Order
MAT00246,Flax Fiber,Flooring,83.87,99.77,58.6,4.78,92.1,Supplier B,GOTS,507.96,Low Stock
MAT00247,Natural Rubber,Toys,394.29,52.59,47.9,1.92,72.2,Supplier A,GOTS,1968.76,In Stock
MAT00248,Seaweed Polymer,Textiles,21.07,34.96,28.7,12.1,93.0,Supplier E,FSC,3115.82,Pre-Order
MAT00249,Bio-based Polymer,Bags & Luggage,284.33,95.89,38.5,6.37,18.4,Supplier D,Cradle to Cradle,2717.42,In Stock
MAT00250,Recycled Copper,Coatings,442.72,45.51,54.4,0.56,21.5,Supplier A,EcoCert,1274.88,In Stock
MAT00251,Seaweed Polymer,Insulation,101.61,33.27,56.6,4.3,86.3,Supplier C,EcoCert,2268.39,Low Stock
MAT00252,Bioplastic,Office Supplies,297.63,35.44,87.6,9.45,81.4,Supplier C,EcoCert,2978.87,Pre-Order
MAT00253,Sustainable Bamboo,Construction,163.46,24.62,29.4,5.91,14.1,Supplier E,FSC,1713.95,Pre-Order
MAT00254,Linen,Sports Equipment,101.02,63.91,75.5,9.86,100.0,Supplier D,GOTS,2377.12,In Stock
MAT00255,Bio-based Polymer,Bags & Luggage,422.57,62.32,89.2,14.3,48.5,Supplier D,EcoCert,943.71,Pre-Order
MAT00256,Cellulose,Kitchen Utensils,210.48,49.68,76.8,6.94,16.7,Supplier B,GOTS,2418.62,In Stock
MAT00257,Mycelium Leather,Accessories,273.43,17.65,56.6,11.27,76.6,Supplier A,EcoCert,2356.37,In Stock
MAT00258,Mycelium Leather,Insulation,413.41,37.32,85.8,1.1,71.9,Supplier D,ISO 14001,2342.26,Pre-Order
MAT00259,Corn Plastic,Accessories,155.88,99.93,56.0,5.55,81.7,Supplier A,FSC,1915.64,In Stock
MAT00260,Seaweed Polymer,Adhesives,347.68,86.24,68.8,6.71,61.6,Supplier B,ISO 14001,3292.61,Pre-Order
MAT00261,Certified Wood,Insulation,147.73,54.34,45.9,10.71,28.9,Supplier E,None,1230.89,In Stock
MAT00262,Recycled Metal,Sports Equipment,460.2,99.26,89.4,2.34,86.6,Supplier C,FSC,1160.34,Pre-Order
MAT00263,Linen,Kitchen Utensils,79.66,63.61,70.2,5.94,7.6,Supplier A,Cradle to Cradle,3331.62,Pre-Order
MAT00264,Recycled Copper,Household Items,350.4,87.85,56.4,7.58,58.2,Supplier A,None,3627.93,Low Stock
MAT00265,Cellulose,Home Decor,426.55,79.77,51.8,14.54,82.5,Supplier C,GOTS,2137.25,Low Stock
MAT00266,Algae-based Material,Adhesives,73.99,85.39,83.1,13.47,76.2,Supplier D,ISO 14001,349.43,In Stock
MAT00267,Bio-based Polymer,Toys,233.69,99.19,54.2,14.94,90.9,Supplier C,FSC,3680.22,Low Stock
MAT00268,Sustainable Bamboo,Home Decor,132.69,37.81,92.3,2.9,39.6,Supplier B,Cradle to Cradle,1382.78,Pre-Order
MAT00269,Sustainable Bamboo,Textiles,10.53,48.2,30.6,3.78,68.0,Supplier C,ISO 14001,203.35,Low Stock
MAT00270,Flax Fiber,Construction,244.07,23.67,27.1,12.19,10.3,Supplier C,FSC,1630.12,Low Stock
MAT00271,Cork Composite,Construction,324.37,68.04,25.5,8.67,61.0,Supplier C,None,820.04,In Stock
MAT00272,Cellulose,Construction,460.75,61.99,55.4,3.65,89.7,Supplier A,EcoCert,723.76,Pre-Order
MAT00273,Linen,Home Decor,481.99,32.14,31.2,4.52,8.4,Supplier E,None,2370.48,Pre-Order
MAT00274,Recycled Glass,Electronics,425.47,66.18,44.1,8.01,51.0,Supplier C,None,3145.7,In Stock
MAT00275,Seaweed Polymer,Accessories,252.49,12.16,60.0,9.11,52.8,Supplier C,GOTS,4061.19,In Stock
MAT00276,Linen,Adhesives,216.22,55.09,33.8,7.33,98.7,Supplier E,ISO 14001,456.5,In Stock
MAT00277,Mycelium Leather,Furniture,29.52,6.99,83.1,7.85,62.9,Supplier D,Cradle to Cradle,2162.15,Pre-Order
MAT00278,Linen,Cosmetics,323.86,54.23,32.2,1.71,7.9,Supplier B,EcoCert,3834.6,Low Stock
MAT00279,Linen,Adhesives,320.8,83.62,74.5,1.46,69.9,Supplier B,ISO 14001,3074.32,In Stock
MAT00280,Sustainable Bamboo,Sports Equipment,66.83,61.62,24.4,10.16,65.8,Supplier A,None,865.69,In Stock
MAT00281,Flax Fiber,Electronics,90.28,95.35,61.8,11.85,72.1,Supplier B,None,830.83,Low Stock
MAT00282,Recycled Copper,Textiles,388.0,3.91,84.6,4.44,6.4,Supplier E,None,3003.77,In Stock
MAT00283,Cardboard,Toys,260.28,6.49,88.7,2.92,15.7,Supplier E,None,3246.96,Pre-Order
MAT00284,Organic Cotton,Accessories,372.98,1.25,88.7,0.68,4.6,Supplier B,FSC,1616.01,In Stock
MAT00285,Algae-based Material,Sports Equipment,120.01,25.58,93.3,5.14,82.6,Supplier A,EcoCert,2442.69,Pre-Order
MAT00286,Recycled Paper,Automotive,119.36,52.06,23.7,6.31,87.7,Supplier C,GOTS,3616.31,In Stock
MAT00287,Algae-based Material,Toys,13.9,20.87,65.1,4.91,62.3,Supplier E,Cradle to Cradle,2014.41,In Stock
MAT00288,Recycled Copper,Insulation,382.64,25.27,20.5,6.45,23.3,Supplier A,GOTS,1546.29,In Stock
MAT00289,Cork Composite,Office Supplies,426.01,72.99,28.3,8.18,23.8,Supplier A,FSC,2126.46,Pre-Order
MAT00290,Mycelium Leather,Cosmetics,31.51,23.92,87.6,6.49,89.6,Supplier A,EcoCert,1992.83,In Stock
MAT00291,Mushroom Composite,Construction,322.24,40.04,67.4,1.4,66.2,Supplier C,GOTS,686.41,Low Stock
MAT00292,Seaweed Polymer,Office Supplies,353.36,73.8,45.4,4.44,7.5,Supplier E,ISO 14001,973.59,In Stock
MAT00293,Organic Cotton,Automotive,230.29,32.09,29.7,5.7,77.0,Supplier D,GOTS,1966.27,In Stock
MAT00294,Sustainable Bamboo,Automotive,405.72,31.12,76.4,9.25,21.5,Supplier B,ISO 14001,3578.96,Pre-Order
MAT00295,Hemp Fiber,Home Decor,204.16,5.85,43.9,12.39,17.4,Supplier D,EcoCert,3959.1,Pre-Order
MAT00296,Algae-based Material,Accessories,56.42,11.09,83.5,2.26,6.2,Supplier B,FSC,3277.67,In Stock
MAT00297,Corn Plastic,Office Supplies,192.4,63.4,71.6,8.94,25.9,Supplier A,ISO 14001,3403.83,In Stock
MAT00298,Cellulose,Toys,406.56,10.11,87.8,12.23,12.3,Supplier A,FSC,3920.09,Pre-Order
MAT00299,Jute,Office Supplies,253.1,38.89,54.1,5.63,90.8,Supplier D,FSC,1261.6,In Stock
MAT00300,Bioplastic,Coatings,312.32,65.08,59.9,13.3,47.9,Supplier D,FSC,515.43,Low Stock
MAT00301,Cork,Flooring,132.08,99.41,63.5,0.78,38.2,Supplier D,EcoCert,3007.92,Low Stock
MAT00302,Certified Wood,Adhesives,256.17,39.45,34.4,5.12,21.9,Supplier C,ISO 14001,3735.0,Low Stock
MAT00303,Mushroom Composite,Home Decor,385.75,99.96,97.9,1.95,65.7,Supplier A,FSC,1227.57,Pre-Order
MAT00304,Seaweed Polymer,Office Supplies,183.85,84.08,87.6,3.05,59.3,Supplier C,EcoCert,3378.1,In Stock
MAT00305,Flax Fiber,Home Decor,474.3,56.8,65.0,3.23,98.8,Supplier D,EcoCert,3678.56,Low Stock
MAT00306,Bio-based Polymer,Kitchen Utensils,28.6,6.56,68.1,0.79,47.8,Supplier E,FSC,1487.36,In Stock
MAT00307,Natural Rubber,Automotive,460.2,84.58,45.9,0.82,58.7,Supplier A,EcoCert,3820.49,Low Stock
MAT00308,Sustainable Bamboo,Home Decor,355.22,66.55,66.9,5.38,32.3,Supplier D,None,4053.72,Low Stock
MAT00309,Cellulose,Bags & Luggage,95.36,96.91,75.5,13.97,78.7,Supplier E,FSC,1055.76,Low Stock
MAT00310,Recycled Glass,Footwear,72.4,73.15,95.9,14.26,39.2,Supplier E,ISO 14001,4127.59,In Stock
MAT00311,Bioplastic,Bags & Luggage,461.31,96.79,37.7,8.7,93.7,Supplier A,FSC,726.25,Low Stock
MAT00312,Natural Rubber,Automotive,321.73,96.34,85.7,10.22,72.9,Supplier A,GOTS,1503.96,In Stock
MAT00313,Hemp Fiber,Cosmetics,181.74,78.91,77.6,1.2,43.8,Supplier B,Cradle to Cradle,1837.62,Low Stock
MAT00314,Linen,Home Decor,277.55,11.04,58.4,13.03,65.1,Supplier B,Cradle to Cradle,2903.34,In Stock
MAT00315,Seaweed Polymer,Food Packaging,154.51,32.55,96.1,1.58,17.0,Supplier A,EcoCert,1661.66,In Stock
MAT00316,Natural Rubber,Coatings,492.79,89.43,76.4,6.75,65.4,Supplier D,FSC,2585.45,In Stock
MAT00317,Organic Cotton,Bags & Luggage,110.72,19.81,75.8,10.97,73.0,Supplier C,GOTS,1222.59,In Stock
MAT00318,Organic Cotton,Food Packaging,202.52,55.42,59.3,1.29,0.4,Supplier E,Cradle to Cradle,515.43,In Stock
MAT00319,Organic Cotton,Electronics,111.41,64.18,98.2,7.37,11.6,Supplier D,Cradle to Cradle,3292.61,Pre-Order
MAT00320,Mycelium Leather,Cosmetics,324.51,39.37,49.7,6.03,18.7,Supplier D,Cradle to Cradle,343.62,Low Stock
MAT00321,Hemp Fiber,Household Items,286.48,15.96,75.7,1.9,66.8,Supplier D,EcoCert,3385.57,In Stock
MAT00322,Algae-based Material,Food Packaging,421.99,82.02,53.5,8.26,86.7,Supplier B,Cradle to Cradle,2057.57,Low Stock
MAT00323,Sustainable Bamboo,Office Supplies,452.36,71.72,60.2,13.56,80.0,Supplier E,FSC,2865.16,In Stock
MAT00324,Cork Composite,Toys,94.71,98.45,97.8,12.22,12.6,Supplier D,FSC,1852.56,Pre-Order
MAT00325,Recycled Metal,Coatings,136.36,91.17,93.1,1.47,38.8,Supplier C,GOTS,1748.81,Pre-Order
MAT00326,Recycled PET,Electronics,395.41,62.68,61.8,6.58,41.4,Supplier E,EcoCert,756.13,In Stock
MAT00327,Organic Cotton,Adhesives,391.98,78.79,89.4,13.26,87.8,Supplier D,EcoCert,1218.44,Pre-Order
MAT00328,Cardboard,Food Packaging,94.38,40.89,69.5,10.37,40.2,Supplier C,None,1743.0,In Stock
MAT00329,Recycled Paper,Kitchen Utensils,461.21,89.81,21.6,12.35,30.3,Supplier D,None,1283.18,Pre-Order
MAT00330,Organic Cotton,Accessories,75.85,97.45,55.4,12.47,26.9,Supplier A,FSC,1826.83,Low Stock
MAT00331,Cork,Sports Equipment,373.06,76.19,89.4,12.4,51.5,Supplier C,None,799.29,Pre-Order
MAT00332,Linen,Construction,392.45,52.9,65.5,3.02,87.5,Supplier A,FSC,965.29,In Stock
MAT00333,Recycled PET,Food Packaging,459.84,70.76,41.9,12.44,50.5,Supplier A,None,2697.5,In Stock
MAT00334,Hemp Fiber,Home Decor,249.51,45.16,96.8,7.38,55.1,Supplier C,None,1537.16,Pre-Order
MAT00335,Sustainable Bamboo,Footwear,23.45,5.92,88.3,11.81,21.4,Supplier B,None,1047.46,In Stock
MAT00336,Mycelium Leather,Sports Equipment,261.51,86.6,97.4,10.39,47.4,Supplier B,EcoCert,693.05,In Stock
MAT00337,Hemp Fiber,Household Items,308.09,94.36,77.0,10.79,27.5,Supplier C,Cradle to Cradle,3733.34,Low Stock
MAT00338,Cork,Toys,158.05,52.54,69.9,8.98,0.7,Supplier C,EcoCert,4147.51,Pre-Order
MAT00339,Bioplastic,Coatings,148.51,68.76,58.5,5.38,27.6,Supplier C,GOTS,1461.63,Pre-Order
MAT00340,Flax Fiber,Footwear,102.3,52.21,39.2,1.32,85.7,Supplier D,None,3393.04,Low Stock
MAT00341,Wool,Construction,363.43,65.88,99.8,4.26,41.9,Supplier A,EcoCert,1713.12,Pre-Order
MAT00342,Recycled Aluminum,Furniture,178.15,71.62,74.9,9.76,47.6,Supplier C,EcoCert,3913.45,Low Stock
MAT00343,Bio-based Polymer,Insulation,98.76,10.66,30.2,4.25,80.8,Supplier B,None,3205.46,Low Stock
MAT00344,Cellulose,Cosmetics,118.9,23.11,89.7,6.6,88.7,Supplier E,GOTS,1646.72,Low Stock
MAT00345,Organic Cotton,Kitchen Utensils,36.3,63.81,66.4,9.5,47.2,Supplier A,None,941.22,Low Stock
MAT00346,Mushroom Composite,Footwear,212.42,87.21,32.1,14.89,34.3,Supplier D,FSC,4099.37,Low Stock
MAT00347,Flax Fiber,Automotive,391.68,49.27,70.5,3.06,63.4,Supplier C,FSC,185.09,In Stock
MAT00348,Recycled Aluminum,Automotive,249.89,76.59,27.0,9.41,63.3,Supplier D,Cradle to Cradle,1772.88,In Stock
MAT00349,Recycled Paper,Insulation,107.71,37.94,21.1,5.17,83.3,Supplier A,None,925.45,Pre-Order
MAT00350,Hemp Fiber,Accessories,349.83,35.09,30.3,6.06,58.9,Supplier A,GOTS,831.66,Low Stock
MAT00351,Recycled PET,Flooring,302.22,34.45,91.0,14.93,34.3,Supplier C,FSC,3757.41,In Stock
MAT00352,Seaweed Polymer,Office Supplies,19.37,23.21,98.8,3.56,2.2,Supplier A,GOTS,2176.26,Pre-Order
MAT00353,Cellulose,Food Packaging,193.84,64.39,81.7,9.54,59.4,Supplier A,None,356.9,In Stock
MAT00354,Recycled Paper,Textiles,214.22,38.65,63.8,7.38,15.3,Supplier A,GOTS,2935.71,Low Stock
MAT00355,Wool,Textiles,334.62,27.73,68.5,2.49,83.1,Supplier E,ISO 14001,584.32,Low Stock
MAT00356,Organic Cotton,Textiles,253.89,61.29,82.2,12.56,97.3,Supplier D,GOTS,1591.94,In Stock
MAT00357,Recycled Paper,Insulation,253.21,21.56,94.6,5.29,0.3,Supplier A,EcoCert,2841.92,Pre-Order
MAT00358,Cardboard,Construction,475.23,78.17,26.0,10.99,90.5,Supplier D,GOTS,2733.19,Low Stock
MAT00359,Recycled PET,Food Packaging,58.91,18.3,23.2,4.71,80.2,Supplier A,ISO 14001,1411.83,In Stock
MAT00360,Biodegradable Plastic,Construction,335.04,17.88,48.6,6.85,62.2,Supplier A,GOTS,3666.11,Low Stock
MAT00361,Bio-based Polymer,Textiles,206.38,96.27,41.7,6.09,85.1,Supplier B,ISO 14001,3353.2,In Stock
MAT00362,Flax Fiber,Food Packaging,490.97,84.59,28.3,13.71,48.3,Supplier D,FSC,2432.73,Pre-Order
MAT00363,Linen,Home Decor,309.57,86.4,90.4,11.05,89.2,Supplier D,ISO 14001,2090.77,Low Stock
MAT00364,Recycled PET,Food Packaging,41.03,65.84,21.0,13.09,52.5,Supplier E,FSC,3128.27,Pre-Order
MAT00365,Natural Rubber,Flooring,266.32,70.36,27.6,10.09,24.9,Supplier D,FSC,1543.8,Pre-Order
MAT00366,Bioplastic,Food Packaging,15.71,93.5,60.4,7.3,49.6,Supplier D,GOTS,825.02,In Stock
MAT00367,Natural Rubber,Household Items,34.67,23.05,71.5,6.35,23.5,Supplier E,Cradle to Cradle,1995.32,In Stock
MAT00368,Cardboard,Toys,164.87,98.09,79.6,0.76,40.3,Supplier E,ISO 14001,308.76,In Stock
MAT00369,Seaweed Polymer,Coatings,481.95,64.12,91.2,8.65,65.5,Supplier C,GOTS,1983.7,In Stock
MAT00370,Corn Plastic,Accessories,423.72,33.87,81.4,9.2,71.7,Supplier D,ISO 14001,1613.52,In Stock
MAT00371,Cork Composite,Accessories,11.08,36.16,70.7,12.1,54.8,Supplier A,ISO 14001,1655.85,In Stock
MAT00372,Cardboard,Construction,412.7,74.51,52.7,4.19,19.6,Supplier D,FSC,647.4,Low Stock
MAT00373,Corn Plastic,Furniture,361.23,11.67,53.2,13.94,83.7,Supplier D,Cradle to Cradle,2511.58,Pre-Order
MAT00374,Recycled Aluminum,Flooring,75.97,50.38,62.4,1.2,93.5,Supplier D,EcoCert,3507.58,In Stock
MAT00375,Flax Fiber,Adhesives,95.09,81.71,28.3,10.03,60.6,Supplier D,Cradle to Cradle,1448.35,Pre-Order
MAT00376,Flax Fiber,Accessories,144.06,96.4,97.6,7.07,13.3,Supplier E,GOTS,1810.23,Pre-Order
MAT00377,Algae-based Material,Bags & Luggage,358.82,93.62,70.6,3.41,62.4,Supplier C,None,1323.85,In Stock
MAT00378,Flax Fiber,Automotive,256.91,69.74,45.8,2.17,35.2,Supplier E,None,2079.98,Pre-Order
MAT00379,Jute,Insulation,150.1,84.88,84.7,8.08,2.5,Supplier A,FSC,745.34,Low Stock
MAT00380,Cork Composite,Automotive,491.93,68.66,31.7,1.4,78.4,Supplier E,ISO 14001,978.57,Low Stock
MAT00381,Corn Plastic,Toys,60.22,86.94,79.2,13.04,74.2,Supplier B,EcoCert,2402.02,Pre-Order
MAT00382,Recycled Glass,Food Packaging,463.98,39.37,96.5,14.65,31.3,Supplier A,None,2365.5,Low Stock
MAT00383,Cork,Coatings,435.74,86.18,55.4,3.77,63.4,Supplier C,EcoCert,2992.98,Pre-Order
MAT00384,Recycled Copper,Coatings,106.27,72.77,35.5,7.01,98.3,Supplier B,None,462.31,Pre-Order
MAT00385,Organic Cotton,Office Supplies,29.91,28.63,41.1,2.83,84.6,Supplier D,None,188.41,In Stock
MAT00386,Recycled Paper,Construction,465.03,60.09,81.9,9.57,84.3,Supplier E,EcoCert,1366.18,Low Stock
MAT00387,Sustainable Bamboo,Bags & Luggage,267.44,95.74,61.6,11.9,15.9,Supplier D,ISO 14001,2329.81,Low Stock
MAT00388,Hemp Fiber,Furniture,335.03,33.78,43.5,14.28,61.8,Supplier E,None,2057.57,In Stock
MAT00389,Organic Cotton,Home Decor,228.38,90.55,69.1,9.51,95.9,Supplier C,Cradle to Cradle,2885.08,In Stock
MAT00390,Linen,Household Items,274.72,29.0,92.9,12.42,37.5,Supplier D,Cradle to Cradle,3364.82,In Stock
MAT00391,Recycled Glass,Furniture,166.95,9.15,27.7,14.59,77.3,Supplier A,FSC,2289.97,Pre-Order
MAT00392,Cellulose,Furniture,433.83,43.0,28.3,8.3,70.3,Supplier D,None,4055.38,In Stock
MAT00393,Recycled Copper,Construction,21.64,71.97,23.0,1.56,17.8,Supplier A,EcoCert,1169.47,In Stock
MAT00394,Mycelium Leather,Sports Equipment,200.14,63.39,54.6,0.74,67.3,Supplier E,ISO 14001,2296.61,Pre-Order
MAT00395,Recycled Aluminum,Food Packaging,353.43,8.19,94.2,2.04,78.7,Supplier A,GOTS,1366.18,Low Stock
MAT00396,Linen,Office Supplies,412.84,4.05,32.5,3.69,74.7,Supplier E,GOTS,3339.92,Pre-Order
MAT00397,Recycled Metal,Footwear,341.87,91.5,83.6,11.08,37.3,Supplier E,EcoCert,3948.31,In Stock
MAT00398,Organic Cotton,Food Packaging,12.46,60.07,63.0,14.23,30.5,Supplier C,FSC,3147.36,Low Stock
MAT00399,Cellulose,Flooring,79.8,19.22,69.4,4.16,11.5,Supplier E,ISO 14001,2839.43,Pre-Order
MAT00400,Recycled PET,Insulation,45.84,67.5,40.1,3.36,58.1,Supplier C,FSC,3956.61,Pre-Order
MAT00401,Cellulose,Accessories,59.02,62.33,92.0,5.11,45.1,Supplier C,None,2621.14,Pre-Order
MAT00402,Recycled Metal,Adhesives,287.76,80.96,96.7,2.95,31.3,Supplier D,GOTS,3295.93,Low Stock
MAT00403,Recycled Metal,Bags & Luggage,440.16,46.82,48.7,4.93,55.2,Supplier E,ISO 14001,866.52,Low Stock
MAT00404,Corn Plastic,Construction,446.74,20.45,78.7,9.59,72.7,Supplier E,None,3720.06,In Stock
MAT00405,Corn Plastic,Adhesives,293.66,77.15,37.0,1.03,26.1,Supplier E,Cradle to Cradle,3727.53,Pre-Order
MAT00406,Cork Composite,Construction,189.25,23.11,81.8,11.13,29.1,Supplier E,ISO 14001,2017.73,Low Stock
MAT00407,Certified Wood,Flooring,15.19,24.65,97.1,14.74,68.4,Supplier B,Cradle to Cradle,3183.05,In Stock
MAT00408,Bio-based Polymer,Adhesives,474.87,66.28,97.4,11.17,48.4,Supplier B,Cradle to Cradle,1595.26,In Stock
MAT00409,Sustainable Bamboo,Household Items,191.02,5.24,36.5,13.66,36.1,Supplier D,ISO 14001,2036.82,In Stock
MAT00410,Cellulose,Bags & Luggage,60.58,96.88,70.7,4.47,74.2,Supplier E,FSC,2470.91,Low Stock
MAT00411,Cellulose,Office Supplies,189.0,65.68,86.8,7.99,37.6,Supplier E,Cradle to Cradle,3780.65,Low Stock
MAT00412,Corn Plastic,Home Decor,248.56,48.73,68.3,7.78,13.9,Supplier A,EcoCert,825.85,Pre-Order
MAT00413,Mycelium Leather,Furniture,83.62,16.58,68.2,12.35,66.1,Supplier C,None,1817.7,In Stock
MAT00414,Cardboard,Kitchen Utensils,244.72,59.49,71.8,6.46,24.4,Supplier E,FSC,675.62,In Stock
MAT00415,Cellulose,Flooring,29.2,57.65,24.5,4.24,18.0,Supplier E,EcoCert,3984.0,Pre-Order
MAT00416,Biodegradable Plastic,Footwear,474.15,22.44,68.5,7.34,48.2,Supplier D,EcoCert,1039.99,In Stock
MAT00417,Seaweed Polymer,Adhesives,412.02,19.01,72.8,4.34,72.4,Supplier D,EcoCert,1531.35,Pre-Order
MAT00418,Sustainable Bamboo,Accessories,195.32,14.09,21.3,8.08,90.9,Supplier B,EcoCert,2892.55,In Stock
MAT00419,Bio-based Polymer,Kitchen Utensils,451.79,60.38,90.2,8.21,75.2,Supplier B,EcoCert,537.01,Pre-Order
MAT00420,Corn Plastic,Electronics,449.51,77.71,71.9,8.07,37.0,Supplier E,Cradle to Cradle,339.47,In Stock
MAT00421,Seaweed Polymer,Kitchen Utensils,396.88,38.74,67.1,11.25,76.2,Supplier A,Cradle to Cradle,2941.52,In Stock
MAT00422,Mycelium Leather,Kitchen Utensils,385.27,91.1,26.7,9.18,54.4,Supplier A,None,1192.71,Pre-Order
MAT00423,Seaweed Polymer,Electronics,293.21,12.67,20.6,9.99,68.8,Supplier C,ISO 14001,1424.28,In Stock
MAT00424,Jute,Adhesives,134.28,85.64,53.9,5.8,27.6,Supplier B,Cradle to Cradle,2877.61,Pre-Order
MAT00425,Seaweed Polymer,Insulation,246.41,37.65,64.4,4.18,30.7,Supplier D,None,1537.99,In Stock
MAT00426,Wool,Textiles,376.43,45.21,75.9,2.85,21.4,Supplier C,EcoCert,1762.09,Pre-Order
MAT00427,Flax Fiber,Food Packaging,88.76,96.49,20.4,1.82,14.5,Supplier D,ISO 14001,3854.52,In Stock
MAT00428,Mycelium Leather,Accessories,191.71,61.29,78.0,13.99,40.1,Supplier C,None,2780.5,Pre-Order
MAT00429,Recycled Paper,Automotive,323.74,44.46,36.1,10.02,80.4,Supplier A,EcoCert,1305.59,Pre-Order
MAT00430,Mushroom Composite,Accessories,311.44,67.73,48.8,10.0,97.6,Supplier C,Cradle to Cradle,512.11,Low Stock
MAT00431,Wool,Office Supplies,208.67,20.83,21.2,10.7,91.9,Supplier E,EcoCert,2355.54,Low Stock
MAT00432,Certified Wood,Household Items,120.88,96.34,56.4,6.36,0.5,Supplier E,ISO 14001,863.2,Pre-Order
MAT00433,Sustainable Bamboo,Flooring,154.18,94.75,84.2,14.37,87.6,Supplier E,GOTS,3405.49,Pre-Order
MAT00434,Recycled PET,Office Supplies,285.95,77.23,80.6,14.44,45.9,Supplier E,ISO 14001,2001.13,Low Stock
MAT00435,Organic Cotton,Household Items,43.1,63.73,99.5,10.32,23.0,Supplier C,EcoCert,1424.28,Pre-Order
MAT00436,Biodegradable Plastic,Household Items,131.65,10.21,73.9,12.41,7.6,Supplier D,GOTS,3876.93,Low Stock
MAT00437,Cork,Adhesives,141.85,94.76,74.6,13.69,49.9,Supplier B,GOTS,961.14,In Stock
MAT00438,Hemp Fiber,Furniture,419.12,83.8,48.5,11.79,12.0,Supplier D,EcoCert,478.91,In Stock
MAT00439,Cork Composite,Insulation,479.42,84.95,49.7,5.07,89.8,Supplier E,GOTS,3676.07,Low Stock
MAT00440,Bio-based Polymer,Flooring,147.33,22.99,66.1,1.29,79.9,Supplier E,ISO 14001,2071.68,Pre-Order
MAT00441,Certified Wood,Office Supplies,431.6,77.81,56.6,2.25,51.8,Supplier A,ISO 14001,1423.45,Pre-Order
MAT00442,Cork,Office Supplies,294.69,33.22,69.0,4.27,54.9,Supplier D,EcoCert,1110.54,Low Stock
MAT00443,Certified Wood,Automotive,254.4,21.84,76.1,5.9,85.4,Supplier B,EcoCert,1279.86,In Stock
MAT00444,Recycled Aluminum,Accessories,408.95,72.36,84.3,8.55,85.6,Supplier B,Cradle to Cradle,947.03,In Stock
MAT00445,Bio-based Polymer,Sports Equipment,254.8,99.56,88.0,8.0,72.1,Supplier C,GOTS,3295.1,Pre-Order
MAT00446,Recycled Aluminum,Food Packaging,205.22,69.36,24.8,12.3,47.7,Supplier D,None,2675.09,Low Stock
MAT00447,Mycelium Leather,Home Decor,186.55,56.19,84.8,5.49,41.2,Supplier E,FSC,1564.55,Pre-Order
MAT00448,Recycled Aluminum,Insulation,95.52,78.25,48.4,10.26,48.7,Supplier A,Cradle to Cradle,3100.05,Pre-Order
MAT00449,Recycled Glass,Toys,319.54,15.34,33.4,12.21,33.7,Supplier E,Cradle to Cradle,2680.9,In Stock
MAT00450,Sustainable Bamboo,Automotive,178.38,32.03,72.2,10.8,60.5,Supplier D,GOTS,1741.34,Pre-Order
MAT00451,Recycled Aluminum,Flooring,483.11,41.98,34.7,0.83,72.8,Supplier A,FSC,2803.74,In Stock
MAT00452,Linen,Textiles,56.82,93.74,57.9,1.28,77.1,Supplier A,ISO 14001,2253.45,Low Stock
MAT00453,Bioplastic,Construction,51.31,93.23,51.2,3.83,73.8,Supplier B,FSC,1931.41,Pre-Order
MAT00454,Corn Plastic,Automotive,24.0,66.69,88.8,5.22,47.6,Supplier E,GOTS,4050.4,Pre-Order
MAT00455,Recycled PET,Construction,485.08,70.06,34.2,9.16,63.1,Supplier E,Cradle to Cradle,2699.16,Pre-Order
MAT00456,Cellulose,Insulation,161.73,35.37,63.2,12.17,44.2,Supplier C,FSC,1623.48,Low Stock
MAT00457,Biodegradable Plastic,Electronics,266.42,76.07,30.9,4.66,53.5,Supplier D,Cradle to Cradle,2905.83,Low Stock
MAT00458,Biodegradable Plastic,Sports Equipment,401.0,60.1,83.7,8.45,18.9,Supplier D,Cradle to Cradle,3680.22,In Stock
MAT00459,Bio-based Polymer,Office Supplies,415.93,22.84,26.3,9.57,51.7,Supplier E,None,3353.2,Pre-Order
MAT00460,Mycelium Leather,Footwear,327.74,53.66,41.5,3.23,6.8,Supplier A,None,710.48,Low Stock
MAT00461,Bioplastic,Toys,143.35,62.65,35.0,0.78,5.0,Supplier B,ISO 14001,2297.44,Low Stock
MAT00462,Mycelium Leather,Construction,360.45,72.98,38.6,2.68,49.4,Supplier C,Cradle to Cradle,1528.03,Low Stock
MAT00463,Recycled PET,Food Packaging,171.82,84.51,96.1,1.31,77.6,Supplier D,FSC,450.69,In Stock
MAT00464,Corn Plastic,Household Items,410.45,83.0,29.8,11.64,24.9,Supplier D,FSC,3238.66,Pre-Order
MAT00465,Recycled Paper,Furniture,235.81,77.33,61.7,14.74,47.3,Supplier C,GOTS,2880.93,In Stock
MAT00466,Cellulose,Food Packaging,374.92,55.41,29.8,7.48,29.9,Supplier A,None,1601.9,In Stock
MAT00467,Organic Cotton,Accessories,320.13,33.13,33.4,4.5,12.0,Supplier A,ISO 14001,3310.04,Pre-Order
MAT00468,Seaweed Polymer,Kitchen Utensils,347.32,16.34,81.7,4.11,50.0,Supplier C,None,2899.19,In Stock
MAT00469,Recycled Paper,Home Decor,325.84,70.43,83.3,2.32,23.3,Supplier C,Cradle to Cradle,4076.96,Pre-Order
MAT00470,Cork,Electronics,347.73,36.46,30.8,13.53,48.5,Supplier C,EcoCert,1909.0,Pre-Order
MAT00471,Cardboard,Furniture,287.68,54.82,45.9,7.29,86.8,Supplier E,FSC,2551.42,In Stock
MAT00472,Mushroom Composite,Construction,230.2,82.12,63.3,7.08,77.6,Supplier B,ISO 14001,2182.07,Pre-Order
MAT00473,Certified Wood,Coatings,127.01,72.38,72.7,8.31,38.7,Supplier D,EcoCert,2254.28,In Stock
MAT00474,Bioplastic,Footwear,168.07,64.45,28.8,8.09,6.7,Supplier B,FSC,3493.47,In Stock
MAT00475,Cork,Textiles,247.83,10.78,65.7,12.63,65.8,Supplier E,GOTS,2260.92,In Stock
MAT00476,Certified Wood,Accessories,306.92,8.02,94.4,3.53,49.1,Supplier A,Cradle to Cradle,3710.93,Pre-Order
MAT00477,Recycled Paper,Home Decor,283.43,93.89,53.3,5.85,70.8,Supplier C,EcoCert,3446.99,In Stock
MAT00478,Recycled Copper,Cosmetics,418.88,8.72,37.3,8.03,10.1,Supplier D,FSC,1086.47,In Stock
MAT00479,Mushroom Composite,Accessories,289.31,94.8,64.7,8.59,74.6,Supplier E,GOTS,3218.74,Pre-Order
MAT00480,Recycled PET,Sports Equipment,442.58,17.51,34.4,6.32,33.8,Supplier E,Cradle to Cradle,795.97,Low Stock
MAT00481,Natural Rubber,Insulation,495.82,33.14,49.7,11.58,43.1,Supplier E,FSC,3057.72,Pre-Order
MAT00482,Algae-based Material,Furniture,193.78,55.47,79.6,5.72,45.2,Supplier A,None,3989.81,In Stock
MAT00483,Recycled Glass,Coatings,17.99,14.37,91.2,0.6,98.4,Supplier C,ISO 14001,1021.73,Pre-Order
MAT00484,Corn Plastic,Household Items,460.36,51.62,65.7,8.79,9.4,Supplier B,FSC,2000.3,Low Stock
MAT00485,Certified Wood,Adhesives,132.43,26.37,44.0,8.77,56.9,Supplier A,None,1032.52,Low Stock
MAT00486,Seaweed Polymer,Kitchen Utensils,94.72,82.74,75.2,8.86,90.8,Supplier C,ISO 14001,2537.31,Pre-Order
MAT00487,Seaweed Polymer,Adhesives,196.96,78.23,93.7,5.35,88.0,Supplier A,FSC,1896.55,Pre-Order
MAT00488,Cellulose,Coatings,465.04,63.75,70.6,1.28,52.4,Supplier E,FSC,1438.39,Low Stock
MAT00489,Mushroom Composite,Accessories,85.07,67.69,99.8,14.58,75.3,Supplier A,FSC,2457.63,Low Stock
MAT00490,Recycled Glass,Office Supplies,82.53,34.28,58.1,11.31,54.8,Supplier D,EcoCert,1211.8,Low Stock
MAT00491,Cork Composite,Construction,383.4,48.61,35.8,6.23,57.1,Supplier E,FSC,2402.02,In Stock
MAT00492,Sustainable Bamboo,Household Items,390.62,33.02,93.9,1.8,67.2,Supplier C,FSC,1853.39,Low Stock
MAT00493,Certified Wood,Coatings,331.15,77.2,33.5,5.57,82.2,Supplier E,FSC,3363.99,Low Stock
MAT00494,Recycled Paper,Accessories,107.85,38.01,80.6,12.87,11.2,Supplier E,FSC,383.46,Low Stock
MAT00495,Biodegradable Plastic,Bags & Luggage,349.96,12.02,56.0,0.83,20.9,Supplier B,EcoCert,2309.06,Pre-Order
MAT00496,Cork Composite,Household Items,278.91,62.68,99.4,10.58,66.8,Supplier E,ISO 14001,1666.64,Low Stock
MAT00497,Bio-based Polymer,Food Packaging,149.17,79.13,69.4,1.27,65.5,Supplier D,None,199.2,Low Stock
MAT00498,Wool,Home Decor,433.5,2.89,89.4,9.92,23.1,Supplier A,GOTS,1682.41,Low Stock
MAT00499,Bioplastic,Insulation,53.13,20.69,97.3,8.63,71.2,Supplier E,GOTS,324.53,Low Stock
MAT00500,Cardboard,Office Supplies,374.75,2.82,74.7,5.65,30.2,Supplier E,GOTS,4134.23,In Stock
MAT00501,Cellulose,Household Items,440.55,89.15,85.2,0.93,55.5,Supplier B,GOTS,1282.35,Low Stock
MAT00502,Wool,Construction,53.02,38.84,96.8,9.38,62.6,Supplier B,EcoCert,1072.36,In Stock
MAT00503,Jute,Footwear,455.77,33.6,63.4,3.5,13.9,Supplier B,FSC,2322.34,Low Stock
MAT00504,Flax Fiber,Flooring,455.69,43.58,92.7,11.67,65.6,Supplier B,GOTS,2416.13,In Stock
MAT00505,Algae-based Material,Insulation,474.81,12.72,45.4,13.25,72.7,Supplier D,Cradle to Cradle,3215.42,Low Stock
MAT00506,Recycled PET,Household Items,84.46,19.61,30.5,0.88,98.6,Supplier E,EcoCert,2623.63,Pre-Order
MAT00507,Hemp Fiber,Coatings,123.77,69.05,48.7,10.48,47.7,Supplier E,Cradle to Cradle,2167.13,Pre-Order
MAT00508,Cellulose,Home Decor,100.15,39.36,57.9,2.87,22.6,Supplier A,GOTS,1793.63,Low Stock
MAT00509,Hemp Fiber,Furniture,381.31,7.55,94.2,14.79,86.7,Supplier C,Cradle to Cradle,2118.16,In Stock
MAT00510,Jute,Office Supplies,390.35,61.19,85.9,10.94,39.4,Supplier E,EcoCert,3907.64,Pre-Order
MAT00511,Mushroom Composite,Food Packaging,265.12,45.71,86.2,1.12,99.6,Supplier D,None,2232.7,In Stock
MAT00512,Algae-based Material,Office Supplies,262.9,63.43,23.9,4.72,39.8,Supplier C,Cradle to Cradle,1379.46,In Stock
MAT00513,Jute,Footwear,310.44,6.4,61.4,2.56,83.0,Supplier E,ISO 14001,1965.44,In Stock
MAT00514,Cork Composite,Adhesives,469.54,69.92,30.8,6.5,45.1,Supplier E,None,878.97,In Stock
MAT00515,Recycled PET,Cosmetics,132.54,69.48,92.6,12.05,71.8,Supplier A,None,658.19,Low Stock
MAT00516,Cellulose,Home Decor,51.8,71.02,78.1,14.64,61.2,Supplier E,Cradle to Cradle,803.44,In Stock
MAT00517,Cork Composite,Automotive,457.0,56.98,72.8,2.68,86.9,Supplier A,Cradle to Cradle,878.97,Low Stock
MAT00518,Recycled Glass,Toys,151.5,18.89,91.9,14.43,0.4,Supplier A,Cradle to Cradle,3215.42,Low Stock
MAT00519,Cardboard,Insulation,405.65,61.19,59.5,3.64,65.9,Supplier D,ISO 14001,1973.74,Pre-Order
MAT00520,Bioplastic,Electronics,129.91,55.19,69.6,8.58,82.5,Supplier B,ISO 14001,361.05,Pre-Order
MAT00521,Certified Wood,Food Packaging,81.23,4.21,66.2,9.25,33.1,Supplier A,Cradle to Cradle,515.43,In Stock
MAT00522,Bio-based Polymer,Footwear,309.43,69.46,67.6,11.92,17.7,Supplier E,GOTS,1980.38,In Stock
MAT00523,Sustainable Bamboo,Footwear,168.18,89.86,85.6,11.5,84.3,Supplier D,FSC,424.96,In Stock
MAT00524,Flax Fiber,Household Items,171.31,41.96,36.8,3.53,5.8,Supplier E,ISO 14001,2442.69,Low Stock
MAT00525,Recycled Copper,Coatings,467.61,98.64,43.0,9.33,31.6,Supplier E,GOTS,2259.26,In Stock
MAT00526,Bioplastic,Adhesives,253.23,73.19,59.8,12.22,88.4,Supplier C,FSC,1093.11,In Stock
MAT00527,Organic Cotton,Electronics,237.79,79.88,79.0,3.51,61.5,Supplier A,GOTS,1817.7,Low Stock
MAT00528,Algae-based Material,Furniture,15.54,20.92,42.5,11.96,30.8,Supplier C,ISO 14001,2184.56,In Stock
MAT00529,Wool,Bags & Luggage,177.27,72.72,69.3,0.92,17.6,Supplier C,None,1482.38,Low Stock
MAT00530,Cardboard,Food Packaging,326.37,48.67,70.2,13.43,53.7,Supplier D,None,1501.47,In Stock
MAT00531,Corn Plastic,Flooring,156.68,72.77,45.2,8.27,20.8,Supplier C,ISO 14001,2896.7,In Stock
MAT00532,Mycelium Leather,Electronics,176.18,38.15,62.7,2.91,60.6,Supplier A,GOTS,912.17,Pre-Order
MAT00533,Natural Rubber,Food Packaging,143.03,9.59,90.2,5.89,82.9,Supplier E,GOTS,1371.99,In Stock
MAT00534,Organic Cotton,Home Decor,394.62,78.0,93.1,6.93,2.5,Supplier E,FSC,2089.11,In Stock
MAT00535,Natural Rubber,Kitchen Utensils,368.9,52.84,82.0,2.58,87.2,Supplier E,None,3441.18,In Stock
MAT00536,Cork,Food Packaging,235.09,71.65,61.8,0.56,93.2,Supplier E,ISO 14001,2903.34,Low Stock
MAT00537,Recycled PET,Food Packaging,60.52,76.85,79.6,0.83,75.8,Supplier B,GOTS,2710.78,In Stock
MAT00538,Cork,Footwear,145.56,32.6,55.3,2.21,14.9,Supplier A,EcoCert,1255.79,Pre-Order
MAT00539,Mushroom Composite,Textiles,111.22,35.68,45.5,2.55,70.4,Supplier B,FSC,1294.8,In Stock
MAT00540,Recycled Glass,Coatings,447.2,54.52,24.1,0.92,90.3,Supplier D,ISO 14001,366.86,In Stock
MAT00541,Jute,Office Supplies,97.7,60.02,67.4,12.62,69.9,Supplier C,GOTS,2621.14,In Stock
MAT00542,Flax Fiber,Insulation,48.49,92.36,81.2,8.73,9.3,Supplier D,ISO 14001,3362.33,Low Stock
MAT00543,Recycled Glass,Toys,240.57,94.8,31.5,13.49,25.8,Supplier B,None,1614.35,Pre-Order
MAT00544,Natural Rubber,Bags & Luggage,232.11,4.0,58.0,5.6,46.1,Supplier C,EcoCert,846.6,Pre-Order
MAT00545,Recycled Metal,Flooring,60.44,81.94,83.7,5.23,64.9,Supplier E,Cradle to Cradle,3323.32,Low Stock
MAT00546,Recycled Aluminum,Sports Equipment,126.9,25.13,32.7,7.49,6.6,Supplier E,Cradle to Cradle,996.0,Low Stock
MAT00547,Recycled Aluminum,Bags & Luggage,276.82,24.38,73.0,1.63,93.1,Supplier D,ISO 14001,2453.48,Pre-Order
MAT00548,Bioplastic,Toys,169.44,10.67,55.6,4.97,40.6,Supplier E,Cradle to Cradle,2549.76,Low Stock
MAT00549,Cardboard,Food Packaging,54.36,81.89,91.0,13.6,63.6,Supplier B,None,166.83,In Stock
MAT00550,Recycled PET,Insulation,152.84,61.94,55.8,3.48,87.7,Supplier C,Cradle to Cradle,1360.37,Pre-Order
MAT00551,Certified Wood,Cosmetics,295.54,61.54,60.8,12.79,85.3,Supplier E,ISO 14001,415.0,In Stock
MAT00552,Flax Fiber,Insulation,412.17,36.57,88.9,13.05,23.5,Supplier D,None,2963.93,Low Stock
MAT00553,Flax Fiber,Office Supplies,208.96,44.08,36.9,3.01,13.9,Supplier C,Cradle to Cradle,2378.78,In Stock
MAT00554,Recycled Glass,Construction,75.8,8.1,21.3,10.96,48.7,Supplier B,ISO 14001,1905.68,In Stock
MAT00555,Cellulose,Sports Equipment,431.47,89.46,75.6,13.99,62.3,Supplier D,EcoCert,1976.23,Low Stock
MAT00556,Linen,Home Decor,120.61,43.05,20.6,7.72,73.1,Supplier C,Cradle to Cradle,3002.94,Pre-Order
MAT00557,Recycled Aluminum,Home Decor,26.4,4.75,58.7,5.84,58.0,Supplier A,FSC,3997.28,Pre-Order
MAT00558,Recycled Copper,Flooring,491.95,98.38,82.3,7.24,7.8,Supplier A,FSC,3711.76,Low Stock
MAT00559,Cellulose,Cosmetics,345.2,54.38,66.4,9.39,90.4,Supplier A,Cradle to Cradle,2297.44,Low Stock
MAT00560,Mushroom Composite,Kitchen Utensils,291.24,33.82,48.2,14.68,29.5,Supplier E,None,833.32,Low Stock
MAT00561,Recycled Copper,Adhesives,137.62,63.3,66.3,8.81,65.6,Supplier E,ISO 14001,1328.0,Low Stock
MAT00562,Cardboard,Cosmetics,72.14,8.61,82.7,4.15,61.6,Supplier C,ISO 14001,1262.43,Pre-Order
MAT00563,Organic Cotton,Coatings,95.56,59.59,32.1,6.98,80.8,Supplier B,Cradle to Cradle,1206.82,In Stock
MAT00564,Seaweed Polymer,Flooring,432.39,34.94,26.8,2.6,93.4,Supplier D,Cradle to Cradle,780.2,Low Stock
MAT00565,Hemp Fiber,Toys,365.74,17.56,66.2,12.71,5.4,Supplier A,ISO 14001,1219.27,In Stock
MAT00566,Recycled PET,Office Supplies,243.35,48.15,95.9,13.88,23.4,Supplier D,Cradle to Cradle,2889.23,Low Stock
MAT00567,Recycled Metal,Flooring,436.44,2.17,94.2,7.01,67.8,Supplier A,ISO 14001,3997.28,Pre-Order
MAT00568,Cellulose,Home Decor,478.53,43.75,93.4,12.95,33.5,Supplier A,GOTS,1230.06,Pre-Order
MAT00569,Recycled Aluminum,Office Supplies,235.94,67.85,39.3,10.24,77.0,Supplier B,GOTS,2237.68,Pre-Order
MAT00570,Biodegradable Plastic,Electronics,417.53,2.18,27.8,2.01,44.6,Supplier C,GOTS,1039.99,In Stock
MAT00571,Recycled Paper,Electronics,313.5,6.63,67.5,13.46,21.7,Supplier A,None,2553.91,In Stock
MAT00572,Sustainable Bamboo,Coatings,73.65,65.98,92.0,8.71,96.7,Supplier B,GOTS,3735.83,Low Stock
MAT00573,Recycled PET,Cosmetics,323.0,92.35,42.1,6.69,90.3,Supplier C,GOTS,3232.85,In Stock
MAT00574,Cork Composite,Cosmetics,145.87,7.18,51.1,14.94,25.8,Supplier B,Cradle to Cradle,3403.83,In Stock
MAT00575,Cardboard,Furniture,309.05,18.67,59.4,2.59,76.9,Supplier A,Cradle to Cradle,1035.84,Pre-Order
MAT00576,Mycelium Leather,Textiles,27.08,7.97,78.2,11.77,1.9,Supplier A,ISO 14001,2148.87,Pre-Order
MAT00577,Linen,Household Items,84.29,33.65,51.3,0.55,70.8,Supplier D,Cradle to Cradle,3237.83,Low Stock
MAT00578,Recycled Copper,Cosmetics,274.66,1.33,96.3,12.36,48.2,Supplier C,GOTS,2426.09,Pre-Order
MAT00579,Recycled Glass,Office Supplies,37.05,99.7,71.8,5.8,85.3,Supplier D,GOTS,1520.56,Pre-Order
MAT00580,Cork,Automotive,281.69,96.78,72.9,4.83,39.0,Supplier C,Cradle to Cradle,590.96,In Stock
MAT00581,Cellulose,Toys,370.31,14.85,35.4,10.94,59.3,Supplier A,EcoCert,2114.84,Pre-Order
MAT00582,Recycled Glass,Kitchen Utensils,271.63,83.59,55.9,14.94,3.7,Supplier A,Cradle to Cradle,389.27,In Stock
MAT00583,Cork,Flooring,234.6,68.13,89.9,2.66,57.9,Supplier A,None,3850.37,In Stock
MAT00584,Cardboard,Electronics,240.9,91.88,23.7,10.67,13.1,Supplier A,GOTS,852.41,In Stock
MAT00585,Recycled PET,Coatings,93.64,59.51,85.4,2.04,49.7,Supplier B,ISO 14001,3349.88,In Stock
MAT00586,Jute,Bags & Luggage,407.65,98.24,74.3,5.2,97.6,Supplier B,GOTS,2460.95,In Stock
MAT00587,Cork Composite,Food Packaging,300.61,34.21,29.7,2.55,41.5,Supplier E,FSC,2939.86,Low Stock
MAT00588,Hemp Fiber,Adhesives,29.94,10.9,87.8,9.38,77.8,Supplier D,ISO 14001,228.25,In Stock
MAT00589,Biodegradable Plastic,Automotive,463.81,70.97,67.5,4.61,69.4,Supplier D,None,3322.49,In Stock
MAT00590,Cork,Construction,323.51,52.79,53.0,14.1,61.1,Supplier B,None,316.23,Low Stock
MAT00591,Bioplastic,Cosmetics,317.32,78.48,47.8,0.57,23.6,Supplier E,ISO 14001,634.12,Pre-Order
MAT00592,Certified Wood,Insulation,258.69,46.96,70.1,3.52,5.3,Supplier B,None,615.03,Low Stock
MAT00593,Cardboard,Automotive,88.28,92.34,24.3,5.78,21.0,Supplier E,Cradle to Cradle,1167.81,In Stock
MAT00594,Organic Cotton,Food Packaging,463.18,18.41,82.8,7.53,11.6,Supplier D,EcoCert,3731.68,Pre-Order
MAT00595,Natural Rubber,Sports Equipment,107.39,68.01,46.1,11.8,32.6,Supplier D,FSC,556.93,Low Stock
MAT00596,Hemp Fiber,Cosmetics,240.79,48.96,91.2,2.6,92.8,Supplier D,GOTS,1978.72,In Stock
MAT00597,Recycled PET,Furniture,319.69,97.58,36.2,2.34,69.2,Supplier B,ISO 14001,403.38,Low Stock
MAT00598,Recycled PET,Sports Equipment,93.89,35.01,90.9,9.25,79.0,Supplier E,FSC,2707.46,Pre-Order
MAT00599,Algae-based Material,Accessories,52.37,85.84,59.1,14.94,59.2,Supplier C,ISO 14001,3500.94,Pre-Order
MAT00600,Jute,Accessories,131.44,43.99,37.8,13.95,94.6,Supplier A,Cradle to Cradle,3806.38,In Stock
MAT00601,Recycled Paper,Kitchen Utensils,369.4,50.92,54.1,6.22,81.0,Supplier A,Cradle to Cradle,2941.52,Low Stock
MAT00602,Hemp Fiber,Cosmetics,283.66,2.23,78.5,14.27,13.3,Supplier A,ISO 14001,1344.6,Low Stock
MAT00603,Wool,Footwear,89.28,46.47,65.6,8.96,97.6,Supplier B,None,2013.58,Low Stock
MAT00604,Bio-based Polymer,Home Decor,317.14,70.69,20.1,9.6,38.5,Supplier E,ISO 14001,2918.28,Low Stock
MAT00605,Jute,Household Items,352.05,61.64,66.0,3.5,68.5,Supplier C,None,2637.74,In Stock
MAT00606,Mushroom Composite,Home Decor,445.11,11.99,49.2,9.48,36.6,Supplier E,None,864.03,In Stock
MAT00607,Algae-based Material,Furniture,77.82,34.16,63.2,9.91,73.7,Supplier B,None,3163.13,In Stock
MAT00608,Natural Rubber,Home Decor,449.99,50.85,53.8,1.29,37.3,Supplier E,EcoCert,1968.76,In Stock
MAT00609,Cardboard,Insulation,342.37,53.75,43.4,9.5,80.0,Supplier A,FSC,3932.54,Low Stock
MAT00610,Sustainable Bamboo,Cosmetics,201.43,18.7,96.7,1.62,16.5,Supplier B,Cradle to Cradle,612.54,In Stock
MAT00611,Cork,Flooring,476.53,3.25,53.3,10.39,93.2,Supplier D,Cradle to Cradle,2054.25,Pre-Order
MAT00612,Cellulose,Electronics,152.84,7.23,89.7,3.87,94.7,Supplier D,EcoCert,2734.02,Low Stock
MAT00613,Cellulose,Bags & Luggage,248.21,66.92,62.4,8.45,45.8,Supplier C,FSC,2426.09,Low Stock
MAT00614,Hemp Fiber,Kitchen Utensils,192.23,29.53,87.6,2.65,28.4,Supplier E,FSC,3975.7,Pre-Order
MAT00615,Algae-based Material,Footwear,99.32,18.36,76.6,13.62,79.4,Supplier A,ISO 14001,808.42,Low Stock
MAT00616,Recycled Aluminum,Construction,226.04,37.6,36.4,10.75,66.6,Supplier B,GOTS,4062.85,Low Stock
MAT00617,Algae-based Material,Automotive,271.49,13.03,22.0,14.0,76.9,Supplier C,FSC,3941.67,In Stock
MAT00618,Recycled Copper,Insulation,488.04,33.8,76.4,7.37,29.0,Supplier E,None,3926.73,In Stock
MAT00619,Seaweed Polymer,Adhesives,366.99,92.31,47.1,2.13,47.9,Supplier E,ISO 14001,325.36,Low Stock
MAT00620,Biodegradable Plastic,Office Supplies,312.59,22.82,48.6,5.23,60.8,Supplier E,FSC,943.71,Low Stock
MAT00621,Cork,Electronics,50.96,85.1,74.2,14.39,97.6,Supplier D,GOTS,1737.19,Pre-Order
MAT00622,Bioplastic,Flooring,472.27,90.94,48.9,2.65,85.4,Supplier C,ISO 14001,1638.42,Low Stock
MAT00623,Certified Wood,Home Decor,160.96,45.11,64.9,3.63,88.8,Supplier D,Cradle to Cradle,3119.97,Low Stock
MAT00624,Bio-based Polymer,Sports Equipment,367.02,42.01,86.8,9.17,14.4,Supplier E,GOTS,1374.48,In Stock
MAT00625,Recycled Aluminum,Office Supplies,53.34,41.54,93.2,6.51,55.6,Supplier B,FSC,2995.47,In Stock
MAT00626,Corn Plastic,Office Supplies,151.84,49.57,85.8,4.88,58.5,Supplier D,FSC,2134.76,In Stock
MAT00627,Seaweed Polymer,Electronics,85.47,30.72,71.2,9.73,12.4,Supplier C,Cradle to Cradle,2818.68,In Stock
MAT00628,Cardboard,Accessories,23.94,76.71,59.4,14.57,59.9,Supplier D,EcoCert,1606.88,Low Stock
MAT00629,Mycelium Leather,Kitchen Utensils,487.39,82.01,49.9,11.13,1.8,Supplier E,ISO 14001,1200.18,In Stock
MAT00630,Natural Rubber,Toys,440.38,14.41,33.1,4.45,42.0,Supplier C,ISO 14001,3799.74,Low Stock
MAT00631,Recycled Glass,Flooring,323.08,8.61,35.5,9.61,76.5,Supplier B,EcoCert,2551.42,Low Stock
MAT00632,Natural Rubber,Footwear,143.01,70.1,49.0,8.25,35.2,Supplier B,EcoCert,738.7,Low Stock
MAT00633,Certified Wood,Kitchen Utensils,211.88,92.17,33.0,3.66,50.3,Supplier E,EcoCert,3479.36,Pre-Order
MAT00634,Corn Plastic,Flooring,424.57,71.54,76.2,12.14,41.7,Supplier A,FSC,3815.51,In Stock
MAT00635,Cardboard,Home Decor,162.67,36.89,85.4,13.4,59.8,Supplier C,FSC,3207.95,Pre-Order
MAT00636,Recycled Glass,Electronics,374.79,12.74,30.3,10.57,68.8,Supplier B,FSC,1391.08,In Stock
MAT00637,Jute,Textiles,48.09,77.69,80.6,1.12,10.8,Supplier E,EcoCert,3325.81,In Stock
MAT00638,Cardboard,Textiles,455.18,5.28,44.1,0.65,9.7,Supplier E,FSC,659.02,Pre-Order
MAT00639,Cork,Automotive,338.59,3.9,31.6,11.32,27.7,Supplier C,FSC,2475.89,Pre-Order
MAT00640,Cork Composite,Coatings,128.49,57.45,27.9,8.88,1.4,Supplier B,GOTS,1030.86,In Stock
MAT00641,Cork Composite,Insulation,12.12,72.81,93.9,13.85,85.1,Supplier E,FSC,2057.57,Low Stock
MAT00642,Wool,Textiles,98.62,36.13,50.4,3.61,22.8,Supplier C,ISO 14001,615.86,Low Stock
MAT00643,Organic Cotton,Flooring,76.6,76.47,76.4,8.58,4.1,Supplier A,Cradle to Cradle,1473.25,Low Stock
MAT00644,Recycled PET,Coatings,370.73,69.02,87.3,3.78,40.7,Supplier D,FSC,4090.24,In Stock
MAT00645,Corn Plastic,Kitchen Utensils,470.15,37.38,21.0,10.28,67.2,Supplier E,None,1745.49,Pre-Order
MAT00646,Sustainable Bamboo,Textiles,80.25,40.66,67.2,1.97,92.5,Supplier A,GOTS,4062.02,In Stock
MAT00647,Natural Rubber,Furniture,301.53,99.08,29.8,12.65,72.5,Supplier E,EcoCert,1275.71,Low Stock
MAT00648,Cork Composite,Office Supplies,184.49,67.0,96.0,14.82,51.1,Supplier D,ISO 14001,752.81,In Stock
MAT00649,Mycelium Leather,Kitchen Utensils,253.66,63.21,30.8,1.94,5.3,Supplier A,FSC,437.41,Low Stock
MAT00650,Bioplastic,Bags & Luggage,84.84,62.57,27.7,1.61,75.2,Supplier D,FSC,3223.72,Low Stock
MAT00651,Wool,Kitchen Utensils,250.22,26.9,47.5,12.97,54.7,Supplier A,Cradle to Cradle,3960.76,In Stock
MAT00652,Linen,Toys,164.13,38.26,56.8,0.98,55.7,Supplier C,None,3593.9,In Stock
MAT00653,Cardboard,Sports Equipment,75.9,71.86,59.0,2.09,67.5,Supplier E,EcoCert,2795.44,Low Stock
MAT00654,Cardboard,Insulation,428.63,51.16,51.3,7.67,97.1,Supplier C,GOTS,2623.63,Low Stock
MAT00655,Recycled Paper,Electronics,299.33,13.69,49.3,12.24,58.4,Supplier C,Cradle to Cradle,3214.59,In Stock
MAT00656,Jute,Home Decor,496.05,41.78,24.5,4.04,23.5,Supplier A,None,1409.34,In Stock
MAT00657,Recycled Glass,Textiles,175.42,2.95,46.1,7.18,86.3,Supplier D,GOTS,2429.41,In Stock
MAT00658,Flax Fiber,Kitchen Utensils,298.11,98.59,50.2,6.16,57.3,Supplier A,None,3386.4,Pre-Order
MAT00659,Cork,Bags & Luggage,253.4,81.33,73.4,2.92,30.0,Supplier B,Cradle to Cradle,4027.99,Pre-Order
MAT00660,Seaweed Polymer,Cosmetics,421.79,54.05,43.0,1.19,99.6,Supplier B,EcoCert,1767.9,Pre-Order
MAT00661,Sustainable Bamboo,Adhesives,56.42,34.35,25.4,12.12,47.5,Supplier A,None,1001.81,Low Stock
MAT00662,Mushroom Composite,Footwear,222.13,54.45,36.0,6.33,62.5,Supplier E,FSC,1971.25,In Stock
MAT00663,Cellulose,Flooring,432.73,58.11,37.0,14.45,74.2,Supplier E,EcoCert,2027.69,Low Stock
MAT00664,Recycled Aluminum,Food Packaging,265.91,37.06,31.8,2.68,68.5,Supplier D,Cradle to Cradle,1362.03,Low Stock
MAT00665,Corn Plastic,Cosmetics,320.62,84.75,41.4,4.66,16.1,Supplier B,Cradle to Cradle,2902.51,In Stock
MAT00666,Organic Cotton,Construction,104.04,25.31,86.2,7.23,56.0,Supplier A,FSC,1903.19,In Stock
MAT00667,Mycelium Leather,Construction,24.28,79.18,42.2,8.49,64.4,Supplier D,ISO 14001,334.49,In Stock
MAT00668,Sustainable Bamboo,Bags & Luggage,304.78,86.85,92.0,6.4,36.3,Supplier A,Cradle to Cradle,2785.48,Pre-Order
MAT00669,Corn Plastic,Construction,125.66,57.53,60.0,2.25,66.4,Supplier E,GOTS,2478.38,Low Stock
MAT00670,Sustainable Bamboo,Accessories,303.91,77.55,45.1,12.57,73.7,Supplier B,Cradle to Cradle,3376.44,In Stock
MAT00671,Recycled Metal,Textiles,95.83,97.02,55.2,4.19,58.9,Supplier C,None,2119.82,In Stock
MAT00672,Natural Rubber,Insulation,217.65,68.59,97.1,13.25,93.7,Supplier C,GOTS,1611.86,In Stock
MAT00673,Cellulose,Coatings,27.06,74.21,83.9,1.29,91.7,Supplier C,EcoCert,2841.92,Low Stock
MAT00674,Recycled Glass,Home Decor,452.55,68.84,62.8,3.93,44.2,Supplier D,GOTS,197.54,Low Stock
MAT00675,Sustainable Bamboo,Accessories,155.74,86.08,32.8,6.86,31.7,Supplier D,ISO 14001,3402.17,Low Stock
MAT00676,Sustainable Bamboo,Kitchen Utensils,240.83,41.88,87.3,10.9,87.7,Supplier B,None,3433.71,Low Stock
MAT00677,Mushroom Composite,Cosmetics,182.41,60.61,85.1,11.2,45.3,Supplier A,None,274.73,Pre-Order
MAT00678,Bio-based Polymer,Toys,397.6,14.47,52.1,9.61,31.4,Supplier B,FSC,493.85,Pre-Order
MAT00679,Flax Fiber,Construction,425.01,68.89,83.4,5.13,47.8,Supplier C,FSC,3095.07,Pre-Order
MAT00680,Recycled Aluminum,Bags & Luggage,401.77,20.67,53.2,3.14,87.6,Supplier E,FSC,3930.05,In Stock
MAT00681,Biodegradable Plastic,Insulation,327.08,63.04,92.5,14.62,19.8,Supplier B,ISO 14001,2959.78,Low Stock
MAT00682,Bioplastic,Sports Equipment,304.19,15.78,96.6,2.97,56.7,Supplier E,Cradle to Cradle,222.44,Low Stock
MAT00683,Corn Plastic,Kitchen Utensils,68.07,71.64,35.2,13.0,78.2,Supplier D,Cradle to Cradle,1313.06,In Stock
MAT00684,Jute,Furniture,304.04,99.53,42.6,10.32,41.8,Supplier B,ISO 14001,1793.63,Low Stock
MAT00685,Mycelium Leather,Accessories,312.66,90.83,49.6,10.42,45.8,Supplier B,GOTS,207.5,Pre-Order
MAT00686,Linen,Furniture,359.53,71.14,78.9,4.22,9.5,Supplier C,FSC,400.06,Low Stock
MAT00687,Certified Wood,Coatings,470.27,96.75,67.9,11.35,4.6,Supplier E,Cradle to Cradle,1176.94,Low Stock
MAT00688,Linen,Home Decor,74.8,89.33,23.3,3.1,17.0,Supplier C,Cradle to Cradle,2129.78,In Stock
MAT00689,Sustainable Bamboo,Bags & Luggage,358.03,43.86,40.8,5.04,97.9,Supplier C,None,2154.68,Low Stock
MAT00690,Jute,Footwear,452.37,27.06,86.4,13.94,51.7,Supplier B,GOTS,1902.36,Pre-Order
MAT00691,Cardboard,Construction,282.28,92.36,70.9,6.88,18.9,Supplier B,ISO 14001,383.46,Low Stock
MAT00692,Mycelium Leather,Automotive,355.92,44.21,99.6,13.94,4.1,Supplier E,Cradle to Cradle,1586.13,Low Stock
MAT00693,Cardboard,Textiles,424.46,86.82,29.9,1.86,86.8,Supplier B,None,885.61,Pre-Order
MAT00694,Corn Plastic,Household Items,285.99,66.65,37.0,14.97,0.4,Supplier B,Cradle to Cradle,3221.23,In Stock
MAT00695,Hemp Fiber,Kitchen Utensils,341.69,88.85,22.1,10.38,68.1,Supplier E,ISO 14001,1736.36,Low Stock
MAT00696,Recycled Metal,Electronics,49.72,83.24,72.8,7.08,95.5,Supplier A,GOTS,2533.16,In Stock
MAT00697,Cellulose,Coatings,475.94,33.17,78.5,11.15,95.7,Supplier B,ISO 14001,2433.56,Pre-Order
MAT00698,Recycled Glass,Bags & Luggage,401.09,74.64,63.8,9.23,9.3,Supplier B,Cradle to Cradle,1182.75,In Stock
MAT00699,Biodegradable Plastic,Furniture,89.84,78.17,42.8,11.41,65.4,Supplier D,Cradle to Cradle,646.57,Pre-Order
MAT00700,Seaweed Polymer,Footwear,452.83,60.75,48.7,1.89,36.7,Supplier D,Cradle to Cradle,961.97,Low Stock
MAT00701,Mycelium Leather,Adhesives,304.17,9.93,53.8,5.84,18.6,Supplier A,ISO 14001,2678.41,Pre-Order
MAT00702,Natural Rubber,Toys,341.46,65.11,77.1,13.99,52.7,Supplier A,GOTS,2744.81,Low Stock
MAT00703,Jute,Cosmetics,454.53,48.28,31.9,2.35,90.3,Supplier E,Cradle to Cradle,3518.37,Low Stock
MAT00704,Recycled Aluminum,Food Packaging,279.99,91.81,61.1,7.9,41.3,Supplier E,GOTS,2016.9,Low Stock
MAT00705,Mycelium Leather,Adhesives,50.07,50.84,29.1,10.09,18.0,Supplier D,ISO 14001,892.25,In Stock
MAT00706,Jute,Footwear,163.83,72.69,80.6,7.02,80.8,Supplier B,FSC,1525.54,In Stock
MAT00707,Sustainable Bamboo,Coatings,137.07,67.67,54.7,0.76,39.5,Supplier D,Cradle to Cradle,219.12,Pre-Order
MAT00708,Linen,Coatings,365.7,30.98,85.1,9.44,69.1,Supplier D,GOTS,4003.09,In Stock
MAT00709,Recycled Metal,Construction,16.8,12.08,21.3,14.57,85.9,Supplier B,None,999.32,In Stock
MAT00710,Jute,Insulation,103.55,30.79,57.1,7.37,2.2,Supplier B,None,827.51,Pre-Order
MAT00711,Recycled PET,Kitchen Utensils,241.03,86.12,66.8,3.42,56.9,Supplier A,GOTS,3487.66,In Stock
MAT00712,Organic Cotton,Sports Equipment,489.95,85.01,79.0,9.14,55.4,Supplier D,Cradle to Cradle,1324.68,Low Stock
MAT00713,Mushroom Composite,Adhesives,365.06,93.59,92.4,13.08,23.2,Supplier A,Cradle to Cradle,407.53,Pre-Order
MAT00714,Natural Rubber,Insulation,41.12,89.39,53.4,7.36,49.5,Supplier C,Cradle to Cradle,3906.81,Pre-Order
MAT00715,Jute,Electronics,89.05,72.89,57.5,6.85,50.8,Supplier C,EcoCert,2507.43,Pre-Order
MAT00716,Wool,Toys,74.27,30.05,76.9,14.42,83.3,Supplier C,Cradle to Cradle,2847.73,In Stock
MAT00717,Bioplastic,Furniture,148.4,75.18,73.4,2.37,19.9,Supplier A,Cradle to Cradle,2579.64,Low Stock
MAT00718,Recycled Glass,Accessories,112.62,5.66,21.5,13.27,35.7,Supplier E,ISO 14001,797.63,In Stock
MAT00719,Natural Rubber,Sports Equipment,65.84,23.44,65.0,7.55,99.4,Supplier A,EcoCert,3292.61,Low Stock
MAT00720,Recycled Metal,Flooring,306.1,11.31,24.0,14.22,79.9,Supplier A,ISO 14001,4001.43,Pre-Order
MAT00721,Bioplastic,Textiles,413.57,5.15,28.4,9.63,87.1,Supplier B,None,3795.59,Low Stock
MAT00722,Flax Fiber,Toys,383.36,50.34,89.6,2.74,36.4,Supplier A,FSC,3429.56,Low Stock
MAT00723,Jute,Electronics,130.2,81.11,47.3,7.82,8.5,Supplier D,GOTS,1650.04,Pre-Order
MAT00724,Wool,Accessories,84.29,75.6,53.7,3.81,80.2,Supplier D,Cradle to Cradle,1812.72,Pre-Order
MAT00725,Seaweed Polymer,Home Decor,472.43,44.82,81.6,10.91,51.7,Supplier C,GOTS,443.22,Low Stock
MAT00726,Cork Composite,Automotive,222.7,39.93,23.0,13.88,15.1,Supplier E,GOTS,2455.14,Low Stock
MAT00727,Linen,Insulation,438.04,72.43,45.1,5.49,82.7,Supplier E,FSC,3752.43,Pre-Order
MAT00728,Linen,Toys,325.5,88.87,69.9,9.46,44.2,Supplier D,FSC,1541.31,Low Stock
MAT00729,Sustainable Bamboo,Food Packaging,273.34,39.61,77.5,13.26,52.0,Supplier B,ISO 14001,2320.68,Pre-Order
MAT00730,Algae-based Material,Footwear,265.45,75.95,32.8,0.9,79.7,Supplier B,GOTS,2526.52,Pre-Order
MAT00731,Jute,Flooring,64.12,6.93,49.8,9.59,35.4,Supplier A,Cradle to Cradle,356.07,Low Stock
MAT00732,Recycled Aluminum,Electronics,232.04,98.31,84.4,14.84,56.6,Supplier E,EcoCert,3729.19,In Stock
MAT00733,Certified Wood,Footwear,149.42,78.69,77.2,10.25,71.4,Supplier B,ISO 14001,2236.02,Low Stock
MAT00734,Mushroom Composite,Adhesives,104.35,78.08,56.3,2.63,42.6,Supplier A,ISO 14001,1807.74,Low Stock
MAT00735,Recycled Metal,Kitchen Utensils,115.24,8.73,74.1,6.34,55.9,Supplier C,EcoCert,3268.54,Low Stock
MAT00736,Cellulose,Sports Equipment,498.29,69.21,95.8,11.11,41.7,Supplier E,FSC,815.06,Low Stock
MAT00737,Flax Fiber,Toys,73.4,70.75,89.1,2.21,21.3,Supplier B,EcoCert,2051.76,Low Stock
MAT00738,Organic Cotton,Coatings,427.64,11.92,49.6,4.7,52.3,Supplier C,GOTS,634.95,Low Stock
MAT00739,Recycled Glass,Kitchen Utensils,23.71,15.14,82.7,6.62,93.7,Supplier C,FSC,1381.95,In Stock
MAT00740,Corn Plastic,Kitchen Utensils,11.02,55.21,25.4,1.15,48.1,Supplier D,GOTS,1400.21,Low Stock
MAT00741,Cardboard,Coatings,75.08,14.71,70.9,11.54,66.7,Supplier C,ISO 14001,759.45,Pre-Order
MAT00742,Wool,Coatings,210.72,24.05,51.6,8.34,95.8,Supplier C,None,3711.76,In Stock
MAT00743,Bio-based Polymer,Electronics,290.28,79.82,76.6,8.64,12.4,Supplier B,EcoCert,2394.55,Pre-Order
MAT00744,Recycled Aluminum,Food Packaging,479.07,52.65,80.0,7.79,1.9,Supplier E,FSC,2788.8,In Stock
MAT00745,Mycelium Leather,Furniture,130.19,70.86,91.0,6.94,80.7,Supplier D,EcoCert,2583.79,In Stock
MAT00746,Cardboard,Electronics,176.58,18.87,21.9,8.15,38.2,Supplier A,EcoCert,528.71,In Stock
MAT00747,Recycled Glass,Construction,99.51,77.06,32.3,14.31,67.9,Supplier C,FSC,400.89,In Stock
MAT00748,Flax Fiber,Food Packaging,156.03,10.78,31.4,13.45,25.8,Supplier A,ISO 14001,3917.6,In Stock
MAT00749,Hemp Fiber,Coatings,297.15,49.8,80.2,6.08,11.5,Supplier D,EcoCert,407.53,Low Stock
MAT00750,Sustainable Bamboo,Kitchen Utensils,24.16,63.72,93.1,0.77,55.4,Supplier A,FSC,2501.62,Pre-Order
MAT00751,Cellulose,Construction,159.26,41.27,26.7,9.72,20.3,Supplier C,EcoCert,4022.18,In Stock
MAT00752,Seaweed Polymer,Accessories,273.39,42.95,92.9,7.05,0.1,Supplier E,GOTS,2016.9,Pre-Order
MAT00753,Bio-based Polymer,Electronics,39.49,92.26,41.9,4.14,68.0,Supplier B,EcoCert,4146.68,Pre-Order
MAT00754,Recycled Glass,Food Packaging,89.09,53.87,25.6,1.8,69.8,Supplier E,GOTS,3474.38,Low Stock
MAT00755,Cork,Coatings,257.36,80.4,90.7,14.21,63.5,Supplier D,GOTS,4068.66,In Stock
MAT00756,Wool,Bags & Luggage,177.4,46.52,68.0,0.73,69.2,Supplier A,EcoCert,2741.49,Low Stock
MAT00757,Biodegradable Plastic,Electronics,339.63,41.9,91.6,10.7,76.2,Supplier A,EcoCert,2309.89,In Stock
MAT00758,Corn Plastic,Toys,339.4,35.95,85.0,12.5,35.8,Supplier A,ISO 14001,871.5,Low Stock
MAT00759,Certified Wood,Furniture,227.84,22.93,21.6,4.58,92.1,Supplier A,EcoCert,1591.94,Pre-Order
MAT00760,Recycled Glass,Accessories,124.79,49.89,49.0,4.57,90.5,Supplier B,ISO 14001,2982.19,In Stock
MAT00761,Corn Plastic,Office Supplies,64.36,28.46,60.0,2.97,19.4,Supplier E,EcoCert,3109.18,In Stock
MAT00762,Sustainable Bamboo,Adhesives,72.84,7.44,40.8,8.76,22.8,Supplier C,FSC,2250.13,Pre-Order
MAT00763,Biodegradable Plastic,Insulation,311.08,68.39,90.6,0.53,42.7,Supplier A,GOTS,2847.73,Low Stock
MAT00764,Jute,Household Items,69.64,52.31,59.6,8.0,4.3,Supplier A,GOTS,3039.46,Low Stock
MAT00765,Algae-based Material,Toys,164.96,39.79,46.8,13.26,80.8,Supplier B,None,4110.99,Low Stock
MAT00766,Sustainable Bamboo,Accessories,106.47,33.59,25.0,9.57,2.8,Supplier A,EcoCert,1886.59,Pre-Order
MAT00767,Natural Rubber,Household Items,131.11,47.88,96.7,12.57,82.2,Supplier B,ISO 14001,2236.02,Pre-Order
MAT00768,Bioplastic,Toys,384.41,62.91,66.3,1.74,6.1,Supplier C,None,298.8,In Stock
MAT00769,Seaweed Polymer,Construction,40.38,80.44,24.4,9.36,43.2,Supplier A,EcoCert,571.87,In Stock
MAT00770,Recycled Glass,Office Supplies,206.82,62.11,52.9,13.04,78.7,Supplier D,Cradle to Cradle,2651.85,Low Stock
MAT00771,Seaweed Polymer,Sports Equipment,441.17,62.3,47.2,14.09,78.3,Supplier C,EcoCert,1975.4,In Stock
MAT00772,Organic Cotton,Textiles,16.02,71.62,67.4,12.69,90.4,Supplier E,GOTS,668.15,Low Stock
MAT00773,Jute,Kitchen Utensils,365.07,45.02,39.5,12.06,6.0,Supplier D,EcoCert,1407.68,Pre-Order
MAT00774,Cork Composite,Home Decor,162.48,88.64,82.0,2.64,30.9,Supplier C,ISO 14001,1532.18,Pre-Order
MAT00775,Recycled Aluminum,Construction,38.09,51.2,86.8,12.95,42.2,Supplier B,None,944.54,In Stock
MAT00776,Seaweed Polymer,Cosmetics,177.36,67.12,75.6,14.74,60.0,Supplier E,EcoCert,1484.87,Low Stock
MAT00777,Bioplastic,Footwear,215.16,17.07,56.3,11.94,4.2,Supplier A,None,1039.99,In Stock
MAT00778,Flax Fiber,Accessories,238.6,22.1,58.5,11.64,81.5,Supplier D,FSC,3382.25,Low Stock
MAT00779,Bio-based Polymer,Electronics,187.78,8.3,22.4,2.17,29.1,Supplier E,GOTS,940.39,In Stock
MAT00780,Biodegradable Plastic,Furniture,106.93,18.24,90.8,10.92,34.0,Supplier B,FSC,2375.46,In Stock
MAT00781,Bio-based Polymer,Household Items,456.22,3.08,74.2,5.99,78.7,Supplier B,GOTS,608.39,Low Stock
MAT00782,Hemp Fiber,Home Decor,406.65,66.43,95.3,14.67,99.8,Supplier A,ISO 14001,3678.56,In Stock
MAT00783,Recycled Metal,Furniture,103.92,38.44,49.9,9.19,97.7,Supplier A,EcoCert,1140.42,Pre-Order
MAT00784,Cork,Insulation,154.15,15.71,39.8,9.63,28.0,Supplier E,EcoCert,669.81,Low Stock
MAT00785,Cork,Cosmetics,394.49,79.31,69.2,2.93,38.8,Supplier E,GOTS,3681.88,Low Stock
MAT00786,Mushroom Composite,Toys,97.71,71.54,62.0,7.51,95.6,Supplier E,Cradle to Cradle,2053.42,Pre-Order
MAT00787,Seaweed Polymer,Adhesives,328.37,21.51,91.6,7.06,23.4,Supplier D,Cradle to Cradle,1036.67,Pre-Order
MAT00788,Bio-based Polymer,Home Decor,134.72,9.39,80.1,4.78,51.9,Supplier A,Cradle to Cradle,1083.15,Pre-Order
MAT00789,Bioplastic,Bags & Luggage,218.79,47.29,52.7,12.17,31.7,Supplier B,Cradle to Cradle,1689.05,In Stock
MAT00790,Mycelium Leather,Cosmetics,185.96,9.16,87.4,7.94,64.4,Supplier B,ISO 14001,3296.76,In Stock
MAT00791,Sustainable Bamboo,Home Decor,28.76,20.83,35.7,5.27,30.3,Supplier C,FSC,3415.45,Pre-Order
MAT00792,Bioplastic,Construction,499.22,75.49,79.2,13.73,0.9,Supplier C,Cradle to Cradle,1358.71,Low Stock
MAT00793,Corn Plastic,Adhesives,381.32,2.18,72.3,14.84,95.1,Supplier B,FSC,3613.82,Pre-Order
MAT00794,Recycled Copper,Furniture,242.47,52.07,82.9,11.49,72.3,Supplier A,GOTS,2004.45,In Stock
MAT00795,Jute,Sports Equipment,112.7,45.55,64.7,5.93,57.8,Supplier A,Cradle to Cradle,677.28,Pre-Order
MAT00796,Corn Plastic,Home Decor,176.51,42.5,74.9,6.35,77.9,Supplier C,EcoCert,2307.4,In Stock
MAT00797,Recycled Aluminum,Food Packaging,461.85,16.22,96.2,5.29,63.0,Supplier E,EcoCert,2568.02,Low Stock
MAT00798,Linen,Furniture,474.86,7.31,50.9,7.38,32.9,Supplier C,ISO 14001,3998.11,In Stock
MAT00799,Organic Cotton,Insulation,97.04,82.82,68.3,0.89,19.9,Supplier D,GOTS,3796.42,In Stock
MAT00800,Hemp Fiber,Footwear,333.19,7.93,24.6,8.02,17.2,Supplier D,Cradle to Cradle,3591.41,In Stock
MAT00801,Organic Cotton,Construction,272.86,48.35,25.5,14.35,86.6,Supplier B,GOTS,683.92,Low Stock
MAT00802,Corn Plastic,Kitchen Utensils,87.8,57.93,44.8,3.44,71.7,Supplier B,ISO 14001,1994.49,In Stock
MAT00803,Recycled PET,Cosmetics,414.05,60.88,39.7,5.27,56.9,Supplier D,EcoCert,2122.31,In Stock
MAT00804,Recycled Copper,Cosmetics,151.08,88.22,56.5,10.65,71.2,Supplier E,FSC,1351.24,Low Stock
MAT00805,Hemp Fiber,Automotive,450.98,73.59,56.6,13.71,18.3,Supplier D,None,2431.07,In Stock
MAT00806,Hemp Fiber,Automotive,144.15,63.18,43.4,13.79,69.8,Supplier B,Cradle to Cradle,3044.44,Low Stock
MAT00807,Cork Composite,Insulation,69.4,37.5,80.4,7.81,78.0,Supplier B,GOTS,1799.44,In Stock
MAT00808,Mushroom Composite,Food Packaging,236.46,8.25,75.6,11.37,38.1,Supplier B,Cradle to Cradle,3138.23,In Stock
MAT00809,Biodegradable Plastic,Household Items,66.19,91.8,46.2,11.36,48.5,Supplier E,None,438.24,In Stock
MAT00810,Flax Fiber,Toys,78.73,82.22,87.3,2.97,1.8,Supplier C,ISO 14001,566.06,Pre-Order
MAT00811,Recycled Copper,Office Supplies,92.54,67.47,20.9,4.46,44.1,Supplier A,None,874.82,Pre-Order
MAT00812,Cork,Toys,351.4,83.81,84.9,9.79,71.6,Supplier D,None,3739.98,Low Stock
MAT00813,Recycled PET,Food Packaging,303.12,5.82,50.2,3.43,25.0,Supplier B,ISO 14001,3786.46,In Stock
MAT00814,Jute,Electronics,494.75,34.37,35.4,10.2,22.1,Supplier B,None,3681.05,In Stock
MAT00815,Recycled Paper,Sports Equipment,261.13,81.75,45.8,9.59,62.5,Supplier D,Cradle to Cradle,3888.55,In Stock
MAT00816,Hemp Fiber,Furniture,61.88,33.01,21.2,9.98,1.2,Supplier B,ISO 14001,1013.43,Pre-Order
MAT00817,Corn Plastic,Household Items,328.47,37.53,25.4,3.67,30.2,Supplier A,None,2552.25,Pre-Order
MAT00818,Seaweed Polymer,Adhesives,94.01,95.94,68.0,14.73,69.6,Supplier B,GOTS,2866.82,In Stock
MAT00819,Cellulose,Bags & Luggage,489.23,66.97,25.4,0.76,91.2,Supplier E,None,1954.65,Pre-Order
MAT00820,Hemp Fiber,Flooring,297.86,98.85,38.6,9.44,89.7,Supplier D,FSC,1396.06,Pre-Order
MAT00821,Sustainable Bamboo,Food Packaging,77.4,50.37,36.2,5.95,64.2,Supplier E,Cradle to Cradle,1114.69,Pre-Order
MAT00822,Natural Rubber,Construction,146.28,64.72,80.8,8.05,97.8,Supplier C,ISO 14001,2748.13,In Stock
MAT00823,Recycled Copper,Bags & Luggage,177.94,21.38,24.3,13.81,98.8,Supplier B,EcoCert,3359.01,Low Stock
MAT00824,Mushroom Composite,Bags & Luggage,99.94,63.35,25.2,7.63,95.4,Supplier B,FSC,373.5,In Stock
MAT00825,Sustainable Bamboo,Automotive,300.39,83.29,94.5,3.93,7.8,Supplier C,FSC,3054.4,Pre-Order
MAT00826,Cork,Accessories,217.77,60.98,44.2,8.86,96.8,Supplier D,ISO 14001,968.61,Low Stock
MAT00827,Linen,Office Supplies,92.21,44.7,60.4,11.16,76.0,Supplier D,ISO 14001,3431.22,Low Stock
MAT00828,Jute,Cosmetics,381.84,92.23,67.6,2.72,72.7,Supplier D,GOTS,1191.05,Low Stock
MAT00829,Recycled Glass,Office Supplies,285.45,48.6,46.7,10.87,19.6,Supplier A,ISO 14001,3815.51,Pre-Order
MAT00830,Recycled Copper,Home Decor,250.81,92.64,95.2,14.57,37.3,Supplier E,ISO 14001,2116.5,Low Stock
MAT00831,Recycled Paper,Textiles,198.56,57.0,35.5,6.83,25.5,Supplier C,EcoCert,3803.89,Pre-Order
MAT00832,Cardboard,Home Decor,351.26,65.44,94.1,11.17,24.2,Supplier C,None,303.78,Pre-Order
MAT00833,Wool,Electronics,351.76,64.89,40.9,7.1,68.1,Supplier E,EcoCert,1179.43,Pre-Order
MAT00834,Corn Plastic,Automotive,16.05,77.33,71.6,13.79,39.8,Supplier A,EcoCert,2501.62,In Stock
MAT00835,Jute,Automotive,416.58,26.03,44.2,14.53,65.8,Supplier C,None,1690.71,Low Stock
MAT00836,Cork Composite,Cosmetics,63.54,57.69,83.8,12.31,26.9,Supplier D,None,1000.98,Low Stock
MAT00837,Biodegradable Plastic,Automotive,410.03,1.16,25.6,10.6,52.5,Supplier D,FSC,2773.86,In Stock
MAT00838,Certified Wood,Automotive,354.98,20.6,34.6,14.25,45.1,Supplier B,FSC,3410.47,In Stock
MAT00839,Recycled Copper,Automotive,406.5,20.0,98.6,13.14,44.1,Supplier A,None,3803.06,In Stock
MAT00840,Sustainable Bamboo,Footwear,52.0,13.34,25.1,0.93,23.5,Supplier A,ISO 14001,2099.07,In Stock
MAT00841,Mycelium Leather,Electronics,336.01,79.13,23.3,3.56,79.2,Supplier E,GOTS,1662.49,Low Stock
MAT00842,Cardboard,Bags & Luggage,306.14,34.32,74.5,5.47,31.5,Supplier C,None,1120.5,Low Stock
MAT00843,Linen,Coatings,38.05,36.25,46.4,1.95,45.7,Supplier B,ISO 14001,2948.16,Pre-Order
MAT00844,Organic Cotton,Flooring,146.94,70.23,85.2,5.84,61.8,Supplier D,EcoCert,2791.29,Low Stock
MAT00845,Wool,Furniture,11.53,64.17,95.4,5.17,63.4,Supplier C,None,3645.36,Low Stock
MAT00846,Hemp Fiber,Coatings,247.42,74.18,83.5,5.55,93.9,Supplier D,None,3916.77,Pre-Order
MAT00847,Organic Cotton,Office Supplies,153.99,20.31,31.5,8.04,57.2,Supplier E,ISO 14001,3579.79,In Stock
MAT00848,Cardboard,Cosmetics,157.66,67.63,63.9,13.18,16.8,Supplier A,Cradle to Cradle,1943.86,Pre-Order
MAT00849,Algae-based Material,Accessories,129.24,17.87,95.5,10.65,10.5,Supplier A,FSC,4123.44,Low Stock
MAT00850,Linen,Household Items,117.98,26.51,58.1,13.51,12.3,Supplier E,None,707.16,Pre-Order
MAT00851,Cardboard,Cosmetics,399.81,33.95,37.9,8.85,92.4,Supplier C,Cradle to Cradle,423.3,Pre-Order
MAT00852,Recycled Copper,Office Supplies,330.42,78.72,97.3,6.84,23.3,Supplier C,ISO 14001,1198.52,In Stock
MAT00853,Sustainable Bamboo,Bags & Luggage,372.88,93.78,79.6,2.18,36.8,Supplier D,EcoCert,3565.68,Pre-Order
MAT00854,Biodegradable Plastic,Footwear,40.32,54.02,87.8,14.71,32.0,Supplier B,EcoCert,1620.16,Pre-Order
MAT00855,Bioplastic,Adhesives,118.85,40.14,63.1,7.18,14.5,Supplier B,Cradle to Cradle,3922.58,Pre-Order
MAT00856,Recycled PET,Construction,304.72,15.44,73.2,12.12,70.3,Supplier C,EcoCert,2552.25,Pre-Order
MAT00857,Organic Cotton,Household Items,498.46,70.95,58.3,12.52,49.5,Supplier D,ISO 14001,2971.4,Low Stock
MAT00858,Recycled Metal,Furniture,425.55,93.51,38.0,11.17,92.3,Supplier D,None,3257.75,Low Stock
MAT00859,Recycled Glass,Automotive,495.62,55.25,47.0,10.33,99.0,Supplier D,ISO 14001,3184.71,Pre-Order
MAT00860,Recycled Copper,Footwear,148.36,92.38,76.1,8.45,9.7,Supplier E,ISO 14001,1454.16,Pre-Order
MAT00861,Recycled Glass,Toys,330.77,58.14,55.4,7.5,89.7,Supplier B,None,1001.81,Pre-Order
MAT00862,Biodegradable Plastic,Home Decor,365.72,57.99,74.3,14.83,14.8,Supplier D,None,3952.46,In Stock
MAT00863,Recycled Paper,Textiles,184.24,47.91,95.6,2.2,51.5,Supplier D,FSC,1514.75,Pre-Order
MAT00864,Recycled Copper,Office Supplies,130.05,12.76,51.7,4.89,59.6,Supplier D,None,853.24,Pre-Order
MAT00865,Wool,Cosmetics,391.09,86.62,72.0,4.49,65.3,Supplier A,ISO 14001,1629.29,In Stock
MAT00866,Organic Cotton,Kitchen Utensils,324.29,90.94,38.0,9.01,98.7,Supplier A,EcoCert,2076.66,In Stock
MAT00867,Linen,Kitchen Utensils,499.98,70.57,43.9,2.32,32.5,Supplier E,FSC,3009.58,Low Stock
MAT00868,Corn Plastic,Electronics,202.96,81.93,82.7,8.19,6.4,Supplier E,None,3500.94,Pre-Order
MAT00869,Organic Cotton,Furniture,483.18,89.86,34.5,9.19,18.0,Supplier C,ISO 14001,2376.29,In Stock
MAT00870,Recycled Metal,Adhesives,111.05,16.96,65.0,12.85,3.5,Supplier E,GOTS,4070.32,Low Stock
MAT00871,Algae-based Material,Automotive,217.3,94.58,20.0,4.86,94.6,Supplier C,None,2235.19,Pre-Order
MAT00872,Recycled PET,Construction,292.77,69.82,61.8,14.8,35.2,Supplier B,None,2309.89,In Stock
MAT00873,Wool,Food Packaging,126.18,19.62,44.0,12.57,95.7,Supplier B,EcoCert,2564.7,Low Stock
MAT00874,Mycelium Leather,Construction,367.26,42.78,64.0,4.28,65.0,Supplier D,ISO 14001,816.72,Low Stock
MAT00875,Wool,Sports Equipment,470.7,15.18,36.3,9.63,26.9,Supplier B,None,2688.37,Low Stock
MAT00876,Recycled Aluminum,Flooring,306.42,42.55,32.3,14.89,43.4,Supplier E,FSC,268.92,In Stock
MAT00877,Mycelium Leather,Textiles,270.42,68.71,52.5,5.28,8.9,Supplier C,FSC,3788.12,In Stock
MAT00878,Mycelium Leather,Electronics,57.99,97.97,37.8,14.3,78.3,Supplier E,None,658.19,Low Stock
MAT00879,Recycled Aluminum,Kitchen Utensils,56.81,35.54,65.8,4.59,27.1,Supplier A,FSC,561.08,Low Stock
MAT00880,Cork Composite,Office Supplies,98.53,80.8,74.2,11.94,55.2,Supplier D,Cradle to Cradle,3680.22,Pre-Order
MAT00881,Recycled Metal,Household Items,14.65,51.84,32.4,2.33,37.9,Supplier A,None,3095.9,Pre-Order
MAT00882,Certified Wood,Accessories,342.33,42.41,56.6,6.86,35.4,Supplier C,GOTS,2033.5,Low Stock
MAT00883,Mushroom Composite,Accessories,159.54,85.93,95.8,6.39,31.3,Supplier A,ISO 14001,525.39,Pre-Order
MAT00884,Hemp Fiber,Cosmetics,90.91,6.68,79.5,8.54,49.3,Supplier D,None,3649.51,Pre-Order
MAT00885,Recycled Copper,Construction,245.03,51.99,99.8,13.38,69.8,Supplier E,FSC,1781.18,Pre-Order
MAT00886,Biodegradable Plastic,Sports Equipment,354.27,75.22,39.5,11.22,95.1,Supplier E,None,3446.16,Pre-Order
MAT00887,Recycled Paper,Coatings,229.84,17.68,94.4,11.57,90.4,Supplier C,FSC,862.37,Pre-Order
MAT00888,Certified Wood,Food Packaging,217.13,38.53,49.9,2.14,91.4,Supplier E,ISO 14001,1161.17,Low Stock
MAT00889,Recycled Glass,Kitchen Utensils,153.84,22.09,79.0,8.75,21.7,Supplier E,ISO 14001,1380.29,Low Stock
MAT00890,Bioplastic,Kitchen Utensils,38.17,1.58,56.8,4.83,10.7,Supplier B,Cradle to Cradle,1559.57,Low Stock
MAT00891,Biodegradable Plastic,Textiles,221.09,20.56,62.3,13.53,41.1,Supplier A,FSC,3803.89,Pre-Order
MAT00892,Mycelium Leather,Accessories,240.64,38.06,49.2,13.44,53.6,Supplier D,None,1240.02,Low Stock
MAT00893,Bio-based Polymer,Construction,183.33,43.96,48.7,13.12,19.8,Supplier A,FSC,921.3,Low Stock
MAT00894,Jute,Bags & Luggage,451.49,16.87,35.9,7.45,66.5,Supplier D,Cradle to Cradle,1225.08,Pre-Order
MAT00895,Cardboard,Construction,169.19,76.67,90.5,7.78,92.4,Supplier D,FSC,3525.01,In Stock
MAT00896,Organic Cotton,Electronics,71.8,35.07,21.1,10.42,5.2,Supplier D,EcoCert,3471.89,Pre-Order
MAT00897,Biodegradable Plastic,Sports Equipment,245.29,28.94,26.6,6.72,61.8,Supplier B,FSC,3071.0,Low Stock
MAT00898,Cork Composite,Textiles,433.44,99.43,39.8,12.4,19.8,Supplier A,None,2980.53,Pre-Order
MAT00899,Mushroom Composite,Coatings,98.78,99.26,67.3,9.7,22.9,Supplier A,GOTS,693.05,In Stock
MAT00900,Recycled Metal,Sports Equipment,18.65,20.76,89.1,6.02,52.5,Supplier B,FSC,2955.63,Low Stock
MAT00901,Jute,Kitchen Utensils,40.06,43.28,24.1,2.1,36.4,Supplier D,FSC,3922.58,Low Stock
MAT00902,Recycled Paper,Automotive,30.04,6.16,79.6,3.57,47.2,Supplier A,Cradle to Cradle,3785.63,In Stock
MAT00903,Mycelium Leather,Kitchen Utensils,188.15,31.13,27.8,0.7,55.2,Supplier C,GOTS,3599.71,Pre-Order
MAT00904,Seaweed Polymer,Home Decor,374.04,59.3,68.4,3.95,27.6,Supplier A,ISO 14001,2494.15,In Stock
MAT00905,Cellulose,Coatings,68.97,59.07,93.0,9.99,19.0,Supplier A,ISO 14001,2973.06,Pre-Order
MAT00906,Bioplastic,Bags & Luggage,157.72,47.95,80.9,8.24,15.4,Supplier D,EcoCert,675.62,Pre-Order
MAT00907,Mycelium Leather,Insulation,487.81,89.6,55.9,10.9,91.1,Supplier D,EcoCert,435.75,Pre-Order
MAT00908,Seaweed Polymer,Electronics,91.8,28.14,97.4,4.7,95.6,Supplier B,None,408.36,Low Stock
MAT00909,Cardboard,Insulation,436.43,97.18,33.2,11.39,38.4,Supplier D,EcoCert,3271.03,Low Stock
MAT00910,Cork,Automotive,11.76,57.62,67.4,0.63,92.9,Supplier E,None,2208.63,Pre-Order
MAT00911,Mushroom Composite,Household Items,158.67,22.81,76.7,8.51,17.1,Supplier B,GOTS,347.77,In Stock
MAT00912,Cellulose,Construction,471.6,28.5,30.6,13.16,5.2,Supplier B,EcoCert,4070.32,In Stock
MAT00913,Biodegradable Plastic,Home Decor,320.01,97.25,46.0,14.22,88.4,Supplier B,Cradle to Cradle,1217.61,Pre-Order
MAT00914,Recycled Glass,Bags & Luggage,492.78,62.97,20.8,5.65,73.0,Supplier C,ISO 14001,1280.69,Pre-Order
MAT00915,Wool,Adhesives,62.16,74.83,50.6,9.98,87.0,Supplier E,FSC,2693.35,Low Stock
MAT00916,Hemp Fiber,Bags & Luggage,141.71,58.58,84.6,11.42,15.6,Supplier D,GOTS,1088.96,In Stock
MAT00917,Cardboard,Cosmetics,253.02,46.48,85.2,3.05,57.0,Supplier B,None,3924.24,Low Stock
MAT00918,Biodegradable Plastic,Footwear,89.83,18.6,51.5,9.31,6.9,Supplier B,Cradle to Cradle,453.18,Pre-Order
MAT00919,Linen,Textiles,364.91,14.59,80.0,0.67,10.0,Supplier A,ISO 14001,1695.69,Pre-Order
MAT00920,Recycled Paper,Construction,131.69,9.28,31.4,9.6,1.3,Supplier A,EcoCert,4016.37,Pre-Order
MAT00921,Corn Plastic,Bags & Luggage,427.83,9.41,31.1,11.52,89.2,Supplier C,GOTS,3414.62,Low Stock
MAT00922,Recycled Metal,Accessories,37.38,69.51,70.2,2.28,82.5,Supplier C,ISO 14001,576.02,Pre-Order
MAT00923,Corn Plastic,Sports Equipment,79.5,91.3,21.9,6.69,14.7,Supplier B,None,2777.18,Low Stock
MAT00924,Wool,Textiles,250.99,99.09,38.0,14.37,28.2,Supplier C,ISO 14001,469.78,Low Stock
MAT00925,Sustainable Bamboo,Food Packaging,306.21,18.63,62.4,9.19,67.9,Supplier C,EcoCert,764.43,Low Stock
MAT00926,Certified Wood,Textiles,142.84,50.43,49.5,4.35,90.7,Supplier A,FSC,3348.22,Pre-Order
MAT00927,Recycled Metal,Bags & Luggage,82.41,45.22,83.7,14.66,81.5,Supplier D,None,616.69,Low Stock
MAT00928,Recycled Metal,Cosmetics,168.3,13.63,81.4,5.61,49.4,Supplier D,EcoCert,2083.3,Pre-Order
MAT00929,Natural Rubber,Construction,403.05,65.74,39.7,6.57,49.7,Supplier E,EcoCert,2292.46,In Stock
MAT00930,Linen,Cosmetics,294.67,42.76,66.2,10.56,74.8,Supplier B,GOTS,2967.25,In Stock
MAT00931,Cork,Electronics,187.58,47.92,30.7,2.1,91.1,Supplier B,GOTS,1603.56,Low Stock
MAT00932,Recycled Metal,Insulation,486.19,91.38,39.4,12.5,5.6,Supplier B,Cradle to Cradle,714.63,Pre-Order
MAT00933,Biodegradable Plastic,Sports Equipment,192.13,70.44,73.0,1.57,83.7,Supplier A,FSC,3633.74,Low Stock
MAT00934,Recycled Metal,Cosmetics,130.07,2.24,86.5,6.54,76.5,Supplier B,None,2037.65,Pre-Order
MAT00935,Flax Fiber,Footwear,240.39,72.53,55.5,9.85,1.3,Supplier A,None,609.22,In Stock
MAT00936,Bioplastic,Automotive,256.61,2.08,86.6,10.36,87.6,Supplier C,EcoCert,2373.8,Pre-Order
MAT00937,Recycled Glass,Accessories,217.6,16.52,97.8,8.06,97.8,Supplier B,Cradle to Cradle,664.83,Pre-Order
MAT00938,Recycled Paper,Accessories,202.22,82.43,98.1,9.27,7.7,Supplier D,GOTS,2924.92,Pre-Order
MAT00939,Cellulose,Office Supplies,415.35,17.32,84.3,9.88,19.5,Supplier A,GOTS,597.6,Pre-Order
MAT00940,Cork Composite,Bags & Luggage,23.74,28.94,63.3,1.45,59.7,Supplier C,FSC,3179.73,Pre-Order
MAT00941,Cork,Food Packaging,127.76,9.42,65.6,1.15,98.6,Supplier A,GOTS,2093.26,In Stock
MAT00942,Recycled Glass,Electronics,490.47,75.42,96.7,7.75,31.4,Supplier C,FSC,1722.25,Pre-Order
MAT00943,Wool,Textiles,172.35,89.75,60.3,7.78,77.5,Supplier D,Cradle to Cradle,260.62,Pre-Order
MAT00944,Recycled Paper,Footwear,89.0,68.56,26.3,9.58,95.3,Supplier B,None,1088.96,Pre-Order
MAT00945,Recycled Metal,Automotive,496.77,50.66,99.4,9.33,52.3,Supplier D,FSC,3227.87,Low Stock
MAT00946,Recycled Glass,Home Decor,315.5,94.07,23.2,10.84,68.3,Supplier E,EcoCert,1118.84,In Stock
MAT00947,Recycled Metal,Adhesives,317.62,50.25,84.4,2.57,87.0,Supplier A,Cradle to Cradle,2345.58,In Stock
MAT00948,Recycled PET,Bags & Luggage,93.16,30.27,25.5,8.86,35.3,Supplier D,GOTS,449.03,Low Stock
MAT00949,Mycelium Leather,Toys,328.64,14.9,29.9,8.75,4.0,Supplier D,Cradle to Cradle,3588.09,Pre-Order
MAT00950,Wool,Construction,226.01,51.74,70.0,5.05,8.3,Supplier D,GOTS,1811.89,Pre-Order
MAT00951,Recycled Paper,Coatings,488.94,6.65,83.2,10.65,56.1,Supplier A,GOTS,781.86,Low Stock
MAT00952,Bio-based Polymer,Adhesives,205.65,8.22,51.1,7.2,9.4,Supplier E,Cradle to Cradle,2021.88,In Stock
MAT00953,Sustainable Bamboo,Automotive,368.57,91.83,93.8,11.64,19.9,Supplier C,GOTS,1475.74,Pre-Order
MAT00954,Cardboard,Furniture,354.12,48.15,42.3,1.06,15.6,Supplier B,GOTS,2038.48,Pre-Order
MAT00955,Recycled Paper,Coatings,389.36,7.18,84.7,11.95,97.9,Supplier B,ISO 14001,1015.92,Pre-Order
MAT00956,Jute,Household Items,133.51,18.43,31.3,4.47,8.2,Supplier D,Cradle to Cradle,3647.02,Pre-Order
MAT00957,Cork,Household Items,100.2,6.32,91.6,6.71,96.3,Supplier B,GOTS,1348.75,Low Stock
MAT00958,Cardboard,Kitchen Utensils,272.4,78.6,97.2,6.83,91.3,Supplier A,EcoCert,2438.54,Pre-Order
MAT00959,Cork,Cosmetics,364.13,58.27,31.6,10.13,82.4,Supplier C,ISO 14001,3091.75,In Stock
MAT00960,Recycled PET,Construction,254.73,32.32,83.4,10.27,26.3,Supplier D,FSC,3043.61,Pre-Order
MAT00961,Recycled PET,Adhesives,57.75,22.64,98.3,6.59,54.6,Supplier D,FSC,827.51,Low Stock
MAT00962,Cork,Furniture,486.15,58.11,21.1,12.3,1.6,Supplier E,ISO 14001,3738.32,Pre-Order
MAT00963,Cardboard,Toys,212.89,35.82,86.3,6.67,97.4,Supplier B,Cradle to Cradle,1503.96,Low Stock
MAT00964,Certified Wood,Automotive,280.85,17.1,54.9,4.63,66.0,Supplier C,None,2875.95,Pre-Order
MAT00965,Organic Cotton,Cosmetics,404.91,11.28,72.0,9.44,41.1,Supplier E,EcoCert,2143.89,In Stock
MAT00966,Cellulose,Toys,256.65,80.78,73.4,12.85,21.2,Supplier E,Cradle to Cradle,3261.07,In Stock
MAT00967,Cork,Kitchen Utensils,475.77,35.71,83.5,7.23,90.8,Supplier D,ISO 14001,2734.85,Low Stock
MAT00968,Seaweed Polymer,Accessories,258.7,27.49,72.7,4.96,90.3,Supplier B,ISO 14001,3788.95,Low Stock
MAT00969,Recycled Paper,Electronics,22.86,79.26,87.3,8.02,74.1,Supplier B,EcoCert,1430.92,Low Stock
MAT00970,Hemp Fiber,Insulation,487.01,20.07,71.6,12.51,80.1,Supplier B,None,2468.42,Low Stock
MAT00971,Recycled Copper,Automotive,207.53,32.49,32.7,3.85,71.0,Supplier A,None,668.98,Pre-Order
MAT00972,Seaweed Polymer,Office Supplies,423.09,63.1,40.8,8.52,94.9,Supplier A,ISO 14001,977.74,Low Stock
MAT00973,Biodegradable Plastic,Adhesives,84.99,62.19,63.5,14.6,57.2,Supplier B,Cradle to Cradle,266.43,Pre-Order
MAT00974,Cellulose,Home Decor,101.41,65.6,37.7,3.31,84.0,Supplier D,GOTS,3059.38,Pre-Order
MAT00975,Recycled Paper,Household Items,50.65,15.23,21.9,14.78,86.7,Supplier E,ISO 14001,607.56,In Stock
MAT00976,Recycled Metal,Footwear,138.38,18.88,26.2,12.75,91.3,Supplier A,Cradle to Cradle,994.34,In Stock
MAT00977,Jute,Cosmetics,248.39,62.94,36.8,6.59,89.0,Supplier D,FSC,2690.03,In Stock
MAT00978,Recycled Glass,Electronics,452.78,66.31,70.5,12.89,11.7,Supplier C,Cradle to Cradle,1531.35,Pre-Order
MAT00979,Bioplastic,Insulation,12.46,52.65,40.4,2.26,60.6,Supplier E,EcoCert,2301.59,In Stock
MAT00980,Cork,Home Decor,66.25,22.48,46.2,3.69,72.8,Supplier C,GOTS,3910.13,Low Stock
MAT00981,Cork,Cosmetics,180.79,55.6,43.5,11.31,49.6,Supplier D,FSC,2208.63,Low Stock
MAT00982,Bio-based Polymer,Furniture,346.66,88.84,42.5,6.2,58.4,Supplier C,FSC,3219.57,In Stock
MAT00983,Recycled Copper,Kitchen Utensils,222.4,45.17,67.7,4.44,31.9,Supplier D,Cradle to Cradle,594.28,In Stock
MAT00984,Recycled Aluminum,Home Decor,193.24,63.64,25.1,2.93,3.4,Supplier E,Cradle to Cradle,2203.65,Low Stock
MAT00985,Bioplastic,Flooring,182.6,3.96,34.4,5.18,79.1,Supplier A,FSC,1591.11,Pre-Order
MAT00986,Certified Wood,Home Decor,81.07,32.13,20.8,10.48,71.7,Supplier E,GOTS,1017.58,In Stock
MAT00987,Algae-based Material,Cosmetics,198.94,60.58,62.2,1.99,27.8,Supplier A,EcoCert,2587.94,Pre-Order
MAT00988,Jute,Sports Equipment,165.71,32.69,35.8,12.14,49.9,Supplier D,ISO 14001,4110.99,In Stock
MAT00989,Recycled PET,Automotive,304.7,59.53,38.9,0.81,1.8,Supplier E,ISO 14001,3286.8,Low Stock
MAT00990,Recycled Glass,Construction,422.41,40.88,91.7,13.81,3.9,Supplier A,Cradle to Cradle,2734.85,In Stock
MAT00991,Corn Plastic,Sports Equipment,364.39,28.19,80.3,6.3,55.6,Supplier E,ISO 14001,1413.49,Low Stock
MAT00992,Recycled Glass,Toys,251.73,64.47,92.8,12.72,93.8,Supplier B,ISO 14001,575.19,In Stock
MAT00993,Recycled Metal,Textiles,496.83,86.28,77.9,3.78,8.8,Supplier C,EcoCert,3051.08,In Stock
MAT00994,Flax Fiber,Food Packaging,137.25,78.71,28.9,14.23,7.5,Supplier E,Cradle to Cradle,1478.23,Low Stock
MAT00995,Flax Fiber,Automotive,463.18,58.76,29.6,5.13,14.8,Supplier D,None,2493.32,Low Stock
MAT00996,Wool,Textiles,265.66,24.81,58.2,7.61,28.1,Supplier D,FSC,3244.47,In Stock
MAT00997,Mycelium Leather,Footwear,358.58,35.95,86.8,4.01,64.7,Supplier A,ISO 14001,3575.64,Low Stock
MAT00998,Recycled Paper,Furniture,16.43,22.4,85.5,3.22,10.5,Supplier E,EcoCert,997.66,Pre-Order
MAT00999,Natural Rubber,Footwear,357.17,65.87,87.8,2.03,13.0,Supplier D,Cradle to Cradle,3818.0,Pre-Order
MAT01000,Mushroom Composite,Furniture,392.21,19.61,42.2,2.88,30.7,Supplier A,FSC,3631.25,Low Stock
MAT01001,Organic Cotton,Textiles,127.88,89.52,35.0,0.91,66.2,Supplier C,ISO 14001,1969.59,Pre-Order
MAT01002,Sustainable Bamboo,Home Decor,221.42,15.91,60.2,7.86,5.3,Supplier A,ISO 14001,1251.64,Pre-Order
MAT01003,Linen,Sports Equipment,105.03,19.76,34.1,4.5,60.7,Supplier A,None,2231.87,In Stock
MAT01004,Cellulose,Accessories,479.9,22.74,24.3,1.02,26.6,Supplier A,GOTS,428.28,In Stock
MAT01005,Bioplastic,Office Supplies,202.03,11.03,78.7,13.25,26.8,Supplier B,GOTS,985.21,Pre-Order
MAT01006,Recycled Glass,Coatings,151.11,1.31,34.8,13.66,62.2,Supplier B,FSC,3110.84,Low Stock
MAT01007,Wool,Cosmetics,91.66,33.88,56.4,14.45,66.6,Supplier A,FSC,1870.82,Low Stock
MAT01008,Sustainable Bamboo,Automotive,342.81,85.46,67.5,14.56,58.3,Supplier B,Cradle to Cradle,2111.52,In Stock
MAT01009,Recycled Paper,Electronics,287.96,99.05,86.8,8.12,16.7,Supplier A,ISO 14001,750.32,Low Stock
MAT01010,Seaweed Polymer,Bags & Luggage,231.78,73.75,99.2,4.23,48.6,Supplier A,GOTS,1617.67,Low Stock
MAT01011,Flax Fiber,Bags & Luggage,446.77,77.68,88.6,13.58,59.6,Supplier E,None,615.03,Pre-Order
MAT01012,Biodegradable Plastic,Construction,489.53,85.77,72.7,2.55,49.8,Supplier D,GOTS,1139.59,In Stock
MAT01013,Recycled Copper,Cosmetics,104.98,95.53,71.1,14.5,87.7,Supplier D,EcoCert,2870.14,In Stock
MAT01014,Mycelium Leather,Home Decor,445.12,39.71,53.4,14.91,30.9,Supplier E,None,329.51,Low Stock
MAT01015,Corn Plastic,Coatings,70.25,79.74,65.3,11.99,34.7,Supplier A,Cradle to Cradle,605.07,Pre-Order
MAT01016,Recycled Metal,Toys,343.65,52.8,43.2,8.59,16.3,Supplier A,GOTS,2105.71,In Stock
MAT01017,Recycled PET,Food Packaging,116.49,82.72,29.9,7.58,0.5,Supplier A,ISO 14001,1569.53,Low Stock
MAT01018,Recycled Metal,Home Decor,440.57,78.74,60.2,14.4,56.1,Supplier C,FSC,3965.74,Pre-Order
MAT01019,Cork,Sports Equipment,296.76,8.99,37.5,7.36,35.5,Supplier D,Cradle to Cradle,3399.68,Low Stock
MAT01020,Organic Cotton,Household Items,460.9,60.11,33.9,6.82,87.6,Supplier B,None,3370.63,In Stock
MAT01021,Mycelium Leather,Construction,213.99,20.75,44.4,4.81,92.7,Supplier B,Cradle to Cradle,2003.62,Low Stock
MAT01022,Organic Cotton,Construction,268.02,69.72,60.3,10.43,35.8,Supplier D,Cradle to Cradle,1577.0,Low Stock
MAT01023,Recycled PET,Electronics,457.15,3.62,81.3,1.78,14.1,Supplier B,EcoCert,3778.99,Pre-Order
MAT01024,Certified Wood,Construction,314.24,90.09,90.2,1.28,84.5,Supplier A,Cradle to Cradle,667.32,Pre-Order
MAT01025,Recycled PET,Food Packaging,51.48,27.75,98.9,2.05,59.4,Supplier E,Cradle to Cradle,3440.35,Pre-Order
MAT01026,Natural Rubber,Food Packaging,69.51,58.88,60.9,10.9,70.2,Supplier E,None,2222.74,Low Stock
MAT01027,Recycled Metal,Accessories,448.58,64.33,32.4,9.61,71.9,Supplier D,EcoCert,3896.85,Pre-Order
MAT01028,Cork,Textiles,42.9,16.15,90.4,8.04,24.7,Supplier A,EcoCert,578.51,Low Stock
MAT01029,Linen,Food Packaging,463.76,30.69,58.7,3.17,23.5,Supplier C,EcoCert,3543.27,Pre-Order
MAT01030,Recycled PET,Coatings,70.37,15.48,21.7,2.55,74.5,Supplier E,None,1124.65,Pre-Order
MAT01031,Algae-based Material,Furniture,243.32,29.71,73.4,14.41,49.3,Supplier D,Cradle to Cradle,2826.15,Pre-Order
MAT01032,Seaweed Polymer,Textiles,237.34,81.54,31.9,4.61,12.0,Supplier E,GOTS,1717.27,In Stock
MAT01033,Cellulose,Coatings,227.79,90.9,48.4,2.52,88.2,Supplier A,FSC,1992.0,Low Stock
MAT01034,Mushroom Composite,Flooring,113.28,90.35,62.0,7.94,17.4,Supplier E,GOTS,769.41,Low Stock
MAT01035,Flax Fiber,Construction,146.39,76.5,44.2,6.21,91.6,Supplier D,Cradle to Cradle,2736.51,Pre-Order
MAT01036,Wool,Automotive,292.26,92.81,82.0,8.12,12.9,Supplier E,GOTS,1457.48,Pre-Order
MAT01037,Bioplastic,Office Supplies,43.11,3.92,78.6,3.86,66.5,Supplier D,GOTS,2155.51,In Stock
MAT01038,Cork Composite,Accessories,61.66,88.19,78.3,6.07,97.3,Supplier A,EcoCert,3840.41,Low Stock
MAT01039,Organic Cotton,Food Packaging,424.93,8.22,81.1,9.29,84.1,Supplier C,ISO 14001,3845.39,Pre-Order
MAT01040,Recycled PET,Office Supplies,75.28,64.1,64.5,3.34,49.1,Supplier B,FSC,2870.14,Pre-Order
MAT01041,Bio-based Polymer,Sports Equipment,408.78,81.06,35.4,8.94,62.9,Supplier B,ISO 14001,2830.3,In Stock
MAT01042,Biodegradable Plastic,Home Decor,389.45,57.26,89.2,5.44,68.2,Supplier E,Cradle to Cradle,3981.51,In Stock
MAT01043,Corn Plastic,Furniture,289.48,47.9,48.2,9.47,55.9,Supplier A,Cradle to Cradle,715.46,Low Stock
MAT01044,Cellulose,Office Supplies,438.25,57.35,30.2,8.0,10.1,Supplier A,EcoCert,2153.02,Pre-Order
MAT01045,Natural Rubber,Electronics,119.77,94.12,93.8,4.15,70.3,Supplier B,GOTS,436.58,In Stock
MAT01046,Algae-based Material,Adhesives,128.29,52.26,68.9,5.03,61.9,Supplier A,EcoCert,2341.43,Low Stock
MAT01047,Mycelium Leather,Electronics,25.81,42.72,36.0,13.38,5.9,Supplier C,None,979.4,In Stock
MAT01048,Hemp Fiber,Kitchen Utensils,45.73,94.85,92.3,10.69,76.6,Supplier A,Cradle to Cradle,307.1,Pre-Order
MAT01049,Recycled Copper,Coatings,465.39,88.86,58.3,2.38,72.3,Supplier D,EcoCert,580.17,In Stock
MAT01050,Cellulose,Home Decor,221.44,31.04,88.0,14.59,2.1,Supplier B,EcoCert,386.78,Pre-Order
MAT01051,Linen,Electronics,280.72,6.16,81.3,10.58,43.0,Supplier B,ISO 14001,1866.67,Low Stock
MAT01052,Organic Cotton,Coatings,491.44,37.4,35.5,6.83,5.8,Supplier E,ISO 14001,1090.62,In Stock
MAT01053,Jute,Insulation,288.34,99.1,21.2,10.94,81.3,Supplier B,Cradle to Cradle,471.44,In Stock
MAT01054,Recycled Glass,Food Packaging,163.92,60.64,91.2,14.97,13.0,Supplier A,None,1751.3,In Stock
MAT01055,Sustainable Bamboo,Household Items,469.8,21.38,76.4,12.29,89.8,Supplier D,None,3587.26,Low Stock
MAT01056,Certified Wood,Insulation,153.41,65.71,62.1,4.38,69.8,Supplier A,GOTS,2172.11,Low Stock
MAT01057,Flax Fiber,Coatings,248.24,8.77,93.0,12.7,52.1,Supplier E,FSC,1381.12,In Stock
MAT01058,Certified Wood,Construction,27.58,24.28,55.2,11.58,95.3,Supplier A,GOTS,250.66,Low Stock
MAT01059,Recycled Aluminum,Office Supplies,157.2,96.54,24.8,12.89,38.4,Supplier D,Cradle to Cradle,240.7,Low Stock
MAT01060,Recycled Paper,Accessories,110.81,19.26,54.5,1.26,30.5,Supplier C,ISO 14001,2323.17,Pre-Order
MAT01061,Cork Composite,Bags & Luggage,462.12,90.84,84.8,9.07,75.7,Supplier E,Cradle to Cradle,1524.71,Low Stock
MAT01062,Seaweed Polymer,Food Packaging,405.62,55.78,96.2,14.02,28.7,Supplier E,Cradle to Cradle,4113.48,Low Stock
MAT01063,Recycled Aluminum,Adhesives,386.82,26.75,96.8,7.28,99.3,Supplier A,GOTS,1114.69,Pre-Order
MAT01064,Mycelium Leather,Cosmetics,499.41,77.36,43.7,8.78,3.9,Supplier C,None,1258.28,Low Stock
MAT01065,Seaweed Polymer,Coatings,16.05,31.38,72.9,12.62,84.8,Supplier A,Cradle to Cradle,1933.9,In Stock
MAT01066,Recycled PET,Food Packaging,483.28,48.54,87.5,3.66,5.9,Supplier C,EcoCert,3905.98,Pre-Order
MAT01067,Natural Rubber,Cosmetics,225.82,26.54,82.9,4.26,49.5,Supplier B,FSC,1072.36,Pre-Order
MAT01068,Cellulose,Food Packaging,124.01,65.81,34.7,7.85,44.0,Supplier E,None,1430.09,In Stock
MAT01069,Recycled Paper,Household Items,487.89,2.6,87.6,12.82,54.0,Supplier B,GOTS,344.45,In Stock
MAT01070,Sustainable Bamboo,Flooring,227.47,51.59,39.0,5.22,37.1,Supplier D,ISO 14001,3443.67,Pre-Order
MAT01071,Jute,Footwear,80.11,33.33,83.1,5.36,40.8,Supplier D,GOTS,2763.07,Pre-Order
MAT01072,Biodegradable Plastic,Automotive,190.47,29.8,32.0,9.07,10.6,Supplier C,EcoCert,1008.45,Pre-Order
MAT01073,Cork Composite,Flooring,393.9,71.57,95.2,5.99,58.3,Supplier B,Cradle to Cradle,2783.82,Pre-Order
MAT01074,Sustainable Bamboo,Cosmetics,479.73,99.24,65.2,14.97,63.0,Supplier E,None,3090.09,In Stock
MAT01075,Mushroom Composite,Food Packaging,307.48,66.26,61.6,5.1,19.5,Supplier B,GOTS,2457.63,In Stock
MAT01076,Seaweed Polymer,Home Decor,123.14,32.17,97.8,10.55,44.5,Supplier D,GOTS,3981.51,In Stock
MAT01077,Certified Wood,Insulation,257.77,91.55,72.3,9.28,44.9,Supplier E,FSC,1834.3,Pre-Order
MAT01078,Hemp Fiber,Sports Equipment,340.31,66.92,68.4,12.04,34.2,Supplier D,Cradle to Cradle,635.78,Pre-Order
MAT01079,Recycled Metal,Adhesives,252.16,88.26,35.8,3.11,45.4,Supplier D,GOTS,830.83,Pre-Order
MAT01080,Flax Fiber,Kitchen Utensils,374.0,13.51,22.7,6.76,69.0,Supplier B,EcoCert,4110.16,Pre-Order
MAT01081,Linen,Sports Equipment,183.64,40.83,64.6,10.82,11.9,Supplier C,EcoCert,3741.64,Pre-Order
MAT01082,Bioplastic,Textiles,497.13,5.48,79.1,5.65,44.9,Supplier D,None,1795.29,Low Stock
MAT01083,Recycled Glass,Kitchen Utensils,353.06,73.61,77.9,9.05,82.0,Supplier B,ISO 14001,2195.35,Pre-Order
MAT01084,Recycled Aluminum,Home Decor,340.21,45.9,45.6,3.06,72.3,Supplier A,FSC,1279.03,Low Stock
MAT01085,Cardboard,Bags & Luggage,33.66,52.25,62.0,7.87,92.8,Supplier D,GOTS,1302.27,In Stock
MAT01086,Recycled Metal,Food Packaging,408.85,73.73,99.1,3.55,51.9,Supplier E,GOTS,2457.63,In Stock
MAT01087,Certified Wood,Footwear,91.14,29.5,58.9,3.74,16.9,Supplier C,EcoCert,3907.64,In Stock
MAT01088,Hemp Fiber,Household Items,79.09,21.48,87.1,11.45,2.7,Supplier E,EcoCert,3761.56,In Stock
MAT01089,Biodegradable Plastic,Kitchen Utensils,417.93,3.55,36.3,14.16,57.1,Supplier E,FSC,3082.62,Low Stock
MAT01090,Recycled Glass,Textiles,360.96,92.0,29.6,13.39,49.3,Supplier B,GOTS,512.11,Pre-Order
MAT01091,Wool,Textiles,484.54,80.56,79.5,3.73,7.4,Supplier C,GOTS,790.16,Low Stock
MAT01092,Cellulose,Flooring,339.32,8.33,75.0,13.44,3.8,Supplier E,GOTS,566.06,In Stock
MAT01093,Corn Plastic,Insulation,333.95,87.88,22.9,9.7,0.8,Supplier D,FSC,711.31,Pre-Order
MAT01094,Cork,Household Items,240.36,48.97,35.0,7.7,13.2,Supplier A,EcoCert,2695.01,Pre-Order
MAT01095,Recycled Copper,Furniture,11.57,7.66,64.6,3.52,17.8,Supplier C,EcoCert,1831.81,Low Stock
MAT01096,Cellulose,Adhesives,125.01,35.52,62.4,14.34,87.8,Supplier C,None,3515.05,Low Stock
MAT01097,Cardboard,Office Supplies,302.94,54.8,43.6,3.67,96.3,Supplier C,Cradle to Cradle,3739.15,Low Stock
MAT01098,Natural Rubber,Accessories,334.58,12.47,57.2,5.12,11.4,Supplier B,Cradle to Cradle,2942.35,Low Stock
MAT01099,Bioplastic,Sports Equipment,346.74,3.87,41.4,3.62,85.1,Supplier E,GOTS,1795.29,Low Stock
MAT01100,Wool,Bags & Luggage,211.5,81.09,54.0,4.28,5.5,Supplier B,GOTS,2099.9,Pre-Order
MAT01101,Corn Plastic,Food Packaging,161.17,41.57,65.8,2.91,20.6,Supplier E,EcoCert,2656.83,Low Stock
MAT01102,Recycled Metal,Coatings,274.49,95.08,21.7,6.0,78.0,Supplier C,EcoCert,1494.0,In Stock
MAT01103,Cellulose,Food Packaging,264.14,36.85,35.9,2.78,53.6,Supplier B,GOTS,3591.41,In Stock
MAT01104,Certified Wood,Bags & Luggage,212.56,55.74,39.9,0.7,84.5,Supplier E,ISO 14001,3174.75,Pre-Order
MAT01105,Linen,Kitchen Utensils,30.72,29.03,21.9,9.66,68.8,Supplier A,Cradle to Cradle,300.46,Pre-Order
MAT01106,Linen,Construction,410.96,87.79,89.0,1.61,50.5,Supplier D,ISO 14001,2968.91,In Stock
MAT01107,Recycled Copper,Insulation,306.39,16.03,78.9,11.99,19.4,Supplier C,GOTS,2578.81,Low Stock
MAT01108,Mushroom Composite,Electronics,158.06,46.43,28.0,14.55,57.6,Supplier D,ISO 14001,1666.64,In Stock
MAT01109,Jute,Insulation,146.49,29.16,76.2,7.85,38.2,Supplier D,GOTS,4122.61,Pre-Order
MAT01110,Flax Fiber,Textiles,231.61,58.21,22.0,11.68,44.7,Supplier A,None,2065.87,Low Stock
MAT01111,Natural Rubber,Construction,406.74,97.61,27.6,2.95,86.5,Supplier B,ISO 14001,2117.33,In Stock
MAT01112,Linen,Coatings,420.65,52.82,87.2,11.53,5.9,Supplier D,GOTS,2131.44,Pre-Order
MAT01113,Natural Rubber,Construction,27.89,69.21,67.9,13.14,26.8,Supplier E,Cradle to Cradle,999.32,Pre-Order
MAT01114,Cardboard,Bags & Luggage,480.14,24.34,56.9,7.5,55.5,Supplier A,ISO 14001,3112.5,Low Stock
MAT01115,Flax Fiber,Cosmetics,194.09,75.93,33.0,11.35,16.6,Supplier A,ISO 14001,1909.0,Low Stock
MAT01116,Cardboard,Automotive,316.82,52.93,31.2,13.18,41.8,Supplier A,Cradle to Cradle,202.52,Low Stock
MAT01117,Recycled Copper,Household Items,266.02,61.89,49.7,9.93,14.2,Supplier B,EcoCert,2250.96,Pre-Order
MAT01118,Certified Wood,Flooring,306.21,47.74,36.8,5.29,74.7,Supplier B,FSC,4135.06,Pre-Order
MAT01119,Flax Fiber,Kitchen Utensils,14.81,42.21,32.0,1.47,97.7,Supplier B,FSC,1408.51,Pre-Order
MAT01120,Organic Cotton,Insulation,234.71,10.38,70.0,9.12,6.7,Supplier B,GOTS,2700.82,Pre-Order
MAT01121,Biodegradable Plastic,Furniture,144.54,82.25,89.4,8.97,30.6,Supplier D,GOTS,2654.34,Pre-Order
MAT01122,Algae-based Material,Furniture,47.96,16.09,78.5,4.56,26.3,Supplier E,EcoCert,573.53,Pre-Order
MAT01123,Cork Composite,Office Supplies,171.78,77.43,67.4,4.52,80.7,Supplier D,FSC,3637.06,In Stock
MAT01124,Biodegradable Plastic,Accessories,494.65,10.04,84.3,2.62,16.5,Supplier C,ISO 14001,3650.34,In Stock
MAT01125,Recycled Metal,Flooring,405.54,43.12,57.7,4.89,76.0,Supplier D,Cradle to Cradle,1125.48,Low Stock
MAT01126,Flax Fiber,Kitchen Utensils,183.95,84.03,45.4,1.63,60.5,Supplier B,None,1018.41,Low Stock
MAT01127,Flax Fiber,Construction,421.54,56.49,59.2,11.94,68.5,Supplier D,None,2388.74,Low Stock
MAT01128,Bio-based Polymer,Electronics,434.41,85.68,81.7,5.52,42.4,Supplier B,Cradle to Cradle,2623.63,Low Stock
MAT01129,Bio-based Polymer,Electronics,105.96,36.74,35.6,9.0,32.8,Supplier C,EcoCert,3795.59,In Stock
MAT01130,Bioplastic,Household Items,26.43,28.22,58.3,1.14,69.5,Supplier A,EcoCert,1174.45,In Stock
MAT01131,Flax Fiber,Kitchen Utensils,498.64,63.59,59.2,7.37,87.5,Supplier A,ISO 14001,3156.49,Low Stock
MAT01132,Biodegradable Plastic,Coatings,448.19,16.17,78.9,13.13,13.2,Supplier A,ISO 14001,1837.62,Low Stock
MAT01133,Cellulose,Food Packaging,163.98,85.93,42.2,12.86,65.5,Supplier C,None,3104.2,Low Stock
MAT01134,Flax Fiber,Automotive,453.81,59.1,95.5,7.99,94.1,Supplier A,ISO 14001,1772.05,In Stock
MAT01135,Corn Plastic,Flooring,82.28,27.4,33.8,1.15,60.9,Supplier D,FSC,2909.98,Pre-Order
MAT01136,Recycled Copper,Electronics,162.47,56.5,29.4,7.26,83.6,Supplier D,ISO 14001,508.79,In Stock
MAT01137,Sustainable Bamboo,Automotive,367.48,19.38,67.3,14.5,76.7,Supplier B,None,3308.38,Low Stock
MAT01138,Recycled PET,Cosmetics,439.83,94.38,44.6,10.37,94.3,Supplier B,GOTS,3610.5,In Stock
MAT01139,Linen,Footwear,97.22,14.9,45.2,3.78,18.8,Supplier B,GOTS,3686.03,Low Stock
MAT01140,Flax Fiber,Toys,139.63,49.5,66.3,5.56,64.2,Supplier B,ISO 14001,1957.14,Pre-Order
MAT01141,Linen,Construction,273.59,21.86,76.2,5.53,81.1,Supplier B,GOTS,3338.26,Pre-Order
MAT01142,Mushroom Composite,Insulation,416.63,79.64,27.3,11.71,25.8,Supplier A,ISO 14001,2029.35,Pre-Order
MAT01143,Wool,Automotive,242.85,47.26,45.8,8.67,65.8,Supplier C,None,3756.58,In Stock
MAT01144,Cellulose,Home Decor,435.97,1.78,53.7,5.35,64.8,Supplier C,GOTS,565.23,In Stock
MAT01145,Recycled PET,Insulation,101.22,3.15,84.7,7.12,57.6,Supplier D,Cradle to Cradle,1899.04,In Stock
MAT01146,Mycelium Leather,Home Decor,304.46,48.77,52.1,1.08,92.9,Supplier E,ISO 14001,1099.75,Low Stock
MAT01147,Jute,Household Items,477.45,40.67,22.3,7.93,92.2,Supplier E,FSC,3698.48,Pre-Order
MAT01148,Cork Composite,Construction,73.65,33.98,96.8,14.57,30.9,Supplier C,Cradle to Cradle,3217.08,Low Stock
MAT01149,Bio-based Polymer,Toys,10.41,15.6,90.6,4.87,8.0,Supplier B,Cradle to Cradle,1107.22,In Stock
MAT01150,Recycled Copper,Accessories,85.53,55.98,82.0,0.57,15.9,Supplier E,None,564.4,Low Stock
MAT01151,Flax Fiber,Furniture,457.29,67.18,86.5,10.74,76.3,Supplier B,GOTS,547.8,In Stock
MAT01152,Linen,Bags & Luggage,450.03,82.16,78.4,6.66,39.4,Supplier D,None,451.52,Pre-Order
MAT01153,Recycled Aluminum,Electronics,118.63,61.24,81.4,5.85,34.0,Supplier E,EcoCert,3446.16,Low Stock
MAT01154,Sustainable Bamboo,Accessories,77.66,19.61,36.9,6.81,34.0,Supplier D,FSC,2771.37,Low Stock
MAT01155,Recycled Glass,Office Supplies,340.88,48.58,40.9,14.35,18.0,Supplier E,ISO 14001,1752.13,Low Stock
MAT01156,Seaweed Polymer,Cosmetics,179.68,73.53,72.5,6.36,80.7,Supplier B,EcoCert,806.76,Pre-Order
MAT01157,Linen,Toys,15.68,65.73,73.6,6.63,5.5,Supplier A,EcoCert,1859.2,Low Stock
MAT01158,Mushroom Composite,Home Decor,392.69,71.49,87.5,14.59,11.2,Supplier D,EcoCert,878.14,Low Stock
MAT01159,Wool,Cosmetics,83.69,34.37,94.7,9.06,19.8,Supplier D,Cradle to Cradle,3404.66,In Stock
MAT01160,Recycled PET,Footwear,29.52,86.92,56.8,1.23,59.9,Supplier D,GOTS,1637.59,Pre-Order
MAT01161,Recycled Glass,Electronics,275.95,18.69,48.6,0.75,32.5,Supplier E,ISO 14001,2699.99,Low Stock
MAT01162,Recycled Copper,Food Packaging,270.32,40.23,34.0,8.26,12.6,Supplier D,Cradle to Cradle,742.02,Low Stock
MAT01163,Certified Wood,Toys,347.61,25.17,86.0,12.61,73.3,Supplier D,ISO 14001,2251.79,In Stock
MAT01164,Natural Rubber,Home Decor,28.76,61.33,77.9,12.28,10.1,Supplier A,GOTS,2208.63,Pre-Order
MAT01165,Recycled Copper,Footwear,217.04,3.22,96.0,4.22,65.3,Supplier D,ISO 14001,3683.54,In Stock
MAT01166,Recycled Aluminum,Household Items,497.51,61.94,63.1,12.01,69.4,Supplier E,Cradle to Cradle,360.22,In Stock
MAT01167,Cork Composite,Sports Equipment,144.65,69.2,34.9,7.77,4.6,Supplier B,None,1754.62,Low Stock
MAT01168,Mycelium Leather,Electronics,209.52,2.85,53.1,2.38,26.7,Supplier C,ISO 14001,2553.08,In Stock
MAT01169,Hemp Fiber,Electronics,357.41,22.88,68.9,11.06,60.9,Supplier D,None,2001.13,Pre-Order
MAT01170,Natural Rubber,Insulation,200.63,93.06,21.0,5.44,34.6,Supplier D,None,1936.39,Low Stock
MAT01171,Cork,Insulation,351.89,67.63,40.5,0.97,85.2,Supplier D,EcoCert,4021.35,Low Stock
MAT01172,Sustainable Bamboo,Furniture,376.53,53.43,44.3,11.39,45.1,Supplier B,EcoCert,2027.69,Pre-Order
MAT01173,Bio-based Polymer,Coatings,182.3,43.72,99.7,0.84,97.3,Supplier D,FSC,2382.93,Low Stock
MAT01174,Algae-based Material,Construction,195.43,94.93,29.9,6.24,21.1,Supplier C,FSC,606.73,In Stock
MAT01175,Cork Composite,Office Supplies,279.53,35.85,37.4,13.56,27.9,Supplier A,None,3235.34,Pre-Order
MAT01176,Cellulose,Bags & Luggage,256.13,53.72,38.0,6.36,75.7,Supplier D,FSC,1306.42,In Stock
MAT01177,Linen,Footwear,11.64,83.16,81.0,10.01,68.3,Supplier E,None,557.76,Low Stock
MAT01178,Jute,Sports Equipment,102.55,3.88,37.9,9.34,50.3,Supplier E,None,486.38,Low Stock
MAT01179,Biodegradable Plastic,Bags & Luggage,308.81,17.48,70.0,10.42,95.2,Supplier E,None,256.47,Low Stock
MAT01180,Algae-based Material,Flooring,433.08,85.18,32.9,5.85,87.5,Supplier B,GOTS,864.03,In Stock
MAT01181,Recycled Glass,Cosmetics,448.28,21.49,56.9,4.05,60.3,Supplier B,Cradle to Cradle,4109.33,Pre-Order
MAT01182,Cellulose,Textiles,403.81,83.95,89.8,13.68,24.5,Supplier A,ISO 14001,3042.78,Pre-Order
MAT01183,Recycled Paper,Sports Equipment,434.86,99.56,89.0,1.52,41.7,Supplier E,ISO 14001,1201.84,Pre-Order
MAT01184,Cork Composite,Coatings,327.07,53.88,21.9,7.47,72.6,Supplier D,None,1332.98,In Stock
MAT01185,Certified Wood,Office Supplies,361.15,51.64,72.0,6.71,12.4,Supplier C,EcoCert,747.83,In Stock
MAT01186,Recycled Copper,Automotive,189.57,66.0,31.4,4.02,48.3,Supplier C,None,1220.1,Pre-Order
MAT01187,Sustainable Bamboo,Toys,450.61,49.67,39.6,4.27,29.5,Supplier D,None,1937.22,Low Stock
MAT01188,Recycled Aluminum,Household Items,301.27,76.37,31.8,4.68,22.1,Supplier C,None,1643.4,Low Stock
MAT01189,Recycled Glass,Automotive,288.14,31.17,77.0,10.26,15.4,Supplier B,FSC,3373.95,Pre-Order
MAT01190,Recycled Glass,Office Supplies,136.08,23.56,88.1,8.96,14.8,Supplier C,None,214.14,Pre-Order
MAT01191,Recycled Copper,Flooring,208.86,62.23,33.6,5.49,15.6,Supplier C,EcoCert,3563.19,Low Stock
MAT01192,Linen,Kitchen Utensils,327.7,87.21,58.6,7.52,38.0,Supplier A,GOTS,2830.3,In Stock
MAT01193,Recycled Glass,Furniture,119.91,28.55,82.2,11.94,65.0,Supplier D,EcoCert,1586.13,Pre-Order
MAT01194,Biodegradable Plastic,Flooring,450.09,74.4,49.1,0.98,62.6,Supplier E,ISO 14001,3959.1,Low Stock
MAT01195,Algae-based Material,Insulation,424.84,54.24,26.4,12.07,44.7,Supplier B,GOTS,2249.3,Pre-Order
MAT01196,Bio-based Polymer,Accessories,121.89,72.02,34.2,14.7,26.6,Supplier B,None,1271.56,In Stock
MAT01197,Recycled Metal,Flooring,158.35,21.57,39.5,11.54,47.7,Supplier A,GOTS,557.76,Pre-Order
MAT01198,Sustainable Bamboo,Furniture,244.37,44.75,58.1,1.95,58.9,Supplier C,EcoCert,2549.76,In Stock
MAT01199,Recycled Aluminum,Sports Equipment,431.96,12.04,90.9,11.77,19.5,Supplier E,Cradle to Cradle,3376.44,In Stock
MAT01200,Mycelium Leather,Sports Equipment,304.66,49.77,34.1,7.86,51.4,Supplier C,GOTS,3956.61,Pre-Order
MAT01201,Hemp Fiber,Bags & Luggage,144.89,56.57,44.7,6.88,97.7,Supplier D,ISO 14001,3933.37,Low Stock
MAT01202,Mushroom Composite,Kitchen Utensils,252.94,18.7,80.8,10.26,9.5,Supplier C,None,3600.54,Pre-Order
MAT01203,Algae-based Material,Automotive,104.86,11.76,38.5,4.95,30.5,Supplier D,ISO 14001,3219.57,Pre-Order
MAT01204,Recycled Glass,Coatings,113.04,67.52,45.9,3.28,39.6,Supplier B,EcoCert,850.75,Pre-Order
MAT01205,Bio-based Polymer,Bags & Luggage,478.79,98.13,72.3,11.94,78.0,Supplier C,Cradle to Cradle,1239.19,Low Stock
MAT01206,Certified Wood,Construction,160.05,72.94,86.3,5.07,30.8,Supplier D,ISO 14001,2410.32,Low Stock
MAT01207,Recycled Paper,Sports Equipment,183.27,80.73,98.0,11.62,1.9,Supplier B,None,2972.23,Pre-Order
MAT01208,Mycelium Leather,Footwear,417.95,3.34,54.2,6.04,55.8,Supplier B,EcoCert,3110.01,Pre-Order
MAT01209,Recycled PET,Household Items,62.35,25.07,46.0,7.46,72.1,Supplier A,None,2037.65,Low Stock
MAT01210,Flax Fiber,Kitchen Utensils,132.42,98.71,66.9,1.36,5.6,Supplier E,GOTS,1531.35,Low Stock
MAT01211,Recycled Glass,Textiles,241.2,88.2,25.9,14.67,73.2,Supplier B,EcoCert,3450.31,Low Stock
MAT01212,Recycled Aluminum,Furniture,285.3,44.39,46.2,8.43,66.1,Supplier C,None,2383.76,In Stock
MAT01213,Recycled Metal,Cosmetics,436.66,70.23,79.1,14.38,36.1,Supplier B,FSC,3244.47,Low Stock
MAT01214,Recycled PET,Accessories,235.79,33.97,74.2,10.71,25.5,Supplier A,FSC,3144.87,In Stock
MAT01215,Cellulose,Sports Equipment,219.39,80.8,83.8,12.56,6.0,Supplier C,ISO 14001,4108.5,Pre-Order
MAT01216,Jute,Food Packaging,480.3,87.44,46.2,8.31,28.3,Supplier A,None,1495.66,In Stock
MAT01217,Recycled Aluminum,Cosmetics,487.37,78.28,62.5,12.08,84.6,Supplier D,EcoCert,515.43,Pre-Order
MAT01218,Cork,Cosmetics,385.89,43.66,42.1,7.04,88.1,Supplier C,ISO 14001,3110.01,In Stock
MAT01219,Cellulose,Adhesives,176.51,53.24,75.4,12.39,43.2,Supplier E,GOTS,251.49,In Stock
MAT01220,Bioplastic,Office Supplies,19.25,23.3,54.2,4.25,22.3,Supplier C,EcoCert,2853.54,Low Stock
MAT01221,Cellulose,Furniture,387.26,57.87,48.4,13.26,86.7,Supplier B,FSC,774.39,Low Stock
MAT01222,Bio-based Polymer,Textiles,22.85,60.59,87.6,11.8,54.0,Supplier C,GOTS,3969.06,In Stock
MAT01223,Wool,Furniture,108.83,17.17,99.3,3.88,92.0,Supplier A,FSC,3242.81,Low Stock
MAT01224,Organic Cotton,Office Supplies,22.46,86.89,88.3,3.52,4.9,Supplier B,FSC,1913.15,Low Stock
MAT01225,Recycled Aluminum,Textiles,55.5,18.33,93.1,11.01,12.2,Supplier A,Cradle to Cradle,3180.56,Pre-Order
MAT01226,Bioplastic,Home Decor,377.34,32.37,35.3,14.78,80.0,Supplier C,EcoCert,1599.41,In Stock
MAT01227,Recycled PET,Electronics,13.56,80.54,52.0,12.93,35.5,Supplier A,Cradle to Cradle,3934.2,Pre-Order
MAT01228,Recycled Glass,Accessories,499.86,9.36,71.5,6.15,47.1,Supplier C,None,3955.78,Pre-Order
MAT01229,Natural Rubber,Food Packaging,78.96,25.65,65.2,2.36,15.6,Supplier A,ISO 14001,2934.88,Pre-Order
MAT01230,Seaweed Polymer,Furniture,434.51,66.43,49.7,6.52,15.7,Supplier E,FSC,853.24,Pre-Order
MAT01231,Seaweed Polymer,Automotive,188.88,92.57,82.9,0.93,20.4,Supplier C,GOTS,1774.54,Pre-Order
MAT01232,Natural Rubber,Electronics,393.8,33.83,91.1,1.0,87.2,Supplier A,EcoCert,3805.55,Low Stock
MAT01233,Cork Composite,Coatings,364.04,17.8,28.0,5.56,22.3,Supplier A,ISO 14001,1838.45,Low Stock
MAT01234,Recycled PET,Sports Equipment,429.51,54.14,30.8,9.25,63.7,Supplier D,GOTS,1406.85,In Stock
MAT01235,Natural Rubber,Insulation,189.14,61.75,77.3,7.43,74.9,Supplier B,FSC,3559.87,In Stock
MAT01236,Mushroom Composite,Construction,404.67,15.12,72.7,11.28,71.7,Supplier E,ISO 14001,1290.65,In Stock
MAT01237,Hemp Fiber,Household Items,100.47,66.28,46.3,14.62,66.8,Supplier E,GOTS,2237.68,In Stock
MAT01238,Natural Rubber,Sports Equipment,193.64,15.38,78.9,12.84,74.8,Supplier A,FSC,3352.37,In Stock
MAT01239,Biodegradable Plastic,Construction,320.97,83.7,39.0,6.25,1.2,Supplier C,FSC,2081.64,Pre-Order
MAT01240,Corn Plastic,Adhesives,208.77,99.28,56.3,4.31,44.0,Supplier E,GOTS,3134.08,Low Stock
MAT01241,Bio-based Polymer,Household Items,177.08,87.33,81.8,7.12,9.7,Supplier E,GOTS,3577.3,In Stock
MAT01242,Seaweed Polymer,Home Decor,218.99,3.52,63.5,1.87,97.5,Supplier A,EcoCert,3472.72,Pre-Order
MAT01243,Recycled Glass,Construction,437.92,31.4,54.9,14.77,8.3,Supplier E,FSC,3619.63,Low Stock
MAT01244,Corn Plastic,Flooring,105.49,84.16,37.7,0.74,73.3,Supplier E,FSC,1576.17,Pre-Order
MAT01245,Mushroom Composite,Flooring,33.03,53.78,63.2,10.56,99.7,Supplier B,ISO 14001,830.0,Pre-Order
MAT01246,Bio-based Polymer,Coatings,120.87,93.13,77.3,8.34,95.5,Supplier B,GOTS,1855.05,In Stock
MAT01247,Linen,Footwear,200.99,52.65,53.7,7.41,32.2,Supplier C,ISO 14001,3040.29,In Stock
MAT01248,Mycelium Leather,Insulation,337.38,21.67,78.7,9.11,6.7,Supplier B,FSC,3174.75,Low Stock
MAT01249,Corn Plastic,Automotive,384.65,80.89,96.1,4.02,78.6,Supplier D,EcoCert,2739.83,In Stock
MAT01250,Hemp Fiber,Home Decor,44.56,96.37,42.1,13.44,12.3,Supplier B,FSC,3112.5,Low Stock
MAT01251,Recycled Metal,Household Items,382.69,2.07,29.4,5.01,10.3,Supplier D,FSC,2670.11,Pre-Order
MAT01252,Recycled PET,Footwear,412.9,54.58,68.8,2.73,88.0,Supplier C,GOTS,3170.6,In Stock
MAT01253,Linen,Household Items,65.29,47.19,66.8,13.21,69.1,Supplier C,FSC,3330.79,Pre-Order
MAT01254,Organic Cotton,Cosmetics,498.83,60.73,67.9,5.76,86.9,Supplier D,Cradle to Cradle,2815.36,In Stock
MAT01255,Cellulose,Textiles,433.93,28.74,77.9,4.5,25.2,Supplier D,None,2189.54,Low Stock
MAT01256,Certified Wood,Cosmetics,16.33,71.6,58.8,8.99,22.1,Supplier C,ISO 14001,1894.06,Pre-Order
MAT01257,Cardboard,Insulation,307.25,57.0,68.5,13.12,66.8,Supplier A,EcoCert,333.66,Pre-Order
MAT01258,Organic Cotton,Adhesives,56.51,96.71,39.1,8.91,70.9,Supplier D,None,2571.34,Pre-Order
MAT01259,Recycled Paper,Home Decor,327.07,44.58,56.9,13.02,3.7,Supplier D,None,1754.62,In Stock
MAT01260,Cork,Adhesives,98.56,63.42,46.3,4.74,41.2,Supplier D,GOTS,278.88,Low Stock
MAT01261,Corn Plastic,Home Decor,182.67,96.59,42.1,11.86,32.5,Supplier C,FSC,2951.48,In Stock
MAT01262,Algae-based Material,Insulation,327.66,74.33,80.3,11.82,17.2,Supplier A,GOTS,2157.17,Low Stock
MAT01263,Bioplastic,Insulation,372.53,83.79,38.2,12.52,10.1,Supplier D,GOTS,3041.95,Pre-Order
MAT01264,Cardboard,Automotive,380.72,21.01,88.5,7.54,33.7,Supplier C,FSC,1909.83,In Stock
MAT01265,Natural Rubber,Electronics,64.63,58.6,92.7,10.65,56.0,Supplier E,FSC,3180.56,Low Stock
MAT01266,Bioplastic,Cosmetics,107.32,9.96,67.8,13.22,40.5,Supplier C,EcoCert,1215.12,Low Stock
MAT01267,Linen,Construction,461.42,11.26,96.5,12.31,88.7,Supplier E,ISO 14001,1337.13,Low Stock
MAT01268,Hemp Fiber,Toys,414.81,25.34,32.4,14.89,2.6,Supplier B,FSC,1059.91,In Stock
MAT01269,Recycled PET,Furniture,81.23,30.38,97.2,12.93,48.3,Supplier E,EcoCert,1914.81,Pre-Order
MAT01270,Cork,Sports Equipment,101.17,52.34,52.0,8.84,90.2,Supplier C,None,1708.14,Low Stock
MAT01271,Seaweed Polymer,Household Items,221.34,37.09,94.0,3.9,54.0,Supplier B,GOTS,473.1,Pre-Order
MAT01272,Hemp Fiber,Insulation,293.69,10.57,93.4,14.79,70.8,Supplier A,EcoCert,2299.1,In Stock
MAT01273,Recycled Copper,Home Decor,361.61,64.85,64.3,14.78,46.5,Supplier A,Cradle to Cradle,2453.48,Pre-Order
MAT01274,Recycled PET,Kitchen Utensils,299.62,7.4,99.7,0.82,44.8,Supplier C,Cradle to Cradle,2756.43,Pre-Order
MAT01275,Recycled Metal,Cosmetics,344.18,7.48,77.5,8.76,94.7,Supplier E,Cradle to Cradle,3065.19,Low Stock
MAT01276,Flax Fiber,Construction,493.24,22.31,56.2,8.31,67.5,Supplier E,EcoCert,1483.21,Low Stock
MAT01277,Recycled Metal,Insulation,490.29,59.1,89.0,14.58,5.3,Supplier E,ISO 14001,3171.43,In Stock
MAT01278,Bioplastic,Cosmetics,269.59,73.31,78.6,4.11,60.2,Supplier B,FSC,3188.86,In Stock
MAT01279,Cellulose,Kitchen Utensils,367.05,33.85,27.5,6.35,70.1,Supplier D,Cradle to Cradle,2896.7,Pre-Order
MAT01280,Cardboard,Construction,425.16,19.12,44.9,3.07,43.0,Supplier A,FSC,1170.3,Low Stock
MAT01281,Linen,Furniture,121.05,98.58,70.6,5.43,75.2,Supplier A,EcoCert,2253.45,In Stock
MAT01282,Algae-based Material,Food Packaging,344.53,10.45,20.1,14.78,1.3,Supplier C,ISO 14001,1468.27,Pre-Order
MAT01283,Recycled Aluminum,Home Decor,431.09,95.62,35.1,9.5,18.2,Supplier C,ISO 14001,1035.84,Pre-Order
MAT01284,Recycled Metal,Coatings,193.34,18.52,55.3,12.77,77.2,Supplier D,ISO 14001,2187.05,Pre-Order
MAT01285,Recycled Paper,Insulation,445.23,79.57,29.6,14.05,93.5,Supplier B,EcoCert,595.11,Pre-Order
MAT01286,Bio-based Polymer,Textiles,253.85,60.75,99.8,13.84,93.8,Supplier E,Cradle to Cradle,3865.31,Low Stock
MAT01287,Organic Cotton,Insulation,42.08,25.38,31.3,14.43,49.1,Supplier A,GOTS,3329.13,In Stock
MAT01288,Cardboard,Adhesives,58.4,52.46,73.1,5.15,52.7,Supplier E,EcoCert,2456.8,Low Stock
MAT01289,Cork Composite,Insulation,325.17,28.97,30.8,11.57,29.3,Supplier D,Cradle to Cradle,2660.98,Low Stock
MAT01290,Sustainable Bamboo,Kitchen Utensils,21.68,11.33,64.9,9.34,30.6,Supplier C,None,4119.29,Pre-Order
MAT01291,Recycled Paper,Flooring,417.32,19.62,27.1,13.44,74.8,Supplier B,None,2441.86,Low Stock
MAT01292,Recycled Copper,Food Packaging,271.8,5.67,44.2,3.23,96.4,Supplier D,None,375.16,Pre-Order
MAT01293,Mushroom Composite,Automotive,259.29,68.43,23.6,3.61,45.7,Supplier B,None,905.53,Low Stock
MAT01294,Sustainable Bamboo,Furniture,252.68,57.54,69.0,1.16,38.1,Supplier A,GOTS,3753.26,In Stock
MAT01295,Hemp Fiber,Bags & Luggage,492.36,98.72,86.1,5.89,83.8,Supplier B,EcoCert,344.45,In Stock
MAT01296,Bioplastic,Household Items,442.15,42.86,65.6,13.02,62.6,Supplier C,Cradle to Cradle,981.89,Pre-Order
MAT01297,Biodegradable Plastic,Sports Equipment,413.54,38.34,87.4,3.25,77.9,Supplier A,None,1175.28,Pre-Order
MAT01298,Linen,Food Packaging,351.04,45.46,73.0,3.73,63.8,Supplier D,ISO 14001,624.99,In Stock
MAT01299,Algae-based Material,Bags & Luggage,92.01,74.27,96.4,10.87,69.5,Supplier C,GOTS,1300.61,Pre-Order
MAT01300,Mycelium Leather,Textiles,382.88,40.1,90.8,3.43,8.7,Supplier B,FSC,3538.29,Pre-Order
MAT01301,Recycled Paper,Kitchen Utensils,244.62,12.03,23.0,6.13,8.4,Supplier A,FSC,2929.07,Low Stock
MAT01302,Bioplastic,Home Decor,224.67,15.13,67.8,1.1,93.4,Supplier B,FSC,3221.23,Pre-Order
MAT01303,Natural Rubber,Food Packaging,288.71,94.91,47.3,14.28,92.2,Supplier B,None,1561.23,In Stock
MAT01304,Linen,Office Supplies,85.02,29.89,25.1,3.17,19.4,Supplier D,ISO 14001,2787.14,Low Stock
MAT01305,Sustainable Bamboo,Accessories,304.81,29.49,32.9,8.43,31.8,Supplier A,Cradle to Cradle,610.05,Pre-Order
MAT01306,Algae-based Material,Electronics,313.11,17.82,94.6,5.87,14.3,Supplier B,ISO 14001,579.34,Low Stock
MAT01307,Biodegradable Plastic,Adhesives,38.62,39.37,65.4,12.93,76.2,Supplier E,ISO 14001,306.27,In Stock
MAT01308,Cellulose,Kitchen Utensils,469.23,64.83,42.6,9.43,45.0,Supplier D,EcoCert,3146.53,Low Stock
MAT01309,Certified Wood,Toys,244.77,89.96,56.3,13.25,22.4,Supplier B,Cradle to Cradle,1308.91,Low Stock
MAT01310,Bio-based Polymer,Home Decor,372.6,43.74,44.0,1.12,41.0,Supplier B,Cradle to Cradle,3671.09,In Stock
MAT01311,Corn Plastic,Home Decor,111.97,41.17,90.7,7.18,45.2,Supplier D,GOTS,3959.93,Low Stock
MAT01312,Natural Rubber,Office Supplies,75.23,53.46,39.7,10.83,56.8,Supplier E,GOTS,3942.5,Low Stock
MAT01313,Algae-based Material,Sports Equipment,193.66,31.38,51.4,7.32,54.3,Supplier E,Cradle to Cradle,1967.93,In Stock
MAT01314,Cork,Furniture,175.46,89.1,72.8,14.09,43.2,Supplier A,None,3923.41,In Stock
MAT01315,Linen,Adhesives,336.83,28.06,79.7,8.67,15.6,Supplier B,FSC,1767.07,Low Stock
MAT01316,Natural Rubber,Toys,130.39,74.11,81.0,7.56,61.0,Supplier E,None,3207.12,Pre-Order
MAT01317,Recycled Paper,Textiles,395.61,9.49,20.7,13.0,5.3,Supplier C,GOTS,3562.36,In Stock
MAT01318,Recycled Copper,Construction,479.4,31.45,25.3,9.54,31.6,Supplier D,Cradle to Cradle,3769.86,Low Stock
MAT01319,Flax Fiber,Automotive,151.97,11.05,65.0,13.56,15.2,Supplier E,EcoCert,1820.19,Low Stock
MAT01320,Bio-based Polymer,Insulation,280.64,47.49,98.7,10.5,90.4,Supplier B,Cradle to Cradle,4054.55,In Stock
MAT01321,Cork Composite,Food Packaging,76.44,38.71,50.3,2.97,2.0,Supplier C,Cradle to Cradle,2907.49,Pre-Order
MAT01322,Recycled Aluminum,Automotive,229.19,2.97,59.3,10.24,34.4,Supplier A,GOTS,1519.73,In Stock
MAT01323,Bio-based Polymer,Construction,315.78,68.06,93.3,2.11,93.5,Supplier B,None,3992.3,Low Stock
MAT01324,Recycled Glass,Cosmetics,183.81,98.37,59.6,9.52,59.0,Supplier C,GOTS,4116.8,In Stock
MAT01325,Mushroom Composite,Household Items,491.2,90.52,21.9,5.12,16.7,Supplier C,GOTS,2753.11,Low Stock
MAT01326,Jute,Bags & Luggage,29.82,75.25,80.8,7.14,8.0,Supplier B,EcoCert,2362.18,In Stock
MAT01327,Recycled Copper,Adhesives,19.41,38.69,92.4,6.01,3.6,Supplier D,GOTS,2842.75,Low Stock
MAT01328,Seaweed Polymer,Flooring,428.28,78.63,52.6,5.46,94.3,Supplier E,FSC,3031.16,Low Stock
MAT01329,Recycled Glass,Household Items,50.82,45.54,73.7,12.18,91.3,Supplier A,ISO 14001,3598.05,In Stock
MAT01330,Seaweed Polymer,Textiles,129.05,18.53,25.2,8.79,23.7,Supplier A,ISO 14001,513.77,Pre-Order
MAT01331,Biodegradable Plastic,Bags & Luggage,436.38,62.13,32.5,9.58,87.1,Supplier C,None,2001.96,In Stock
MAT01332,Bioplastic,Textiles,37.52,14.73,93.4,13.94,18.6,Supplier A,ISO 14001,3027.84,Low Stock
MAT01333,Seaweed Polymer,Accessories,113.01,71.98,51.0,9.57,19.3,Supplier D,EcoCert,3422.92,Pre-Order
MAT01334,Bio-based Polymer,Kitchen Utensils,151.15,67.94,89.2,1.39,18.5,Supplier B,FSC,190.9,Low Stock
MAT01335,Recycled Metal,Insulation,291.96,19.75,29.9,11.54,18.8,Supplier B,FSC,3546.59,Low Stock
MAT01336,Cellulose,Adhesives,155.39,41.82,71.2,3.66,25.1,Supplier B,EcoCert,1539.65,In Stock
MAT01337,Cellulose,Household Items,147.91,16.97,24.9,7.66,90.3,Supplier D,ISO 14001,406.7,Pre-Order
MAT01338,Cork Composite,Toys,15.88,74.68,27.1,9.03,91.6,Supplier E,None,1606.05,In Stock
MAT01339,Recycled Aluminum,Household Items,366.3,32.59,48.6,12.26,37.0,Supplier D,GOTS,1362.03,Pre-Order
MAT01340,Recycled Copper,Furniture,121.77,17.88,75.3,6.44,88.0,Supplier D,Cradle to Cradle,1458.31,Low Stock
MAT01341,Recycled PET,Construction,79.62,75.3,53.6,0.85,13.9,Supplier B,Cradle to Cradle,1427.6,Low Stock
MAT01342,Biodegradable Plastic,Sports Equipment,397.77,66.52,33.8,9.1,18.4,Supplier D,Cradle to Cradle,543.65,In Stock
MAT01343,Mycelium Leather,Bags & Luggage,106.9,50.23,32.7,12.53,85.4,Supplier B,Cradle to Cradle,1272.39,Pre-Order
MAT01344,Recycled Copper,Kitchen Utensils,222.1,94.79,32.8,14.55,6.0,Supplier A,GOTS,3996.45,Pre-Order
MAT01345,Cardboard,Coatings,151.77,24.28,95.5,12.15,41.6,Supplier C,None,217.46,In Stock
MAT01346,Natural Rubber,Footwear,345.19,43.47,29.7,2.38,28.2,Supplier B,GOTS,3053.57,Pre-Order
MAT01347,Cardboard,Cosmetics,18.68,37.63,39.7,14.2,68.8,Supplier C,None,3792.27,Low Stock
MAT01348,Seaweed Polymer,Household Items,281.95,58.14,46.5,3.32,12.7,Supplier E,FSC,1448.35,Pre-Order
MAT01349,Recycled Aluminum,Coatings,126.14,82.15,59.1,7.31,1.9,Supplier A,Cradle to Cradle,2201.99,In Stock
MAT01350,Bioplastic,Bags & Luggage,49.84,49.6,68.2,13.42,95.8,Supplier D,Cradle to Cradle,1225.91,In Stock
MAT01351,Seaweed Polymer,Household Items,358.83,37.01,82.2,7.37,22.3,Supplier C,EcoCert,178.45,Low Stock
MAT01352,Algae-based Material,Construction,394.01,95.71,58.8,5.06,88.3,Supplier B,EcoCert,962.8,Pre-Order
MAT01353,Organic Cotton,Footwear,369.38,73.81,35.6,12.08,28.2,Supplier D,None,3315.85,In Stock
MAT01354,Recycled Glass,Household Items,110.08,30.31,22.3,9.84,42.1,Supplier B,Cradle to Cradle,1634.27,Pre-Order
MAT01355,Linen,Insulation,86.92,44.97,45.1,14.09,45.6,Supplier E,Cradle to Cradle,953.67,Low Stock
MAT01356,Bio-based Polymer,Adhesives,72.98,95.65,29.9,13.08,55.3,Supplier C,None,1635.1,Low Stock
MAT01357,Algae-based Material,Electronics,318.16,64.99,51.6,5.24,83.6,Supplier C,GOTS,303.78,Pre-Order
MAT01358,Cork Composite,Adhesives,29.3,51.66,77.8,10.85,49.7,Supplier B,FSC,3858.67,In Stock
MAT01359,Mushroom Composite,Automotive,470.66,24.27,80.4,14.6,33.8,Supplier A,Cradle to Cradle,1810.23,Low Stock
MAT01360,Algae-based Material,Food Packaging,267.09,64.54,51.7,2.75,82.3,Supplier D,FSC,3410.47,In Stock
MAT01361,Cork Composite,Household Items,121.42,6.59,74.7,0.85,64.3,Supplier D,ISO 14001,2944.01,In Stock
MAT01362,Hemp Fiber,Accessories,475.48,95.49,31.0,5.13,38.8,Supplier D,ISO 14001,2693.35,Pre-Order
MAT01363,Cork Composite,Footwear,251.19,67.29,75.8,8.48,4.0,Supplier B,FSC,2514.9,Pre-Order
MAT01364,Cardboard,Electronics,181.2,8.98,90.5,7.88,82.9,Supplier B,EcoCert,1747.98,In Stock
MAT01365,Cellulose,Coatings,147.89,56.07,60.9,2.82,20.2,Supplier C,FSC,2587.11,Low Stock
MAT01366,Mycelium Leather,Office Supplies,68.39,29.25,22.3,9.25,65.1,Supplier D,FSC,2205.31,In Stock
MAT01367,Organic Cotton,Food Packaging,199.85,11.57,94.6,3.48,76.0,Supplier C,None,3096.73,Pre-Order
MAT01368,Cork,Adhesives,410.75,36.73,24.3,9.58,56.7,Supplier C,FSC,3689.35,Pre-Order
MAT01369,Biodegradable Plastic,Footwear,16.06,83.13,88.8,3.49,94.7,Supplier C,Cradle to Cradle,1713.95,Low Stock
MAT01370,Bioplastic,Automotive,461.2,48.54,67.7,12.03,66.7,Supplier A,EcoCert,3902.66,In Stock
MAT01371,Biodegradable Plastic,Electronics,313.45,85.86,95.7,13.99,30.3,Supplier E,FSC,1685.73,In Stock
MAT01372,Recycled Paper,Home Decor,115.5,19.89,53.9,13.21,7.6,Supplier A,GOTS,1829.32,In Stock
MAT01373,Organic Cotton,Footwear,79.5,46.24,94.6,14.76,91.5,Supplier A,Cradle to Cradle,645.74,In Stock
MAT01374,Biodegradable Plastic,Textiles,52.19,24.25,89.6,8.91,55.7,Supplier E,Cradle to Cradle,1241.68,In Stock
MAT01375,Recycled Copper,Construction,115.58,40.36,50.2,1.04,43.2,Supplier B,ISO 14001,2021.05,Pre-Order
MAT01376,Recycled Paper,Cosmetics,480.12,87.76,76.8,10.92,20.3,Supplier C,FSC,1230.89,In Stock
MAT01377,Flax Fiber,Toys,407.07,99.59,23.5,8.67,85.7,Supplier D,FSC,2392.89,Pre-Order
MAT01378,Recycled Copper,Food Packaging,150.39,9.75,49.4,12.4,54.5,Supplier C,None,1653.36,Pre-Order
MAT01379,Algae-based Material,Construction,167.15,64.29,52.6,8.91,37.2,Supplier C,FSC,4084.43,Pre-Order
MAT01380,Cork Composite,Kitchen Utensils,341.1,41.37,96.9,1.75,25.3,Supplier C,None,714.63,Low Stock
MAT01381,Recycled PET,Insulation,432.28,17.26,23.4,7.84,86.0,Supplier E,GOTS,2656.0,Pre-Order
MAT01382,Cellulose,Automotive,427.04,57.8,98.2,11.99,82.5,Supplier D,ISO 14001,1744.66,Pre-Order
MAT01383,Algae-based Material,Food Packaging,264.59,57.97,40.4,8.48,94.2,Supplier C,Cradle to Cradle,3113.33,In Stock
MAT01384,Natural Rubber,Home Decor,278.74,40.1,72.6,6.2,57.7,Supplier A,FSC,3153.17,Pre-Order
MAT01385,Cellulose,Toys,86.29,69.7,80.3,10.88,89.3,Supplier A,Cradle to Cradle,4027.99,In Stock
MAT01386,Sustainable Bamboo,Footwear,128.5,41.21,86.0,8.36,9.7,Supplier A,ISO 14001,3411.3,In Stock
MAT01387,Recycled Glass,Textiles,111.47,82.94,74.4,1.47,45.3,Supplier C,None,639.93,Low Stock
MAT01388,Biodegradable Plastic,Coatings,157.11,39.39,36.7,6.71,59.0,Supplier E,EcoCert,2072.51,In Stock
MAT01389,Wool,Kitchen Utensils,488.74,50.5,48.1,4.21,47.4,Supplier E,ISO 14001,3344.9,Low Stock
MAT01390,Flax Fiber,Adhesives,313.91,35.75,97.7,7.61,2.7,Supplier D,ISO 14001,320.38,Low Stock
MAT01391,Mycelium Leather,Insulation,55.1,25.29,86.5,9.65,9.4,Supplier C,FSC,1679.09,Pre-Order
MAT01392,Cardboard,Food Packaging,168.21,55.71,76.3,7.04,61.4,Supplier B,EcoCert,544.48,Pre-Order
MAT01393,Cork Composite,Electronics,468.41,45.0,60.2,7.22,69.7,Supplier E,None,1712.29,Pre-Order
MAT01394,Recycled Paper,Household Items,296.97,70.12,59.3,13.58,29.3,Supplier C,EcoCert,814.23,Low Stock
MAT01395,Jute,Textiles,346.54,96.89,26.1,7.49,24.9,Supplier B,Cradle to Cradle,1708.97,In Stock
MAT01396,Recycled Glass,Automotive,119.48,86.69,66.7,7.65,71.4,Supplier A,ISO 14001,3386.4,In Stock
MAT01397,Recycled Metal,Construction,372.77,94.72,65.0,6.85,36.7,Supplier A,None,2950.65,Pre-Order
MAT01398,Flax Fiber,Home Decor,321.07,11.53,57.9,4.54,55.7,Supplier A,ISO 14001,1848.41,Low Stock
MAT01399,Wool,Home Decor,242.57,51.2,39.5,13.95,13.8,Supplier A,EcoCert,262.28,In Stock
MAT01400,Wool,Furniture,228.59,99.66,49.9,4.31,6.7,Supplier B,EcoCert,3313.36,Low Stock
MAT01401,Organic Cotton,Insulation,29.48,21.04,44.0,11.33,39.1,Supplier E,ISO 14001,1647.55,In Stock
MAT01402,Mushroom Composite,Household Items,296.93,1.88,90.4,2.49,92.1,Supplier B,FSC,3594.73,Pre-Order
MAT01403,Cardboard,Kitchen Utensils,244.58,10.81,51.0,9.68,54.1,Supplier B,None,3368.97,In Stock
MAT01404,Mushroom Composite,Construction,431.98,7.73,61.1,14.82,56.6,Supplier D,None,1150.38,Low Stock
MAT01405,Hemp Fiber,Household Items,209.13,75.48,23.4,5.15,39.5,Supplier C,Cradle to Cradle,933.75,Low Stock
MAT01406,Bioplastic,Accessories,376.82,13.61,69.2,11.96,88.9,Supplier B,FSC,2739.83,Pre-Order
MAT01407,Mushroom Composite,Footwear,253.6,8.43,68.0,6.55,56.2,Supplier B,None,2972.23,In Stock
MAT01408,Certified Wood,Household Items,202.7,46.99,84.5,13.8,30.3,Supplier C,GOTS,2298.27,Low Stock
MAT01409,Mushroom Composite,Kitchen Utensils,199.19,87.24,75.1,10.58,92.3,Supplier E,FSC,2577.15,Low Stock
MAT01410,Natural Rubber,Cosmetics,348.8,97.55,62.6,9.44,6.3,Supplier C,GOTS,2672.6,Pre-Order
MAT01411,Mushroom Composite,Accessories,163.4,90.68,92.6,8.71,34.9,Supplier C,EcoCert,1386.1,Pre-Order
MAT01412,Jute,Household Items,139.32,42.96,72.7,11.64,89.1,Supplier C,FSC,721.27,Pre-Order
MAT01413,Wool,Home Decor,359.18,55.74,36.4,7.21,52.0,Supplier C,None,633.29,In Stock
MAT01414,Cork,Coatings,397.07,83.21,34.6,9.89,49.7,Supplier D,None,1144.57,Low Stock
MAT01415,Recycled Aluminum,Toys,273.33,15.49,68.5,4.16,96.7,Supplier D,ISO 14001,3405.49,In Stock
MAT01416,Cork,Household Items,464.62,46.02,99.3,8.96,27.7,Supplier B,GOTS,2426.92,In Stock
MAT01417,Jute,Kitchen Utensils,301.68,48.16,51.0,2.23,18.1,Supplier A,ISO 14001,1605.22,In Stock
MAT01418,Mycelium Leather,Textiles,278.76,27.57,82.7,13.92,68.7,Supplier E,ISO 14001,981.89,In Stock
MAT01419,Organic Cotton,Bags & Luggage,488.65,72.24,42.7,3.99,22.0,Supplier C,EcoCert,2571.34,Low Stock
MAT01420,Corn Plastic,Accessories,84.33,55.82,45.3,3.69,80.6,Supplier B,EcoCert,3453.63,Pre-Order
MAT01421,Biodegradable Plastic,Automotive,54.68,74.31,98.3,4.41,48.6,Supplier D,FSC,546.97,In Stock
MAT01422,Recycled PET,Coatings,91.16,18.18,37.6,2.06,23.9,Supplier E,EcoCert,1395.23,Low Stock
MAT01423,Recycled PET,Furniture,123.77,84.88,52.7,6.94,15.0,Supplier E,Cradle to Cradle,3704.29,In Stock
MAT01424,Algae-based Material,Household Items,110.51,67.66,54.9,13.19,34.2,Supplier E,EcoCert,248.17,Low Stock
MAT01425,Corn Plastic,Toys,307.21,37.92,76.3,9.21,69.9,Supplier D,FSC,1670.79,In Stock
MAT01426,Natural Rubber,Home Decor,208.5,25.63,43.3,3.85,60.0,Supplier A,None,2037.65,Pre-Order
MAT01427,Hemp Fiber,Cosmetics,231.6,80.21,51.1,5.51,38.1,Supplier D,Cradle to Cradle,2122.31,In Stock
MAT01428,Jute,Household Items,180.63,27.64,92.9,4.27,15.8,Supplier E,None,1039.16,Pre-Order
MAT01429,Bioplastic,Flooring,406.97,84.74,98.3,5.79,76.1,Supplier B,ISO 14001,524.56,Pre-Order
MAT01430,Flax Fiber,Insulation,34.53,8.85,94.6,7.07,29.3,Supplier C,FSC,3586.43,In Stock
MAT01431,Jute,Footwear,91.65,7.61,89.7,9.5,57.3,Supplier B,GOTS,3285.97,Pre-Order
MAT01432,Cardboard,Sports Equipment,448.51,24.39,84.6,3.33,71.3,Supplier A,GOTS,434.09,In Stock
MAT01433,Algae-based Material,Textiles,391.74,55.79,49.5,3.09,53.4,Supplier A,GOTS,910.51,In Stock
MAT01434,Cork Composite,Household Items,261.49,3.05,60.4,1.32,13.5,Supplier B,FSC,358.56,In Stock
MAT01435,Bioplastic,Home Decor,291.19,28.65,39.7,3.04,11.0,Supplier E,ISO 14001,1154.53,In Stock
MAT01436,Linen,Construction,10.28,46.62,83.9,10.32,39.5,Supplier D,EcoCert,2323.17,Low Stock
MAT01437,Cellulose,Flooring,183.43,60.95,77.5,11.37,75.2,Supplier D,FSC,2251.79,Pre-Order
MAT01438,Cardboard,Construction,404.37,21.48,68.0,5.83,29.8,Supplier D,Cradle to Cradle,2573.83,Low Stock
MAT01439,Recycled Glass,Home Decor,21.7,49.23,80.0,3.63,77.5,Supplier D,EcoCert,3155.66,Pre-Order
MAT01440,Recycled Metal,Footwear,204.22,15.09,92.0,13.6,25.3,Supplier D,GOTS,1756.28,In Stock
MAT01441,Recycled PET,Construction,213.74,6.08,95.8,13.51,92.3,Supplier A,GOTS,1342.94,Low Stock
MAT01442,Linen,Sports Equipment,48.28,30.1,85.7,8.5,4.1,Supplier D,ISO 14001,4076.13,Low Stock
MAT01443,Natural Rubber,Furniture,162.07,51.17,20.9,1.97,74.4,Supplier A,ISO 14001,2403.68,Pre-Order
MAT01444,Cork,Flooring,191.92,45.39,46.7,9.39,34.7,Supplier C,ISO 14001,1466.61,Pre-Order
MAT01445,Recycled Aluminum,Textiles,442.93,76.09,54.7,7.95,66.6,Supplier E,EcoCert,2348.9,In Stock
MAT01446,Recycled Metal,Office Supplies,171.77,71.71,78.5,9.71,14.4,Supplier B,ISO 14001,3202.14,Pre-Order
MAT01447,Linen,Household Items,203.26,5.15,44.2,14.33,19.4,Supplier D,FSC,2434.39,Low Stock
MAT01448,Algae-based Material,Adhesives,135.02,91.69,20.0,1.46,85.9,Supplier D,ISO 14001,1223.42,In Stock
MAT01449,Recycled PET,Automotive,463.16,49.85,26.4,7.16,89.9,Supplier C,Cradle to Cradle,2623.63,Low Stock
MAT01450,Recycled Aluminum,Insulation,278.48,90.23,79.4,9.66,32.7,Supplier E,EcoCert,786.01,Pre-Order
MAT01451,Mycelium Leather,Coatings,391.37,25.28,85.2,6.79,27.2,Supplier C,Cradle to Cradle,3910.96,Pre-Order
MAT01452,Linen,Food Packaging,476.53,30.73,89.1,2.04,14.8,Supplier B,FSC,1056.59,Low Stock
MAT01453,Recycled Metal,Textiles,351.72,51.08,53.0,6.3,56.7,Supplier B,FSC,1357.88,Pre-Order
MAT01454,Cardboard,Cosmetics,389.73,92.69,24.6,6.39,43.2,Supplier A,GOTS,1816.04,Low Stock
MAT01455,Organic Cotton,Footwear,125.48,88.03,59.3,14.39,58.8,Supplier B,GOTS,1781.18,In Stock
MAT01456,Bioplastic,Automotive,174.69,60.2,67.5,12.87,10.1,Supplier A,FSC,493.85,Pre-Order
MAT01457,Jute,Kitchen Utensils,449.32,93.5,83.5,10.61,15.2,Supplier D,FSC,371.01,In Stock
MAT01458,Recycled Metal,Footwear,492.01,37.31,74.9,12.49,35.7,Supplier A,FSC,2445.18,Low Stock
MAT01459,Natural Rubber,Textiles,29.08,58.7,99.1,9.41,82.1,Supplier B,Cradle to Cradle,932.09,Low Stock
MAT01460,Organic Cotton,Household Items,300.75,61.93,62.1,12.56,28.4,Supplier E,GOTS,424.96,In Stock
MAT01461,Cellulose,Flooring,57.1,61.04,75.1,0.96,85.2,Supplier D,Cradle to Cradle,2815.36,Low Stock
MAT01462,Mushroom Composite,Footwear,153.89,70.86,52.1,12.2,23.5,Supplier C,None,4088.58,Low Stock
MAT01463,Cork,Accessories,236.03,70.62,22.9,1.35,87.5,Supplier D,FSC,754.47,In Stock
MAT01464,Recycled Copper,Cosmetics,148.41,33.94,45.6,3.97,48.2,Supplier E,None,1798.61,Pre-Order
MAT01465,Recycled Glass,Furniture,448.84,65.96,49.1,6.17,34.5,Supplier C,Cradle to Cradle,361.05,In Stock
MAT01466,Corn Plastic,Kitchen Utensils,237.12,96.69,82.7,13.01,45.0,Supplier D,None,3416.28,Low Stock
MAT01467,Cork Composite,Adhesives,435.39,19.21,89.5,2.88,25.1,Supplier C,FSC,537.01,In Stock
MAT01468,Recycled Metal,Accessories,261.26,50.04,42.2,3.43,18.1,Supplier A,None,319.55,Low Stock
MAT01469,Flax Fiber,Bags & Luggage,402.1,37.93,20.2,7.5,82.4,Supplier B,FSC,2162.15,Low Stock
MAT01470,Wool,Flooring,143.99,39.68,62.3,9.06,92.7,Supplier A,Cradle to Cradle,949.52,Pre-Order
MAT01471,Recycled Aluminum,Insulation,152.19,99.68,56.5,4.63,1.8,Supplier A,Cradle to Cradle,2514.07,Low Stock
MAT01472,Recycled PET,Coatings,290.23,92.39,86.8,3.73,26.5,Supplier A,FSC,3717.57,Pre-Order
MAT01473,Recycled Aluminum,Household Items,203.46,1.42,38.3,3.72,82.2,Supplier A,Cradle to Cradle,1118.01,In Stock
MAT01474,Sustainable Bamboo,Household Items,272.28,90.05,95.2,0.74,86.9,Supplier C,EcoCert,3085.11,Pre-Order
MAT01475,Recycled Paper,Kitchen Utensils,494.55,22.13,72.9,4.67,11.6,Supplier D,EcoCert,1101.41,Pre-Order
MAT01476,Natural Rubber,Automotive,277.08,20.83,74.8,1.66,64.7,Supplier A,ISO 14001,3937.52,In Stock
MAT01477,Recycled Copper,Household Items,92.82,29.94,40.6,2.85,42.6,Supplier C,ISO 14001,3071.0,Low Stock
MAT01478,Recycled Glass,Insulation,348.86,64.26,26.1,2.76,12.1,Supplier B,ISO 14001,3899.34,Low Stock
MAT01479,Bio-based Polymer,Textiles,384.8,34.42,60.0,12.61,53.5,Supplier D,None,2201.16,Pre-Order
MAT01480,Mycelium Leather,Cosmetics,184.57,10.11,34.1,12.2,54.5,Supplier A,EcoCert,1162.83,In Stock
MAT01481,Sustainable Bamboo,Automotive,81.45,16.87,85.2,8.25,47.9,Supplier C,ISO 14001,3850.37,Low Stock
MAT01482,Linen,Sports Equipment,60.75,51.73,84.9,3.58,19.0,Supplier E,None,2705.8,Pre-Order
MAT01483,Sustainable Bamboo,Accessories,418.91,93.45,82.5,8.58,45.8,Supplier C,FSC,1450.01,In Stock
MAT01484,Recycled Paper,Toys,102.16,57.52,21.4,10.14,37.3,Supplier A,GOTS,1515.58,Low Stock
MAT01485,Sustainable Bamboo,Construction,423.08,59.87,64.9,2.19,13.6,Supplier E,None,2135.59,Low Stock
MAT01486,Organic Cotton,Coatings,407.31,78.83,71.0,4.07,53.7,Supplier A,ISO 14001,1861.69,In Stock
MAT01487,Recycled Glass,Construction,350.99,81.75,99.9,4.57,85.0,Supplier E,GOTS,4075.3,In Stock
MAT01488,Cardboard,Footwear,371.93,41.28,22.1,4.63,18.5,Supplier B,EcoCert,537.01,Pre-Order
MAT01489,Bioplastic,Textiles,187.64,10.42,41.1,5.34,88.8,Supplier B,EcoCert,893.91,In Stock
MAT01490,Hemp Fiber,Food Packaging,145.49,84.31,64.0,8.35,85.9,Supplier E,EcoCert,3399.68,Pre-Order
MAT01491,Algae-based Material,Footwear,454.1,66.13,28.0,6.35,93.1,Supplier D,ISO 14001,1408.51,Pre-Order
MAT01492,Natural Rubber,Household Items,373.14,14.55,27.5,14.2,0.4,Supplier A,Cradle to Cradle,3717.57,Low Stock
MAT01493,Linen,Insulation,62.38,16.72,95.2,13.48,24.8,Supplier B,None,1497.32,Pre-Order
MAT01494,Flax Fiber,Textiles,319.11,2.67,37.5,10.77,16.9,Supplier E,FSC,3979.85,Low Stock
MAT01495,Biodegradable Plastic,Flooring,438.79,58.09,78.4,12.71,49.3,Supplier D,FSC,1113.86,Pre-Order
MAT01496,Wool,Office Supplies,104.31,53.25,47.5,6.37,59.1,Supplier C,GOTS,3794.76,In Stock
MAT01497,Bioplastic,Textiles,356.38,26.24,68.4,0.52,11.5,Supplier C,None,2519.88,In Stock
MAT01498,Recycled Aluminum,Automotive,409.08,58.44,97.4,4.11,71.1,Supplier B,None,1085.64,In Stock
MAT01499,Recycled Copper,Cosmetics,345.19,14.16,37.5,14.41,57.5,Supplier A,None,2763.07,In Stock
MAT01500,Jute,Textiles,177.26,45.26,31.8,9.9,12.3,Supplier D,Cradle to Cradle,1635.1,Pre-Order
MAT01501,Mushroom Composite,Household Items,227.27,20.95,70.8,3.5,35.3,Supplier B,Cradle to Cradle,3632.08,Low Stock
MAT01502,Mycelium Leather,Sports Equipment,33.98,1.3,57.1,1.39,88.9,Supplier D,EcoCert,403.38,Low Stock
MAT01503,Cork,Sports Equipment,64.1,29.43,42.7,3.07,76.9,Supplier E,ISO 14001,2051.76,Pre-Order
MAT01504,Recycled PET,Home Decor,158.57,23.21,36.1,13.03,83.9,Supplier C,FSC,4004.75,Low Stock
MAT01505,Hemp Fiber,Toys,453.36,2.7,38.8,7.55,21.9,Supplier E,None,3944.99,In Stock
MAT01506,Organic Cotton,Household Items,363.41,52.68,75.2,4.44,65.8,Supplier D,ISO 14001,3350.71,In Stock
MAT01507,Recycled Aluminum,Textiles,128.2,29.0,84.8,11.49,66.8,Supplier E,EcoCert,2381.27,Pre-Order
MAT01508,Bio-based Polymer,Kitchen Utensils,488.95,1.33,96.7,5.25,69.0,Supplier E,GOTS,2372.97,In Stock
MAT01509,Cardboard,Furniture,101.81,73.53,77.7,6.66,69.6,Supplier B,None,1249.15,Low Stock
MAT01510,Wool,Coatings,286.96,36.33,50.4,9.56,89.0,Supplier C,GOTS,1459.97,Low Stock
MAT01511,Cork Composite,Accessories,270.92,49.82,54.5,8.66,69.0,Supplier B,FSC,576.85,Low Stock
MAT01512,Recycled Paper,Furniture,238.87,53.96,79.1,1.99,99.0,Supplier B,FSC,2351.39,Pre-Order
MAT01513,Cork,Furniture,191.73,4.62,20.9,9.02,12.0,Supplier E,Cradle to Cradle,1283.18,In Stock
MAT01514,Sustainable Bamboo,Bags & Luggage,462.55,61.57,27.5,4.13,59.8,Supplier B,ISO 14001,3139.89,Low Stock
MAT01515,Flax Fiber,Household Items,275.13,66.07,75.7,0.59,84.2,Supplier B,Cradle to Cradle,3421.26,Low Stock
MAT01516,Organic Cotton,Cosmetics,256.81,23.7,66.1,0.5,69.6,Supplier D,EcoCert,3889.38,Pre-Order
MAT01517,Bio-based Polymer,Electronics,372.06,98.09,65.7,10.18,19.3,Supplier B,None,3442.01,In Stock
MAT01518,Recycled Copper,Automotive,105.97,21.7,30.6,7.18,66.2,Supplier B,ISO 14001,1064.89,In Stock
MAT01519,Recycled Copper,Furniture,189.65,75.9,80.9,12.6,43.2,Supplier B,Cradle to Cradle,2906.66,Low Stock
MAT01520,Biodegradable Plastic,Automotive,193.52,53.77,74.8,13.45,10.9,Supplier B,ISO 14001,3211.27,In Stock
MAT01521,Jute,Textiles,222.96,70.27,33.3,10.85,71.4,Supplier E,EcoCert,3686.86,Pre-Order
MAT01522,Natural Rubber,Toys,87.12,99.72,62.6,8.73,95.4,Supplier E,Cradle to Cradle,1858.37,Low Stock
MAT01523,Natural Rubber,Household Items,307.08,92.7,83.9,12.62,19.6,Supplier E,Cradle to Cradle,1343.77,In Stock
MAT01524,Recycled Aluminum,Textiles,400.33,13.55,24.3,11.19,53.4,Supplier E,Cradle to Cradle,3580.62,Low Stock
MAT01525,Cellulose,Adhesives,359.1,81.85,24.2,3.11,87.6,Supplier B,ISO 14001,3349.05,Pre-Order
MAT01526,Bioplastic,Insulation,443.37,24.91,64.2,5.42,53.8,Supplier C,EcoCert,1200.18,In Stock
MAT01527,Corn Plastic,Automotive,31.57,49.56,87.0,2.53,79.0,Supplier A,EcoCert,2949.82,In Stock
MAT01528,Bioplastic,Toys,45.0,72.37,63.7,11.2,32.2,Supplier C,GOTS,821.7,In Stock
MAT01529,Recycled Paper,Electronics,392.22,77.76,75.3,13.01,72.3,Supplier B,None,498.83,Pre-Order
MAT01530,Recycled Aluminum,Cosmetics,50.49,19.85,96.2,1.92,78.4,Supplier C,ISO 14001,2313.21,Pre-Order
MAT01531,Recycled Copper,Coatings,22.66,15.83,48.3,6.0,11.5,Supplier C,GOTS,3808.04,Low Stock
MAT01532,Bio-based Polymer,Cosmetics,277.43,15.65,73.5,8.33,28.7,Supplier A,FSC,2246.81,In Stock
MAT01533,Corn Plastic,Footwear,255.69,79.04,45.1,7.3,50.7,Supplier A,EcoCert,2027.69,In Stock
MAT01534,Biodegradable Plastic,Household Items,444.04,38.41,70.9,1.79,72.4,Supplier B,Cradle to Cradle,1261.6,Low Stock
MAT01535,Recycled Aluminum,Textiles,125.54,15.78,41.6,3.8,32.2,Supplier C,GOTS,2800.42,In Stock
MAT01536,Seaweed Polymer,Adhesives,193.91,5.15,77.1,9.56,5.3,Supplier D,EcoCert,994.34,Pre-Order
MAT01537,Algae-based Material,Toys,312.86,78.87,21.4,9.55,63.6,Supplier E,FSC,3905.15,In Stock
MAT01538,Sustainable Bamboo,Food Packaging,141.23,5.65,29.8,6.18,83.5,Supplier E,EcoCert,660.68,Pre-Order
MAT01539,Biodegradable Plastic,Household Items,316.53,26.61,88.6,3.07,94.8,Supplier B,EcoCert,2152.19,In Stock
MAT01540,Linen,Furniture,268.88,7.35,41.4,2.75,6.6,Supplier E,None,2941.52,Low Stock
MAT01541,Recycled Copper,Automotive,265.64,64.87,73.4,4.96,29.8,Supplier D,None,248.17,In Stock
MAT01542,Certified Wood,Flooring,221.14,11.31,96.9,4.15,46.2,Supplier D,GOTS,328.68,Pre-Order
MAT01543,Linen,Automotive,183.79,75.28,80.6,13.06,4.2,Supplier B,None,1772.88,Pre-Order
MAT01544,Certified Wood,Bags & Luggage,276.3,19.51,35.3,13.05,72.9,Supplier D,Cradle to Cradle,2830.3,Low Stock
MAT01545,Jute,Household Items,432.91,51.79,96.8,8.19,91.6,Supplier B,None,255.64,In Stock
MAT01546,Certified Wood,Accessories,282.48,50.6,34.3,14.74,33.2,Supplier D,EcoCert,4040.44,Pre-Order
MAT01547,Recycled Paper,Bags & Luggage,28.4,69.0,24.6,12.87,23.9,Supplier B,GOTS,3817.17,In Stock
MAT01548,Corn Plastic,Flooring,136.28,32.19,76.7,6.22,22.2,Supplier A,ISO 14001,729.57,In Stock
MAT01549,Flax Fiber,Coatings,232.82,47.18,90.3,2.29,4.8,Supplier B,EcoCert,4052.89,In Stock
MAT01550,Cellulose,Furniture,251.36,14.34,71.5,14.99,3.9,Supplier A,None,1786.16,In Stock
MAT01551,Sustainable Bamboo,Coatings,383.06,50.17,96.9,14.88,9.5,Supplier D,EcoCert,3993.96,Pre-Order
MAT01552,Mushroom Composite,Electronics,15.23,19.3,85.6,14.96,2.9,Supplier D,ISO 14001,590.96,Pre-Order
MAT01553,Recycled Metal,Coatings,266.7,2.3,75.1,5.34,63.7,Supplier C,EcoCert,2147.21,In Stock
MAT01554,Recycled Copper,Sports Equipment,459.17,88.35,74.4,6.18,61.0,Supplier A,ISO 14001,1543.8,Low Stock
MAT01555,Bioplastic,Cosmetics,406.17,87.21,71.1,8.84,10.9,Supplier B,Cradle to Cradle,1330.49,Pre-Order
MAT01556,Cardboard,Bags & Luggage,420.65,59.07,80.5,6.41,17.1,Supplier B,EcoCert,3046.1,Pre-Order
MAT01557,Mushroom Composite,Construction,46.02,45.68,46.8,6.56,9.2,Supplier C,FSC,3886.06,Pre-Order
MAT01558,Algae-based Material,Sports Equipment,470.93,5.24,49.3,0.81,79.2,Supplier D,Cradle to Cradle,1113.03,Low Stock
MAT01559,Seaweed Polymer,Food Packaging,264.48,10.5,79.7,6.68,84.7,Supplier B,ISO 14001,3905.98,Pre-Order
MAT01560,Cork,Home Decor,201.39,88.57,27.1,13.13,2.7,Supplier D,ISO 14001,779.37,Low Stock
MAT01561,Recycled Copper,Furniture,58.97,18.38,37.5,13.51,35.6,Supplier E,EcoCert,3422.92,In Stock
MAT01562,Jute,Adhesives,63.3,63.01,58.8,11.56,64.4,Supplier B,EcoCert,733.72,Low Stock
MAT01563,Recycled Glass,Food Packaging,66.76,31.1,64.4,12.01,98.5,Supplier C,GOTS,3274.35,In Stock
MAT01564,Cardboard,Insulation,370.96,53.33,52.6,3.57,64.5,Supplier A,ISO 14001,2614.5,In Stock
MAT01565,Wool,Home Decor,231.25,69.7,68.5,1.19,36.8,Supplier A,GOTS,2414.47,Low Stock
MAT01566,Recycled Aluminum,Automotive,468.13,71.75,56.2,4.2,80.7,Supplier E,None,1771.22,Pre-Order
MAT01567,Bioplastic,Sports Equipment,385.65,57.7,50.1,11.82,29.6,Supplier E,EcoCert,2367.99,Pre-Order
MAT01568,Recycled Copper,Toys,53.93,52.7,31.6,11.86,57.9,Supplier E,FSC,2703.31,In Stock
MAT01569,Natural Rubber,Adhesives,60.44,3.11,60.0,4.99,61.9,Supplier B,FSC,4049.57,In Stock
MAT01570,Organic Cotton,Automotive,421.2,80.9,37.8,11.82,77.6,Supplier E,EcoCert,1878.29,In Stock
MAT01571,Jute,Coatings,352.84,99.01,57.8,6.27,11.8,Supplier A,None,3208.78,Low Stock
MAT01572,Bio-based Polymer,Furniture,161.66,94.36,78.0,8.04,22.0,Supplier E,GOTS,2836.11,Pre-Order
MAT01573,Hemp Fiber,Flooring,77.88,89.81,80.6,12.62,98.1,Supplier C,Cradle to Cradle,3464.42,Pre-Order
MAT01574,Organic Cotton,Construction,452.1,57.06,54.7,0.93,80.5,Supplier D,EcoCert,3290.12,Low Stock
MAT01575,Algae-based Material,Construction,222.73,27.34,82.7,6.05,37.8,Supplier A,FSC,1786.99,In Stock
MAT01576,Algae-based Material,Kitchen Utensils,406.28,10.73,86.4,13.29,76.6,Supplier C,EcoCert,3382.25,Low Stock
MAT01577,Cork Composite,Textiles,133.45,20.01,41.4,8.35,24.1,Supplier C,EcoCert,3338.26,Low Stock
MAT01578,Cellulose,Food Packaging,428.77,83.42,33.1,11.41,0.1,Supplier E,Cradle to Cradle,2826.15,Pre-Order
MAT01579,Linen,Office Supplies,40.68,6.46,86.7,11.57,50.4,Supplier B,EcoCert,464.8,Low Stock
MAT01580,Corn Plastic,Electronics,33.48,7.56,62.2,9.37,27.9,Supplier E,ISO 14001,1333.81,Pre-Order
MAT01581,Natural Rubber,Food Packaging,232.04,77.59,89.0,8.07,87.2,Supplier D,None,3948.31,In Stock
MAT01582,Recycled Paper,Home Decor,118.05,28.7,21.3,7.68,44.3,Supplier B,ISO 14001,1287.33,Pre-Order
MAT01583,Recycled PET,Construction,365.75,76.53,52.9,2.39,13.7,Supplier A,None,243.19,Low Stock
MAT01584,Recycled Copper,Kitchen Utensils,462.19,92.39,98.6,8.7,93.2,Supplier C,ISO 14001,432.43,Low Stock
MAT01585,Mushroom Composite,Insulation,138.77,97.06,35.9,7.08,8.9,Supplier C,GOTS,694.71,Pre-Order
MAT01586,Bio-based Polymer,Furniture,178.92,96.14,28.7,8.4,7.9,Supplier B,None,208.33,In Stock
MAT01587,Sustainable Bamboo,Coatings,90.06,38.6,37.5,6.62,82.5,Supplier C,FSC,4068.66,Low Stock
MAT01588,Cardboard,Insulation,290.98,35.15,29.7,3.66,7.4,Supplier C,GOTS,2826.98,Low Stock
MAT01589,Recycled Aluminum,Food Packaging,365.73,17.7,66.3,1.19,86.4,Supplier A,ISO 14001,1337.13,Low Stock
MAT01590,Mycelium Leather,Footwear,497.52,24.41,36.4,4.13,10.2,Supplier A,FSC,2040.14,Low Stock
MAT01591,Recycled Copper,Kitchen Utensils,336.97,17.86,34.9,0.7,16.1,Supplier D,EcoCert,533.69,Pre-Order
MAT01592,Corn Plastic,Automotive,60.15,20.15,61.6,14.62,17.2,Supplier D,None,2341.43,Pre-Order
MAT01593,Bioplastic,Toys,124.59,43.18,86.1,13.18,53.9,Supplier E,FSC,3658.64,Pre-Order
MAT01594,Wool,Bags & Luggage,210.13,34.51,65.8,7.02,73.9,Supplier E,EcoCert,2129.78,Pre-Order
MAT01595,Cellulose,Sports Equipment,207.36,92.78,29.5,7.44,6.1,Supplier D,FSC,3595.56,Low Stock
MAT01596,Mushroom Composite,Construction,431.45,2.53,81.2,5.95,14.4,Supplier B,FSC,2791.29,In Stock
MAT01597,Cellulose,Home Decor,170.67,16.76,99.4,10.34,66.0,Supplier C,EcoCert,224.93,Low Stock
MAT01598,Organic Cotton,Household Items,208.42,15.88,25.8,9.94,93.7,Supplier E,FSC,455.67,Low Stock
MAT01599,Recycled Aluminum,Office Supplies,484.77,75.74,96.4,8.58,53.4,Supplier B,Cradle to Cradle,2882.59,Pre-Order
MAT01600,Bioplastic,Insulation,151.51,55.13,21.3,2.8,89.2,Supplier C,ISO 14001,316.23,Pre-Order
MAT01601,Flax Fiber,Accessories,334.53,54.69,98.0,9.17,69.1,Supplier C,None,2187.05,In Stock
MAT01602,Recycled Glass,Coatings,175.48,73.81,61.0,9.63,64.7,Supplier D,None,1295.63,Pre-Order
MAT01603,Mushroom Composite,Toys,481.59,75.37,22.9,10.0,9.2,Supplier B,EcoCert,3846.22,Low Stock
MAT01604,Recycled PET,Office Supplies,244.02,54.39,97.8,3.21,93.4,Supplier D,ISO 14001,1967.1,Pre-Order
MAT01605,Sustainable Bamboo,Toys,252.5,53.69,50.8,2.67,62.4,Supplier E,Cradle to Cradle,3813.02,Pre-Order
MAT01606,Recycled Metal,Construction,166.86,58.1,59.5,11.37,79.1,Supplier E,ISO 14001,2285.82,Low Stock
MAT01607,Cellulose,Automotive,344.35,79.45,49.5,10.58,88.3,Supplier C,Cradle to Cradle,2809.55,Low Stock
MAT01608,Recycled Copper,Coatings,172.62,46.21,23.1,10.26,16.8,Supplier B,None,3750.77,Low Stock
MAT01609,Certified Wood,Household Items,133.09,93.49,51.5,9.11,19.6,Supplier E,GOTS,1572.02,In Stock
MAT01610,Cellulose,Accessories,320.64,14.18,62.6,8.85,26.9,Supplier B,FSC,1725.57,Pre-Order
MAT01611,Recycled Aluminum,Textiles,176.69,17.28,26.4,10.37,32.8,Supplier C,None,2289.97,Low Stock
MAT01612,Bio-based Polymer,Bags & Luggage,200.65,96.89,33.7,14.22,22.2,Supplier C,EcoCert,2933.22,Pre-Order
MAT01613,Seaweed Polymer,Home Decor,60.09,86.18,95.2,2.04,71.1,Supplier A,None,1636.76,Low Stock
MAT01614,Mushroom Composite,Household Items,478.57,95.01,64.7,0.73,32.0,Supplier C,GOTS,2109.03,In Stock
MAT01615,Biodegradable Plastic,Furniture,160.24,62.69,90.2,13.46,82.4,Supplier A,Cradle to Cradle,463.14,Pre-Order
MAT01616,Cardboard,Automotive,32.98,52.63,76.4,8.94,26.9,Supplier C,FSC,316.23,Low Stock
MAT01617,Recycled Glass,Cosmetics,169.37,45.91,46.1,5.25,10.7,Supplier C,EcoCert,3070.17,In Stock
MAT01618,Corn Plastic,Sports Equipment,243.17,84.74,62.0,3.95,42.6,Supplier A,ISO 14001,3558.21,Pre-Order
MAT01619,Mycelium Leather,Construction,351.59,64.69,28.7,14.28,79.2,Supplier C,FSC,306.27,Low Stock
MAT01620,Linen,Coatings,269.31,99.76,75.7,8.09,56.1,Supplier B,Cradle to Cradle,2576.32,In Stock
MAT01621,Mycelium Leather,Home Decor,73.59,84.63,62.1,12.92,34.8,Supplier B,GOTS,814.23,Pre-Order
MAT01622,Seaweed Polymer,Sports Equipment,213.88,95.6,89.1,8.96,41.6,Supplier E,Cradle to Cradle,3171.43,Low Stock
MAT01623,Recycled Glass,Automotive,77.73,70.9,60.8,14.76,89.3,Supplier C,None,1279.86,Pre-Order
MAT01624,Jute,Home Decor,400.34,32.42,77.0,9.4,17.8,Supplier E,ISO 14001,679.77,In Stock
MAT01625,Seaweed Polymer,Sports Equipment,492.84,3.51,94.6,0.59,3.9,Supplier C,GOTS,787.67,Pre-Order
MAT01626,Hemp Fiber,Adhesives,327.2,23.98,96.7,2.4,87.7,Supplier A,GOTS,3684.37,Low Stock
MAT01627,Sustainable Bamboo,Furniture,12.73,34.65,22.7,3.46,63.3,Supplier B,None,2379.61,In Stock
MAT01628,Recycled Glass,Footwear,149.34,52.46,69.4,6.09,62.0,Supplier B,Cradle to Cradle,3021.2,Pre-Order
MAT01629,Hemp Fiber,Sports Equipment,230.01,64.09,55.3,14.27,64.3,Supplier A,FSC,762.77,Low Stock
MAT01630,Mushroom Composite,Automotive,460.43,29.5,96.0,1.51,21.8,Supplier E,ISO 14001,3407.15,Pre-Order
MAT01631,Recycled Metal,Furniture,419.81,13.5,68.5,13.24,64.5,Supplier E,ISO 14001,2663.47,In Stock
MAT01632,Linen,Electronics,443.89,52.44,53.2,7.6,20.4,Supplier C,ISO 14001,2367.99,Pre-Order
MAT01633,Bio-based Polymer,Kitchen Utensils,207.97,70.91,73.2,3.07,18.1,Supplier D,GOTS,1560.4,Low Stock
MAT01634,Recycled Copper,Home Decor,285.4,27.3,30.9,2.74,57.1,Supplier B,EcoCert,296.31,In Stock
MAT01635,Mushroom Composite,Toys,197.38,66.11,39.3,1.98,5.3,Supplier D,ISO 14001,3627.93,Pre-Order
MAT01636,Cardboard,Automotive,41.03,69.06,35.9,11.91,72.8,Supplier E,FSC,3854.52,In Stock
MAT01637,Natural Rubber,Automotive,94.55,58.09,65.3,9.41,74.1,Supplier A,None,3677.73,Low Stock
MAT01638,Seaweed Polymer,Bags & Luggage,332.05,58.93,71.2,3.93,55.1,Supplier B,GOTS,1108.05,Pre-Order
MAT01639,Certified Wood,Accessories,396.78,85.71,63.2,5.14,94.0,Supplier A,Cradle to Cradle,1229.23,Pre-Order
MAT01640,Cellulose,Toys,371.19,88.37,37.5,12.22,29.0,Supplier E,GOTS,3918.43,Low Stock
MAT01641,Mycelium Leather,Adhesives,407.27,77.72,68.9,11.01,18.0,Supplier E,Cradle to Cradle,1946.35,In Stock
MAT01642,Bio-based Polymer,Adhesives,95.42,7.92,24.4,4.07,90.1,Supplier E,Cradle to Cradle,2032.67,Pre-Order
MAT01643,Organic Cotton,Furniture,250.26,89.64,46.2,8.9,55.8,Supplier B,FSC,3811.36,In Stock
MAT01644,Biodegradable Plastic,Textiles,76.01,37.07,78.3,11.03,5.4,Supplier A,ISO 14001,917.15,Low Stock
MAT01645,Cork Composite,Insulation,249.58,81.27,74.9,7.25,50.3,Supplier D,GOTS,3606.35,Pre-Order
MAT01646,Cork,Home Decor,337.0,36.38,38.9,8.26,92.4,Supplier A,FSC,3348.22,In Stock
MAT01647,Mycelium Leather,Footwear,125.78,39.4,26.6,8.8,79.4,Supplier D,ISO 14001,1444.2,Low Stock
MAT01648,Corn Plastic,Automotive,477.51,87.33,65.6,13.96,9.4,Supplier E,FSC,3269.37,Pre-Order
MAT01649,Recycled Aluminum,Home Decor,335.36,10.16,35.9,4.52,86.8,Supplier A,EcoCert,2203.65,In Stock
MAT01650,Biodegradable Plastic,Adhesives,213.64,47.54,36.8,9.11,9.3,Supplier B,Cradle to Cradle,4020.52,In Stock
MAT01651,Cellulose,Construction,368.56,12.44,32.6,13.07,92.4,Supplier D,Cradle to Cradle,3991.47,Pre-Order
MAT01652,Recycled Metal,Food Packaging,66.43,77.37,73.9,2.18,38.3,Supplier B,ISO 14001,582.66,In Stock
MAT01653,Bioplastic,Food Packaging,228.78,72.58,72.9,13.92,76.0,Supplier B,EcoCert,3881.08,Pre-Order
MAT01654,Recycled Copper,Furniture,28.14,57.62,54.5,5.39,53.6,Supplier D,None,2797.1,Pre-Order
MAT01655,Seaweed Polymer,Footwear,390.56,11.26,81.1,4.59,10.0,Supplier E,None,1298.95,Low Stock
MAT01656,Cellulose,Flooring,78.9,34.38,20.7,10.14,98.2,Supplier C,Cradle to Cradle,764.43,In Stock
MAT01657,Biodegradable Plastic,Adhesives,104.89,84.84,99.6,5.57,38.0,Supplier A,FSC,3317.51,Pre-Order
MAT01658,Wool,Adhesives,302.14,13.69,75.6,7.7,1.7,Supplier D,ISO 14001,552.78,In Stock
MAT01659,Mycelium Leather,Furniture,217.69,36.54,46.1,5.82,30.7,Supplier B,ISO 14001,3847.05,Low Stock
MAT01660,Sustainable Bamboo,Construction,22.57,99.02,94.4,6.63,36.2,Supplier B,EcoCert,810.91,Low Stock
MAT01661,Mycelium Leather,Food Packaging,91.51,62.32,55.4,10.96,8.5,Supplier E,ISO 14001,1864.18,Low Stock
MAT01662,Hemp Fiber,Construction,71.98,28.86,72.0,13.57,34.2,Supplier B,None,1205.99,Pre-Order
MAT01663,Cellulose,Electronics,118.7,71.32,42.8,4.12,12.5,Supplier D,Cradle to Cradle,2620.31,Pre-Order
MAT01664,Cork Composite,Toys,190.6,89.41,44.7,1.44,44.3,Supplier C,GOTS,2863.5,Low Stock
MAT01665,Jute,Automotive,473.43,25.88,87.3,2.48,81.0,Supplier A,ISO 14001,2005.28,In Stock
MAT01666,Algae-based Material,Food Packaging,386.89,79.93,61.1,1.06,2.7,Supplier D,EcoCert,3797.25,In Stock
MAT01667,Organic Cotton,Toys,205.33,76.58,27.2,2.85,51.6,Supplier E,ISO 14001,2334.79,Pre-Order
MAT01668,Wool,Home Decor,229.4,15.67,22.4,10.94,97.4,Supplier D,ISO 14001,2972.23,In Stock
MAT01669,Mushroom Composite,Food Packaging,210.21,11.06,24.3,10.83,33.2,Supplier C,GOTS,4025.5,Pre-Order
MAT01670,Mycelium Leather,Kitchen Utensils,157.12,80.3,34.0,10.71,2.5,Supplier B,GOTS,2417.79,Pre-Order
MAT01671,Mushroom Composite,Home Decor,228.94,70.64,67.7,7.69,20.5,Supplier C,FSC,2402.02,Pre-Order
MAT01672,Seaweed Polymer,Furniture,307.41,16.5,84.8,14.11,92.2,Supplier D,Cradle to Cradle,3505.92,In Stock
MAT01673,Sustainable Bamboo,Home Decor,296.72,52.94,86.5,10.64,47.5,Supplier C,Cradle to Cradle,293.82,Low Stock
MAT01674,Jute,Textiles,162.19,33.7,67.1,11.45,79.5,Supplier E,Cradle to Cradle,367.69,Pre-Order
MAT01675,Recycled PET,Textiles,457.83,4.7,79.9,4.31,23.6,Supplier E,ISO 14001,3227.04,Pre-Order
MAT01676,Recycled Aluminum,Household Items,291.34,32.19,73.4,10.76,31.7,Supplier C,EcoCert,851.58,Pre-Order
MAT01677,Mushroom Composite,Food Packaging,405.84,30.47,86.4,12.41,92.9,Supplier E,EcoCert,1739.68,Low Stock
MAT01678,Cellulose,Accessories,327.53,20.67,67.2,10.43,81.4,Supplier E,None,1689.05,Low Stock
MAT01679,Organic Cotton,Sports Equipment,454.96,95.59,31.9,7.53,95.3,Supplier E,GOTS,2098.24,In Stock
MAT01680,Hemp Fiber,Automotive,383.48,44.25,36.9,10.49,51.5,Supplier C,EcoCert,2520.71,Pre-Order
MAT01681,Organic Cotton,Coatings,228.57,2.45,76.9,13.71,16.5,Supplier B,ISO 14001,1882.44,In Stock
MAT01682,Recycled PET,Food Packaging,262.63,82.16,63.2,2.99,8.9,Supplier B,None,385.12,Pre-Order
MAT01683,Wool,Electronics,319.1,66.38,40.8,12.82,90.2,Supplier A,FSC,2340.6,Low Stock
MAT01684,Wool,Coatings,290.07,59.95,90.8,11.81,44.9,Supplier A,ISO 14001,750.32,Low Stock
MAT01685,Biodegradable Plastic,Insulation,256.79,59.18,43.2,10.09,3.1,Supplier A,EcoCert,3434.54,Low Stock
MAT01686,Mycelium Leather,Footwear,272.2,16.91,29.6,14.23,88.3,Supplier B,EcoCert,2245.15,Low Stock
MAT01687,Mushroom Composite,Home Decor,224.46,2.14,33.8,12.27,26.0,Supplier D,GOTS,352.75,Low Stock
MAT01688,Wool,Cosmetics,416.12,18.8,35.1,8.67,30.0,Supplier A,FSC,1772.88,Pre-Order
MAT01689,Cardboard,Adhesives,142.5,17.37,73.6,8.62,50.5,Supplier D,EcoCert,2011.92,Pre-Order
MAT01690,Cardboard,Food Packaging,140.9,59.3,38.3,2.21,90.5,Supplier E,Cradle to Cradle,517.92,In Stock
MAT01691,Certified Wood,Sports Equipment,31.57,90.06,71.4,3.07,28.4,Supplier E,EcoCert,3726.7,In Stock
MAT01692,Natural Rubber,Office Supplies,183.48,78.12,56.8,12.07,80.5,Supplier D,FSC,2835.28,Low Stock
MAT01693,Cellulose,Food Packaging,443.54,92.7,76.2,4.6,61.0,Supplier B,None,1694.86,Low Stock
MAT01694,Bioplastic,Sports Equipment,22.55,45.85,45.0,1.44,1.2,Supplier A,Cradle to Cradle,2400.36,In Stock
MAT01695,Bio-based Polymer,Home Decor,294.2,25.07,70.4,4.49,54.7,Supplier E,FSC,167.66,Low Stock
MAT01696,Algae-based Material,Office Supplies,271.02,50.68,69.1,13.26,13.7,Supplier D,FSC,1196.03,Pre-Order
MAT01697,Recycled PET,Coatings,292.12,43.07,69.9,1.42,30.0,Supplier A,EcoCert,1020.07,Pre-Order
MAT01698,Hemp Fiber,Home Decor,333.98,98.73,71.2,2.87,82.1,Supplier D,ISO 14001,981.06,In Stock
MAT01699,Cork,Kitchen Utensils,362.66,89.55,47.3,14.72,4.4,Supplier E,EcoCert,1180.26,In Stock
MAT01700,Linen,Bags & Luggage,392.08,70.33,92.8,5.72,95.6,Supplier D,FSC,3155.66,Low Stock
MAT01701,Organic Cotton,Coatings,57.71,32.47,22.5,3.3,28.9,Supplier E,Cradle to Cradle,278.88,Low Stock
MAT01702,Sustainable Bamboo,Kitchen Utensils,380.25,48.94,92.9,11.34,77.2,Supplier C,EcoCert,671.47,Pre-Order
MAT01703,Recycled Aluminum,Insulation,318.94,55.12,96.5,11.08,86.6,Supplier E,FSC,2005.28,In Stock
MAT01704,Mycelium Leather,Cosmetics,227.0,41.96,87.8,2.02,22.6,Supplier B,Cradle to Cradle,1466.61,Pre-Order
MAT01705,Linen,Household Items,277.5,62.03,63.1,12.17,24.9,Supplier D,None,4051.23,Pre-Order
MAT01706,Algae-based Material,Toys,162.69,51.17,65.4,10.49,86.7,Supplier E,GOTS,1469.93,Low Stock
MAT01707,Seaweed Polymer,Food Packaging,64.22,61.76,77.8,10.35,5.9,Supplier D,GOTS,2905.0,In Stock
MAT01708,Flax Fiber,Office Supplies,445.69,5.4,29.1,7.38,42.2,Supplier B,EcoCert,3066.85,Pre-Order
MAT01709,Cork Composite,Insulation,405.68,21.51,45.2,6.46,70.9,Supplier E,EcoCert,667.32,Low Stock
MAT01710,Natural Rubber,Home Decor,303.75,38.52,20.6,0.86,65.6,Supplier B,GOTS,2446.84,Pre-Order
MAT01711,Recycled Aluminum,Household Items,97.67,30.04,50.1,5.94,86.5,Supplier E,EcoCert,3295.1,Low Stock
MAT01712,Jute,Kitchen Utensils,211.13,33.36,54.9,2.85,82.0,Supplier C,Cradle to Cradle,3876.93,Low Stock
MAT01713,Cardboard,Toys,176.56,89.35,65.7,11.85,30.9,Supplier B,FSC,1436.73,Pre-Order
MAT01714,Seaweed Polymer,Coatings,24.16,13.95,88.6,5.86,79.9,Supplier B,None,3655.32,In Stock
MAT01715,Cork Composite,Sports Equipment,174.89,29.63,28.7,9.67,60.4,Supplier A,ISO 14001,1548.78,Pre-Order
MAT01716,Wool,Sports Equipment,88.53,19.49,34.0,4.76,96.3,Supplier D,Cradle to Cradle,3345.73,Pre-Order
MAT01717,Wool,Kitchen Utensils,162.2,14.3,45.3,1.48,2.8,Supplier C,None,481.4,In Stock
MAT01718,Sustainable Bamboo,Home Decor,456.25,85.33,85.2,4.14,79.7,Supplier A,ISO 14001,2713.27,Pre-Order
MAT01719,Biodegradable Plastic,Textiles,242.55,52.11,51.7,10.81,99.2,Supplier A,FSC,675.62,Pre-Order
MAT01720,Bioplastic,Home Decor,227.6,78.77,21.1,12.13,44.6,Supplier D,GOTS,4126.76,In Stock
MAT01721,Cellulose,Sports Equipment,47.31,73.31,93.6,1.28,52.9,Supplier D,GOTS,1077.34,In Stock
MAT01722,Jute,Home Decor,351.25,73.22,89.3,8.22,46.1,Supplier B,GOTS,1562.06,Low Stock
MAT01723,Mushroom Composite,Automotive,161.78,13.22,64.6,11.39,50.3,Supplier C,GOTS,3666.94,In Stock
MAT01724,Recycled Paper,Sports Equipment,134.69,65.63,42.8,7.27,74.0,Supplier A,ISO 14001,3631.25,In Stock
MAT01725,Cork,Construction,467.98,98.49,42.8,8.29,76.5,Supplier D,None,3078.47,Pre-Order
MAT01726,Recycled Copper,Cosmetics,230.87,90.22,51.9,3.49,66.4,Supplier B,Cradle to Cradle,2735.68,In Stock
MAT01727,Biodegradable Plastic,Furniture,435.13,55.95,50.4,2.96,7.3,Supplier A,None,2057.57,Pre-Order
MAT01728,Recycled Paper,Cosmetics,307.3,39.32,39.8,1.1,32.9,Supplier A,Cradle to Cradle,2697.5,Pre-Order
MAT01729,Seaweed Polymer,Accessories,169.25,54.99,86.4,4.37,89.4,Supplier B,GOTS,1484.87,In Stock
MAT01730,Recycled Paper,Textiles,262.2,71.8,51.7,7.38,28.7,Supplier D,GOTS,3771.52,In Stock
MAT01731,Mycelium Leather,Household Items,134.65,67.33,48.8,4.3,5.3,Supplier E,GOTS,2284.16,Pre-Order
MAT01732,Sustainable Bamboo,Kitchen Utensils,305.36,22.53,76.4,8.51,1.6,Supplier C,FSC,2900.02,Pre-Order
MAT01733,Bioplastic,Textiles,82.07,46.19,60.2,10.09,87.4,Supplier E,EcoCert,3095.9,Pre-Order
MAT01734,Jute,Adhesives,268.57,77.86,90.8,11.58,59.9,Supplier C,Cradle to Cradle,1385.27,Pre-Order
MAT01735,Flax Fiber,Construction,420.38,11.36,87.2,10.37,25.4,Supplier A,None,1092.28,Pre-Order
MAT01736,Algae-based Material,Office Supplies,358.13,18.33,30.6,3.45,55.7,Supplier D,FSC,1068.21,Pre-Order
MAT01737,Hemp Fiber,Accessories,288.33,11.22,98.1,14.79,66.0,Supplier D,FSC,2158.0,Pre-Order
MAT01738,Cork,Automotive,263.37,51.95,24.0,8.88,92.4,Supplier A,ISO 14001,834.15,In Stock
MAT01739,Biodegradable Plastic,Automotive,122.71,89.01,21.3,10.53,38.6,Supplier A,ISO 14001,1894.89,In Stock
MAT01740,Mushroom Composite,Coatings,339.02,56.25,84.2,7.47,38.6,Supplier A,GOTS,210.82,In Stock
MAT01741,Certified Wood,Office Supplies,400.46,29.59,93.4,3.91,55.3,Supplier B,None,3865.31,In Stock
MAT01742,Recycled Aluminum,Flooring,380.01,78.83,42.1,11.85,76.6,Supplier B,FSC,2358.86,Low Stock
MAT01743,Recycled Glass,Sports Equipment,434.51,59.28,86.6,11.96,3.5,Supplier A,Cradle to Cradle,956.99,Low Stock
MAT01744,Bio-based Polymer,Electronics,191.33,81.74,95.5,14.31,58.8,Supplier A,GOTS,1909.0,In Stock
MAT01745,Flax Fiber,Food Packaging,223.6,97.27,73.5,6.62,9.2,Supplier D,GOTS,218.29,Low Stock
MAT01746,Sustainable Bamboo,Cosmetics,355.0,89.29,95.4,14.81,0.2,Supplier C,ISO 14001,1947.18,Low Stock
MAT01747,Bioplastic,Adhesives,141.74,62.24,23.4,9.42,36.7,Supplier B,Cradle to Cradle,2403.68,Low Stock
MAT01748,Algae-based Material,Furniture,154.16,14.94,62.7,8.73,62.2,Supplier E,Cradle to Cradle,800.95,In Stock
MAT01749,Mushroom Composite,Accessories,274.57,56.24,61.6,9.71,11.8,Supplier D,EcoCert,2274.2,In Stock
MAT01750,Certified Wood,Electronics,191.79,59.54,34.4,7.08,7.8,Supplier D,ISO 14001,1976.23,Pre-Order
MAT01751,Bioplastic,Accessories,71.99,94.38,30.6,13.28,76.4,Supplier E,EcoCert,1594.43,Pre-Order
MAT01752,Corn Plastic,Automotive,196.27,30.97,26.3,12.89,76.1,Supplier E,GOTS,4071.98,In Stock
MAT01753,Sustainable Bamboo,Toys,186.99,51.54,97.7,2.21,48.7,Supplier A,None,1324.68,Pre-Order
MAT01754,Recycled Metal,Kitchen Utensils,155.43,60.61,82.7,1.9,67.3,Supplier E,FSC,3491.81,Low Stock
MAT01755,Sustainable Bamboo,Coatings,359.26,40.88,31.0,4.36,16.3,Supplier D,GOTS,2568.85,Pre-Order
MAT01756,Recycled Aluminum,Cosmetics,230.15,81.31,90.5,13.74,26.4,Supplier C,FSC,3080.13,In Stock
MAT01757,Corn Plastic,Insulation,179.84,30.07,58.9,12.61,31.9,Supplier B,ISO 14001,3271.86,Pre-Order
MAT01758,Recycled Metal,Construction,423.84,37.35,86.4,10.8,1.8,Supplier A,None,3091.75,Low Stock
MAT01759,Hemp Fiber,Bags & Luggage,210.9,95.11,56.7,3.56,13.6,Supplier D,FSC,3543.27,Pre-Order
MAT01760,Bio-based Polymer,Insulation,309.4,88.85,90.8,4.56,5.8,Supplier E,FSC,2099.9,In Stock
MAT01761,Flax Fiber,Household Items,361.37,24.8,30.9,6.59,38.9,Supplier C,ISO 14001,3886.89,Low Stock
MAT01762,Sustainable Bamboo,Food Packaging,395.29,94.35,71.3,11.42,5.9,Supplier C,ISO 14001,629.14,Pre-Order
MAT01763,Bio-based Polymer,Toys,444.1,11.81,85.3,1.75,18.6,Supplier A,None,488.04,Low Stock
MAT01764,Hemp Fiber,Toys,36.09,57.38,36.0,0.98,7.1,Supplier C,None,1879.95,In Stock
MAT01765,Biodegradable Plastic,Kitchen Utensils,135.65,70.37,99.0,1.76,50.4,Supplier E,None,3294.27,Low Stock
MAT01766,Flax Fiber,Footwear,121.23,64.94,83.8,8.07,41.3,Supplier B,Cradle to Cradle,2378.78,Low Stock
MAT01767,Recycled Metal,Coatings,135.97,95.7,81.3,6.49,73.3,Supplier E,FSC,3988.15,Low Stock
MAT01768,Cork,Footwear,407.36,9.18,92.1,11.02,7.1,Supplier A,FSC,1193.54,Low Stock
MAT01769,Cork Composite,Insulation,335.35,40.92,74.8,1.5,89.2,Supplier C,Cradle to Cradle,1015.92,Low Stock
MAT01770,Mushroom Composite,Accessories,175.32,91.92,53.7,1.38,86.2,Supplier D,ISO 14001,4066.17,Pre-Order
MAT01771,Jute,Toys,104.94,55.25,99.2,14.95,89.1,Supplier E,FSC,3875.27,Pre-Order
MAT01772,Recycled Glass,Automotive,165.78,23.56,93.7,12.07,63.1,Supplier D,FSC,3551.57,Pre-Order
MAT01773,Recycled Paper,Bags & Luggage,173.66,45.11,55.5,4.51,5.0,Supplier E,GOTS,1601.07,Low Stock
MAT01774,Sustainable Bamboo,Home Decor,480.85,16.79,65.2,11.07,1.0,Supplier C,GOTS,301.29,In Stock
MAT01775,Recycled Paper,Kitchen Utensils,318.18,31.64,22.2,14.86,10.2,Supplier A,ISO 14001,1096.43,Low Stock
MAT01776,Cork Composite,Flooring,471.29,10.38,98.9,0.78,32.9,Supplier D,None,1341.28,Low Stock
MAT01777,Recycled Paper,Automotive,92.41,3.36,77.4,5.88,23.4,Supplier C,None,3422.92,In Stock
MAT01778,Wool,Automotive,499.12,89.4,73.3,3.14,90.1,Supplier E,GOTS,3293.44,In Stock
MAT01779,Biodegradable Plastic,Automotive,431.37,76.2,76.0,1.24,32.0,Supplier B,GOTS,1509.77,Pre-Order
MAT01780,Wool,Adhesives,137.22,63.74,69.4,0.96,28.3,Supplier D,ISO 14001,3974.04,Low Stock
MAT01781,Flax Fiber,Furniture,423.82,46.91,64.1,14.0,70.8,Supplier C,None,2515.73,In Stock
MAT01782,Hemp Fiber,Cosmetics,33.59,98.27,43.0,10.32,21.6,Supplier A,FSC,1376.97,Pre-Order
MAT01783,Recycled Aluminum,Textiles,11.47,35.47,95.0,13.24,42.8,Supplier C,ISO 14001,2183.73,In Stock
MAT01784,Algae-based Material,Footwear,317.16,91.08,96.4,14.86,33.7,Supplier B,EcoCert,2617.82,Low Stock
MAT01785,Certified Wood,Accessories,455.56,68.92,47.2,1.16,38.8,Supplier D,Cradle to Cradle,298.8,Pre-Order
MAT01786,Recycled Aluminum,Electronics,325.62,40.38,54.3,13.75,82.4,Supplier E,Cradle to Cradle,400.06,Pre-Order
MAT01787,Recycled PET,Kitchen Utensils,138.76,78.05,91.6,14.94,50.1,Supplier B,None,2932.39,In Stock
MAT01788,Wool,Furniture,289.44,29.61,66.5,14.47,37.5,Supplier A,Cradle to Cradle,1062.4,Low Stock
MAT01789,Recycled PET,Office Supplies,381.79,84.8,46.7,0.62,16.1,Supplier A,ISO 14001,1552.1,Low Stock
MAT01790,Cork,Office Supplies,163.42,13.87,51.3,4.65,45.9,Supplier E,ISO 14001,1181.09,Pre-Order
MAT01791,Bio-based Polymer,Adhesives,354.2,15.8,83.1,4.96,85.6,Supplier A,EcoCert,444.05,In Stock
MAT01792,Cellulose,Sports Equipment,421.08,5.59,39.5,9.74,95.9,Supplier D,EcoCert,2380.44,Low Stock
MAT01793,Hemp Fiber,Electronics,84.22,90.38,27.1,6.19,22.0,Supplier A,GOTS,707.99,Pre-Order
MAT01794,Natural Rubber,Toys,173.7,87.77,65.0,11.95,54.3,Supplier E,FSC,1454.16,In Stock
MAT01795,Bio-based Polymer,Adhesives,371.1,77.34,44.9,6.23,23.1,Supplier D,None,3525.01,In Stock
MAT01796,Seaweed Polymer,Electronics,443.52,15.01,49.6,8.05,7.8,Supplier D,ISO 14001,2006.11,Pre-Order
MAT01797,Bioplastic,Construction,10.54,45.05,27.3,5.49,16.2,Supplier E,ISO 14001,3009.58,In Stock
MAT01798,Cork,Sports Equipment,353.21,17.66,71.8,9.32,66.0,Supplier E,ISO 14001,434.92,Pre-Order
MAT01799,Recycled Aluminum,Kitchen Utensils,364.17,68.95,65.2,6.79,77.3,Supplier B,EcoCert,2170.45,Low Stock
MAT01800,Natural Rubber,Insulation,279.79,73.3,90.5,8.75,46.4,Supplier B,None,4041.27,Pre-Order
MAT01801,Organic Cotton,Office Supplies,282.45,5.4,24.0,14.89,34.0,Supplier E,None,1107.22,Pre-Order
MAT01802,Cork,Cosmetics,278.27,38.17,95.4,7.87,58.2,Supplier E,GOTS,3748.28,Low Stock
MAT01803,Recycled Glass,Food Packaging,332.1,99.55,31.0,10.97,47.7,Supplier B,EcoCert,170.98,In Stock
MAT01804,Bioplastic,Footwear,272.96,62.9,87.1,3.82,66.2,Supplier C,ISO 14001,785.18,Low Stock
MAT01805,Mycelium Leather,Kitchen Utensils,493.83,65.83,78.5,13.91,86.0,Supplier A,Cradle to Cradle,3144.87,Low Stock
MAT01806,Recycled Aluminum,Coatings,358.16,70.41,73.9,11.17,73.5,Supplier B,ISO 14001,673.96,Low Stock
MAT01807,Flax Fiber,Construction,117.32,13.99,77.4,7.72,85.0,Supplier A,FSC,673.13,Low Stock
MAT01808,Flax Fiber,Furniture,30.3,77.91,30.5,1.86,33.5,Supplier C,Cradle to Cradle,353.58,In Stock
MAT01809,Biodegradable Plastic,Food Packaging,178.77,79.51,38.5,12.51,45.7,Supplier E,ISO 14001,1583.64,Pre-Order
MAT01810,Algae-based Material,Accessories,74.69,8.03,21.8,2.85,59.8,Supplier A,Cradle to Cradle,1821.85,Low Stock
MAT01811,Linen,Coatings,30.03,94.54,66.6,14.36,21.8,Supplier A,GOTS,3927.56,In Stock
MAT01812,Corn Plastic,Insulation,412.38,7.62,51.0,2.85,56.7,Supplier B,ISO 14001,3359.01,Low Stock
MAT01813,Cardboard,Electronics,255.53,37.32,64.6,5.84,84.1,Supplier D,Cradle to Cradle,3518.37,In Stock
MAT01814,Linen,Accessories,353.21,93.06,26.7,7.93,39.4,Supplier C,EcoCert,1606.88,Low Stock
MAT01815,Cork Composite,Household Items,157.25,4.58,97.2,6.18,19.6,Supplier B,None,1386.1,In Stock
MAT01816,Recycled Aluminum,Sports Equipment,178.46,30.93,68.4,2.93,19.0,Supplier D,FSC,3538.29,Low Stock
MAT01817,Corn Plastic,Textiles,53.35,96.9,40.5,11.89,66.5,Supplier C,None,3829.62,Pre-Order
MAT01818,Flax Fiber,Bags & Luggage,140.61,15.98,74.3,12.83,63.6,Supplier E,None,3970.72,Low Stock
MAT01819,Bioplastic,Coatings,58.06,62.65,52.6,9.77,72.4,Supplier A,None,3781.48,Pre-Order
MAT01820,Recycled Aluminum,Office Supplies,139.2,20.9,47.1,3.97,13.4,Supplier C,Cradle to Cradle,4013.05,In Stock
MAT01821,Certified Wood,Food Packaging,188.69,24.35,39.6,14.26,94.9,Supplier B,ISO 14001,304.61,In Stock
MAT01822,Flax Fiber,Home Decor,425.69,53.37,52.5,5.92,71.9,Supplier D,None,1639.25,Low Stock
MAT01823,Flax Fiber,Adhesives,340.82,50.44,83.7,6.32,71.2,Supplier C,None,3036.97,Pre-Order
MAT01824,Natural Rubber,Furniture,186.64,24.75,49.7,7.35,85.7,Supplier E,EcoCert,1732.21,Low Stock
MAT01825,Seaweed Polymer,Cosmetics,221.14,90.69,30.1,3.07,28.6,Supplier A,EcoCert,253.98,Low Stock
MAT01826,Corn Plastic,Coatings,459.36,31.33,27.0,5.45,76.0,Supplier C,GOTS,2540.63,Pre-Order
MAT01827,Linen,Office Supplies,158.02,45.22,29.0,13.88,1.4,Supplier C,FSC,3632.91,In Stock
MAT01828,Certified Wood,Adhesives,493.78,27.3,50.8,14.03,28.6,Supplier C,None,4140.87,Pre-Order
MAT01829,Recycled Aluminum,Furniture,131.43,89.83,95.3,12.34,30.1,Supplier C,FSC,1427.6,Pre-Order
MAT01830,Seaweed Polymer,Food Packaging,231.87,41.85,72.6,7.14,10.4,Supplier A,ISO 14001,3781.48,Pre-Order
MAT01831,Cellulose,Textiles,252.88,53.55,48.5,2.92,93.2,Supplier E,Cradle to Cradle,482.23,In Stock
MAT01832,Algae-based Material,Household Items,165.98,21.7,85.3,10.04,73.9,Supplier E,Cradle to Cradle,868.18,Low Stock
MAT01833,Mycelium Leather,Kitchen Utensils,33.82,50.22,71.4,2.87,64.8,Supplier A,None,3416.28,Pre-Order
MAT01834,Jute,Bags & Luggage,438.9,82.22,37.8,6.95,45.3,Supplier D,None,2465.93,Low Stock
MAT01835,Jute,Furniture,105.54,1.34,42.3,1.4,82.7,Supplier C,FSC,3851.2,Low Stock
MAT01836,Algae-based Material,Cosmetics,22.05,93.67,46.0,8.03,98.4,Supplier B,Cradle to Cradle,311.25,Pre-Order
MAT01837,Bio-based Polymer,Construction,42.2,19.44,57.0,12.78,19.5,Supplier E,GOTS,1860.86,In Stock
MAT01838,Recycled Aluminum,Textiles,386.93,22.54,51.8,12.19,69.4,Supplier B,ISO 14001,2135.59,In Stock
MAT01839,Organic Cotton,Furniture,195.26,35.24,76.7,8.01,39.1,Supplier A,EcoCert,3777.33,Pre-Order
MAT01840,Bio-based Polymer,Adhesives,365.86,85.74,82.7,5.49,71.9,Supplier C,None,4016.37,Pre-Order
MAT01841,Cork,Accessories,82.7,15.93,75.5,12.31,22.7,Supplier E,EcoCert,2620.31,Pre-Order
MAT01842,Bio-based Polymer,Electronics,150.79,85.43,75.3,12.51,78.2,Supplier C,FSC,1050.78,In Stock
MAT01843,Hemp Fiber,Sports Equipment,219.14,51.22,97.8,7.31,9.2,Supplier D,ISO 14001,361.05,Pre-Order
MAT01844,Bio-based Polymer,Office Supplies,307.5,79.0,29.7,7.83,15.8,Supplier D,ISO 14001,3566.51,In Stock
MAT01845,Biodegradable Plastic,Kitchen Utensils,71.09,40.25,48.3,12.76,82.4,Supplier E,None,2371.31,Pre-Order
MAT01846,Cellulose,Automotive,355.98,96.4,59.4,12.01,63.0,Supplier C,EcoCert,3843.73,Low Stock
MAT01847,Cork Composite,Office Supplies,244.45,33.11,80.3,2.4,21.0,Supplier B,None,4029.65,In Stock
MAT01848,Recycled Metal,Automotive,460.62,51.33,70.8,11.44,29.2,Supplier C,EcoCert,4138.38,Pre-Order
MAT01849,Recycled Copper,Adhesives,85.6,81.75,99.3,9.65,18.4,Supplier C,Cradle to Cradle,3090.92,In Stock
MAT01850,Linen,Automotive,412.32,62.18,99.4,3.56,65.6,Supplier B,None,3752.43,Pre-Order
MAT01851,Cardboard,Accessories,42.67,65.13,62.5,4.44,68.4,Supplier A,FSC,2125.63,In Stock
MAT01852,Cardboard,Bags & Luggage,122.27,56.33,44.4,2.27,56.2,Supplier A,FSC,757.79,Low Stock
MAT01853,Bio-based Polymer,Office Supplies,333.94,51.36,42.9,6.29,57.1,Supplier C,Cradle to Cradle,3034.48,In Stock
MAT01854,Natural Rubber,Household Items,397.47,5.46,45.5,8.75,79.9,Supplier A,GOTS,3898.51,In Stock
MAT01855,Jute,Household Items,45.29,57.06,93.5,5.46,42.8,Supplier A,EcoCert,233.23,Pre-Order
MAT01856,Linen,Adhesives,492.54,59.5,56.1,7.7,80.5,Supplier A,FSC,405.87,In Stock
MAT01857,Mycelium Leather,Automotive,222.95,16.67,21.2,9.53,65.2,Supplier A,FSC,548.63,Low Stock
MAT01858,Sustainable Bamboo,Furniture,290.07,75.44,54.4,14.23,40.4,Supplier D,Cradle to Cradle,2285.82,In Stock
MAT01859,Recycled Aluminum,Flooring,242.54,8.35,54.1,13.45,23.1,Supplier B,FSC,3344.9,Low Stock
MAT01860,Cellulose,Office Supplies,340.73,3.8,96.7,10.58,96.4,Supplier D,None,2296.61,Pre-Order
MAT01861,Jute,Home Decor,126.24,64.1,36.6,9.65,57.2,Supplier C,FSC,3814.68,In Stock
MAT01862,Bioplastic,Cosmetics,318.68,38.84,44.7,0.95,51.2,Supplier E,None,3054.4,Low Stock
MAT01863,Bio-based Polymer,Accessories,71.1,5.52,29.7,1.5,84.2,Supplier D,Cradle to Cradle,3251.94,Low Stock
MAT01864,Recycled Glass,Adhesives,323.64,80.15,42.7,0.6,5.0,Supplier E,Cradle to Cradle,724.59,Low Stock
MAT01865,Recycled Glass,Footwear,276.93,76.49,59.7,4.82,44.8,Supplier C,ISO 14001,1959.63,Low Stock
MAT01866,Corn Plastic,Furniture,198.97,35.41,75.3,0.99,85.8,Supplier D,FSC,297.97,Low Stock
MAT01867,Natural Rubber,Accessories,240.43,4.73,79.1,14.64,56.5,Supplier D,Cradle to Cradle,2621.97,In Stock
MAT01868,Organic Cotton,Adhesives,328.54,14.6,75.7,3.73,20.6,Supplier E,Cradle to Cradle,2934.05,Pre-Order
MAT01869,Biodegradable Plastic,Automotive,190.32,11.9,62.3,7.21,67.4,Supplier B,ISO 14001,1865.84,Low Stock
MAT01870,Bioplastic,Footwear,458.92,62.46,64.8,8.76,33.5,Supplier C,Cradle to Cradle,1733.87,Pre-Order
MAT01871,Jute,Accessories,156.28,33.71,40.9,13.57,92.3,Supplier C,None,3135.74,Low Stock
MAT01872,Seaweed Polymer,Cosmetics,397.94,31.23,29.7,8.76,60.3,Supplier E,FSC,1140.42,Pre-Order
MAT01873,Mycelium Leather,Household Items,293.38,29.22,66.0,4.41,41.0,Supplier E,FSC,234.06,In Stock
MAT01874,Hemp Fiber,Food Packaging,300.73,50.55,30.3,10.98,72.4,Supplier E,None,1036.67,Pre-Order
MAT01875,Cellulose,Flooring,295.49,93.44,28.0,2.79,96.7,Supplier E,Cradle to Cradle,4140.87,In Stock
MAT01876,Recycled Paper,Automotive,66.42,48.39,23.5,5.24,89.9,Supplier B,GOTS,2231.87,Pre-Order
MAT01877,Flax Fiber,Sports Equipment,191.57,47.79,66.8,12.96,12.6,Supplier A,GOTS,1139.59,Low Stock
MAT01878,Recycled Aluminum,Sports Equipment,425.65,38.77,25.1,10.99,22.3,Supplier A,FSC,383.46,Pre-Order
MAT01879,Certified Wood,Textiles,76.82,12.37,78.7,7.19,85.8,Supplier E,None,3609.67,Pre-Order
MAT01880,Linen,Furniture,172.08,34.4,74.2,7.33,0.2,Supplier A,EcoCert,3910.96,Pre-Order
MAT01881,Cork,Cosmetics,137.93,36.69,43.9,4.26,32.7,Supplier A,ISO 14001,1711.46,In Stock
MAT01882,Algae-based Material,Insulation,191.78,88.62,43.7,3.16,82.9,Supplier B,ISO 14001,793.48,In Stock
MAT01883,Cork,Footwear,234.18,19.13,52.5,10.01,1.9,Supplier D,None,1090.62,Pre-Order
MAT01884,Jute,Flooring,373.31,67.8,72.6,11.83,54.0,Supplier E,None,277.22,Low Stock
MAT01885,Flax Fiber,Construction,288.85,28.78,80.3,14.41,15.3,Supplier A,None,3372.29,Pre-Order
MAT01886,Cardboard,Toys,445.74,7.38,41.1,14.91,30.2,Supplier A,FSC,3518.37,In Stock
MAT01887,Algae-based Material,Home Decor,474.15,17.17,85.2,9.34,28.0,Supplier B,Cradle to Cradle,1723.08,Low Stock
MAT01888,Recycled Copper,Automotive,107.5,14.21,99.5,9.54,23.4,Supplier B,GOTS,708.82,Low Stock
MAT01889,Recycled Aluminum,Textiles,115.61,87.9,38.4,3.68,25.4,Supplier A,None,2032.67,Pre-Order
MAT01890,Organic Cotton,Sports Equipment,393.82,37.15,85.3,6.84,42.7,Supplier E,EcoCert,3256.92,Low Stock
MAT01891,Cork Composite,Bags & Luggage,132.07,75.09,33.9,9.81,21.1,Supplier B,FSC,478.08,Pre-Order
MAT01892,Recycled Aluminum,Insulation,387.1,81.79,33.7,0.92,27.1,Supplier B,ISO 14001,3822.98,In Stock
MAT01893,Algae-based Material,Footwear,234.64,94.71,84.0,12.24,79.7,Supplier A,ISO 14001,3820.49,Low Stock
MAT01894,Flax Fiber,Automotive,479.23,66.53,30.6,1.26,37.3,Supplier D,GOTS,1916.47,Pre-Order
MAT01895,Algae-based Material,Toys,367.53,95.89,86.5,7.41,63.6,Supplier C,Cradle to Cradle,2138.91,In Stock
MAT01896,Bioplastic,Coatings,468.5,19.1,41.1,6.1,64.0,Supplier D,FSC,1071.53,Pre-Order
MAT01897,Cardboard,Construction,176.34,87.35,25.1,2.76,59.9,Supplier E,None,3363.99,Low Stock
MAT01898,Linen,Office Supplies,381.54,28.89,40.4,7.85,73.9,Supplier D,FSC,3939.18,Pre-Order
MAT01899,Cork,Toys,290.97,94.11,83.6,1.95,8.5,Supplier A,EcoCert,4067.83,Low Stock
MAT01900,Mushroom Composite,Food Packaging,125.5,35.32,75.1,6.53,91.8,Supplier A,Cradle to Cradle,2612.84,In Stock
MAT01901,Corn Plastic,Kitchen Utensils,152.76,4.57,70.3,3.77,15.1,Supplier E,EcoCert,578.51,Low Stock
MAT01902,Flax Fiber,Home Decor,97.32,32.52,90.9,11.58,49.4,Supplier B,Cradle to Cradle,854.07,Low Stock
MAT01903,Recycled Copper,Household Items,132.39,56.2,34.5,0.81,85.7,Supplier A,Cradle to Cradle,761.94,In Stock
MAT01904,Linen,Bags & Luggage,345.7,26.81,90.3,6.05,95.8,Supplier A,None,3786.46,Pre-Order
MAT01905,Corn Plastic,Furniture,109.15,29.7,44.2,13.22,83.4,Supplier E,Cradle to Cradle,1380.29,Pre-Order
MAT01906,Bioplastic,Adhesives,462.0,2.16,57.2,12.16,1.0,Supplier D,EcoCert,1656.68,Pre-Order
MAT01907,Certified Wood,Cosmetics,309.92,87.62,35.2,10.39,49.7,Supplier B,Cradle to Cradle,2651.85,Low Stock
MAT01908,Cellulose,Furniture,88.38,87.89,79.3,6.5,26.8,Supplier D,Cradle to Cradle,1967.93,Low Stock
MAT01909,Seaweed Polymer,Automotive,88.41,36.51,32.3,6.57,88.6,Supplier A,FSC,1557.91,Pre-Order
MAT01910,Recycled Metal,Electronics,330.52,57.7,94.2,2.69,28.6,Supplier D,FSC,449.86,In Stock
MAT01911,Recycled Metal,Adhesives,165.7,75.99,76.1,6.33,43.6,Supplier B,None,2011.92,Low Stock
MAT01912,Bio-based Polymer,Coatings,364.13,66.74,96.3,1.12,37.7,Supplier C,EcoCert,1501.47,Pre-Order
MAT01913,Biodegradable Plastic,Insulation,176.42,20.26,77.9,3.73,53.8,Supplier A,GOTS,3557.38,Pre-Order
MAT01914,Algae-based Material,Accessories,355.14,16.55,85.5,1.71,85.1,Supplier B,ISO 14001,541.99,Low Stock
MAT01915,Recycled Copper,Footwear,260.57,91.26,29.0,5.9,15.4,Supplier D,EcoCert,1900.7,Low Stock
MAT01916,Linen,Footwear,447.88,11.29,66.6,8.2,26.2,Supplier D,GOTS,2306.57,Low Stock
MAT01917,Cork Composite,Construction,420.21,67.7,23.4,6.13,57.0,Supplier D,Cradle to Cradle,2167.96,Pre-Order
MAT01918,Mushroom Composite,Kitchen Utensils,129.83,32.05,46.2,11.18,38.8,Supplier D,None,1766.24,Low Stock
MAT01919,Cork Composite,Textiles,301.94,72.7,37.4,10.05,11.2,Supplier D,FSC,727.08,In Stock
MAT01920,Sustainable Bamboo,Furniture,99.68,31.26,25.1,4.62,61.2,Supplier A,GOTS,2284.99,Pre-Order
MAT01921,Cardboard,Flooring,459.35,57.27,88.9,13.05,9.0,Supplier D,FSC,3603.03,Low Stock
MAT01922,Recycled Aluminum,Coatings,301.09,61.68,66.0,8.14,65.2,Supplier B,ISO 14001,2212.78,Pre-Order
MAT01923,Algae-based Material,Electronics,37.94,87.64,53.8,0.8,68.8,Supplier A,ISO 14001,835.81,In Stock
MAT01924,Certified Wood,Furniture,376.52,54.38,35.5,6.24,87.3,Supplier A,GOTS,180.94,In Stock
MAT01925,Mycelium Leather,Accessories,444.29,90.02,64.0,0.53,35.5,Supplier D,EcoCert,2911.64,In Stock
MAT01926,Wool,Adhesives,385.98,7.18,56.1,8.24,43.2,Supplier D,FSC,3443.67,In Stock
MAT01927,Bio-based Polymer,Insulation,496.54,21.47,89.8,9.34,38.5,Supplier B,FSC,3311.7,Low Stock
MAT01928,Jute,Cosmetics,257.77,63.86,90.7,14.47,91.3,Supplier D,FSC,3154.0,Low Stock
MAT01929,Recycled PET,Textiles,131.44,55.66,97.2,2.08,97.3,Supplier E,FSC,922.13,In Stock
MAT01930,Hemp Fiber,Coatings,84.65,67.63,87.9,11.1,22.4,Supplier D,None,3742.47,Pre-Order
MAT01931,Recycled Copper,Cosmetics,268.89,33.21,95.0,11.18,70.0,Supplier D,Cradle to Cradle,1783.67,Low Stock
MAT01932,Organic Cotton,Food Packaging,217.02,63.29,49.6,8.94,0.6,Supplier E,EcoCert,3746.62,In Stock
MAT01933,Cellulose,Household Items,131.21,8.43,30.2,9.3,95.7,Supplier E,None,631.63,In Stock
MAT01934,Certified Wood,Adhesives,215.31,85.47,71.5,8.34,29.9,Supplier B,None,2798.76,Pre-Order
MAT01935,Biodegradable Plastic,Construction,353.73,38.31,75.7,12.42,53.4,Supplier E,GOTS,3208.78,Pre-Order
MAT01936,Corn Plastic,Textiles,77.8,45.37,44.6,7.85,56.6,Supplier C,GOTS,3960.76,In Stock
MAT01937,Bioplastic,Household Items,338.87,63.2,20.7,6.94,29.8,Supplier E,ISO 14001,709.65,Low Stock
MAT01938,Mycelium Leather,Kitchen Utensils,79.93,62.12,53.8,14.83,30.5,Supplier E,EcoCert,3211.27,Low Stock
MAT01939,Cardboard,Electronics,285.59,55.77,67.6,4.95,68.0,Supplier C,None,1181.92,Pre-Order
MAT01940,Recycled Aluminum,Footwear,208.76,8.45,60.7,12.14,80.2,Supplier A,Cradle to Cradle,3540.78,Low Stock
MAT01941,Hemp Fiber,Footwear,421.06,52.38,70.4,3.49,73.3,Supplier E,ISO 14001,2303.25,Low Stock
MAT01942,Recycled Glass,Adhesives,271.52,27.26,45.3,11.99,16.7,Supplier D,ISO 14001,2715.76,Low Stock
MAT01943,Bio-based Polymer,Textiles,419.49,98.67,33.1,2.52,45.9,Supplier C,EcoCert,1746.32,Pre-Order
MAT01944,Recycled Paper,Electronics,421.53,18.74,62.8,4.16,52.0,Supplier A,EcoCert,3234.51,Pre-Order
MAT01945,Recycled Aluminum,Insulation,103.08,66.91,23.3,7.5,66.7,Supplier B,EcoCert,2320.68,Pre-Order
MAT01946,Recycled Copper,Kitchen Utensils,138.34,85.61,99.6,8.52,41.6,Supplier A,FSC,3613.82,Low Stock
MAT01947,Seaweed Polymer,Home Decor,458.45,5.68,37.0,10.36,72.0,Supplier D,ISO 14001,3193.01,Pre-Order
MAT01948,Cork Composite,Coatings,184.39,21.13,92.9,14.28,38.7,Supplier C,EcoCert,552.78,In Stock
MAT01949,Corn Plastic,Toys,489.59,66.83,91.8,4.77,44.9,Supplier D,None,372.67,In Stock
MAT01950,Cellulose,Textiles,270.1,17.04,90.3,12.15,3.1,Supplier B,Cradle to Cradle,2680.07,Low Stock
MAT01951,Flax Fiber,Textiles,33.33,27.87,43.7,14.27,25.2,Supplier A,Cradle to Cradle,2562.21,Low Stock
MAT01952,Mycelium Leather,Bags & Luggage,477.8,56.3,94.3,12.37,37.4,Supplier A,Cradle to Cradle,1364.52,In Stock
MAT01953,Seaweed Polymer,Construction,67.25,91.11,68.9,6.82,47.8,Supplier D,FSC,1422.62,In Stock
MAT01954,Bio-based Polymer,Textiles,308.4,33.85,37.2,9.71,66.0,Supplier A,GOTS,1917.3,Low Stock
MAT01955,Recycled Glass,Kitchen Utensils,451.38,31.05,43.1,11.89,37.2,Supplier D,GOTS,1054.1,In Stock
MAT01956,Organic Cotton,Accessories,271.85,31.94,59.1,1.69,13.7,Supplier C,FSC,1492.34,In Stock
MAT01957,Bio-based Polymer,Coatings,37.61,74.36,51.6,10.05,94.7,Supplier A,None,3872.78,Low Stock
MAT01958,Hemp Fiber,Construction,320.32,46.87,32.6,11.7,53.6,Supplier B,EcoCert,2339.77,Low Stock
MAT01959,Algae-based Material,Bags & Luggage,359.06,32.8,46.0,3.12,66.9,Supplier C,FSC,844.11,Pre-Order
MAT01960,Natural Rubber,Textiles,208.98,97.77,46.2,5.84,8.4,Supplier C,ISO 14001,430.77,Pre-Order
MAT01961,Cellulose,Food Packaging,188.0,60.33,40.7,7.08,26.9,Supplier C,None,1083.98,In Stock
MAT01962,Certified Wood,Construction,155.81,87.51,78.5,12.87,29.6,Supplier D,ISO 14001,3486.0,Low Stock
MAT01963,Recycled Aluminum,Footwear,354.14,98.02,56.8,4.27,84.7,Supplier A,GOTS,2568.85,In Stock
MAT01964,Cardboard,Flooring,271.81,23.0,30.0,3.66,8.3,Supplier B,FSC,3303.4,Pre-Order
MAT01965,Mushroom Composite,Coatings,490.4,43.29,23.0,7.38,53.5,Supplier E,ISO 14001,863.2,Low Stock
MAT01966,Seaweed Polymer,Automotive,245.16,48.05,20.8,12.49,43.5,Supplier A,GOTS,1425.11,In Stock
MAT01967,Organic Cotton,Toys,348.84,41.45,86.5,3.58,32.7,Supplier E,ISO 14001,1068.21,In Stock
MAT01968,Mushroom Composite,Adhesives,433.1,36.27,74.8,3.23,27.9,Supplier A,None,1685.73,Low Stock
MAT01969,Recycled PET,Office Supplies,467.42,59.66,51.8,14.02,98.7,Supplier D,FSC,1060.74,Pre-Order
MAT01970,Bioplastic,Adhesives,135.91,38.23,83.5,4.3,90.6,Supplier E,EcoCert,375.99,Pre-Order
MAT01971,Seaweed Polymer,Electronics,347.85,12.1,62.6,8.53,48.0,Supplier E,FSC,2466.76,Pre-Order
MAT01972,Flax Fiber,Bags & Luggage,90.23,70.72,63.2,6.44,52.2,Supplier B,None,3769.86,Low Stock
MAT01973,Linen,Household Items,370.7,51.95,61.3,9.48,93.9,Supplier E,None,3510.07,Low Stock
MAT01974,Recycled Aluminum,Home Decor,224.64,56.54,90.1,12.45,89.0,Supplier E,GOTS,1474.91,Pre-Order
MAT01975,Recycled Metal,Flooring,373.53,84.42,24.1,2.58,44.1,Supplier E,EcoCert,2491.66,Pre-Order
MAT01976,Wool,Cosmetics,411.8,30.62,63.2,9.77,90.7,Supplier A,Cradle to Cradle,1966.27,In Stock
MAT01977,Natural Rubber,Adhesives,269.27,91.67,41.0,5.27,9.9,Supplier B,Cradle to Cradle,1225.08,Low Stock
MAT01978,Cork Composite,Automotive,266.31,39.73,61.9,1.7,72.6,Supplier B,EcoCert,2708.29,Pre-Order
MAT01979,Natural Rubber,Sports Equipment,425.97,12.29,26.6,4.06,98.6,Supplier E,ISO 14001,2124.8,Low Stock
MAT01980,Natural Rubber,Adhesives,15.56,82.29,79.0,9.45,91.7,Supplier E,None,4014.71,In Stock
MAT01981,Corn Plastic,Textiles,228.19,58.13,49.6,2.64,86.1,Supplier E,FSC,3849.54,In Stock
MAT01982,Corn Plastic,Home Decor,53.82,83.08,45.0,7.82,75.1,Supplier D,None,3172.26,In Stock
MAT01983,Cork Composite,Bags & Luggage,105.63,67.66,21.6,11.29,12.2,Supplier E,ISO 14001,1126.31,In Stock
MAT01984,Hemp Fiber,Insulation,71.57,57.78,57.9,2.45,86.6,Supplier B,None,1558.74,Low Stock
MAT01985,Recycled Paper,Adhesives,38.94,53.58,86.1,12.07,85.6,Supplier A,GOTS,3022.86,Low Stock
MAT01986,Recycled Paper,Construction,156.68,71.75,36.5,1.51,34.3,Supplier E,Cradle to Cradle,2943.18,In Stock
MAT01987,Linen,Office Supplies,78.53,44.55,37.4,5.56,72.1,Supplier B,FSC,1763.75,Low Stock
MAT01988,Hemp Fiber,Coatings,39.57,1.7,46.7,5.17,87.4,Supplier D,ISO 14001,3158.98,Low Stock
MAT01989,Cellulose,Footwear,230.68,25.38,72.1,12.98,82.0,Supplier D,EcoCert,1119.67,In Stock
MAT01990,Certified Wood,Home Decor,397.03,12.45,50.4,4.07,95.7,Supplier B,EcoCert,2610.35,In Stock
MAT01991,Cardboard,Kitchen Utensils,99.04,3.79,32.7,9.12,99.7,Supplier D,ISO 14001,2756.43,Low Stock
MAT01992,Hemp Fiber,Footwear,96.77,9.14,84.6,4.22,81.7,Supplier A,ISO 14001,2886.74,In Stock
MAT01993,Bioplastic,Toys,479.86,33.01,91.3,5.35,87.2,Supplier C,Cradle to Cradle,2695.01,Low Stock
MAT01994,Recycled Paper,Home Decor,482.03,4.71,73.5,8.43,13.5,Supplier A,GOTS,4071.15,In Stock
MAT01995,Cardboard,Sports Equipment,112.18,14.3,88.6,13.15,26.3,Supplier C,Cradle to Cradle,1198.52,In Stock
MAT01996,Mushroom Composite,Adhesives,122.66,32.38,36.9,0.81,41.2,Supplier D,Cradle to Cradle,3342.41,Low Stock
MAT01997,Mycelium Leather,Coatings,317.08,69.51,20.3,3.02,50.6,Supplier C,EcoCert,3207.95,Pre-Order
MAT01998,Recycled PET,Household Items,436.87,75.69,48.0,12.91,23.7,Supplier C,EcoCert,3478.53,Pre-Order
MAT01999,Recycled PET,Construction,424.47,13.21,41.3,3.35,64.2,Supplier E,EcoCert,1858.37,In Stock
MAT02000,Seaweed Polymer,Textiles,381.2,84.08,85.7,11.75,76.6,Supplier C,FSC,306.27,Pre-Order
MAT02001,Mushroom Composite,Flooring,451.56,51.22,36.4,7.31,65.2,Supplier E,FSC,1596.92,Pre-Order
MAT02002,Hemp Fiber,Furniture,208.3,76.34,56.0,12.53,9.4,Supplier E,ISO 14001,3024.52,Pre-Order
MAT02003,Organic Cotton,Home Decor,104.57,82.76,89.9,14.56,18.6,Supplier B,GOTS,674.79,Low Stock
MAT02004,Seaweed Polymer,Automotive,485.25,92.46,25.4,12.79,86.2,Supplier A,EcoCert,1093.11,In Stock
MAT02005,Recycled Copper,Home Decor,230.6,14.26,41.5,4.55,2.0,Supplier D,None,2983.85,Pre-Order
MAT02006,Corn Plastic,Household Items,58.86,22.29,41.7,14.97,24.0,Supplier A,ISO 14001,2360.52,Pre-Order
MAT02007,Cardboard,Coatings,161.69,95.52,93.9,2.59,27.7,Supplier A,EcoCert,3959.1,Pre-Order
MAT02008,Recycled Copper,Insulation,242.59,74.7,98.6,13.05,57.4,Supplier B,GOTS,981.06,In Stock
MAT02009,Cardboard,Footwear,398.79,19.37,21.1,12.57,69.4,Supplier B,Cradle to Cradle,2849.39,In Stock
MAT02010,Organic Cotton,Insulation,415.93,6.11,35.4,6.05,43.2,Supplier B,ISO 14001,2905.0,Low Stock
MAT02011,Biodegradable Plastic,Construction,277.62,45.42,72.2,1.31,93.0,Supplier A,EcoCert,3269.37,Low Stock
MAT02012,Cork Composite,Accessories,201.55,80.46,77.7,1.52,36.0,Supplier E,EcoCert,1796.12,In Stock
MAT02013,Biodegradable Plastic,Bags & Luggage,237.77,60.89,22.4,1.89,24.3,Supplier E,ISO 14001,1494.83,In Stock
MAT02014,Seaweed Polymer,Toys,115.93,46.69,35.2,11.79,65.4,Supplier A,ISO 14001,849.92,In Stock
MAT02015,Algae-based Material,Office Supplies,287.52,74.58,57.8,1.6,39.0,Supplier A,ISO 14001,733.72,Low Stock
MAT02016,Natural Rubber,Household Items,374.31,79.44,99.9,2.11,16.7,Supplier A,Cradle to Cradle,3383.91,In Stock
MAT02017,Recycled PET,Household Items,160.13,41.3,98.7,2.6,22.6,Supplier B,FSC,1367.01,Low Stock
MAT02018,Recycled Metal,Cosmetics,327.49,2.52,47.4,3.61,58.8,Supplier B,None,3175.58,Pre-Order
MAT02019,Recycled Copper,Electronics,295.84,31.2,85.9,12.07,47.4,Supplier E,ISO 14001,883.95,In Stock
MAT02020,Wool,Automotive,216.13,62.93,45.3,3.76,13.1,Supplier D,EcoCert,1795.29,Low Stock
MAT02021,Recycled Copper,Insulation,21.81,97.1,30.7,14.25,82.7,Supplier E,GOTS,1596.92,In Stock
MAT02022,Linen,Food Packaging,74.39,11.52,73.4,5.14,93.0,Supplier A,FSC,2482.53,Low Stock
MAT02023,Algae-based Material,Office Supplies,496.75,70.61,78.6,12.13,88.5,Supplier E,Cradle to Cradle,1182.75,Pre-Order
MAT02024,Wool,Sports Equipment,72.18,46.9,99.9,13.66,50.0,Supplier D,GOTS,1238.36,In Stock
MAT02025,Mushroom Composite,Accessories,224.78,66.08,98.1,14.66,11.0,Supplier C,EcoCert,295.48,Pre-Order
MAT02026,Recycled Metal,Cosmetics,224.22,5.32,52.3,11.19,76.4,Supplier B,Cradle to Cradle,3884.4,Pre-Order
MAT02027,Recycled Copper,Construction,418.47,78.76,98.4,4.54,26.9,Supplier D,ISO 14001,1907.34,Pre-Order
MAT02028,Bio-based Polymer,Textiles,119.76,96.58,52.8,4.48,18.7,Supplier A,FSC,3012.07,In Stock
MAT02029,Bio-based Polymer,Furniture,374.31,49.68,95.1,2.65,1.5,Supplier A,FSC,3762.39,In Stock
MAT02030,Biodegradable Plastic,Food Packaging,20.1,55.31,50.2,12.0,74.4,Supplier D,FSC,4126.76,Pre-Order
MAT02031,Organic Cotton,Coatings,12.37,52.1,65.7,11.78,99.9,Supplier A,Cradle to Cradle,649.06,In Stock
MAT02032,Biodegradable Plastic,Adhesives,477.92,85.19,50.8,11.42,62.8,Supplier B,None,3434.54,Low Stock
MAT02033,Cork,Toys,373.66,58.62,62.6,11.71,72.7,Supplier E,ISO 14001,3114.16,Low Stock
MAT02034,Biodegradable Plastic,Insulation,399.63,34.35,63.5,12.72,8.2,Supplier E,Cradle to Cradle,3570.66,Low Stock
MAT02035,Mycelium Leather,Office Supplies,130.02,6.02,93.7,12.33,97.2,Supplier B,FSC,2217.76,Low Stock
MAT02036,Organic Cotton,Textiles,364.28,25.19,55.7,13.98,52.3,Supplier A,None,505.47,Pre-Order
MAT02037,Algae-based Material,Home Decor,350.21,33.64,31.3,8.81,80.5,Supplier A,FSC,763.6,Pre-Order
MAT02038,Mycelium Leather,Electronics,43.52,21.14,81.0,4.53,41.1,Supplier D,EcoCert,1944.69,Pre-Order
MAT02039,Bioplastic,Household Items,148.86,89.17,41.9,6.36,44.2,Supplier A,ISO 14001,3018.71,Pre-Order
MAT02040,Recycled Metal,Household Items,441.8,72.38,84.8,10.74,53.9,Supplier E,FSC,531.2,In Stock
MAT02041,Cellulose,Accessories,261.54,60.05,81.4,14.54,14.9,Supplier B,ISO 14001,3714.25,Pre-Order
MAT02042,Certified Wood,Flooring,444.75,50.19,75.1,13.62,46.8,Supplier C,None,3311.7,In Stock
MAT02043,Jute,Footwear,88.29,93.12,47.6,7.09,0.8,Supplier E,ISO 14001,513.77,Pre-Order
MAT02044,Recycled Metal,Insulation,353.6,11.61,29.3,6.57,6.9,Supplier C,GOTS,869.84,Pre-Order
MAT02045,Biodegradable Plastic,Footwear,336.12,89.33,29.2,0.96,46.5,Supplier A,GOTS,854.9,Low Stock
MAT02046,Jute,Electronics,36.35,13.65,39.4,2.58,8.7,Supplier B,FSC,523.73,In Stock
MAT02047,Recycled Aluminum,Sports Equipment,43.64,9.87,22.3,13.61,94.7,Supplier A,Cradle to Cradle,3016.22,Pre-Order
MAT02048,Jute,Sports Equipment,378.2,23.21,85.2,13.42,91.3,Supplier C,Cradle to Cradle,3169.77,Pre-Order
MAT02049,Recycled Paper,Footwear,330.99,89.49,98.3,6.57,21.9,Supplier D,ISO 14001,2691.69,In Stock
MAT02050,Bioplastic,Cosmetics,173.12,1.68,59.9,11.28,62.6,Supplier C,Cradle to Cradle,982.72,In Stock
MAT02051,Mycelium Leather,Accessories,181.36,96.15,26.6,14.99,53.5,Supplier C,ISO 14001,815.89,Pre-Order
MAT02052,Wool,Construction,414.76,67.15,34.7,7.07,0.4,Supplier D,None,1728.06,Low Stock
MAT02053,Certified Wood,Office Supplies,476.82,85.74,42.1,1.61,92.7,Supplier D,EcoCert,3669.43,Low Stock
MAT02054,Mushroom Composite,Household Items,397.15,30.05,57.4,1.67,16.0,Supplier B,GOTS,405.04,In Stock
MAT02055,Recycled Paper,Sports Equipment,487.73,11.78,60.8,7.76,48.3,Supplier B,FSC,1366.18,In Stock
MAT02056,Natural Rubber,Household Items,407.73,31.45,44.6,6.58,73.9,Supplier B,ISO 14001,1673.28,In Stock
MAT02057,Sustainable Bamboo,Bags & Luggage,397.41,43.85,40.2,11.2,35.6,Supplier E,FSC,1587.79,In Stock
MAT02058,Linen,Household Items,402.5,64.64,27.0,2.29,67.1,Supplier B,EcoCert,2606.2,Pre-Order
MAT02059,Sustainable Bamboo,Flooring,81.91,25.66,88.6,6.72,30.7,Supplier E,GOTS,1509.77,Pre-Order
MAT02060,Mushroom Composite,Automotive,364.77,53.3,42.2,12.12,53.7,Supplier D,GOTS,4122.61,In Stock
MAT02061,Certified Wood,Textiles,410.11,99.3,34.5,2.83,87.8,Supplier C,ISO 14001,1405.19,Pre-Order
MAT02062,Bio-based Polymer,Accessories,432.96,12.73,52.1,5.01,74.4,Supplier A,FSC,2269.22,Low Stock
MAT02063,Recycled Metal,Textiles,359.63,64.54,60.4,1.27,5.8,Supplier B,ISO 14001,815.89,Pre-Order
MAT02064,Recycled PET,Insulation,415.76,62.67,93.0,1.22,8.9,Supplier A,FSC,1265.75,Low Stock
MAT02065,Cardboard,Textiles,127.94,75.27,59.7,1.93,82.3,Supplier E,Cradle to Cradle,3201.31,In Stock
MAT02066,Cork Composite,Textiles,443.47,76.01,90.7,2.76,98.8,Supplier E,ISO 14001,1579.49,Pre-Order
MAT02067,Mushroom Composite,Household Items,58.28,65.15,87.6,9.72,82.1,Supplier C,ISO 14001,1475.74,Pre-Order
MAT02068,Organic Cotton,Cosmetics,110.96,44.32,37.9,8.19,70.6,Supplier B,EcoCert,256.47,Pre-Order
MAT02069,Wool,Toys,266.07,1.34,31.0,7.29,76.0,Supplier D,ISO 14001,3014.56,Low Stock
MAT02070,Organic Cotton,Sports Equipment,23.47,69.34,28.9,9.43,97.6,Supplier B,None,781.86,Pre-Order
MAT02071,Cork Composite,Adhesives,320.53,39.04,58.5,11.74,53.5,Supplier B,ISO 14001,2099.07,Low Stock
MAT02072,Jute,Insulation,433.01,90.07,20.6,12.07,54.7,Supplier E,GOTS,2850.22,Low Stock
MAT02073,Recycled PET,Flooring,25.42,17.8,40.6,13.09,19.4,Supplier B,Cradle to Cradle,3226.21,In Stock
MAT02074,Bio-based Polymer,Textiles,201.44,4.77,99.5,9.24,76.3,Supplier D,GOTS,2363.01,Low Stock
MAT02075,Wool,Kitchen Utensils,19.76,80.28,74.6,5.67,43.7,Supplier B,EcoCert,2914.96,Low Stock
MAT02076,Flax Fiber,Construction,53.83,6.44,29.2,6.4,29.8,Supplier A,ISO 14001,744.51,Low Stock
MAT02077,Biodegradable Plastic,Furniture,106.84,5.6,95.3,12.29,52.3,Supplier B,GOTS,1194.37,In Stock
MAT02078,Flax Fiber,Textiles,313.8,86.7,66.2,4.68,85.5,Supplier B,ISO 14001,2171.28,In Stock
MAT02079,Recycled Glass,Textiles,371.91,60.47,84.8,12.3,31.6,Supplier B,ISO 14001,1076.51,Low Stock
MAT02080,Sustainable Bamboo,Office Supplies,243.37,37.11,84.6,8.48,38.8,Supplier B,FSC,1324.68,Pre-Order
MAT02081,Bioplastic,Bags & Luggage,124.01,55.45,27.5,5.22,82.0,Supplier C,Cradle to Cradle,3673.58,Low Stock
MAT02082,Mycelium Leather,Construction,250.39,82.21,66.8,6.66,95.9,Supplier B,EcoCert,1440.88,Low Stock
MAT02083,Natural Rubber,Textiles,77.04,77.27,92.5,13.66,33.0,Supplier B,EcoCert,558.59,Low Stock
MAT02084,Cork Composite,Adhesives,253.9,10.75,49.0,2.74,85.4,Supplier E,Cradle to Cradle,2714.1,In Stock
MAT02085,Hemp Fiber,Office Supplies,19.24,30.27,43.4,11.5,84.3,Supplier C,Cradle to Cradle,1639.25,Low Stock
MAT02086,Recycled PET,Construction,27.97,7.4,28.1,7.18,6.1,Supplier A,GOTS,2158.0,Low Stock
MAT02087,Seaweed Polymer,Household Items,379.8,48.59,99.6,11.41,48.1,Supplier B,ISO 14001,3045.27,Low Stock
MAT02088,Natural Rubber,Footwear,489.56,53.48,82.1,13.39,29.7,Supplier C,EcoCert,456.5,Low Stock
MAT02089,Flax Fiber,Toys,339.14,38.95,33.0,3.0,26.0,Supplier E,Cradle to Cradle,3160.64,In Stock
MAT02090,Recycled PET,Automotive,281.95,83.56,99.8,7.01,42.9,Supplier D,None,707.99,Low Stock
MAT02091,Wool,Furniture,80.47,94.61,88.8,10.74,94.3,Supplier E,Cradle to Cradle,996.0,Low Stock
MAT02092,Jute,Construction,185.49,13.41,91.4,6.75,50.4,Supplier A,Cradle to Cradle,2059.23,Pre-Order
MAT02093,Flax Fiber,Electronics,400.69,52.18,94.9,14.91,59.1,Supplier A,None,1097.26,Low Stock
MAT02094,Cork Composite,Home Decor,390.94,26.71,47.7,0.87,52.5,Supplier B,Cradle to Cradle,3489.32,In Stock
MAT02095,Recycled Aluminum,Sports Equipment,373.68,95.74,46.2,12.88,42.9,Supplier A,GOTS,1191.05,In Stock
MAT02096,Wool,Bags & Luggage,211.63,6.72,57.9,9.13,46.3,Supplier C,GOTS,2997.13,In Stock
MAT02097,Jute,Cosmetics,297.48,86.4,39.3,11.83,26.0,Supplier D,FSC,3532.48,Low Stock
MAT02098,Recycled Copper,Construction,233.17,21.42,24.8,3.05,94.4,Supplier A,ISO 14001,752.81,In Stock
MAT02099,Corn Plastic,Toys,416.76,65.47,59.2,9.3,96.9,Supplier B,ISO 14001,590.96,Low Stock
MAT02100,Bio-based Polymer,Coatings,442.69,37.82,43.1,12.64,40.4,Supplier A,GOTS,2371.31,In Stock
MAT02101,Organic Cotton,Sports Equipment,478.12,1.78,66.8,12.19,18.7,Supplier D,EcoCert,3745.79,Pre-Order
MAT02102,Biodegradable Plastic,Textiles,498.47,89.16,34.8,6.26,49.5,Supplier D,EcoCert,474.76,In Stock
MAT02103,Sustainable Bamboo,Toys,237.63,88.82,21.5,3.63,99.8,Supplier B,Cradle to Cradle,1759.6,In Stock
MAT02104,Natural Rubber,Electronics,471.27,29.83,35.9,3.18,83.5,Supplier C,Cradle to Cradle,897.23,Pre-Order
MAT02105,Hemp Fiber,Textiles,432.88,44.62,65.1,11.85,43.3,Supplier E,ISO 14001,1128.8,Pre-Order
MAT02106,Hemp Fiber,Adhesives,25.93,40.37,94.4,4.27,15.6,Supplier E,EcoCert,1559.57,Low Stock
MAT02107,Organic Cotton,Coatings,117.3,60.87,30.2,10.66,99.1,Supplier E,ISO 14001,2131.44,In Stock
MAT02108,Recycled Aluminum,Textiles,412.9,23.0,72.2,4.83,77.2,Supplier A,FSC,3421.26,Low Stock
MAT02109,Flax Fiber,Sports Equipment,231.76,64.94,85.9,7.08,16.6,Supplier C,FSC,2734.02,Pre-Order
MAT02110,Cardboard,Household Items,315.48,63.03,49.9,7.06,0.1,Supplier D,GOTS,3588.92,In Stock
MAT02111,Jute,Kitchen Utensils,496.92,75.6,87.7,0.81,4.5,Supplier A,EcoCert,206.67,In Stock
MAT02112,Bioplastic,Food Packaging,91.29,77.39,92.3,11.76,94.4,Supplier B,EcoCert,3680.22,In Stock
MAT02113,Mycelium Leather,Household Items,275.68,91.47,66.8,3.01,15.7,Supplier B,FSC,3979.02,In Stock
MAT02114,Biodegradable Plastic,Automotive,129.89,7.66,32.3,5.93,65.2,Supplier A,ISO 14001,1486.53,Pre-Order
MAT02115,Recycled Copper,Accessories,494.76,29.08,83.7,10.4,3.3,Supplier E,EcoCert,3573.98,Pre-Order
MAT02116,Seaweed Polymer,Insulation,149.57,78.55,69.9,11.45,24.6,Supplier C,FSC,3652.83,Low Stock
MAT02117,Bio-based Polymer,Adhesives,219.11,1.72,63.0,5.53,74.7,Supplier B,ISO 14001,2310.72,In Stock
MAT02118,Corn Plastic,Household Items,378.8,9.96,90.4,1.33,78.0,Supplier D,GOTS,3159.81,Pre-Order
MAT02119,Bioplastic,Coatings,75.61,6.59,31.4,14.52,40.1,Supplier D,GOTS,465.63,Pre-Order
MAT02120,Certified Wood,Household Items,88.43,90.74,50.7,9.13,86.7,Supplier E,FSC,2719.08,Low Stock
MAT02121,Natural Rubber,Coatings,493.13,10.68,30.6,6.24,7.6,Supplier D,GOTS,1079.0,In Stock
MAT02122,Recycled Copper,Office Supplies,72.77,42.93,96.1,7.37,15.1,Supplier D,GOTS,3564.85,Low Stock
MAT02123,Organic Cotton,Construction,353.6,89.15,54.1,7.0,76.6,Supplier E,EcoCert,271.41,In Stock
MAT02124,Wool,Insulation,452.17,32.23,31.0,1.39,16.6,Supplier C,None,587.64,In Stock
MAT02125,Natural Rubber,Home Decor,14.87,10.31,36.8,11.69,10.0,Supplier C,FSC,2714.93,Pre-Order
MAT02126,Corn Plastic,Food Packaging,263.54,44.72,93.4,7.18,14.0,Supplier B,GOTS,2022.71,Pre-Order
MAT02127,Recycled Copper,Household Items,431.39,16.18,27.5,8.41,70.8,Supplier C,None,1179.43,Pre-Order
MAT02128,Seaweed Polymer,Textiles,299.44,73.86,97.5,4.89,54.3,Supplier D,Cradle to Cradle,2128.95,Pre-Order
MAT02129,Linen,Adhesives,107.15,21.69,38.8,2.97,59.0,Supplier C,ISO 14001,2389.57,Low Stock
MAT02130,Bioplastic,Food Packaging,91.31,47.26,63.4,4.7,43.3,Supplier E,GOTS,394.25,Pre-Order
MAT02131,Mushroom Composite,Home Decor,370.27,53.51,86.4,8.35,97.3,Supplier D,None,1443.37,Low Stock
MAT02132,Recycled Metal,Office Supplies,396.38,2.78,60.6,6.27,12.5,Supplier B,GOTS,2494.98,Low Stock
MAT02133,Cork,Bags & Luggage,371.19,8.94,66.8,2.95,15.9,Supplier C,ISO 14001,897.23,In Stock
MAT02134,Algae-based Material,Automotive,182.81,79.79,94.7,6.38,75.7,Supplier D,FSC,4106.01,Pre-Order
MAT02135,Jute,Furniture,298.6,25.94,34.4,0.68,85.1,Supplier B,FSC,841.62,Low Stock
MAT02136,Sustainable Bamboo,Footwear,289.17,18.33,20.9,0.69,70.2,Supplier B,None,1829.32,Low Stock
MAT02137,Recycled Paper,Construction,210.86,1.02,93.5,13.43,82.8,Supplier E,GOTS,375.99,Low Stock
MAT02138,Cork,Automotive,42.71,83.76,71.8,0.77,23.2,Supplier A,EcoCert,463.97,In Stock
MAT02139,Hemp Fiber,Home Decor,383.88,54.34,34.2,2.82,83.6,Supplier E,FSC,539.5,Low Stock
MAT02140,Biodegradable Plastic,Food Packaging,215.74,3.11,62.3,7.19,65.9,Supplier C,Cradle to Cradle,1442.54,In Stock
MAT02141,Wool,Sports Equipment,417.17,6.43,98.0,13.12,39.1,Supplier E,None,1035.84,Low Stock
MAT02142,Biodegradable Plastic,Electronics,290.5,23.6,33.9,4.43,9.0,Supplier B,FSC,3457.78,Pre-Order
MAT02143,Organic Cotton,Furniture,491.69,88.72,82.9,2.16,64.3,Supplier C,GOTS,3323.32,Pre-Order
MAT02144,Sustainable Bamboo,Sports Equipment,156.84,93.93,77.2,6.14,27.6,Supplier A,None,3421.26,In Stock
MAT02145,Recycled PET,Automotive,237.32,66.19,51.1,5.75,95.1,Supplier A,Cradle to Cradle,3729.19,Pre-Order
MAT02146,Cork,Household Items,306.16,18.83,98.0,12.37,88.0,Supplier D,GOTS,3388.06,Low Stock
MAT02147,Organic Cotton,Flooring,279.73,2.96,26.9,12.77,62.0,Supplier B,GOTS,2415.3,Pre-Order
MAT02148,Bio-based Polymer,Food Packaging,442.28,29.42,37.5,4.96,77.1,Supplier D,FSC,475.59,In Stock
MAT02149,Mycelium Leather,Home Decor,219.92,34.19,35.7,12.45,57.3,Supplier A,FSC,1952.99,Low Stock
MAT02150,Recycled Glass,Insulation,191.16,23.31,87.4,2.48,55.9,Supplier D,FSC,331.17,In Stock
MAT02151,Mushroom Composite,Sports Equipment,369.63,27.36,72.2,14.7,0.3,Supplier E,GOTS,1516.41,Pre-Order
MAT02152,Natural Rubber,Kitchen Utensils,373.54,27.52,27.3,11.03,23.4,Supplier E,ISO 14001,3274.35,In Stock
MAT02153,Recycled Aluminum,Accessories,243.71,8.69,73.8,1.22,48.9,Supplier D,None,2745.64,In Stock
MAT02154,Recycled Glass,Accessories,233.25,95.66,61.8,4.5,45.7,Supplier D,ISO 14001,1744.66,Pre-Order
MAT02155,Cork Composite,Toys,423.19,96.34,48.1,6.53,89.6,Supplier B,None,3549.08,Low Stock
MAT02156,Cork Composite,Accessories,208.02,92.54,92.1,11.84,36.8,Supplier A,EcoCert,1348.75,Low Stock
MAT02157,Corn Plastic,Flooring,375.81,57.55,95.1,2.66,47.5,Supplier E,ISO 14001,2938.2,In Stock
MAT02158,Cork Composite,Flooring,160.95,5.06,56.4,12.7,56.2,Supplier B,GOTS,247.34,Low Stock
MAT02159,Cork Composite,Sports Equipment,26.3,90.04,38.2,4.1,26.7,Supplier E,FSC,1858.37,In Stock
MAT02160,Biodegradable Plastic,Office Supplies,246.69,44.56,36.9,12.35,47.1,Supplier A,EcoCert,3319.17,In Stock
MAT02161,Bio-based Polymer,Automotive,216.11,88.9,58.0,8.83,28.1,Supplier A,EcoCert,489.7,Low Stock
MAT02162,Mushroom Composite,Flooring,221.14,22.58,80.8,10.31,80.8,Supplier D,FSC,351.92,Pre-Order
MAT02163,Jute,Furniture,159.29,81.51,75.7,10.56,86.8,Supplier D,Cradle to Cradle,2172.94,In Stock
MAT02164,Recycled Copper,Bags & Luggage,401.42,64.13,87.9,12.74,63.7,Supplier B,ISO 14001,2441.03,Pre-Order
MAT02165,Recycled PET,Food Packaging,138.56,85.79,53.8,10.65,7.8,Supplier D,ISO 14001,3609.67,Low Stock
MAT02166,Linen,Furniture,101.54,7.06,25.6,11.56,57.8,Supplier A,Cradle to Cradle,3998.94,In Stock
MAT02167,Seaweed Polymer,Adhesives,294.86,76.91,60.7,9.43,67.3,Supplier E,FSC,2423.6,Low Stock
MAT02168,Organic Cotton,Insulation,85.42,70.54,97.3,11.66,77.3,Supplier A,Cradle to Cradle,1095.6,Pre-Order
MAT02169,Biodegradable Plastic,Insulation,217.22,83.22,68.9,2.99,58.7,Supplier B,None,794.31,Pre-Order
MAT02170,Recycled Aluminum,Insulation,346.61,66.82,97.8,1.76,77.1,Supplier C,None,3981.51,Pre-Order
MAT02171,Bioplastic,Electronics,65.35,36.52,65.2,14.69,45.0,Supplier E,FSC,4125.93,In Stock
MAT02172,Bioplastic,Bags & Luggage,411.57,44.48,20.2,4.25,60.7,Supplier C,FSC,813.4,Pre-Order
MAT02173,Mushroom Composite,Household Items,332.76,25.29,24.3,2.63,87.2,Supplier A,Cradle to Cradle,2868.48,Pre-Order
MAT02174,Algae-based Material,Textiles,213.0,50.7,94.2,6.1,37.7,Supplier B,None,2719.08,In Stock
MAT02175,Natural Rubber,Flooring,294.15,75.8,92.2,1.25,38.0,Supplier E,None,3555.72,Pre-Order
MAT02176,Recycled Metal,Flooring,55.65,1.15,95.2,11.73,11.4,Supplier E,FSC,382.63,Low Stock
MAT02177,Cellulose,Footwear,30.84,88.1,36.3,7.94,53.9,Supplier A,Cradle to Cradle,2227.72,In Stock
MAT02178,Linen,Construction,269.06,60.46,53.2,3.02,87.0,Supplier C,EcoCert,1345.43,Low Stock
MAT02179,Cork Composite,Electronics,333.65,2.9,31.8,7.86,57.9,Supplier E,FSC,1516.41,Pre-Order
MAT02180,Cellulose,Toys,319.36,9.79,53.5,0.53,93.7,Supplier E,Cradle to Cradle,2896.7,In Stock
MAT02181,Bio-based Polymer,Kitchen Utensils,209.01,14.11,64.6,8.19,84.1,Supplier A,Cradle to Cradle,1122.99,In Stock
MAT02182,Cellulose,Automotive,497.19,42.71,73.8,13.29,28.1,Supplier E,Cradle to Cradle,1035.84,Pre-Order
MAT02183,Cellulose,Automotive,324.54,34.07,61.8,12.41,48.5,Supplier B,ISO 14001,189.24,Pre-Order
MAT02184,Recycled Copper,Footwear,407.15,93.11,31.4,2.85,87.7,Supplier E,ISO 14001,1022.56,Pre-Order
MAT02185,Sustainable Bamboo,Construction,478.84,46.39,39.9,3.15,90.9,Supplier D,None,2436.05,In Stock
MAT02186,Hemp Fiber,Coatings,194.59,76.34,20.1,13.82,29.4,Supplier B,None,1661.66,Low Stock
MAT02187,Recycled Paper,Home Decor,183.88,70.14,54.0,7.77,7.9,Supplier D,GOTS,2288.31,Low Stock
MAT02188,Wool,Electronics,485.74,87.5,86.2,4.44,87.7,Supplier B,ISO 14001,2197.84,Low Stock
MAT02189,Flax Fiber,Adhesives,231.37,50.34,61.4,4.51,71.2,Supplier B,FSC,1803.59,In Stock
MAT02190,Jute,Food Packaging,196.77,80.87,68.3,9.56,52.9,Supplier A,FSC,1296.46,Low Stock
MAT02191,Recycled Aluminum,Footwear,287.8,48.98,92.9,13.37,90.5,Supplier A,GOTS,703.01,In Stock
MAT02192,Bioplastic,Flooring,199.61,17.41,52.9,9.49,1.1,Supplier A,Cradle to Cradle,1826.83,Pre-Order
MAT02193,Recycled Aluminum,Sports Equipment,96.69,89.36,50.2,14.79,90.9,Supplier B,EcoCert,3942.5,Pre-Order
MAT02194,Bioplastic,Insulation,131.49,32.74,64.2,7.42,97.3,Supplier D,None,2381.27,Low Stock
MAT02195,Recycled PET,Coatings,101.77,91.72,54.7,4.87,24.7,Supplier A,EcoCert,2258.43,Low Stock
MAT02196,Bioplastic,Accessories,56.87,20.81,62.2,3.25,76.4,Supplier B,Cradle to Cradle,502.98,In Stock
MAT02197,Biodegradable Plastic,Electronics,449.43,29.67,24.0,14.69,69.8,Supplier B,EcoCert,3871.12,Pre-Order
MAT02198,Recycled Copper,Cosmetics,478.73,31.19,72.2,3.79,3.4,Supplier E,ISO 14001,1298.12,In Stock
MAT02199,Recycled Glass,Textiles,18.17,52.14,66.0,5.16,90.1,Supplier D,FSC,3526.67,In Stock
MAT02200,Recycled Aluminum,Coatings,274.67,64.8,86.6,6.06,16.0,Supplier B,GOTS,3296.76,In Stock
MAT02201,Natural Rubber,Coatings,485.11,65.25,24.4,3.15,33.7,Supplier E,Cradle to Cradle,1090.62,Low Stock
MAT02202,Jute,Coatings,471.78,11.13,95.5,8.6,62.0,Supplier E,EcoCert,664.0,In Stock
MAT02203,Cellulose,Home Decor,207.13,14.04,20.3,7.37,36.4,Supplier A,Cradle to Cradle,2667.62,Pre-Order
MAT02204,Jute,Sports Equipment,59.25,53.09,65.7,14.68,15.3,Supplier C,ISO 14001,3212.1,Low Stock
MAT02205,Hemp Fiber,Footwear,250.47,12.93,33.1,3.77,7.3,Supplier E,GOTS,939.56,Low Stock
MAT02206,Organic Cotton,Electronics,35.4,49.53,35.7,2.96,49.6,Supplier A,FSC,4032.97,Low Stock
MAT02207,Sustainable Bamboo,Adhesives,383.28,18.75,23.6,10.58,83.3,Supplier E,EcoCert,3130.76,Pre-Order
MAT02208,Sustainable Bamboo,Adhesives,107.16,48.94,36.8,1.08,29.8,Supplier C,GOTS,898.06,Low Stock
MAT02209,Recycled PET,Footwear,279.48,1.01,41.7,6.75,44.4,Supplier D,FSC,3985.66,In Stock
MAT02210,Natural Rubber,Cosmetics,462.27,88.6,75.3,7.32,32.1,Supplier E,ISO 14001,3262.73,Low Stock
MAT02211,Cellulose,Food Packaging,488.95,69.12,88.3,14.64,9.0,Supplier B,EcoCert,2934.88,Pre-Order
MAT02212,Certified Wood,Cosmetics,141.31,38.97,97.7,1.04,81.4,Supplier C,EcoCert,2390.4,In Stock
MAT02213,Certified Wood,Home Decor,276.86,8.83,78.9,1.88,89.5,Supplier C,None,1966.27,Pre-Order
MAT02214,Linen,Home Decor,131.95,66.97,93.7,1.18,49.2,Supplier A,GOTS,2049.27,In Stock
MAT02215,Recycled Aluminum,Accessories,447.21,80.31,77.3,5.12,31.2,Supplier A,FSC,2315.7,Pre-Order
MAT02216,Seaweed Polymer,Insulation,83.31,9.06,63.2,10.37,58.9,Supplier B,None,1734.7,Pre-Order
MAT02217,Recycled Paper,Accessories,261.73,91.62,63.5,6.29,94.9,Supplier A,None,2669.28,Low Stock
MAT02218,Algae-based Material,Insulation,16.1,39.78,32.6,10.62,9.1,Supplier C,None,3756.58,Low Stock
MAT02219,Flax Fiber,Coatings,111.26,21.17,38.9,10.95,13.2,Supplier B,EcoCert,386.78,Low Stock
MAT02220,Recycled Glass,Household Items,426.5,50.81,60.6,1.27,76.9,Supplier A,EcoCert,1887.42,Pre-Order
MAT02221,Bioplastic,Insulation,246.65,96.91,67.7,1.09,67.9,Supplier E,ISO 14001,634.12,Pre-Order
MAT02222,Corn Plastic,Footwear,434.17,8.81,36.0,12.91,14.5,Supplier A,ISO 14001,1718.93,Low Stock
MAT02223,Algae-based Material,Household Items,281.24,56.53,47.4,12.1,24.1,Supplier A,EcoCert,2787.97,Pre-Order
MAT02224,Linen,Food Packaging,154.68,46.03,74.7,14.82,14.7,Supplier E,Cradle to Cradle,1415.15,Pre-Order
MAT02225,Biodegradable Plastic,Kitchen Utensils,243.93,27.99,76.9,4.8,72.6,Supplier A,EcoCert,3984.83,Pre-Order
MAT02226,Wool,Construction,460.08,89.64,26.4,11.39,28.9,Supplier E,EcoCert,3137.4,Low Stock
MAT02227,Recycled Copper,Accessories,292.52,42.7,83.4,12.16,99.8,Supplier D,FSC,693.05,In Stock
MAT02228,Natural Rubber,Adhesives,194.2,1.27,38.6,0.7,74.9,Supplier E,GOTS,459.82,In Stock
MAT02229,Recycled Metal,Home Decor,248.22,56.0,55.9,3.63,38.8,Supplier C,ISO 14001,1764.58,Low Stock
MAT02230,Hemp Fiber,Food Packaging,204.15,24.63,86.3,5.88,12.9,Supplier A,None,2280.84,Pre-Order
MAT02231,Jute,Household Items,420.34,62.76,67.0,0.66,21.6,Supplier A,FSC,340.3,In Stock
MAT02232,Seaweed Polymer,Accessories,323.16,15.17,30.8,9.32,33.9,Supplier D,GOTS,2909.15,Pre-Order
MAT02233,Recycled PET,Coatings,189.67,85.89,66.0,12.45,96.9,Supplier E,None,332.0,Pre-Order
MAT02234,Jute,Food Packaging,75.19,96.73,47.9,12.31,49.3,Supplier C,GOTS,1342.11,Low Stock
MAT02235,Cellulose,Adhesives,476.39,5.34,42.9,8.57,60.5,Supplier C,FSC,2929.07,Pre-Order
MAT02236,Sustainable Bamboo,Textiles,283.14,63.43,29.7,8.45,38.9,Supplier E,FSC,2672.6,Low Stock
MAT02237,Corn Plastic,Footwear,383.42,40.42,52.5,13.07,59.7,Supplier B,ISO 14001,2898.36,Low Stock
MAT02238,Bioplastic,Kitchen Utensils,35.64,70.24,50.4,3.9,81.2,Supplier D,FSC,574.36,Low Stock
MAT02239,Algae-based Material,Sports Equipment,24.94,2.04,55.9,9.79,75.8,Supplier D,ISO 14001,3759.07,In Stock
MAT02240,Cork,Home Decor,401.89,7.23,60.3,0.89,37.4,Supplier A,ISO 14001,958.65,Low Stock
MAT02241,Hemp Fiber,Cosmetics,217.35,81.09,45.3,1.28,52.7,Supplier C,FSC,2445.18,In Stock
MAT02242,Mycelium Leather,Footwear,46.78,25.28,46.1,6.91,26.5,Supplier C,None,2992.98,Pre-Order
MAT02243,Certified Wood,Furniture,57.57,81.35,75.6,14.82,46.8,Supplier D,ISO 14001,382.63,Pre-Order
MAT02244,Recycled Copper,Cosmetics,381.65,93.31,71.0,8.21,43.5,Supplier C,None,3128.27,Low Stock
MAT02245,Recycled Aluminum,Furniture,220.55,39.45,29.8,3.91,88.1,Supplier D,GOTS,3008.75,Pre-Order
MAT02246,Wool,Insulation,235.4,55.15,20.6,10.46,4.9,Supplier B,None,906.36,Pre-Order
MAT02247,Cardboard,Kitchen Utensils,402.63,9.78,41.2,12.91,80.6,Supplier B,FSC,565.23,In Stock
MAT02248,Bioplastic,Home Decor,221.92,24.95,35.2,12.35,69.0,Supplier D,FSC,2571.34,Pre-Order
MAT02249,Recycled Metal,Furniture,287.11,86.2,43.1,1.08,86.9,Supplier C,FSC,3837.09,In Stock
MAT02250,Corn Plastic,Office Supplies,468.04,89.68,56.8,9.45,59.4,Supplier B,Cradle to Cradle,910.51,Low Stock
MAT02251,Hemp Fiber,Coatings,467.2,16.79,77.7,13.08,65.2,Supplier B,None,351.92,In Stock
MAT02252,Biodegradable Plastic,Adhesives,56.02,69.19,20.0,6.64,18.9,Supplier B,EcoCert,3197.99,Low Stock
MAT02253,Recycled Glass,Construction,114.08,30.4,72.8,9.27,52.5,Supplier A,None,3709.27,Low Stock
MAT02254,Natural Rubber,Bags & Luggage,432.39,33.5,41.5,5.46,89.7,Supplier D,GOTS,395.08,Low Stock
MAT02255,Recycled Aluminum,Coatings,314.94,20.97,96.8,2.3,0.4,Supplier C,FSC,3481.85,In Stock
MAT02256,Wool,Construction,100.31,76.08,99.4,11.01,15.1,Supplier D,Cradle to Cradle,677.28,Low Stock
MAT02257,Cork,Furniture,470.22,42.0,78.1,10.65,3.4,Supplier C,None,1752.96,Low Stock
MAT02258,Biodegradable Plastic,Toys,11.69,56.29,24.2,5.99,3.5,Supplier B,EcoCert,2613.67,Pre-Order
MAT02259,Seaweed Polymer,Footwear,76.28,29.48,78.2,1.05,47.3,Supplier A,FSC,2987.17,Low Stock
MAT02260,Mycelium Leather,Electronics,340.94,86.99,57.9,11.5,50.6,Supplier D,FSC,1871.65,Low Stock
MAT02261,Recycled Aluminum,Electronics,422.51,43.54,32.8,12.72,24.5,Supplier E,None,1778.69,Low Stock
MAT02262,Cellulose,Office Supplies,442.69,79.75,95.7,11.07,28.3,Supplier C,EcoCert,1950.5,Low Stock
MAT02263,Cellulose,Adhesives,112.34,52.75,37.4,9.01,77.0,Supplier E,EcoCert,2872.63,Pre-Order
MAT02264,Mycelium Leather,Coatings,396.9,26.51,93.1,7.84,3.4,Supplier C,GOTS,3114.16,In Stock
MAT02265,Recycled Glass,Coatings,354.08,66.52,31.4,6.55,87.2,Supplier B,FSC,1347.92,Pre-Order
MAT02266,Hemp Fiber,Adhesives,136.06,38.72,30.5,2.78,54.8,Supplier E,None,2970.57,In Stock
MAT02267,Wool,Textiles,171.48,29.54,94.6,3.81,1.6,Supplier B,None,2953.97,Low Stock
MAT02268,Jute,Automotive,77.36,20.12,67.3,8.2,91.5,Supplier C,FSC,3906.81,Pre-Order
MAT02269,Bio-based Polymer,Bags & Luggage,204.87,46.65,60.3,7.63,84.7,Supplier E,FSC,3251.11,In Stock
MAT02270,Cork,Toys,267.67,55.06,58.6,5.28,54.7,Supplier A,Cradle to Cradle,3544.1,Pre-Order
MAT02271,Recycled Paper,Office Supplies,351.79,98.76,36.0,10.99,57.6,Supplier C,Cradle to Cradle,1640.08,Pre-Order
MAT02272,Recycled Aluminum,Coatings,272.88,87.11,41.7,0.86,67.9,Supplier D,EcoCert,2219.42,Low Stock
MAT02273,Recycled Aluminum,Office Supplies,104.47,68.15,39.3,0.55,62.1,Supplier B,FSC,3824.64,Low Stock
MAT02274,Seaweed Polymer,Textiles,34.84,54.76,65.9,2.54,8.4,Supplier A,ISO 14001,1762.92,Low Stock
MAT02275,Natural Rubber,Home Decor,451.43,73.51,74.8,6.39,27.8,Supplier E,Cradle to Cradle,2154.68,Low Stock
MAT02276,Natural Rubber,Home Decor,445.35,35.85,99.3,3.0,47.0,Supplier A,ISO 14001,1259.94,Low Stock
MAT02277,Mushroom Composite,Toys,175.41,78.9,53.2,8.2,13.3,Supplier C,ISO 14001,2888.4,Low Stock
MAT02278,Linen,Home Decor,135.12,11.54,34.0,4.22,30.3,Supplier E,EcoCert,439.9,Pre-Order
MAT02279,Cardboard,Footwear,12.42,80.37,86.7,3.42,40.7,Supplier D,ISO 14001,2294.95,Pre-Order
MAT02280,Cork Composite,Accessories,419.88,82.24,89.4,11.09,45.3,Supplier D,FSC,3984.0,In Stock
MAT02281,Bioplastic,Footwear,406.85,27.51,93.3,7.93,41.1,Supplier C,None,856.56,In Stock
MAT02282,Algae-based Material,Coatings,370.58,23.11,98.6,11.76,27.8,Supplier C,None,441.56,Pre-Order
MAT02283,Biodegradable Plastic,Adhesives,387.38,64.16,85.9,7.4,48.5,Supplier E,Cradle to Cradle,3530.82,In Stock
MAT02284,Corn Plastic,Household Items,174.95,16.13,41.5,3.54,38.9,Supplier A,GOTS,1242.51,Low Stock
MAT02285,Recycled Paper,Toys,110.28,75.6,50.2,10.52,29.9,Supplier A,EcoCert,2195.35,Low Stock
MAT02286,Cardboard,Accessories,290.79,68.01,91.1,8.97,62.8,Supplier B,None,2351.39,Low Stock
MAT02287,Biodegradable Plastic,Automotive,361.44,25.85,31.8,13.14,85.7,Supplier A,GOTS,3359.01,Pre-Order
MAT02288,Bioplastic,Construction,172.74,28.76,87.3,0.75,19.1,Supplier A,FSC,1409.34,In Stock
MAT02289,Recycled Aluminum,Toys,335.84,47.65,62.6,7.17,61.0,Supplier A,None,3973.21,Low Stock
MAT02290,Sustainable Bamboo,Flooring,450.68,74.04,99.5,10.46,72.2,Supplier E,EcoCert,968.61,Pre-Order
MAT02291,Recycled Metal,Coatings,166.8,64.5,89.9,10.6,80.6,Supplier E,Cradle to Cradle,1267.41,In Stock
MAT02292,Hemp Fiber,Accessories,92.47,89.26,22.5,9.82,72.3,Supplier E,GOTS,1666.64,In Stock
MAT02293,Recycled PET,Sports Equipment,420.94,29.96,61.3,1.93,98.2,Supplier A,Cradle to Cradle,932.92,Low Stock
MAT02294,Bio-based Polymer,Adhesives,114.68,96.69,93.2,1.75,9.2,Supplier A,Cradle to Cradle,3400.51,Pre-Order
MAT02295,Mushroom Composite,Construction,154.5,15.52,50.5,5.75,34.0,Supplier E,EcoCert,1411.0,Pre-Order
MAT02296,Corn Plastic,Electronics,467.45,92.86,38.8,7.17,14.4,Supplier A,Cradle to Cradle,2770.54,Pre-Order
MAT02297,Mushroom Composite,Adhesives,23.22,16.0,33.7,7.34,82.8,Supplier D,GOTS,391.76,Low Stock
MAT02298,Seaweed Polymer,Insulation,317.57,45.35,73.7,8.51,81.0,Supplier E,GOTS,4087.75,Pre-Order
MAT02299,Mycelium Leather,Cosmetics,317.29,45.07,59.7,5.05,59.3,Supplier E,EcoCert,473.93,Pre-Order
MAT02300,Wool,Food Packaging,423.07,75.15,57.0,1.46,58.3,Supplier E,ISO 14001,1442.54,Pre-Order
MAT02301,Recycled Aluminum,Footwear,191.1,98.77,81.0,9.59,16.8,Supplier B,EcoCert,3460.27,Low Stock
MAT02302,Algae-based Material,Flooring,227.21,21.33,21.8,2.76,1.7,Supplier A,FSC,2074.17,In Stock
MAT02303,Recycled Aluminum,Office Supplies,343.82,18.86,94.9,11.9,60.3,Supplier C,None,2684.22,In Stock
MAT02304,Algae-based Material,Insulation,58.89,92.91,71.8,8.33,64.4,Supplier A,EcoCert,3541.61,In Stock
MAT02305,Corn Plastic,Electronics,327.94,49.36,93.2,6.13,76.0,Supplier A,ISO 14001,4013.05,In Stock
MAT02306,Recycled PET,Adhesives,74.66,48.62,31.7,8.55,38.8,Supplier B,FSC,2582.96,Low Stock
MAT02307,Flax Fiber,Flooring,334.75,85.1,72.9,9.31,45.4,Supplier C,ISO 14001,350.26,Low Stock
MAT02308,Cardboard,Bags & Luggage,235.52,61.8,89.0,11.85,86.5,Supplier B,GOTS,4135.89,Low Stock
MAT02309,Flax Fiber,Toys,16.5,49.2,38.9,1.97,17.1,Supplier B,ISO 14001,3374.78,Low Stock
MAT02310,Natural Rubber,Bags & Luggage,319.74,68.45,81.4,6.88,90.5,Supplier A,EcoCert,1590.28,Low Stock
MAT02311,Bioplastic,Coatings,341.0,74.18,61.3,10.81,28.0,Supplier C,EcoCert,344.45,Pre-Order
MAT02312,Cork,Textiles,486.21,31.82,44.7,7.51,5.1,Supplier A,FSC,3830.45,In Stock
MAT02313,Cellulose,Bags & Luggage,426.91,20.65,62.9,6.94,32.4,Supplier E,EcoCert,3154.0,In Stock
MAT02314,Recycled Copper,Food Packaging,295.56,44.35,89.8,9.46,53.8,Supplier B,FSC,3647.02,Pre-Order
MAT02315,Recycled Glass,Household Items,185.01,51.73,41.1,14.66,57.5,Supplier B,Cradle to Cradle,1335.47,Pre-Order
MAT02316,Jute,Footwear,409.06,7.57,37.4,2.45,31.9,Supplier D,EcoCert,1036.67,Pre-Order
MAT02317,Cork,Textiles,183.98,94.55,49.3,10.74,16.0,Supplier B,None,3791.44,Low Stock
MAT02318,Hemp Fiber,Textiles,259.43,96.21,81.9,3.52,3.8,Supplier A,GOTS,2416.96,Pre-Order
MAT02319,Certified Wood,Footwear,324.84,99.6,38.1,3.04,9.0,Supplier C,ISO 14001,3570.66,Pre-Order
MAT02320,Certified Wood,Household Items,273.4,58.72,83.8,0.85,46.7,Supplier C,Cradle to Cradle,991.85,Low Stock
MAT02321,Flax Fiber,Household Items,200.5,72.99,47.6,9.67,35.7,Supplier A,None,1294.8,Low Stock
MAT02322,Mycelium Leather,Coatings,66.3,7.3,20.2,0.69,16.2,Supplier E,None,825.85,In Stock
MAT02323,Linen,Adhesives,280.39,64.91,95.4,13.42,9.9,Supplier C,GOTS,3304.23,Pre-Order
MAT02324,Cardboard,Office Supplies,352.53,6.8,67.3,12.35,20.3,Supplier D,GOTS,2105.71,In Stock
MAT02325,Recycled Copper,Construction,299.83,72.18,30.0,6.37,66.4,Supplier B,ISO 14001,4137.55,In Stock
MAT02326,Jute,Home Decor,484.93,75.16,66.0,9.86,38.4,Supplier A,EcoCert,3429.56,In Stock
MAT02327,Jute,Office Supplies,231.69,13.19,79.7,14.85,41.4,Supplier A,FSC,3960.76,Low Stock
MAT02328,Recycled Copper,Office Supplies,458.48,28.51,84.9,13.86,13.4,Supplier B,FSC,3548.25,Pre-Order
MAT02329,Flax Fiber,Accessories,141.65,59.25,23.2,13.54,20.9,Supplier D,EcoCert,1909.83,In Stock
MAT02330,Jute,Kitchen Utensils,185.46,74.3,27.5,13.03,61.4,Supplier C,GOTS,1470.76,Low Stock
MAT02331,Organic Cotton,Household Items,153.95,62.06,36.9,11.76,35.0,Supplier D,GOTS,1990.34,Low Stock
MAT02332,Recycled Glass,Construction,435.59,38.31,24.2,8.47,24.6,Supplier D,FSC,3160.64,In Stock
MAT02333,Recycled Aluminum,Adhesives,393.32,36.31,92.4,6.03,61.2,Supplier E,FSC,1499.81,Pre-Order
MAT02334,Bio-based Polymer,Kitchen Utensils,345.8,38.19,90.5,12.27,29.9,Supplier B,EcoCert,345.28,Low Stock
MAT02335,Biodegradable Plastic,Automotive,374.05,34.12,25.1,10.97,20.8,Supplier C,GOTS,3898.51,Pre-Order
MAT02336,Mycelium Leather,Insulation,205.67,14.93,62.7,8.27,57.3,Supplier B,FSC,1363.69,In Stock
MAT02337,Mycelium Leather,Home Decor,145.24,73.39,75.7,5.92,48.2,Supplier B,FSC,2477.55,Low Stock
MAT02338,Sustainable Bamboo,Textiles,137.75,78.39,56.6,8.0,59.0,Supplier A,FSC,1428.43,Pre-Order
MAT02339,Biodegradable Plastic,Footwear,16.84,32.9,39.5,7.69,43.5,Supplier B,ISO 14001,543.65,Pre-Order
MAT02340,Mushroom Composite,Home Decor,256.0,6.92,77.8,8.27,96.5,Supplier B,EcoCert,507.96,In Stock
MAT02341,Natural Rubber,Cosmetics,469.78,25.77,54.7,8.26,17.1,Supplier A,Cradle to Cradle,580.17,Pre-Order
MAT02342,Sustainable Bamboo,Insulation,233.49,5.49,73.7,9.65,32.0,Supplier C,Cradle to Cradle,1366.18,In Stock
MAT02343,Jute,Insulation,329.33,1.23,89.1,12.42,65.7,Supplier A,GOTS,1139.59,Low Stock
MAT02344,Bio-based Polymer,Furniture,16.0,4.29,34.8,1.29,95.9,Supplier C,None,1885.76,Pre-Order
MAT02345,Natural Rubber,Electronics,340.89,91.64,31.0,4.68,9.6,Supplier B,ISO 14001,1318.87,Low Stock
MAT02346,Jute,Kitchen Utensils,27.97,32.19,40.5,11.21,56.6,Supplier D,Cradle to Cradle,242.36,In Stock
MAT02347,Cork,Flooring,78.92,14.43,30.9,1.04,99.1,Supplier E,FSC,1090.62,In Stock
MAT02348,Wool,Automotive,33.12,38.4,72.4,1.89,66.3,Supplier A,ISO 14001,2612.01,In Stock
MAT02349,Cork Composite,Furniture,135.45,31.37,37.9,1.96,22.8,Supplier B,EcoCert,860.71,Low Stock
MAT02350,Organic Cotton,Furniture,87.58,73.56,40.3,12.57,41.2,Supplier B,FSC,1294.8,Low Stock
MAT02351,Bio-based Polymer,Flooring,205.87,77.48,43.8,6.92,79.3,Supplier E,EcoCert,856.56,Low Stock
MAT02352,Jute,Furniture,141.14,74.8,78.4,8.96,35.7,Supplier D,None,1908.17,Pre-Order
MAT02353,Cardboard,Accessories,145.6,57.71,71.0,5.73,62.2,Supplier C,Cradle to Cradle,3474.38,In Stock
MAT02354,Natural Rubber,Automotive,498.67,98.2,52.3,12.3,56.3,Supplier D,Cradle to Cradle,429.94,In Stock
MAT02355,Certified Wood,Accessories,437.45,51.58,69.6,6.54,30.0,Supplier C,FSC,1228.4,In Stock
MAT02356,Linen,Adhesives,352.0,16.77,90.3,11.77,94.9,Supplier D,Cradle to Cradle,3846.22,Pre-Order
MAT02357,Natural Rubber,Accessories,175.65,56.56,75.9,10.65,40.8,Supplier E,EcoCert,3201.31,Low Stock
MAT02358,Recycled Copper,Accessories,85.51,21.05,92.9,11.45,38.8,Supplier B,GOTS,3846.22,In Stock
MAT02359,Natural Rubber,Kitchen Utensils,50.08,64.45,89.1,10.62,41.8,Supplier E,FSC,948.69,Low Stock
MAT02360,Mycelium Leather,Furniture,470.69,29.38,63.9,7.75,42.9,Supplier A,Cradle to Cradle,2830.3,In Stock
MAT02361,Linen,Insulation,82.09,56.99,67.2,3.93,60.8,Supplier E,None,3709.27,In Stock
MAT02362,Jute,Textiles,183.7,23.24,95.7,1.71,39.4,Supplier B,None,3280.16,Low Stock
MAT02363,Sustainable Bamboo,Electronics,129.97,50.21,36.7,2.4,5.9,Supplier A,ISO 14001,2919.11,Low Stock
MAT02364,Algae-based Material,Coatings,217.57,48.72,64.3,10.82,55.6,Supplier C,EcoCert,723.76,In Stock
MAT02365,Organic Cotton,Construction,489.81,97.93,51.9,3.35,76.8,Supplier D,Cradle to Cradle,3285.14,In Stock
MAT02366,Natural Rubber,Household Items,420.78,75.12,99.3,9.68,38.9,Supplier C,Cradle to Cradle,2964.76,In Stock
MAT02367,Corn Plastic,Furniture,302.95,46.54,79.8,8.98,80.7,Supplier C,ISO 14001,2678.41,In Stock
MAT02368,Linen,Adhesives,138.51,84.8,26.4,10.18,18.2,Supplier D,None,1813.55,Low Stock
MAT02369,Recycled Aluminum,Toys,53.33,41.59,99.2,0.87,68.2,Supplier B,GOTS,2359.69,In Stock
MAT02370,Bioplastic,Textiles,26.1,95.64,28.6,5.57,77.3,Supplier D,None,275.56,In Stock
MAT02371,Recycled Aluminum,Coatings,143.33,58.93,80.9,1.68,22.6,Supplier C,FSC,1249.98,Low Stock
MAT02372,Wool,Sports Equipment,418.28,66.02,36.4,10.44,53.3,Supplier A,EcoCert,566.06,Pre-Order
MAT02373,Seaweed Polymer,Household Items,53.42,7.15,25.7,6.8,60.0,Supplier C,EcoCert,316.23,In Stock
MAT02374,Organic Cotton,Office Supplies,15.11,29.01,72.4,9.06,65.8,Supplier A,GOTS,3240.32,Pre-Order
MAT02375,Bio-based Polymer,Food Packaging,83.76,56.62,90.5,12.87,92.6,Supplier E,ISO 14001,1776.2,Pre-Order
MAT02376,Sustainable Bamboo,Coatings,305.09,25.4,31.6,14.34,77.0,Supplier C,GOTS,1193.54,Pre-Order
MAT02377,Mycelium Leather,Construction,498.24,21.74,35.8,6.67,69.5,Supplier A,Cradle to Cradle,2418.62,Pre-Order
MAT02378,Organic Cotton,Furniture,461.18,38.83,26.4,11.91,9.9,Supplier A,Cradle to Cradle,2962.27,In Stock
MAT02379,Cork,Construction,393.52,10.68,74.5,13.93,81.7,Supplier C,Cradle to Cradle,4135.89,Pre-Order
MAT02380,Biodegradable Plastic,Automotive,485.62,52.55,84.2,1.78,9.2,Supplier E,Cradle to Cradle,693.88,Pre-Order
MAT02381,Recycled Glass,Bags & Luggage,76.99,48.97,75.8,11.7,60.8,Supplier D,EcoCert,4029.65,Low Stock
MAT02382,Cardboard,Office Supplies,154.34,43.44,68.4,3.96,78.9,Supplier D,GOTS,483.89,Pre-Order
MAT02383,Organic Cotton,Office Supplies,69.84,58.18,42.9,4.12,15.2,Supplier A,ISO 14001,1553.76,Pre-Order
MAT02384,Hemp Fiber,Cosmetics,460.84,22.56,24.1,9.15,43.3,Supplier D,ISO 14001,2802.91,Low Stock
MAT02385,Algae-based Material,Household Items,408.93,34.38,99.9,3.04,65.6,Supplier A,ISO 14001,3112.5,In Stock
MAT02386,Cellulose,Home Decor,148.67,72.35,25.2,10.76,58.4,Supplier E,GOTS,2545.61,Pre-Order
MAT02387,Mushroom Composite,Home Decor,218.7,60.85,60.5,14.74,59.8,Supplier A,GOTS,4075.3,In Stock
MAT02388,Recycled Aluminum,Bags & Luggage,222.02,35.44,73.1,6.33,36.6,Supplier C,FSC,3266.88,In Stock
MAT02389,Recycled PET,Cosmetics,233.29,39.58,30.7,9.97,40.5,Supplier D,ISO 14001,268.92,Low Stock
MAT02390,Biodegradable Plastic,Food Packaging,50.67,86.04,72.3,4.48,83.9,Supplier D,EcoCert,185.92,Pre-Order
MAT02391,Jute,Automotive,137.73,78.96,61.0,11.78,10.3,Supplier D,Cradle to Cradle,186.75,Pre-Order
MAT02392,Bioplastic,Food Packaging,339.43,98.84,84.3,1.95,13.6,Supplier D,Cradle to Cradle,726.25,In Stock
MAT02393,Cork,Flooring,362.86,13.05,89.6,10.06,14.0,Supplier B,FSC,735.38,In Stock
MAT02394,Algae-based Material,Construction,149.12,54.07,57.7,13.06,52.6,Supplier E,EcoCert,1591.94,Pre-Order
MAT02395,Recycled Glass,Food Packaging,10.63,10.13,78.1,8.54,45.2,Supplier B,GOTS,3363.16,In Stock
MAT02396,Flax Fiber,Textiles,468.65,35.36,22.4,12.87,77.4,Supplier D,FSC,939.56,In Stock
MAT02397,Cork Composite,Flooring,300.1,92.43,20.6,13.98,28.9,Supplier C,Cradle to Cradle,2714.1,Pre-Order
MAT02398,Recycled Paper,Coatings,381.99,52.89,22.3,13.94,1.7,Supplier C,ISO 14001,455.67,Pre-Order
MAT02399,Recycled Glass,Bags & Luggage,128.87,8.64,46.6,11.51,78.7,Supplier A,None,2200.33,Low Stock
MAT02400,Recycled Glass,Kitchen Utensils,282.28,80.19,43.0,13.31,12.9,Supplier A,None,311.25,Pre-Order
MAT02401,Wool,Insulation,463.91,23.1,50.8,11.46,49.8,Supplier A,None,3802.23,In Stock
MAT02402,Recycled PET,Insulation,296.74,12.43,31.7,3.72,66.1,Supplier D,GOTS,3056.06,In Stock
MAT02403,Corn Plastic,Office Supplies,302.17,2.36,85.1,8.51,95.8,Supplier C,EcoCert,3811.36,Pre-Order
MAT02404,Recycled Glass,Electronics,276.92,28.55,66.1,11.18,83.4,Supplier D,EcoCert,2567.19,Pre-Order
MAT02405,Recycled Paper,Footwear,186.05,16.17,68.6,8.38,1.5,Supplier A,Cradle to Cradle,431.6,Low Stock
MAT02406,Jute,Toys,127.89,45.78,41.9,6.94,4.3,Supplier B,Cradle to Cradle,1756.28,Low Stock
MAT02407,Sustainable Bamboo,Accessories,214.94,56.45,43.9,13.53,5.9,Supplier A,EcoCert,1591.11,Low Stock
MAT02408,Cork,Kitchen Utensils,364.21,61.98,32.9,9.39,39.8,Supplier D,Cradle to Cradle,1239.19,In Stock
MAT02409,Natural Rubber,Electronics,270.44,67.86,39.2,2.54,25.1,Supplier E,ISO 14001,1012.6,In Stock
MAT02410,Mycelium Leather,Cosmetics,232.64,13.48,28.8,5.3,24.7,Supplier E,ISO 14001,3644.53,Low Stock
MAT02411,Algae-based Material,Bags & Luggage,164.51,28.9,96.5,13.96,38.4,Supplier E,Cradle to Cradle,3489.32,In Stock
MAT02412,Bio-based Polymer,Household Items,90.63,45.77,39.1,11.56,22.2,Supplier C,None,741.19,Pre-Order
MAT02413,Recycled Glass,Home Decor,98.83,23.0,26.6,9.78,92.2,Supplier D,FSC,721.27,In Stock
MAT02414,Mycelium Leather,Electronics,456.71,14.84,54.8,3.17,88.2,Supplier A,Cradle to Cradle,2625.29,In Stock
MAT02415,Organic Cotton,Kitchen Utensils,154.79,16.54,31.1,2.4,30.2,Supplier E,FSC,1788.65,In Stock
MAT02416,Certified Wood,Accessories,299.27,90.08,50.6,3.54,85.8,Supplier D,FSC,3489.32,In Stock
MAT02417,Corn Plastic,Home Decor,378.25,97.15,29.7,3.84,15.7,Supplier E,GOTS,346.11,In Stock
MAT02418,Bio-based Polymer,Construction,32.09,10.43,66.8,2.04,23.9,Supplier C,EcoCert,1136.27,In Stock
MAT02419,Cardboard,Coatings,248.73,60.77,20.2,9.87,18.4,Supplier C,Cradle to Cradle,2483.36,In Stock
MAT02420,Linen,Construction,100.26,34.71,77.2,10.32,70.0,Supplier C,GOTS,420.81,Pre-Order
MAT02421,Recycled Glass,Electronics,366.28,58.36,69.7,13.53,22.7,Supplier C,None,1303.93,In Stock
MAT02422,Recycled Metal,Accessories,50.59,39.12,70.2,7.25,78.2,Supplier C,GOTS,3227.04,Low Stock
MAT02423,Recycled Glass,Toys,369.62,83.95,55.5,11.84,11.8,Supplier C,FSC,1343.77,Pre-Order
MAT02424,Bioplastic,Textiles,460.8,67.34,97.9,6.7,42.1,Supplier A,GOTS,1870.82,In Stock
MAT02425,Wool,Kitchen Utensils,327.57,76.21,25.4,0.88,57.5,Supplier C,Cradle to Cradle,2372.14,Pre-Order
MAT02426,Recycled Paper,Sports Equipment,334.47,79.92,70.0,2.76,24.6,Supplier D,Cradle to Cradle,2856.03,Pre-Order
MAT02427,Algae-based Material,Toys,21.78,63.29,58.2,6.7,33.5,Supplier B,None,705.5,Low Stock
MAT02428,Organic Cotton,Insulation,184.31,16.38,89.5,5.99,63.6,Supplier E,GOTS,3036.14,Low Stock
MAT02429,Hemp Fiber,Kitchen Utensils,51.06,29.32,32.2,5.02,2.2,Supplier B,Cradle to Cradle,281.37,Low Stock
MAT02430,Cork Composite,Accessories,289.2,54.25,92.6,2.65,24.3,Supplier B,FSC,2944.01,Low Stock
MAT02431,Jute,Home Decor,303.72,63.01,88.1,6.01,20.9,Supplier E,None,4033.8,Low Stock
MAT02432,Organic Cotton,Kitchen Utensils,332.96,20.97,74.6,6.48,57.0,Supplier C,FSC,3681.05,Pre-Order
MAT02433,Recycled Metal,Food Packaging,56.18,78.12,73.4,0.94,38.8,Supplier D,Cradle to Cradle,1572.85,Low Stock
MAT02434,Bio-based Polymer,Sports Equipment,228.11,79.51,37.6,13.37,6.4,Supplier B,GOTS,742.02,Low Stock
MAT02435,Certified Wood,Accessories,481.5,91.05,59.1,12.6,67.3,Supplier D,EcoCert,1416.81,Low Stock
MAT02436,Jute,Household Items,269.18,51.62,67.1,2.82,27.9,Supplier C,None,3361.5,Low Stock
MAT02437,Corn Plastic,Textiles,20.62,41.27,31.0,0.58,41.3,Supplier E,Cradle to Cradle,682.26,Low Stock
MAT02438,Linen,Insulation,465.12,86.02,31.4,10.25,86.6,Supplier D,Cradle to Cradle,3217.08,Pre-Order
MAT02439,Cardboard,Automotive,302.67,23.91,45.6,0.82,44.1,Supplier C,None,3264.39,Low Stock
MAT02440,Recycled Metal,Cosmetics,74.19,11.91,55.0,11.85,37.1,Supplier B,FSC,183.43,Low Stock
MAT02441,Cardboard,Toys,279.55,85.85,94.8,10.64,73.0,Supplier C,Cradle to Cradle,190.9,Pre-Order
MAT02442,Recycled Aluminum,Toys,430.41,14.56,29.3,8.04,69.8,Supplier A,FSC,372.67,In Stock
MAT02443,Cellulose,Coatings,269.55,10.27,56.2,10.37,94.7,Supplier B,FSC,4090.24,In Stock
MAT02444,Recycled PET,Construction,349.77,92.72,75.9,4.41,6.4,Supplier D,Cradle to Cradle,3841.24,Pre-Order
MAT02445,Recycled PET,Electronics,203.76,41.29,37.6,2.54,86.3,Supplier E,Cradle to Cradle,4068.66,In Stock
MAT02446,Biodegradable Plastic,Textiles,43.01,14.69,83.5,2.7,82.2,Supplier E,GOTS,3516.71,Pre-Order
MAT02447,Mycelium Leather,Construction,199.97,26.06,97.2,8.38,20.5,Supplier D,Cradle to Cradle,3164.79,Pre-Order
MAT02448,Recycled Aluminum,Office Supplies,21.24,79.21,33.3,14.67,54.0,Supplier A,None,1781.18,In Stock
MAT02449,Linen,Electronics,427.39,64.37,40.3,13.8,89.1,Supplier E,FSC,3658.64,In Stock
MAT02450,Algae-based Material,Home Decor,459.44,28.71,77.2,1.25,86.7,Supplier E,GOTS,746.17,In Stock
MAT02451,Recycled Aluminum,Furniture,193.36,82.66,97.5,13.18,7.7,Supplier C,Cradle to Cradle,3747.45,In Stock
MAT02452,Cardboard,Home Decor,395.67,53.53,75.3,10.77,6.0,Supplier B,EcoCert,3662.79,Pre-Order
MAT02453,Mushroom Composite,Adhesives,323.07,73.1,22.9,4.2,6.8,Supplier C,FSC,1288.99,In Stock
MAT02454,Certified Wood,Office Supplies,198.63,51.39,26.1,3.6,33.0,Supplier A,GOTS,2247.64,Pre-Order
MAT02455,Cellulose,Furniture,243.88,46.35,48.2,1.22,4.2,Supplier A,Cradle to Cradle,2712.44,Pre-Order
MAT02456,Natural Rubber,Office Supplies,148.1,11.89,87.3,7.04,26.2,Supplier E,ISO 14001,529.54,In Stock
MAT02457,Recycled PET,Textiles,208.35,61.02,75.5,9.86,20.4,Supplier D,ISO 14001,2961.44,In Stock
MAT02458,Certified Wood,Flooring,464.64,43.01,83.9,14.68,11.3,Supplier D,Cradle to Cradle,2431.9,Low Stock
MAT02459,Certified Wood,Adhesives,370.56,52.61,73.1,2.82,6.6,Supplier C,ISO 14001,3631.25,Low Stock
MAT02460,Algae-based Material,Furniture,193.71,26.3,71.5,1.47,34.8,Supplier B,EcoCert,1469.1,Low Stock
MAT02461,Hemp Fiber,Home Decor,476.41,98.75,66.3,9.1,76.1,Supplier B,Cradle to Cradle,815.89,Low Stock
MAT02462,Wool,Construction,56.19,90.64,76.0,5.36,4.3,Supplier E,GOTS,2880.1,Low Stock
MAT02463,Jute,Insulation,247.59,87.03,20.3,13.19,20.2,Supplier E,GOTS,770.24,In Stock
MAT02464,Bio-based Polymer,Toys,97.6,75.64,54.4,8.62,64.7,Supplier A,None,1181.92,Low Stock
MAT02465,Seaweed Polymer,Food Packaging,90.66,13.45,61.4,14.18,42.6,Supplier A,EcoCert,4023.84,Low Stock
MAT02466,Corn Plastic,Furniture,471.27,1.76,93.3,13.9,12.5,Supplier A,None,3042.78,Low Stock
MAT02467,Cork Composite,Accessories,282.23,71.79,33.4,7.51,47.5,Supplier A,ISO 14001,1982.04,Pre-Order
MAT02468,Recycled Glass,Construction,166.33,69.64,58.5,7.81,39.0,Supplier E,ISO 14001,170.15,In Stock
MAT02469,Recycled PET,Cosmetics,81.75,5.76,31.3,12.93,14.1,Supplier C,Cradle to Cradle,1342.11,In Stock
MAT02470,Wool,Food Packaging,180.91,66.21,87.9,10.53,44.7,Supplier E,None,2036.82,Low Stock
MAT02471,Organic Cotton,Adhesives,295.46,48.0,50.1,10.79,43.5,Supplier D,Cradle to Cradle,3241.15,Low Stock
MAT02472,Recycled Glass,Food Packaging,307.56,72.62,50.2,12.89,19.5,Supplier A,ISO 14001,3269.37,Pre-Order
MAT02473,Flax Fiber,Home Decor,84.65,93.68,87.2,14.2,98.6,Supplier C,FSC,1679.09,Low Stock
MAT02474,Bioplastic,Furniture,479.02,19.05,87.0,8.9,76.0,Supplier E,None,1137.93,In Stock
MAT02475,Recycled PET,Electronics,187.3,29.17,73.7,6.61,76.2,Supplier E,ISO 14001,1498.98,In Stock
MAT02476,Natural Rubber,Food Packaging,375.16,10.52,25.5,10.78,91.0,Supplier A,EcoCert,1835.13,In Stock
MAT02477,Recycled Metal,Office Supplies,180.84,57.61,36.7,4.29,46.9,Supplier D,EcoCert,1505.62,In Stock
MAT02478,Hemp Fiber,Bags & Luggage,151.62,50.54,36.6,7.63,8.9,Supplier C,EcoCert,910.51,Low Stock
MAT02479,Cardboard,Adhesives,54.73,25.96,39.4,13.5,50.5,Supplier D,GOTS,1811.89,Pre-Order
MAT02480,Corn Plastic,Accessories,408.03,3.27,36.6,14.16,95.0,Supplier D,Cradle to Cradle,2925.75,Low Stock
MAT02481,Recycled Metal,Flooring,79.57,39.89,46.6,12.95,59.2,Supplier D,None,829.17,In Stock
MAT02482,Recycled Glass,Electronics,29.3,4.4,90.4,10.29,14.1,Supplier A,ISO 14001,2341.43,Low Stock
MAT02483,Wool,Office Supplies,397.06,32.64,67.1,8.61,33.8,Supplier B,Cradle to Cradle,996.83,In Stock
MAT02484,Linen,Furniture,367.52,88.03,75.7,3.37,23.4,Supplier B,Cradle to Cradle,3745.79,Pre-Order
MAT02485,Flax Fiber,Furniture,407.79,9.85,24.7,10.97,58.9,Supplier E,EcoCert,2262.58,In Stock
MAT02486,Sustainable Bamboo,Insulation,227.25,12.28,20.3,14.14,85.4,Supplier A,FSC,2284.16,Pre-Order
MAT02487,Cellulose,Accessories,174.6,95.23,25.2,8.38,94.3,Supplier E,None,3178.07,In Stock
MAT02488,Bioplastic,Accessories,34.19,26.99,37.7,6.93,42.5,Supplier D,Cradle to Cradle,1132.12,In Stock
MAT02489,Algae-based Material,Electronics,260.8,81.27,31.2,2.49,63.5,Supplier C,EcoCert,2237.68,Low Stock
MAT02490,Cork Composite,Toys,448.12,98.16,81.5,12.78,87.2,Supplier B,ISO 14001,3797.25,In Stock
MAT02491,Recycled Paper,Home Decor,343.63,94.74,73.9,11.25,0.8,Supplier D,FSC,2607.86,Pre-Order
MAT02492,Recycled PET,Coatings,256.88,97.89,27.6,8.98,12.5,Supplier D,EcoCert,1394.4,In Stock
MAT02493,Cardboard,Sports Equipment,369.39,36.24,22.3,11.06,40.6,Supplier D,None,2101.56,In Stock
MAT02494,Mushroom Composite,Kitchen Utensils,244.57,87.1,30.0,8.2,81.0,Supplier B,Cradle to Cradle,1029.2,Pre-Order
MAT02495,Mushroom Composite,Home Decor,22.04,73.14,51.7,11.75,64.0,Supplier D,FSC,1997.81,Pre-Order
MAT02496,Bio-based Polymer,Automotive,218.31,44.06,61.2,10.52,1.1,Supplier B,Cradle to Cradle,2951.48,Pre-Order
MAT02497,Linen,Cosmetics,475.31,98.96,46.0,3.22,91.7,Supplier E,EcoCert,2565.53,In Stock
MAT02498,Recycled PET,Footwear,294.58,24.94,45.4,8.26,13.6,Supplier D,Cradle to Cradle,1526.37,Low Stock
MAT02499,Recycled Metal,Sports Equipment,168.13,60.72,59.7,4.8,54.9,Supplier E,GOTS,914.66,Pre-Order
MAT02500,Algae-based Material,Electronics,165.37,92.5,93.5,14.15,29.1,Supplier A,Cradle to Cradle,3246.13,Low Stock
MAT02501,Cardboard,Insulation,295.53,57.59,96.3,2.52,95.7,Supplier D,GOTS,3603.86,In Stock
MAT02502,Algae-based Material,Insulation,226.29,65.18,87.3,4.97,42.9,Supplier C,ISO 14001,389.27,In Stock
MAT02503,Flax Fiber,Coatings,99.98,27.71,76.3,3.12,94.8,Supplier D,GOTS,2402.02,Pre-Order
MAT02504,Recycled PET,Food Packaging,316.97,64.61,81.9,9.05,1.8,Supplier B,GOTS,571.04,Pre-Order
MAT02505,Biodegradable Plastic,Cosmetics,325.44,39.75,70.0,7.65,17.1,Supplier A,Cradle to Cradle,3170.6,Pre-Order
MAT02506,Cellulose,Coatings,178.87,99.55,33.0,12.84,40.8,Supplier A,None,1005.96,Pre-Order
MAT02507,Biodegradable Plastic,Office Supplies,92.39,5.14,82.6,7.73,19.6,Supplier C,FSC,3912.62,Low Stock
MAT02508,Cellulose,Sports Equipment,78.06,70.47,65.9,5.77,47.0,Supplier C,ISO 14001,3324.15,Pre-Order
MAT02509,Seaweed Polymer,Bags & Luggage,252.46,78.41,27.4,9.81,27.7,Supplier E,GOTS,1723.91,Low Stock
MAT02510,Wool,Kitchen Utensils,135.3,72.32,63.4,7.65,20.8,Supplier C,GOTS,2739.83,In Stock
MAT02511,Mycelium Leather,Bags & Luggage,365.03,28.79,72.4,13.5,97.5,Supplier D,GOTS,2806.23,Pre-Order
MAT02512,Cork,Household Items,258.27,78.87,64.9,12.91,66.1,Supplier E,Cradle to Cradle,3858.67,Pre-Order
MAT02513,Bio-based Polymer,Sports Equipment,417.74,22.37,98.3,12.53,51.8,Supplier A,None,1123.82,Low Stock
MAT02514,Cardboard,Home Decor,267.02,1.45,60.6,9.33,24.4,Supplier D,EcoCert,3246.13,Pre-Order
MAT02515,Cork,Household Items,157.38,87.26,78.3,14.95,69.1,Supplier A,GOTS,3617.97,In Stock
MAT02516,Cork Composite,Footwear,166.37,6.9,99.6,0.96,17.5,Supplier D,FSC,1238.36,Pre-Order
MAT02517,Corn Plastic,Electronics,35.06,20.51,33.8,14.79,60.4,Supplier A,None,947.86,Low Stock
MAT02518,Recycled PET,Accessories,458.19,49.51,31.4,14.6,31.5,Supplier C,None,2695.84,Pre-Order
MAT02519,Wool,Electronics,128.43,92.61,25.1,2.5,55.9,Supplier C,ISO 14001,1565.38,Pre-Order
MAT02520,Recycled Metal,Electronics,156.95,35.01,72.6,14.41,9.4,Supplier B,ISO 14001,1001.81,In Stock
MAT02521,Recycled PET,Coatings,139.76,68.69,73.8,3.87,22.4,Supplier C,FSC,2123.97,In Stock
MAT02522,Seaweed Polymer,Textiles,64.72,24.66,48.2,0.92,99.4,Supplier C,FSC,830.83,Low Stock
MAT02523,Corn Plastic,Household Items,83.0,43.98,74.1,13.64,80.6,Supplier A,EcoCert,1536.33,Low Stock
MAT02524,Cardboard,Accessories,268.98,55.85,74.2,5.55,34.2,Supplier D,ISO 14001,485.55,Pre-Order
MAT02525,Corn Plastic,Cosmetics,296.45,33.09,26.3,10.15,92.3,Supplier C,GOTS,1536.33,Pre-Order
MAT02526,Hemp Fiber,Toys,352.28,92.46,53.4,7.37,54.4,Supplier D,FSC,595.11,In Stock
MAT02527,Recycled PET,Household Items,198.78,99.77,31.2,1.76,31.7,Supplier D,None,2060.89,Pre-Order
MAT02528,Cork Composite,Automotive,382.91,26.48,28.1,11.42,2.9,Supplier A,EcoCert,1191.88,Pre-Order
MAT02529,Recycled PET,Office Supplies,88.29,59.33,94.6,6.65,23.4,Supplier D,FSC,2570.51,In Stock
MAT02530,Seaweed Polymer,Accessories,462.24,60.17,96.0,6.82,49.4,Supplier C,ISO 14001,402.55,Pre-Order
MAT02531,Natural Rubber,Coatings,412.54,54.45,93.4,2.31,67.7,Supplier D,FSC,3048.59,Pre-Order
MAT02532,Seaweed Polymer,Textiles,474.34,95.27,37.2,11.83,82.8,Supplier E,EcoCert,2281.67,In Stock
MAT02533,Recycled Glass,Flooring,178.64,93.64,72.6,9.93,5.7,Supplier B,Cradle to Cradle,1637.59,Low Stock
MAT02534,Certified Wood,Food Packaging,430.92,15.33,34.1,10.97,10.7,Supplier D,GOTS,1183.58,Low Stock
MAT02535,Recycled PET,Office Supplies,238.61,61.03,25.1,10.92,29.3,Supplier C,None,263.11,Low Stock
MAT02536,Cork,Cosmetics,265.46,71.02,71.8,4.11,88.3,Supplier A,ISO 14001,1650.04,Pre-Order
MAT02537,Cellulose,Automotive,335.59,58.94,58.7,10.33,10.7,Supplier B,None,229.08,Pre-Order
MAT02538,Organic Cotton,Toys,306.43,39.59,82.6,5.43,6.4,Supplier B,EcoCert,1966.27,In Stock
MAT02539,Corn Plastic,Sports Equipment,79.21,61.82,79.5,11.1,48.9,Supplier B,FSC,3432.88,In Stock
MAT02540,Recycled Aluminum,Insulation,130.63,57.15,26.0,5.17,21.8,Supplier D,ISO 14001,2000.3,In Stock
MAT02541,Certified Wood,Construction,286.79,68.56,59.0,6.91,29.2,Supplier E,None,3554.06,In Stock
MAT02542,Certified Wood,Furniture,37.68,28.14,24.1,12.23,17.8,Supplier D,None,687.24,Pre-Order
MAT02543,Hemp Fiber,Insulation,252.24,61.68,91.0,11.3,31.0,Supplier A,FSC,1545.46,Pre-Order
MAT02544,Natural Rubber,Flooring,205.88,76.36,23.8,9.9,4.8,Supplier B,GOTS,200.03,Low Stock
MAT02545,Wool,Toys,342.92,30.46,25.5,10.81,14.6,Supplier E,EcoCert,3308.38,In Stock
MAT02546,Recycled Paper,Cosmetics,445.45,83.18,73.2,6.97,7.2,Supplier C,ISO 14001,3637.06,In Stock
MAT02547,Hemp Fiber,Household Items,193.9,10.95,44.8,2.66,9.9,Supplier E,FSC,2299.1,Low Stock
MAT02548,Seaweed Polymer,Accessories,95.17,77.32,79.2,10.43,7.7,Supplier D,EcoCert,3163.13,In Stock
MAT02549,Recycled Copper,Sports Equipment,118.91,84.27,39.0,8.7,66.8,Supplier D,FSC,508.79,Pre-Order
MAT02550,Linen,Coatings,16.19,75.16,67.4,4.94,48.6,Supplier A,ISO 14001,2086.62,In Stock
MAT02551,Certified Wood,Construction,49.59,70.18,28.0,1.23,47.4,Supplier A,Cradle to Cradle,200.86,In Stock
MAT02552,Mycelium Leather,Insulation,188.94,79.63,83.6,10.23,83.8,Supplier B,FSC,1443.37,Low Stock
MAT02553,Biodegradable Plastic,Flooring,191.94,76.71,90.6,8.97,8.1,Supplier C,GOTS,1220.93,Low Stock
MAT02554,Certified Wood,Sports Equipment,306.7,15.04,51.6,5.41,82.3,Supplier D,Cradle to Cradle,2556.4,Low Stock
MAT02555,Sustainable Bamboo,Accessories,225.2,73.7,84.9,10.48,67.6,Supplier B,Cradle to Cradle,2159.66,In Stock
MAT02556,Recycled Aluminum,Home Decor,206.39,14.31,52.1,12.52,92.4,Supplier B,ISO 14001,1921.45,Low Stock
MAT02557,Certified Wood,Kitchen Utensils,111.66,10.75,63.6,12.86,47.8,Supplier A,FSC,1307.25,Pre-Order
MAT02558,Recycled Metal,Furniture,346.82,92.84,80.9,4.69,38.1,Supplier C,Cradle to Cradle,439.9,Low Stock
MAT02559,Bio-based Polymer,Kitchen Utensils,217.89,73.02,20.1,14.3,11.0,Supplier D,ISO 14001,3375.61,Pre-Order
MAT02560,Recycled Glass,Automotive,316.84,11.12,34.8,7.91,11.3,Supplier E,None,1747.15,Low Stock
MAT02561,Cork,Sports Equipment,138.35,3.69,40.0,5.04,53.9,Supplier E,EcoCert,2418.62,Low Stock
MAT02562,Biodegradable Plastic,Furniture,194.93,56.31,96.9,0.54,27.8,Supplier E,None,1041.65,In Stock
MAT02563,Linen,Accessories,348.15,8.8,47.6,14.65,74.7,Supplier E,ISO 14001,743.68,Pre-Order
MAT02564,Cellulose,Automotive,246.45,6.71,46.4,3.73,6.4,Supplier A,Cradle to Cradle,3783.14,Pre-Order
MAT02565,Wool,Construction,293.71,9.11,56.1,2.36,15.7,Supplier E,FSC,2077.49,In Stock
MAT02566,Sustainable Bamboo,Insulation,65.96,69.96,81.8,14.22,65.2,Supplier D,GOTS,3544.1,Pre-Order
MAT02567,Recycled PET,Flooring,310.28,79.22,78.2,10.01,83.3,Supplier C,EcoCert,2066.7,Pre-Order
MAT02568,Recycled PET,Coatings,304.13,32.26,94.4,2.45,49.0,Supplier E,Cradle to Cradle,605.9,Low Stock
MAT02569,Jute,Home Decor,263.22,10.4,69.6,10.11,99.5,Supplier A,Cradle to Cradle,3717.57,In Stock
MAT02570,Cardboard,Furniture,319.6,68.79,96.6,10.75,40.6,Supplier D,FSC,1135.44,In Stock
MAT02571,Bio-based Polymer,Coatings,235.89,95.55,86.6,7.01,17.8,Supplier D,ISO 14001,3618.8,Low Stock
MAT02572,Bioplastic,Footwear,308.31,22.57,93.1,7.85,8.9,Supplier B,EcoCert,3509.24,Pre-Order
MAT02573,Flax Fiber,Adhesives,327.65,88.82,24.3,8.19,94.8,Supplier A,FSC,2945.67,Pre-Order
MAT02574,Corn Plastic,Electronics,254.8,43.18,59.5,3.23,68.3,Supplier D,FSC,849.92,Pre-Order
MAT02575,Cork,Sports Equipment,461.25,80.43,39.4,7.32,86.1,Supplier E,ISO 14001,1478.23,In Stock
MAT02576,Recycled Glass,Coatings,419.05,25.02,73.8,9.22,75.0,Supplier C,EcoCert,1646.72,In Stock
MAT02577,Natural Rubber,Sports Equipment,452.86,82.21,38.8,9.17,58.6,Supplier A,FSC,3188.03,Low Stock
MAT02578,Mycelium Leather,Furniture,305.84,16.26,92.9,11.77,89.2,Supplier C,ISO 14001,587.64,Pre-Order
MAT02579,Flax Fiber,Automotive,168.11,88.18,25.3,11.22,98.1,Supplier C,Cradle to Cradle,3945.82,Low Stock
MAT02580,Bio-based Polymer,Textiles,411.26,99.15,76.5,6.38,3.7,Supplier D,FSC,2939.86,Pre-Order
MAT02581,Bioplastic,Household Items,185.42,10.67,36.6,11.7,25.2,Supplier C,Cradle to Cradle,1097.26,In Stock
MAT02582,Cork Composite,Food Packaging,305.52,1.86,81.7,7.32,40.0,Supplier C,EcoCert,2801.25,In Stock
MAT02583,Cellulose,Adhesives,220.04,66.5,49.0,11.93,53.8,Supplier C,None,706.33,In Stock
MAT02584,Algae-based Material,Coatings,306.62,18.41,28.6,7.51,77.6,Supplier A,Cradle to Cradle,915.49,Low Stock
MAT02585,Mushroom Composite,Cosmetics,42.61,21.41,97.0,7.32,93.4,Supplier D,None,1970.42,In Stock
MAT02586,Organic Cotton,Kitchen Utensils,331.86,70.95,98.0,10.74,18.0,Supplier B,None,693.88,In Stock
MAT02587,Recycled Copper,Household Items,56.09,62.06,90.4,12.67,23.0,Supplier D,None,3390.55,In Stock
MAT02588,Bio-based Polymer,Accessories,222.6,31.55,21.2,13.43,10.0,Supplier C,GOTS,3316.68,In Stock
MAT02589,Recycled Glass,Insulation,437.58,27.8,73.6,10.19,15.7,Supplier C,ISO 14001,1279.86,Pre-Order
MAT02590,Bioplastic,Footwear,225.22,35.75,91.6,1.82,66.8,Supplier A,GOTS,2216.93,Low Stock
MAT02591,Mycelium Leather,Electronics,310.22,58.02,28.2,7.68,19.2,Supplier A,FSC,2314.04,Low Stock
MAT02592,Recycled Paper,Bags & Luggage,162.41,63.99,44.0,5.21,9.3,Supplier A,EcoCert,2690.03,In Stock
MAT02593,Linen,Cosmetics,337.02,82.36,25.6,9.82,31.8,Supplier C,FSC,1439.22,Pre-Order
MAT02594,Recycled Aluminum,Adhesives,495.14,4.49,96.5,4.01,38.2,Supplier E,None,1686.56,Low Stock
MAT02595,Bioplastic,Automotive,389.93,57.41,38.7,8.29,9.3,Supplier A,None,1162.0,Pre-Order
MAT02596,Seaweed Polymer,Furniture,308.33,2.61,69.7,3.84,79.4,Supplier B,GOTS,671.47,In Stock
MAT02597,Linen,Sports Equipment,339.94,51.73,35.0,6.45,20.2,Supplier E,EcoCert,1361.2,Pre-Order
MAT02598,Hemp Fiber,Accessories,136.1,47.79,28.2,14.38,52.7,Supplier E,GOTS,1904.02,Pre-Order
MAT02599,Recycled Paper,Flooring,222.98,81.03,85.0,3.05,24.9,Supplier D,EcoCert,2405.34,In Stock
MAT02600,Algae-based Material,Bags & Luggage,178.33,45.53,36.3,12.41,2.2,Supplier B,EcoCert,3599.71,Pre-Order
MAT02601,Mushroom Composite,Coatings,494.46,61.27,90.3,13.86,84.4,Supplier B,EcoCert,3614.65,Low Stock
MAT02602,Seaweed Polymer,Coatings,438.08,42.77,46.1,5.18,9.6,Supplier D,GOTS,3599.71,In Stock
MAT02603,Mycelium Leather,Toys,71.05,55.4,36.1,1.05,59.2,Supplier C,FSC,2511.58,Pre-Order
MAT02604,Mushroom Composite,Toys,114.01,28.2,42.8,11.08,64.5,Supplier E,Cradle to Cradle,2822.83,Low Stock
MAT02605,Recycled PET,Adhesives,274.06,58.36,56.6,6.42,10.6,Supplier A,Cradle to Cradle,2955.63,Pre-Order
MAT02606,Recycled Paper,Cosmetics,424.68,62.5,92.7,1.67,96.3,Supplier E,GOTS,1021.73,Pre-Order
MAT02607,Recycled PET,Textiles,174.99,48.56,48.7,6.77,32.6,Supplier A,EcoCert,2766.39,Pre-Order
MAT02608,Mushroom Composite,Sports Equipment,472.4,68.94,50.7,10.1,26.1,Supplier B,FSC,3699.31,Low Stock
MAT02609,Flax Fiber,Furniture,485.13,37.43,91.0,14.76,57.5,Supplier C,GOTS,1471.59,In Stock
MAT02610,Cellulose,Bags & Luggage,392.95,41.44,76.6,11.97,22.9,Supplier A,FSC,1533.01,Pre-Order
MAT02611,Recycled Copper,Household Items,451.61,79.75,54.8,7.34,70.3,Supplier C,Cradle to Cradle,2508.26,In Stock
MAT02612,Recycled Glass,Food Packaging,423.8,33.71,98.4,10.4,24.1,Supplier D,Cradle to Cradle,1455.82,Pre-Order
MAT02613,Bio-based Polymer,Office Supplies,438.53,30.78,99.4,1.53,41.1,Supplier E,None,3177.24,Low Stock
MAT02614,Recycled Aluminum,Accessories,381.78,41.31,64.7,1.25,38.5,Supplier C,FSC,1453.33,In Stock
MAT02615,Recycled Copper,Cosmetics,20.65,8.87,81.1,6.87,57.8,Supplier A,EcoCert,2560.55,Pre-Order
MAT02616,Cork,Electronics,381.96,64.63,60.3,5.85,90.7,Supplier D,Cradle to Cradle,3766.54,Low Stock
MAT02617,Mushroom Composite,Office Supplies,381.9,5.83,37.3,5.25,14.7,Supplier D,FSC,3932.54,Low Stock
MAT02618,Recycled Glass,Footwear,113.53,59.92,52.2,11.82,37.8,Supplier B,FSC,3109.18,In Stock
MAT02619,Algae-based Material,Cosmetics,340.39,15.9,37.8,6.88,42.2,Supplier A,Cradle to Cradle,2065.87,In Stock
MAT02620,Corn Plastic,Textiles,444.1,30.84,89.3,7.18,88.6,Supplier D,FSC,855.73,Low Stock
MAT02621,Hemp Fiber,Office Supplies,227.8,32.0,23.3,9.41,90.9,Supplier E,Cradle to Cradle,3810.53,Low Stock
MAT02622,Mycelium Leather,Kitchen Utensils,483.43,86.01,69.1,10.42,65.0,Supplier E,None,3915.11,Low Stock
MAT02623,Recycled Metal,Adhesives,183.53,19.84,80.0,11.91,87.8,Supplier B,Cradle to Cradle,3628.76,Low Stock
MAT02624,Recycled PET,Sports Equipment,283.21,28.86,41.2,2.68,95.8,Supplier D,GOTS,2078.32,In Stock
MAT02625,Recycled Glass,Coatings,228.12,20.77,27.1,5.1,47.1,Supplier B,ISO 14001,993.51,Pre-Order
MAT02626,Recycled Aluminum,Food Packaging,396.5,64.69,23.7,12.84,73.8,Supplier C,Cradle to Cradle,3338.26,Low Stock
MAT02627,Recycled Copper,Flooring,83.51,74.74,77.8,5.48,52.5,Supplier C,None,3984.83,Pre-Order
MAT02628,Jute,Home Decor,130.54,95.43,93.1,13.04,13.0,Supplier A,None,1806.08,Pre-Order
MAT02629,Wool,Electronics,432.23,4.65,57.3,12.9,57.1,Supplier A,None,479.74,In Stock
MAT02630,Corn Plastic,Footwear,296.61,75.59,48.9,6.61,7.9,Supplier E,EcoCert,2912.47,Pre-Order
MAT02631,Recycled Aluminum,Office Supplies,418.44,99.37,26.9,1.98,88.7,Supplier D,GOTS,2167.13,Low Stock
MAT02632,Jute,Cosmetics,162.86,31.33,55.9,13.89,51.1,Supplier D,EcoCert,3210.44,Low Stock
MAT02633,Wool,Electronics,147.53,46.69,66.7,6.3,65.1,Supplier D,EcoCert,3280.99,In Stock
MAT02634,Flax Fiber,Coatings,17.75,37.91,30.7,6.36,97.8,Supplier A,EcoCert,2501.62,Pre-Order
MAT02635,Bioplastic,Cosmetics,145.35,17.24,38.6,3.86,73.0,Supplier B,Cradle to Cradle,2453.48,Low Stock
MAT02636,Recycled Glass,Electronics,164.62,83.98,74.4,9.54,42.2,Supplier A,GOTS,3809.7,In Stock
MAT02637,Certified Wood,Cosmetics,115.98,9.74,51.1,0.97,48.5,Supplier B,FSC,1962.95,Pre-Order
MAT02638,Recycled Aluminum,Cosmetics,134.13,73.59,60.0,2.93,45.5,Supplier B,ISO 14001,3611.33,In Stock
MAT02639,Natural Rubber,Coatings,138.6,11.21,94.4,11.32,67.2,Supplier B,EcoCert,3816.34,Low Stock
MAT02640,Cellulose,Accessories,420.77,99.22,63.0,11.34,70.0,Supplier D,GOTS,3589.75,Low Stock
MAT02641,Cardboard,Footwear,56.8,9.93,36.3,5.81,50.5,Supplier B,GOTS,914.66,Pre-Order
MAT02642,Certified Wood,Furniture,141.09,94.52,53.5,5.12,81.5,Supplier E,EcoCert,1557.08,Pre-Order
MAT02643,Certified Wood,Automotive,349.95,49.41,68.2,5.48,62.3,Supplier E,EcoCert,2635.25,Low Stock
MAT02644,Flax Fiber,Cosmetics,459.17,97.14,64.3,5.94,36.1,Supplier A,Cradle to Cradle,2232.7,Low Stock
MAT02645,Certified Wood,Coatings,97.13,54.27,95.4,1.91,22.0,Supplier E,ISO 14001,2287.48,Pre-Order
MAT02646,Flax Fiber,Food Packaging,368.85,99.28,96.8,1.44,25.8,Supplier C,FSC,1700.67,Pre-Order
MAT02647,Bioplastic,Automotive,162.76,16.54,75.1,13.21,57.4,Supplier B,ISO 14001,3132.42,Pre-Order
MAT02648,Recycled Copper,Textiles,94.96,51.99,32.4,13.62,29.5,Supplier C,None,4110.99,Low Stock
MAT02649,Sustainable Bamboo,Furniture,132.23,33.9,71.3,5.76,84.9,Supplier C,FSC,3959.93,In Stock
MAT02650,Cork,Food Packaging,406.15,30.39,56.0,8.23,67.2,Supplier A,EcoCert,563.57,Pre-Order
MAT02651,Jute,Home Decor,310.82,31.0,81.4,5.14,40.7,Supplier D,FSC,3510.07,Pre-Order
MAT02652,Seaweed Polymer,Footwear,169.51,88.75,29.6,8.6,97.4,Supplier A,FSC,2547.27,Low Stock
MAT02653,Bioplastic,Coatings,140.78,16.12,53.4,10.42,93.5,Supplier A,ISO 14001,3820.49,Low Stock
MAT02654,Organic Cotton,Office Supplies,491.28,38.67,69.3,0.75,89.5,Supplier E,None,3704.29,In Stock
MAT02655,Bio-based Polymer,Household Items,75.66,74.27,52.4,2.55,82.4,Supplier B,None,3851.2,In Stock
MAT02656,Cellulose,Kitchen Utensils,184.36,64.17,33.6,11.84,83.6,Supplier D,FSC,2431.07,In Stock
MAT02657,Mushroom Composite,Furniture,319.4,50.16,84.0,10.77,74.6,Supplier E,FSC,209.99,In Stock
MAT02658,Wool,Home Decor,251.22,76.25,64.1,7.11,70.3,Supplier A,ISO 14001,795.14,Pre-Order
MAT02659,Wool,Toys,457.31,27.47,47.2,7.65,12.9,Supplier E,Cradle to Cradle,3373.12,In Stock
MAT02660,Recycled Metal,Coatings,181.33,30.23,34.9,10.9,4.5,Supplier E,None,2862.67,In Stock
MAT02661,Flax Fiber,Construction,457.63,94.82,52.0,12.19,4.4,Supplier B,FSC,2367.16,Low Stock
MAT02662,Biodegradable Plastic,Sports Equipment,393.76,84.87,90.9,4.32,95.5,Supplier E,GOTS,1756.28,In Stock
MAT02663,Flax Fiber,Adhesives,21.41,87.19,70.8,14.59,58.4,Supplier D,None,1482.38,Low Stock
MAT02664,Cork,Food Packaging,55.95,39.5,70.2,5.64,80.5,Supplier E,Cradle to Cradle,1044.97,Pre-Order
MAT02665,Mushroom Composite,Flooring,226.97,88.13,47.8,10.61,91.1,Supplier B,ISO 14001,2609.52,In Stock
MAT02666,Linen,Food Packaging,214.18,13.67,94.2,12.73,2.3,Supplier A,None,517.09,In Stock
MAT02667,Algae-based Material,Office Supplies,14.47,28.66,86.5,4.52,75.3,Supplier A,EcoCert,3761.56,Pre-Order
MAT02668,Biodegradable Plastic,Furniture,259.38,21.52,29.7,10.95,25.6,Supplier E,GOTS,4129.25,Pre-Order
MAT02669,Hemp Fiber,Insulation,92.56,72.11,43.2,1.56,71.1,Supplier D,EcoCert,652.38,Pre-Order
MAT02670,Recycled Paper,Home Decor,124.35,44.61,64.9,9.03,88.3,Supplier D,Cradle to Cradle,3979.85,In Stock
MAT02671,Cellulose,Food Packaging,411.84,33.81,37.7,10.03,39.4,Supplier E,GOTS,197.54,Pre-Order
MAT02672,Cork Composite,Flooring,207.97,63.05,79.9,6.5,80.0,Supplier B,EcoCert,1679.92,In Stock
MAT02673,Certified Wood,Insulation,335.14,87.39,32.7,13.64,71.7,Supplier A,EcoCert,3755.75,In Stock
MAT02674,Recycled Metal,Accessories,193.02,5.13,91.9,7.96,42.7,Supplier D,Cradle to Cradle,3064.36,Low Stock
MAT02675,Cellulose,Kitchen Utensils,256.17,61.47,51.9,5.2,55.2,Supplier C,None,2076.66,Low Stock
MAT02676,Recycled Aluminum,Bags & Luggage,417.17,48.02,31.7,3.85,63.6,Supplier D,GOTS,489.7,Low Stock
MAT02677,Wool,Bags & Luggage,303.85,16.71,60.2,9.53,27.5,Supplier C,ISO 14001,2988.83,Pre-Order
MAT02678,Sustainable Bamboo,Footwear,485.66,39.19,91.0,13.96,42.9,Supplier A,None,1454.16,Pre-Order
MAT02679,Organic Cotton,Coatings,313.22,43.02,46.8,4.39,40.6,Supplier A,GOTS,3301.74,Pre-Order
MAT02680,Jute,Footwear,444.49,61.53,55.2,9.18,23.8,Supplier A,EcoCert,3045.27,In Stock
MAT02681,Certified Wood,Flooring,410.91,7.04,28.8,11.87,83.7,Supplier C,EcoCert,507.96,Low Stock
MAT02682,Cellulose,Construction,94.55,28.8,30.1,4.57,54.1,Supplier C,None,3134.91,Pre-Order
MAT02683,Bio-based Polymer,Kitchen Utensils,196.97,55.78,65.4,8.04,25.4,Supplier A,ISO 14001,2775.52,Pre-Order
MAT02684,Mushroom Composite,Food Packaging,144.55,79.57,35.7,4.85,0.5,Supplier C,FSC,3506.75,Low Stock
MAT02685,Recycled Copper,Accessories,193.62,88.23,51.9,14.81,48.6,Supplier C,GOTS,3865.31,Low Stock
MAT02686,Jute,Electronics,179.07,58.99,91.4,1.09,89.1,Supplier C,None,2096.58,Low Stock
MAT02687,Cellulose,Construction,252.93,5.76,46.6,3.49,92.5,Supplier C,EcoCert,3562.36,Pre-Order
MAT02688,Sustainable Bamboo,Textiles,303.66,16.16,62.5,14.73,40.9,Supplier B,EcoCert,3110.01,Low Stock
MAT02689,Recycled Copper,Food Packaging,93.65,9.46,90.5,5.68,32.1,Supplier B,EcoCert,3695.99,In Stock
MAT02690,Biodegradable Plastic,Kitchen Utensils,232.45,87.6,63.9,1.8,15.9,Supplier C,FSC,892.25,Pre-Order
MAT02691,Certified Wood,Office Supplies,244.07,51.69,43.1,6.23,44.6,Supplier A,Cradle to Cradle,2594.58,Low Stock
MAT02692,Sustainable Bamboo,Adhesives,351.51,93.88,68.6,1.44,48.3,Supplier B,EcoCert,1641.74,Pre-Order
MAT02693,Flax Fiber,Household Items,156.48,79.55,68.3,2.9,20.6,Supplier C,EcoCert,565.23,Pre-Order
MAT02694,Bio-based Polymer,Flooring,382.07,76.24,61.4,9.84,66.3,Supplier D,Cradle to Cradle,2061.72,Low Stock
MAT02695,Certified Wood,Office Supplies,392.26,58.65,22.9,0.77,32.6,Supplier C,None,3055.23,Pre-Order
MAT02696,Cork,Footwear,119.1,76.82,63.0,10.03,10.2,Supplier E,FSC,3591.41,In Stock
MAT02697,Recycled Copper,Electronics,416.73,27.3,69.0,13.52,48.7,Supplier B,GOTS,3937.52,In Stock
MAT02698,Certified Wood,Furniture,186.37,46.92,30.0,1.24,4.8,Supplier C,None,656.53,Low Stock
MAT02699,Recycled PET,Toys,430.82,76.88,69.2,4.31,66.3,Supplier C,None,3427.9,Pre-Order
MAT02700,Cardboard,Construction,94.74,94.32,57.5,7.76,40.1,Supplier C,GOTS,580.17,Pre-Order
MAT02701,Recycled Copper,Kitchen Utensils,161.42,39.96,46.3,9.91,46.8,Supplier C,FSC,2634.42,In Stock
MAT02702,Recycled Metal,Insulation,189.69,37.92,64.2,12.59,67.4,Supplier C,Cradle to Cradle,2485.02,Pre-Order
MAT02703,Bioplastic,Footwear,418.1,36.85,60.1,9.98,40.2,Supplier E,GOTS,785.18,Pre-Order
MAT02704,Cellulose,Textiles,390.58,41.64,39.1,11.25,65.5,Supplier C,Cradle to Cradle,3999.77,In Stock
MAT02705,Recycled Glass,Electronics,237.86,25.91,84.5,14.96,44.5,Supplier C,None,3019.54,Low Stock
MAT02706,Wool,Adhesives,249.68,81.13,85.6,4.06,29.1,Supplier C,EcoCert,2381.27,Low Stock
MAT02707,Recycled Paper,Flooring,359.31,50.43,42.7,10.85,40.2,Supplier A,FSC,654.87,Pre-Order
MAT02708,Corn Plastic,Office Supplies,59.38,8.71,47.8,10.33,65.9,Supplier A,Cradle to Cradle,322.87,Pre-Order
MAT02709,Recycled Paper,Office Supplies,235.41,79.27,41.6,0.98,54.3,Supplier B,EcoCert,2957.29,Low Stock
MAT02710,Natural Rubber,Textiles,204.96,70.66,28.8,12.07,57.8,Supplier E,EcoCert,3276.01,Low Stock
MAT02711,Recycled PET,Office Supplies,341.66,35.94,35.8,6.71,100.0,Supplier C,None,1631.78,Pre-Order
MAT02712,Bioplastic,Sports Equipment,32.28,6.72,30.2,8.24,21.4,Supplier B,FSC,3270.2,Low Stock
MAT02713,Corn Plastic,Textiles,379.11,61.6,26.0,3.25,60.4,Supplier C,FSC,3794.76,Low Stock
MAT02714,Cellulose,Footwear,488.03,23.44,52.4,10.25,22.5,Supplier E,Cradle to Cradle,2077.49,Low Stock
MAT02715,Cork Composite,Cosmetics,475.84,27.53,97.1,3.34,76.8,Supplier A,None,4043.76,In Stock
MAT02716,Recycled PET,Accessories,404.25,77.64,55.0,5.79,81.4,Supplier A,EcoCert,1718.93,In Stock
MAT02717,Natural Rubber,Automotive,474.81,67.27,39.0,11.08,81.0,Supplier A,FSC,3935.03,Pre-Order
MAT02718,Cork Composite,Flooring,201.27,93.96,28.3,12.25,67.2,Supplier B,ISO 14001,3978.19,Low Stock
MAT02719,Cellulose,Automotive,167.91,16.75,50.2,13.89,58.6,Supplier E,EcoCert,3312.53,In Stock
MAT02720,Corn Plastic,Bags & Luggage,406.91,86.65,51.5,11.49,31.8,Supplier C,Cradle to Cradle,4005.58,Low Stock
MAT02721,Flax Fiber,Furniture,98.62,68.96,45.4,4.65,7.6,Supplier E,None,2241.0,Pre-Order
MAT02722,Natural Rubber,Cosmetics,114.78,92.22,35.0,14.51,68.7,Supplier B,EcoCert,741.19,Pre-Order
MAT02723,Cellulose,Insulation,59.13,59.72,55.6,14.29,42.9,Supplier A,EcoCert,1364.52,Low Stock
MAT02724,Cardboard,Cosmetics,137.48,67.41,33.3,14.22,26.1,Supplier B,FSC,2246.81,Low Stock
MAT02725,Mycelium Leather,Food Packaging,450.71,12.02,55.4,8.35,91.1,Supplier A,EcoCert,211.65,Low Stock
MAT02726,Cork Composite,Office Supplies,460.87,47.4,58.6,11.12,1.1,Supplier D,Cradle to Cradle,1846.75,In Stock
MAT02727,Algae-based Material,Accessories,389.99,38.34,79.2,5.91,48.3,Supplier A,None,2772.2,Low Stock
MAT02728,Bio-based Polymer,Textiles,254.5,5.14,63.6,12.76,39.5,Supplier C,ISO 14001,362.71,Pre-Order
MAT02729,Linen,Adhesives,118.96,23.39,86.2,2.85,84.5,Supplier D,GOTS,2773.03,Pre-Order
MAT02730,Jute,Toys,156.27,59.29,26.7,1.04,71.8,Supplier B,EcoCert,2893.38,Pre-Order
MAT02731,Biodegradable Plastic,Office Supplies,394.47,25.77,83.8,0.98,56.5,Supplier D,None,2992.98,In Stock
MAT02732,Hemp Fiber,Footwear,74.04,81.62,99.8,10.72,59.6,Supplier A,EcoCert,2885.91,In Stock
MAT02733,Recycled Copper,Home Decor,283.74,10.88,51.8,8.4,58.0,Supplier A,Cradle to Cradle,2016.9,Low Stock
MAT02734,Bio-based Polymer,Textiles,480.76,92.31,25.4,4.11,90.1,Supplier C,FSC,3068.51,Low Stock
MAT02735,Seaweed Polymer,Electronics,78.89,12.2,65.7,13.97,2.5,Supplier D,GOTS,2986.34,Low Stock
MAT02736,Mushroom Composite,Electronics,79.37,84.46,68.3,3.39,99.4,Supplier E,GOTS,2338.11,In Stock
MAT02737,Wool,Coatings,323.0,1.42,49.0,3.97,80.3,Supplier D,GOTS,3557.38,Low Stock
MAT02738,Mycelium Leather,Office Supplies,291.22,77.38,76.5,2.27,87.6,Supplier C,ISO 14001,3091.75,In Stock
MAT02739,Recycled Metal,Insulation,129.83,9.59,46.4,7.94,63.5,Supplier E,EcoCert,2980.53,In Stock
MAT02740,Hemp Fiber,Bags & Luggage,405.93,86.37,56.3,7.65,49.3,Supplier A,FSC,3580.62,In Stock
MAT02741,Certified Wood,Sports Equipment,255.16,90.85,91.5,4.9,13.0,Supplier D,ISO 14001,3791.44,Low Stock
MAT02742,Sustainable Bamboo,Office Supplies,134.15,81.11,80.9,9.65,59.1,Supplier D,Cradle to Cradle,997.66,Pre-Order
MAT02743,Mycelium Leather,Textiles,380.47,45.9,86.6,7.13,86.6,Supplier A,ISO 14001,1901.53,Low Stock
MAT02744,Mycelium Leather,Accessories,161.98,94.23,72.5,10.86,58.7,Supplier B,ISO 14001,3018.71,Pre-Order
MAT02745,Cork Composite,Kitchen Utensils,382.55,5.42,38.1,4.33,79.1,Supplier D,GOTS,3147.36,Low Stock
MAT02746,Mycelium Leather,Bags & Luggage,66.99,1.03,63.4,13.51,85.9,Supplier D,None,2503.28,In Stock
MAT02747,Corn Plastic,Textiles,275.29,99.09,51.0,12.92,84.5,Supplier A,Cradle to Cradle,812.57,Pre-Order
MAT02748,Cork Composite,Adhesives,446.59,36.63,66.4,13.4,80.3,Supplier A,ISO 14001,1813.55,In Stock
MAT02749,Recycled Paper,Kitchen Utensils,477.15,58.04,51.4,13.28,36.2,Supplier C,Cradle to Cradle,2849.39,Low Stock
MAT02750,Recycled PET,Construction,260.75,79.23,32.1,6.12,57.7,Supplier C,GOTS,1345.43,Pre-Order
MAT02751,Biodegradable Plastic,Furniture,294.19,61.28,40.6,10.44,52.8,Supplier D,ISO 14001,1556.25,Low Stock
MAT02752,Linen,Adhesives,367.17,19.02,89.2,9.92,86.3,Supplier E,FSC,435.75,Low Stock
MAT02753,Seaweed Polymer,Insulation,243.42,62.85,89.0,13.31,89.0,Supplier C,Cradle to Cradle,1914.81,In Stock
MAT02754,Cork Composite,Furniture,289.06,89.41,52.5,5.96,49.7,Supplier D,ISO 14001,2513.24,Pre-Order
MAT02755,Seaweed Polymer,Cosmetics,37.04,44.34,39.1,5.69,13.0,Supplier B,FSC,2544.78,Pre-Order
MAT02756,Seaweed Polymer,Food Packaging,209.36,96.72,72.3,2.93,20.2,Supplier B,ISO 14001,1089.79,In Stock
MAT02757,Cork,Coatings,298.8,23.75,42.4,0.83,40.1,Supplier A,Cradle to Cradle,2988.0,Pre-Order
MAT02758,Mycelium Leather,Accessories,343.22,1.23,69.0,9.99,19.1,Supplier D,GOTS,1909.83,In Stock
MAT02759,Bioplastic,Footwear,54.27,51.08,39.4,10.87,4.9,Supplier C,GOTS,3295.1,Pre-Order
MAT02760,Corn Plastic,Insulation,174.8,53.64,82.4,5.44,10.7,Supplier E,ISO 14001,3998.11,Low Stock
MAT02761,Bio-based Polymer,Home Decor,181.53,31.79,31.5,12.13,32.4,Supplier D,GOTS,4047.91,In Stock
MAT02762,Certified Wood,Bags & Luggage,402.35,48.49,88.8,14.29,55.1,Supplier D,EcoCert,2705.8,Low Stock
MAT02763,Biodegradable Plastic,Automotive,30.6,72.49,96.1,2.95,24.9,Supplier D,ISO 14001,465.63,In Stock
MAT02764,Bioplastic,Bags & Luggage,284.49,96.48,93.8,14.3,77.6,Supplier E,Cradle to Cradle,2802.91,Pre-Order
MAT02765,Mushroom Composite,Kitchen Utensils,88.14,88.67,59.8,12.48,70.0,Supplier B,GOTS,1168.64,Pre-Order
MAT02766,Certified Wood,Sports Equipment,95.1,81.93,57.9,10.16,39.2,Supplier D,ISO 14001,1362.86,In Stock
MAT02767,Cork,Automotive,275.53,51.15,57.7,0.78,7.9,Supplier E,Cradle to Cradle,330.34,Low Stock
MAT02768,Natural Rubber,Cosmetics,83.53,3.1,74.5,11.09,65.6,Supplier D,GOTS,180.11,Low Stock
MAT02769,Certified Wood,Household Items,42.74,28.27,59.9,2.49,86.5,Supplier C,Cradle to Cradle,437.41,Low Stock
MAT02770,Recycled Metal,Toys,166.57,74.23,82.4,5.65,40.6,Supplier D,GOTS,2877.61,Low Stock
MAT02771,Bio-based Polymer,Food Packaging,122.61,72.41,24.4,8.25,76.7,Supplier E,FSC,1330.49,In Stock
MAT02772,Biodegradable Plastic,Adhesives,484.12,51.26,59.5,13.58,68.9,Supplier E,None,1027.54,Pre-Order
MAT02773,Biodegradable Plastic,Sports Equipment,34.0,9.7,40.8,6.96,59.4,Supplier D,Cradle to Cradle,1079.0,In Stock
MAT02774,Mycelium Leather,Insulation,177.7,70.67,69.7,7.17,9.6,Supplier A,EcoCert,342.79,Low Stock
MAT02775,Cardboard,Coatings,490.8,97.57,73.5,0.9,12.9,Supplier B,ISO 14001,458.99,In Stock
MAT02776,Algae-based Material,Construction,279.36,72.37,30.1,3.79,14.9,Supplier A,GOTS,2416.96,Pre-Order
MAT02777,Cellulose,Furniture,379.44,58.96,60.4,9.1,10.3,Supplier C,GOTS,2299.93,In Stock
MAT02778,Sustainable Bamboo,Sports Equipment,422.74,80.41,71.7,1.71,60.2,Supplier D,GOTS,4044.59,Low Stock
MAT02779,Recycled Glass,Textiles,497.51,96.35,93.2,4.84,81.1,Supplier E,Cradle to Cradle,3459.44,In Stock
MAT02780,Linen,Construction,179.46,8.89,94.1,3.95,7.0,Supplier E,Cradle to Cradle,1362.86,Pre-Order
MAT02781,Recycled PET,Accessories,382.27,64.93,76.7,7.19,17.2,Supplier C,FSC,3159.81,Pre-Order
MAT02782,Recycled Glass,Furniture,318.54,34.92,44.3,13.5,51.9,Supplier D,GOTS,822.53,Low Stock
MAT02783,Organic Cotton,Bags & Luggage,452.96,75.52,88.1,3.73,51.9,Supplier A,FSC,2860.18,Pre-Order
MAT02784,Recycled Aluminum,Food Packaging,383.82,23.41,94.2,9.89,64.1,Supplier D,EcoCert,665.66,Low Stock
MAT02785,Recycled Paper,Electronics,363.29,57.19,20.8,1.45,69.9,Supplier D,Cradle to Cradle,2089.94,In Stock
MAT02786,Recycled Glass,Automotive,208.7,69.76,97.5,12.58,12.6,Supplier B,ISO 14001,1208.48,In Stock
MAT02787,Jute,Coatings,123.16,59.95,26.8,14.38,92.3,Supplier A,ISO 14001,2674.26,Pre-Order
MAT02788,Natural Rubber,Construction,238.71,11.76,76.9,11.41,18.4,Supplier C,ISO 14001,892.25,Low Stock
MAT02789,Cardboard,Bags & Luggage,216.34,97.0,21.0,0.67,6.6,Supplier E,FSC,1225.08,In Stock
MAT02790,Natural Rubber,Coatings,268.47,73.96,55.9,4.94,15.8,Supplier B,None,2312.38,Low Stock
MAT02791,Bioplastic,Sports Equipment,345.35,91.25,58.5,7.41,93.4,Supplier B,EcoCert,4081.94,In Stock
MAT02792,Seaweed Polymer,Automotive,91.42,77.15,33.1,4.87,72.9,Supplier C,ISO 14001,1107.22,In Stock
MAT02793,Recycled Copper,Furniture,80.19,56.71,66.0,10.7,63.6,Supplier D,Cradle to Cradle,1888.25,In Stock
MAT02794,Corn Plastic,Footwear,157.54,45.71,59.1,12.71,70.6,Supplier A,None,1433.41,Low Stock
MAT02795,Bio-based Polymer,Accessories,71.22,62.31,67.9,11.0,75.0,Supplier D,GOTS,3093.41,Low Stock
MAT02796,Recycled Aluminum,Accessories,314.77,31.27,38.5,8.83,58.7,Supplier B,None,1269.9,Pre-Order
MAT02797,Recycled Aluminum,Automotive,397.68,69.2,34.0,7.3,69.4,Supplier B,FSC,1498.15,Pre-Order
MAT02798,Organic Cotton,Accessories,130.67,93.49,38.6,5.44,62.9,Supplier B,ISO 14001,3505.92,In Stock
MAT02799,Hemp Fiber,Sports Equipment,162.01,84.67,32.2,11.49,93.3,Supplier E,EcoCert,252.32,Low Stock
MAT02800,Cork,Toys,87.07,24.93,47.7,5.2,7.3,Supplier B,FSC,357.73,Low Stock
MAT02801,Organic Cotton,Electronics,248.86,9.89,95.8,5.2,85.9,Supplier E,GOTS,381.8,Pre-Order
MAT02802,Flax Fiber,Food Packaging,143.96,16.08,71.8,10.46,29.9,Supplier C,ISO 14001,1523.88,In Stock
MAT02803,Recycled Aluminum,Coatings,86.57,81.49,88.5,2.41,23.3,Supplier A,Cradle to Cradle,3356.52,Pre-Order
MAT02804,Sustainable Bamboo,Adhesives,54.66,25.7,98.2,14.62,34.5,Supplier B,None,250.66,Pre-Order
MAT02805,Recycled Glass,Coatings,480.89,93.23,97.9,9.44,87.4,Supplier D,GOTS,604.24,Low Stock
MAT02806,Cardboard,Textiles,448.13,39.84,83.8,3.02,51.5,Supplier C,Cradle to Cradle,2753.94,In Stock
MAT02807,Biodegradable Plastic,Sports Equipment,68.96,41.64,87.6,1.58,67.0,Supplier C,None,2303.25,Low Stock
MAT02808,Hemp Fiber,Bags & Luggage,74.4,87.53,20.1,6.82,7.3,Supplier B,ISO 14001,331.17,Low Stock
MAT02809,Bioplastic,Insulation,333.17,50.6,48.7,9.96,59.6,Supplier A,GOTS,2001.13,In Stock
MAT02810,Wool,Furniture,349.44,42.82,93.0,7.83,74.5,Supplier A,ISO 14001,2528.18,In Stock
MAT02811,Recycled Glass,Sports Equipment,369.04,85.11,78.6,9.2,48.6,Supplier E,EcoCert,2211.95,In Stock
MAT02812,Algae-based Material,Coatings,111.49,28.82,97.9,6.17,11.5,Supplier E,EcoCert,3904.32,In Stock
MAT02813,Jute,Flooring,241.83,54.03,48.2,8.15,68.5,Supplier E,ISO 14001,3881.08,Low Stock
MAT02814,Cellulose,Food Packaging,333.81,38.8,99.5,11.5,53.6,Supplier D,FSC,804.27,Pre-Order
MAT02815,Recycled Paper,Electronics,244.79,16.45,59.1,12.45,72.4,Supplier A,None,4084.43,Pre-Order
MAT02816,Recycled Glass,Toys,85.63,20.12,36.9,6.59,1.8,Supplier A,EcoCert,2221.08,In Stock
MAT02817,Recycled Paper,Office Supplies,305.79,95.28,61.6,9.18,62.9,Supplier A,None,2436.05,Low Stock
MAT02818,Certified Wood,Footwear,307.71,21.24,56.9,1.65,38.8,Supplier A,Cradle to Cradle,1215.12,Low Stock
MAT02819,Mushroom Composite,Flooring,364.38,45.49,25.5,8.64,76.3,Supplier A,Cradle to Cradle,3724.21,Low Stock
MAT02820,Certified Wood,Sports Equipment,32.26,67.21,83.6,12.4,20.7,Supplier A,EcoCert,1376.14,In Stock
MAT02821,Cellulose,Toys,112.66,93.27,21.3,0.97,34.9,Supplier C,Cradle to Cradle,3491.81,Low Stock
MAT02822,Cork Composite,Furniture,127.71,47.5,58.1,12.02,1.8,Supplier D,Cradle to Cradle,962.8,Pre-Order
MAT02823,Algae-based Material,Kitchen Utensils,63.05,78.49,87.2,2.06,28.3,Supplier B,ISO 14001,2079.98,In Stock
MAT02824,Recycled Metal,Household Items,335.75,14.71,50.0,12.36,33.7,Supplier A,GOTS,260.62,Low Stock
MAT02825,Recycled Aluminum,Food Packaging,258.57,74.69,22.9,8.67,91.8,Supplier E,Cradle to Cradle,3524.18,Low Stock
MAT02826,Cellulose,Toys,126.08,51.49,30.8,5.97,39.2,Supplier C,FSC,218.29,Pre-Order
MAT02827,Hemp Fiber,Food Packaging,23.47,58.45,43.3,5.04,61.5,Supplier B,ISO 14001,2630.27,Low Stock
MAT02828,Flax Fiber,Household Items,62.11,99.17,65.3,9.84,31.4,Supplier D,FSC,1247.49,Pre-Order
MAT02829,Bioplastic,Kitchen Utensils,349.66,36.56,61.7,12.08,15.7,Supplier D,GOTS,1508.11,Pre-Order
MAT02830,Linen,Food Packaging,12.05,13.61,23.0,3.75,95.4,Supplier D,None,321.21,Low Stock
MAT02831,Recycled PET,Textiles,100.38,8.8,49.5,8.68,4.3,Supplier E,None,1210.97,In Stock
MAT02832,Cork Composite,Flooring,442.46,2.19,25.6,6.34,4.3,Supplier A,FSC,2326.49,In Stock
MAT02833,Recycled Aluminum,Construction,249.02,55.78,81.7,7.55,61.4,Supplier D,FSC,2491.66,Low Stock
MAT02834,Sustainable Bamboo,Bags & Luggage,78.86,39.7,45.8,8.5,81.2,Supplier C,GOTS,3583.11,In Stock
MAT02835,Biodegradable Plastic,Construction,88.43,97.73,75.5,2.66,53.7,Supplier B,None,3498.45,In Stock
MAT02836,Hemp Fiber,Toys,125.01,8.6,49.4,3.78,7.4,Supplier A,EcoCert,3495.13,In Stock
MAT02837,Flax Fiber,Construction,196.33,38.68,67.0,2.27,26.4,Supplier B,None,649.89,Pre-Order
MAT02838,Jute,Electronics,197.79,3.43,56.3,11.85,9.3,Supplier A,ISO 14001,2163.81,Pre-Order
MAT02839,Seaweed Polymer,Coatings,71.35,32.22,95.8,14.37,67.7,Supplier C,None,735.38,Low Stock
MAT02840,Jute,Insulation,280.58,77.93,43.2,14.55,22.0,Supplier A,FSC,478.91,In Stock
MAT02841,Mushroom Composite,Textiles,64.32,85.93,88.4,9.69,31.2,Supplier C,ISO 14001,3945.82,Pre-Order
MAT02842,Flax Fiber,Accessories,86.72,63.98,55.6,9.02,0.2,Supplier A,EcoCert,1408.51,Low Stock
MAT02843,Jute,Electronics,290.54,28.21,23.8,14.99,38.6,Supplier E,Cradle to Cradle,564.4,Pre-Order
MAT02844,Cork,Cosmetics,20.67,11.35,84.7,5.63,91.0,Supplier D,FSC,1248.32,In Stock
MAT02845,Recycled PET,Bags & Luggage,334.08,47.77,41.5,1.29,72.6,Supplier B,Cradle to Cradle,274.73,Low Stock
MAT02846,Mycelium Leather,Coatings,317.42,61.73,97.6,7.02,60.4,Supplier E,ISO 14001,1080.66,Pre-Order
MAT02847,Hemp Fiber,Office Supplies,376.42,99.89,43.1,3.19,63.0,Supplier A,ISO 14001,4004.75,Low Stock
MAT02848,Biodegradable Plastic,Accessories,92.24,76.15,56.1,3.89,6.5,Supplier A,GOTS,2739.0,Low Stock
MAT02849,Linen,Accessories,52.92,83.82,26.5,14.95,60.3,Supplier C,Cradle to Cradle,2731.53,In Stock
MAT02850,Bio-based Polymer,Bags & Luggage,120.67,4.71,94.5,0.81,28.1,Supplier E,Cradle to Cradle,1323.85,Low Stock
MAT02851,Bioplastic,Footwear,439.64,38.48,70.8,8.97,51.9,Supplier C,EcoCert,1248.32,In Stock
MAT02852,Recycled PET,Electronics,450.11,25.4,84.6,0.87,5.4,Supplier D,ISO 14001,3720.06,In Stock
MAT02853,Recycled PET,Kitchen Utensils,475.35,76.76,37.8,7.47,57.4,Supplier B,FSC,1401.04,In Stock
MAT02854,Recycled PET,Flooring,60.6,93.23,25.9,2.05,70.3,Supplier A,ISO 14001,1851.73,Low Stock
MAT02855,Bioplastic,Electronics,93.41,10.19,42.9,1.75,97.2,Supplier E,Cradle to Cradle,1586.96,Low Stock
MAT02856,Mycelium Leather,Accessories,123.86,66.89,61.5,10.12,73.0,Supplier C,GOTS,4090.24,In Stock
MAT02857,Hemp Fiber,Adhesives,492.96,48.52,74.4,12.37,72.7,Supplier A,ISO 14001,1601.07,Low Stock
MAT02858,Bioplastic,Adhesives,295.97,39.09,52.3,5.55,71.9,Supplier E,Cradle to Cradle,3025.35,Pre-Order
MAT02859,Corn Plastic,Toys,125.33,99.45,37.3,8.73,30.3,Supplier B,GOTS,1869.16,Pre-Order
MAT02860,Cardboard,Construction,465.26,20.41,79.7,8.62,34.9,Supplier C,None,2261.75,In Stock
MAT02861,Corn Plastic,Coatings,85.18,48.44,85.0,8.52,66.4,Supplier A,FSC,1205.16,Low Stock
MAT02862,Recycled Aluminum,Furniture,397.61,89.56,58.5,9.33,44.0,Supplier A,GOTS,298.8,Low Stock
MAT02863,Algae-based Material,Textiles,244.07,23.67,45.6,9.31,11.8,Supplier D,FSC,3022.86,Low Stock
MAT02864,Biodegradable Plastic,Office Supplies,351.77,59.16,69.0,14.05,37.1,Supplier C,Cradle to Cradle,1213.46,In Stock
MAT02865,Corn Plastic,Adhesives,272.21,60.0,21.2,14.11,66.3,Supplier C,GOTS,2669.28,Low Stock
MAT02866,Biodegradable Plastic,Accessories,303.66,24.5,72.9,7.39,84.0,Supplier E,Cradle to Cradle,560.25,Low Stock
MAT02867,Recycled Copper,Adhesives,482.79,36.85,30.1,12.59,64.8,Supplier E,FSC,1477.4,Low Stock
MAT02868,Recycled Paper,Electronics,33.48,8.94,96.7,12.38,66.7,Supplier A,GOTS,3153.17,Low Stock
MAT02869,Sustainable Bamboo,Sports Equipment,44.5,58.96,35.4,4.24,25.2,Supplier E,None,3238.66,Pre-Order
MAT02870,Sustainable Bamboo,Construction,474.3,85.69,20.1,10.25,55.6,Supplier B,EcoCert,723.76,Low Stock
MAT02871,Wool,Office Supplies,417.78,62.82,81.1,10.46,89.0,Supplier E,Cradle to Cradle,2990.49,Low Stock
MAT02872,Recycled Metal,Furniture,340.19,22.59,24.9,10.15,52.9,Supplier D,None,2133.1,In Stock
MAT02873,Cellulose,Sports Equipment,429.48,93.93,97.6,11.01,7.0,Supplier A,EcoCert,717.95,Pre-Order
MAT02874,Recycled Metal,Construction,20.29,22.12,26.5,11.04,39.8,Supplier D,Cradle to Cradle,1311.4,In Stock
MAT02875,Cellulose,Accessories,415.95,16.4,53.1,11.59,69.0,Supplier B,Cradle to Cradle,1904.85,Pre-Order
MAT02876,Cork,Bags & Luggage,457.4,61.34,25.3,12.79,43.5,Supplier B,FSC,225.76,In Stock
MAT02877,Seaweed Polymer,Adhesives,336.55,71.59,78.7,10.05,97.8,Supplier E,FSC,723.76,Pre-Order
MAT02878,Seaweed Polymer,Office Supplies,404.47,91.24,34.0,13.38,24.0,Supplier E,EcoCert,2489.17,Pre-Order
MAT02879,Natural Rubber,Automotive,468.78,31.99,92.6,6.51,25.7,Supplier E,GOTS,1366.18,In Stock
MAT02880,Seaweed Polymer,Sports Equipment,385.7,73.23,54.8,2.14,97.2,Supplier C,FSC,629.14,In Stock
MAT02881,Recycled Paper,Sports Equipment,136.18,60.89,61.6,5.15,50.0,Supplier C,GOTS,505.47,Pre-Order
MAT02882,Certified Wood,Coatings,340.66,78.39,24.5,9.78,38.9,Supplier D,EcoCert,3706.78,Low Stock
MAT02883,Bioplastic,Food Packaging,94.15,36.28,27.8,2.7,71.3,Supplier D,FSC,1227.57,Low Stock
MAT02884,Bio-based Polymer,Textiles,212.1,88.75,97.3,6.23,2.2,Supplier C,EcoCert,747.0,Low Stock
MAT02885,Sustainable Bamboo,Insulation,400.19,18.35,45.6,10.04,58.9,Supplier D,FSC,3956.61,Pre-Order
MAT02886,Recycled PET,Adhesives,105.83,83.23,98.1,12.86,31.6,Supplier E,None,1545.46,In Stock
MAT02887,Mycelium Leather,Toys,142.02,9.45,25.2,10.29,98.8,Supplier D,ISO 14001,4003.09,In Stock
MAT02888,Flax Fiber,Flooring,218.59,96.17,51.4,9.97,86.3,Supplier B,GOTS,581.0,Pre-Order
MAT02889,Recycled Glass,Automotive,110.59,4.03,21.2,1.12,39.8,Supplier E,None,1158.68,In Stock
MAT02890,Recycled Aluminum,Automotive,317.86,99.43,64.7,7.91,22.3,Supplier B,ISO 14001,3788.12,In Stock
MAT02891,Cardboard,Flooring,267.13,9.24,70.9,3.83,42.7,Supplier C,EcoCert,1572.85,Low Stock
MAT02892,Recycled Metal,Automotive,11.31,14.24,25.1,7.01,2.3,Supplier E,Cradle to Cradle,1341.28,Low Stock
MAT02893,Corn Plastic,Cosmetics,224.06,71.93,59.2,10.62,76.2,Supplier D,GOTS,1000.15,In Stock
MAT02894,Bio-based Polymer,Coatings,368.37,33.4,46.6,10.42,1.9,Supplier A,ISO 14001,3979.02,Pre-Order
MAT02895,Organic Cotton,Coatings,158.75,54.24,40.5,2.37,42.9,Supplier A,ISO 14001,854.9,In Stock
MAT02896,Jute,Electronics,498.06,14.33,39.3,1.06,74.6,Supplier A,None,2273.37,In Stock
MAT02897,Wool,Household Items,344.57,87.84,71.2,3.36,45.7,Supplier E,ISO 14001,3380.59,Low Stock
MAT02898,Cork Composite,Adhesives,79.36,95.71,22.4,9.29,87.1,Supplier B,ISO 14001,2992.15,Low Stock
MAT02899,Corn Plastic,Sports Equipment,309.99,83.78,57.7,10.3,0.9,Supplier A,GOTS,987.7,Low Stock
MAT02900,Mycelium Leather,Household Items,41.5,2.87,28.0,6.17,58.0,Supplier E,GOTS,183.43,Low Stock
MAT02901,Seaweed Polymer,Bags & Luggage,280.64,10.89,78.3,1.88,40.7,Supplier D,None,734.55,In Stock
MAT02902,Mushroom Composite,Electronics,297.31,30.28,29.5,0.59,81.8,Supplier D,EcoCert,2772.2,Pre-Order
MAT02903,Flax Fiber,Sports Equipment,58.37,72.16,35.6,5.28,16.2,Supplier B,None,1486.53,In Stock
MAT02904,Flax Fiber,Automotive,75.25,79.53,64.2,1.2,50.3,Supplier D,None,2350.56,Low Stock
MAT02905,Cellulose,Footwear,125.16,92.2,79.2,14.34,85.1,Supplier D,FSC,1385.27,Low Stock
MAT02906,Recycled Copper,Furniture,301.95,5.63,28.5,2.18,33.0,Supplier C,GOTS,800.12,Pre-Order
MAT02907,Wool,Sports Equipment,419.06,46.84,76.3,8.51,17.7,Supplier A,Cradle to Cradle,327.02,Low Stock
MAT02908,Algae-based Material,Adhesives,19.15,24.56,40.4,14.48,80.2,Supplier E,ISO 14001,2292.46,Pre-Order
MAT02909,Cork Composite,Adhesives,240.74,83.84,54.5,12.09,85.0,Supplier B,FSC,1399.38,Pre-Order
MAT02910,Hemp Fiber,Home Decor,479.07,33.52,75.4,4.78,73.1,Supplier B,ISO 14001,2541.46,Low Stock
MAT02911,Recycled Copper,Home Decor,286.13,44.85,55.6,9.19,98.3,Supplier B,Cradle to Cradle,517.92,Pre-Order
MAT02912,Seaweed Polymer,Insulation,119.51,71.16,80.7,7.28,97.2,Supplier C,GOTS,1927.26,Pre-Order
MAT02913,Organic Cotton,Cosmetics,498.69,1.06,65.6,13.44,35.7,Supplier D,ISO 14001,2280.01,In Stock
MAT02914,Certified Wood,Automotive,98.95,77.88,36.1,10.79,59.5,Supplier A,EcoCert,1664.15,In Stock
MAT02915,Mycelium Leather,Toys,221.99,75.09,30.4,7.86,57.8,Supplier E,None,2222.74,In Stock
MAT02916,Biodegradable Plastic,Kitchen Utensils,147.57,90.35,79.2,11.34,73.1,Supplier D,EcoCert,2446.01,Pre-Order
MAT02917,Recycled Metal,Toys,61.51,90.73,46.3,6.21,4.9,Supplier B,FSC,3285.97,Pre-Order
MAT02918,Wool,Kitchen Utensils,376.6,88.31,74.1,13.3,14.6,Supplier E,EcoCert,1621.82,Pre-Order
MAT02919,Linen,Flooring,329.46,55.06,81.4,11.75,96.9,Supplier B,ISO 14001,2028.52,Pre-Order
MAT02920,Recycled Aluminum,Electronics,326.07,47.56,59.7,4.63,58.2,Supplier C,GOTS,2602.88,Low Stock
MAT02921,Recycled PET,Household Items,436.08,31.66,28.8,14.46,45.2,Supplier B,None,2482.53,Low Stock
MAT02922,Recycled Metal,Office Supplies,323.72,92.7,42.8,3.87,76.9,Supplier E,ISO 14001,3474.38,Pre-Order
MAT02923,Linen,Electronics,468.97,73.63,40.0,8.91,92.0,Supplier E,EcoCert,1000.15,Low Stock
MAT02924,Cellulose,Adhesives,372.98,46.74,68.5,11.85,96.6,Supplier C,Cradle to Cradle,1616.01,Pre-Order
MAT02925,Cork Composite,Accessories,461.75,50.19,53.3,14.8,55.2,Supplier E,GOTS,1673.28,In Stock
MAT02926,Recycled Glass,Food Packaging,249.51,95.57,36.8,14.94,65.2,Supplier D,Cradle to Cradle,556.1,Low Stock
MAT02927,Organic Cotton,Furniture,164.99,3.53,70.1,7.63,53.5,Supplier B,FSC,1711.46,In Stock
MAT02928,Cork,Flooring,167.56,2.35,92.3,6.43,58.8,Supplier E,GOTS,1520.56,Pre-Order
MAT02929,Cork Composite,Food Packaging,366.74,23.2,81.2,14.45,93.0,Supplier D,GOTS,2888.4,In Stock
MAT02930,Bio-based Polymer,Toys,126.57,69.74,76.9,12.23,28.5,Supplier C,EcoCert,1960.46,Pre-Order
MAT02931,Recycled Paper,Furniture,78.43,13.67,41.4,7.57,29.2,Supplier C,ISO 14001,3322.49,Pre-Order
MAT02932,Hemp Fiber,Home Decor,163.84,35.12,56.1,14.84,91.3,Supplier A,Cradle to Cradle,758.62,In Stock
MAT02933,Cardboard,Household Items,46.09,42.39,44.7,14.09,79.3,Supplier D,Cradle to Cradle,2411.15,In Stock
MAT02934,Cork Composite,Automotive,62.81,56.81,94.2,9.16,95.7,Supplier A,Cradle to Cradle,753.64,Low Stock
MAT02935,Biodegradable Plastic,Toys,370.12,11.23,32.3,13.1,90.6,Supplier B,None,2321.51,Pre-Order
MAT02936,Cellulose,Electronics,188.69,30.31,53.5,10.58,24.8,Supplier C,GOTS,183.43,Low Stock
MAT02937,Natural Rubber,Bags & Luggage,294.51,6.05,97.6,3.58,33.3,Supplier D,Cradle to Cradle,192.56,Pre-Order
MAT02938,Bioplastic,Footwear,462.24,22.42,71.7,7.58,85.8,Supplier E,ISO 14001,929.6,Low Stock
MAT02939,Wool,Sports Equipment,27.33,52.44,75.5,12.46,40.0,Supplier B,Cradle to Cradle,1668.3,Pre-Order
MAT02940,Biodegradable Plastic,Automotive,474.0,19.19,25.0,6.94,94.9,Supplier D,ISO 14001,2861.01,Low Stock
MAT02941,Cork Composite,Coatings,28.19,64.69,93.3,0.84,72.1,Supplier A,FSC,3975.7,In Stock
MAT02942,Recycled Paper,Furniture,296.17,21.67,44.7,0.98,43.6,Supplier B,ISO 14001,2060.89,Low Stock
MAT02943,Bio-based Polymer,Cosmetics,280.1,20.17,39.0,10.45,23.1,Supplier A,None,3093.41,Pre-Order
MAT02944,Bio-based Polymer,Adhesives,460.73,78.54,68.8,2.13,85.0,Supplier D,ISO 14001,1059.91,In Stock
MAT02945,Bio-based Polymer,Sports Equipment,30.64,6.51,64.7,13.32,51.1,Supplier D,None,2764.73,Low Stock
MAT02946,Bio-based Polymer,Toys,391.91,32.24,69.6,5.2,73.5,Supplier D,FSC,2299.1,Pre-Order
MAT02947,Recycled Metal,Food Packaging,206.11,15.92,75.4,8.02,69.4,Supplier A,FSC,3124.12,Low Stock
MAT02948,Recycled Aluminum,Insulation,35.98,29.82,53.3,6.58,50.3,Supplier C,Cradle to Cradle,1456.65,Low Stock
MAT02949,Biodegradable Plastic,Adhesives,214.31,69.57,21.6,6.69,83.0,Supplier B,None,1222.59,Pre-Order
MAT02950,Mycelium Leather,Bags & Luggage,96.67,46.64,56.2,7.25,25.1,Supplier E,GOTS,2137.25,In Stock
MAT02951,Recycled PET,Electronics,407.13,70.21,41.8,5.11,46.8,Supplier A,Cradle to Cradle,3255.26,In Stock
MAT02952,Recycled Metal,Coatings,261.84,61.06,96.3,2.72,30.6,Supplier A,EcoCert,1755.45,In Stock
MAT02953,Mushroom Composite,Construction,447.85,69.01,25.7,9.84,37.8,Supplier A,ISO 14001,642.42,Low Stock
MAT02954,Cork,Kitchen Utensils,46.52,52.08,53.9,5.35,72.9,Supplier E,ISO 14001,1751.3,In Stock
MAT02955,Sustainable Bamboo,Office Supplies,195.22,99.95,97.6,8.87,36.8,Supplier D,EcoCert,421.64,Pre-Order
MAT02956,Cork,Textiles,441.26,76.34,99.7,2.44,68.5,Supplier C,None,1114.69,Pre-Order
MAT02957,Mycelium Leather,Cosmetics,420.84,79.39,26.8,9.26,97.7,Supplier C,EcoCert,2382.93,In Stock
MAT02958,Mushroom Composite,Toys,11.35,70.54,57.7,10.54,77.9,Supplier D,ISO 14001,2895.87,Low Stock
MAT02959,Bio-based Polymer,Food Packaging,244.97,65.24,78.0,1.29,82.7,Supplier B,FSC,397.57,Low Stock
MAT02960,Algae-based Material,Adhesives,192.77,44.82,50.3,10.64,64.8,Supplier A,None,1336.3,In Stock
MAT02961,Natural Rubber,Cosmetics,54.88,92.71,65.7,0.51,67.6,Supplier A,Cradle to Cradle,369.35,Pre-Order
MAT02962,Recycled Copper,Home Decor,23.76,18.48,49.8,2.65,66.5,Supplier B,None,2418.62,Pre-Order
MAT02963,Hemp Fiber,Coatings,96.06,9.11,99.2,3.0,90.1,Supplier E,EcoCert,2040.97,Low Stock
MAT02964,Mycelium Leather,Toys,340.48,65.74,88.8,5.34,23.0,Supplier C,EcoCert,2553.08,Pre-Order
MAT02965,Recycled PET,Footwear,134.66,76.25,47.7,6.06,67.8,Supplier C,None,2618.65,Pre-Order
MAT02966,Bio-based Polymer,Food Packaging,147.83,41.04,29.0,11.79,21.1,Supplier C,ISO 14001,1328.0,In Stock
MAT02967,Hemp Fiber,Toys,469.34,98.35,81.4,13.09,78.9,Supplier D,None,3338.26,Pre-Order
MAT02968,Cork Composite,Coatings,229.17,53.82,79.5,13.56,76.7,Supplier E,GOTS,185.09,Low Stock
MAT02969,Cardboard,Cosmetics,406.08,46.32,67.9,1.17,36.3,Supplier D,EcoCert,1354.56,Pre-Order
MAT02970,Sustainable Bamboo,Household Items,143.71,61.62,61.2,3.57,81.9,Supplier D,FSC,1510.6,Low Stock
MAT02971,Recycled Copper,Food Packaging,340.18,44.98,41.2,0.89,61.7,Supplier B,FSC,2388.74,Low Stock
MAT02972,Certified Wood,Accessories,165.5,97.43,78.9,2.08,90.1,Supplier A,None,527.05,Pre-Order
MAT02973,Certified Wood,Cosmetics,481.46,25.78,74.2,13.51,61.0,Supplier C,EcoCert,2828.64,In Stock
MAT02974,Corn Plastic,Automotive,47.42,36.34,66.1,2.21,66.6,Supplier D,None,374.33,Pre-Order
MAT02975,Cork,Household Items,349.66,85.29,20.7,11.51,88.5,Supplier D,GOTS,754.47,In Stock
MAT02976,Certified Wood,Coatings,484.22,50.04,94.6,0.63,85.2,Supplier B,EcoCert,1347.09,Pre-Order
MAT02977,Cardboard,Insulation,433.59,72.11,31.3,1.43,75.9,Supplier C,EcoCert,1288.99,Pre-Order
MAT02978,Algae-based Material,Household Items,228.96,39.27,43.6,8.97,93.5,Supplier D,None,3984.0,Pre-Order
MAT02979,Mycelium Leather,Kitchen Utensils,493.47,88.08,26.4,6.73,45.8,Supplier E,ISO 14001,2153.85,Low Stock
MAT02980,Certified Wood,Construction,314.53,89.81,53.9,13.03,83.9,Supplier E,EcoCert,2634.42,Pre-Order
MAT02981,Bioplastic,Toys,298.94,54.63,56.9,7.32,29.3,Supplier C,Cradle to Cradle,1478.23,Low Stock
MAT02982,Sustainable Bamboo,Accessories,146.04,12.44,68.8,14.93,72.2,Supplier B,Cradle to Cradle,2481.7,In Stock
MAT02983,Flax Fiber,Bags & Luggage,481.65,44.06,75.6,5.33,99.1,Supplier E,FSC,4101.86,Low Stock
MAT02984,Linen,Accessories,262.81,3.69,32.3,4.54,97.7,Supplier C,Cradle to Cradle,1306.42,Pre-Order
MAT02985,Hemp Fiber,Sports Equipment,362.2,67.24,52.6,13.86,7.0,Supplier E,Cradle to Cradle,1601.07,In Stock
MAT02986,Flax Fiber,Construction,353.6,24.76,91.7,14.51,81.1,Supplier D,GOTS,278.05,Pre-Order
MAT02987,Mycelium Leather,Flooring,24.83,32.29,38.6,5.99,13.1,Supplier C,FSC,686.41,In Stock
MAT02988,Recycled Paper,Furniture,420.13,96.06,34.1,13.33,65.1,Supplier D,ISO 14001,3155.66,Pre-Order
MAT02989,Jute,Automotive,149.29,46.2,89.9,6.57,86.2,Supplier A,FSC,3352.37,Pre-Order
MAT02990,Sustainable Bamboo,Furniture,276.37,2.42,63.6,3.2,90.4,Supplier A,Cradle to Cradle,2315.7,Low Stock
MAT02991,Sustainable Bamboo,Bags & Luggage,351.51,30.58,69.8,7.9,51.4,Supplier C,Cradle to Cradle,1666.64,Low Stock
MAT02992,Flax Fiber,Footwear,49.15,93.08,33.2,12.89,68.1,Supplier B,ISO 14001,867.35,In Stock
MAT02993,Wool,Flooring,355.4,38.74,66.7,13.71,31.6,Supplier C,Cradle to Cradle,3959.93,Pre-Order
MAT02994,Flax Fiber,Coatings,267.73,31.71,62.9,13.41,99.4,Supplier C,Cradle to Cradle,3515.05,In Stock
MAT02995,Natural Rubber,Construction,31.78,8.85,37.6,10.28,81.4,Supplier D,ISO 14001,2319.02,Pre-Order
MAT02996,Cork Composite,Automotive,112.71,16.77,21.3,13.08,94.5,Supplier C,FSC,2249.3,Low Stock
MAT02997,Recycled Copper,Kitchen Utensils,277.12,14.48,95.6,10.69,77.8,Supplier B,EcoCert,908.02,Low Stock
MAT02998,Recycled Copper,Office Supplies,490.96,72.52,32.0,7.83,91.3,Supplier B,GOTS,1953.82,Low Stock
MAT02999,Sustainable Bamboo,Electronics,209.28,66.92,38.2,3.72,63.8,Supplier C,Cradle to Cradle,1547.95,In Stock
MAT03000,Natural Rubber,Sports Equipment,95.01,95.45,30.3,12.16,83.9,Supplier A,ISO 14001,2157.17,Low Stock
MAT03001,Natural Rubber,Furniture,176.43,36.29,66.7,3.67,94.2,Supplier B,None,3257.75,Pre-Order
MAT03002,Wool,Construction,93.41,35.09,94.0,7.0,91.2,Supplier B,GOTS,1409.34,In Stock
MAT03003,Cork Composite,Construction,172.22,34.44,92.7,8.06,72.6,Supplier B,EcoCert,2956.46,Low Stock
MAT03004,Recycled PET,Food Packaging,153.65,11.3,58.1,8.59,85.4,Supplier E,Cradle to Cradle,441.56,Pre-Order
MAT03005,Seaweed Polymer,Footwear,205.87,64.85,38.6,6.17,78.7,Supplier D,EcoCert,3647.02,In Stock
MAT03006,Recycled Glass,Household Items,262.3,92.82,41.2,10.23,49.9,Supplier B,None,1075.68,In Stock
MAT03007,Bioplastic,Cosmetics,482.77,17.14,63.5,5.29,53.5,Supplier D,ISO 14001,3822.98,In Stock
MAT03008,Wool,Sports Equipment,446.67,24.68,69.2,14.13,58.3,Supplier C,FSC,2528.18,Low Stock
MAT03009,Mycelium Leather,Food Packaging,249.21,3.38,64.4,5.18,5.9,Supplier A,FSC,678.94,In Stock
MAT03010,Recycled Aluminum,Flooring,24.18,12.62,77.7,7.82,9.1,Supplier B,EcoCert,3190.52,In Stock
MAT03011,Hemp Fiber,Home Decor,217.91,62.83,45.6,13.37,77.5,Supplier E,None,467.29,In Stock
MAT03012,Organic Cotton,Home Decor,411.12,21.46,42.4,12.22,32.6,Supplier B,None,1992.0,Pre-Order
MAT03013,Recycled PET,Kitchen Utensils,91.19,76.93,25.7,5.12,38.1,Supplier E,GOTS,2588.77,Low Stock
MAT03014,Flax Fiber,Adhesives,337.22,30.29,96.9,5.44,34.3,Supplier C,ISO 14001,2436.88,Low Stock
MAT03015,Natural Rubber,Accessories,347.28,39.29,65.1,9.66,44.3,Supplier C,GOTS,1362.86,In Stock
MAT03016,Algae-based Material,Accessories,315.89,94.26,75.2,2.4,85.3,Supplier B,ISO 14001,3739.15,Low Stock
MAT03017,Wool,Flooring,326.17,50.56,82.0,1.58,65.0,Supplier A,EcoCert,549.46,Pre-Order
MAT03018,Flax Fiber,Automotive,55.34,83.39,49.9,4.78,29.6,Supplier B,ISO 14001,759.45,Pre-Order
MAT03019,Recycled Metal,Kitchen Utensils,319.03,76.74,90.5,7.22,2.6,Supplier E,FSC,3076.81,Low Stock
MAT03020,Recycled Paper,Furniture,413.04,36.88,88.7,3.0,93.7,Supplier C,GOTS,3296.76,In Stock
MAT03021,Recycled Copper,Automotive,295.55,99.87,54.9,4.7,83.5,Supplier E,GOTS,3297.59,In Stock
MAT03022,Bio-based Polymer,Cosmetics,413.14,90.22,48.9,12.54,16.5,Supplier C,EcoCert,2070.85,Pre-Order
MAT03023,Recycled Paper,Electronics,148.33,81.91,68.6,4.17,13.6,Supplier B,FSC,3794.76,Low Stock
MAT03024,Recycled Glass,Sports Equipment,14.0,55.82,67.5,14.34,78.2,Supplier C,None,978.57,Pre-Order
MAT03025,Hemp Fiber,Household Items,402.51,71.3,57.8,3.43,60.1,Supplier D,None,2897.53,In Stock
MAT03026,Recycled PET,Sports Equipment,277.96,9.63,59.5,4.71,12.8,Supplier B,ISO 14001,3225.38,In Stock
MAT03027,Bioplastic,Cosmetics,442.6,71.07,60.2,14.91,3.9,Supplier C,EcoCert,1321.36,In Stock
MAT03028,Bio-based Polymer,Coatings,267.56,60.63,64.5,9.85,71.1,Supplier D,GOTS,2470.08,Low Stock
MAT03029,Bio-based Polymer,Furniture,67.34,57.66,74.1,13.1,3.6,Supplier B,FSC,780.2,Low Stock
MAT03030,Linen,Insulation,366.26,69.92,27.5,14.41,23.4,Supplier D,Cradle to Cradle,1883.27,In Stock
MAT03031,Recycled Glass,Cosmetics,456.53,9.42,88.7,3.66,54.8,Supplier E,ISO 14001,2409.49,Pre-Order
MAT03032,Seaweed Polymer,Kitchen Utensils,152.38,32.78,89.3,2.12,72.2,Supplier A,FSC,3280.16,Low Stock
MAT03033,Seaweed Polymer,Household Items,300.29,43.56,96.7,1.61,89.4,Supplier D,GOTS,2057.57,In Stock
MAT03034,Corn Plastic,Kitchen Utensils,232.35,75.36,32.3,10.76,65.3,Supplier A,Cradle to Cradle,771.9,Pre-Order
MAT03035,Cork,Textiles,203.24,83.69,73.0,14.42,50.4,Supplier A,GOTS,472.27,Pre-Order
MAT03036,Cork Composite,Toys,488.51,97.13,96.3,11.52,57.3,Supplier B,ISO 14001,1676.6,Low Stock
MAT03037,Linen,Toys,21.13,35.19,68.6,6.34,59.7,Supplier D,Cradle to Cradle,3501.77,Pre-Order
MAT03038,Bioplastic,Accessories,432.04,14.56,81.3,3.66,46.1,Supplier A,None,283.03,Pre-Order
MAT03039,Natural Rubber,Flooring,411.21,78.35,66.4,13.07,6.6,Supplier E,Cradle to Cradle,2779.67,In Stock
MAT03040,Hemp Fiber,Automotive,115.94,22.33,22.4,11.41,33.8,Supplier D,GOTS,2295.78,Low Stock
MAT03041,Flax Fiber,Insulation,349.81,55.65,69.8,9.94,24.3,Supplier A,EcoCert,1500.64,Low Stock
MAT03042,Bio-based Polymer,Construction,267.05,89.04,93.1,12.66,14.1,Supplier C,None,1655.02,Low Stock
MAT03043,Certified Wood,Bags & Luggage,499.48,12.14,69.6,2.16,57.6,Supplier A,FSC,1842.6,Low Stock
MAT03044,Mushroom Composite,Automotive,391.36,24.29,59.6,8.63,20.6,Supplier B,Cradle to Cradle,2996.3,Pre-Order
MAT03045,Corn Plastic,Furniture,81.23,24.81,21.4,4.24,23.5,Supplier C,EcoCert,1183.58,Low Stock
MAT03046,Jute,Sports Equipment,450.31,28.07,54.5,7.45,71.2,Supplier B,Cradle to Cradle,557.76,In Stock
MAT03047,Recycled Metal,Food Packaging,206.16,11.46,46.6,13.41,57.5,Supplier A,ISO 14001,2081.64,Low Stock
MAT03048,Certified Wood,Flooring,157.94,51.77,28.9,11.76,25.3,Supplier D,FSC,482.23,Pre-Order
MAT03049,Organic Cotton,Footwear,358.56,70.6,91.3,1.55,53.9,Supplier C,Cradle to Cradle,637.44,In Stock
MAT03050,Cork,Office Supplies,47.3,52.12,33.3,11.35,2.2,Supplier C,None,1492.34,Pre-Order
MAT03051,Mycelium Leather,Office Supplies,485.96,91.07,34.0,6.27,97.0,Supplier C,FSC,1679.09,Low Stock
MAT03052,Recycled PET,Cosmetics,494.43,80.89,35.9,13.22,67.7,Supplier C,GOTS,2683.39,Low Stock
MAT03053,Recycled Aluminum,Home Decor,340.54,79.0,22.3,3.85,0.7,Supplier E,Cradle to Cradle,509.62,Pre-Order
MAT03054,Recycled Metal,Construction,253.31,15.83,37.6,8.08,80.0,Supplier C,None,2045.12,In Stock
MAT03055,Flax Fiber,Textiles,329.3,72.95,81.3,11.28,80.3,Supplier E,FSC,1722.25,Pre-Order
MAT03056,Certified Wood,Food Packaging,471.73,33.16,74.3,7.04,98.0,Supplier C,ISO 14001,2498.3,Pre-Order
MAT03057,Bioplastic,Adhesives,51.67,68.61,92.6,0.98,11.4,Supplier C,ISO 14001,918.81,In Stock
MAT03058,Mycelium Leather,Flooring,317.9,56.64,35.1,11.31,47.4,Supplier A,None,2011.92,Low Stock
MAT03059,Bio-based Polymer,Kitchen Utensils,464.7,33.74,72.9,5.36,71.0,Supplier B,EcoCert,1380.29,Low Stock
MAT03060,Mycelium Leather,Footwear,310.4,39.33,66.1,4.76,83.5,Supplier D,None,4074.47,Pre-Order
MAT03061,Certified Wood,Sports Equipment,73.91,34.94,60.0,14.52,11.2,Supplier A,None,4018.03,Low Stock
MAT03062,Cork,Household Items,159.96,58.42,82.7,10.61,31.9,Supplier C,None,899.72,In Stock
MAT03063,Corn Plastic,Sports Equipment,358.68,55.53,85.9,6.63,90.9,Supplier D,None,2215.27,In Stock
MAT03064,Wool,Food Packaging,35.98,45.05,57.2,14.51,10.3,Supplier E,GOTS,2887.57,Pre-Order
MAT03065,Cellulose,Bags & Luggage,229.75,95.25,79.0,3.97,85.6,Supplier E,GOTS,3647.85,Pre-Order
MAT03066,Recycled Glass,Cosmetics,352.44,85.47,33.9,10.73,63.7,Supplier B,GOTS,3710.1,Pre-Order
MAT03067,Certified Wood,Construction,395.72,88.81,91.4,3.43,21.3,Supplier E,Cradle to Cradle,839.13,Pre-Order
MAT03068,Certified Wood,Office Supplies,332.63,57.8,64.4,10.06,4.8,Supplier C,Cradle to Cradle,717.95,Low Stock
MAT03069,Cellulose,Toys,475.79,47.76,86.2,5.45,56.0,Supplier A,EcoCert,3686.03,Low Stock
MAT03070,Recycled Paper,Flooring,397.29,28.48,94.6,14.07,48.8,Supplier A,Cradle to Cradle,2464.27,In Stock
MAT03071,Sustainable Bamboo,Footwear,467.18,26.52,50.5,9.92,96.8,Supplier E,FSC,4147.51,In Stock
MAT03072,Cork Composite,Adhesives,234.16,80.22,33.8,11.63,87.3,Supplier E,EcoCert,2115.67,Pre-Order
MAT03073,Cork Composite,Bags & Luggage,485.33,19.29,59.8,10.96,48.3,Supplier D,Cradle to Cradle,1330.49,In Stock
MAT03074,Recycled Paper,Kitchen Utensils,284.56,88.85,70.6,5.44,17.3,Supplier B,ISO 14001,3876.93,Pre-Order
MAT03075,Recycled Copper,Insulation,415.87,55.51,33.1,2.91,48.3,Supplier A,EcoCert,4037.12,Low Stock
MAT03076,Wool,Office Supplies,211.85,2.93,63.3,5.73,71.9,Supplier B,EcoCert,976.08,Pre-Order
MAT03077,Certified Wood,Toys,40.96,31.44,80.6,10.2,13.4,Supplier A,ISO 14001,597.6,In Stock
MAT03078,Wool,Kitchen Utensils,14.72,75.94,67.5,14.77,44.7,Supplier D,EcoCert,3396.36,In Stock
MAT03079,Mushroom Composite,Flooring,378.39,42.27,77.1,11.57,75.1,Supplier B,FSC,3907.64,In Stock
MAT03080,Cardboard,Food Packaging,289.61,89.04,61.2,4.46,27.1,Supplier D,Cradle to Cradle,781.86,Pre-Order
MAT03081,Recycled Glass,Insulation,225.73,41.53,74.7,9.43,34.8,Supplier C,None,3562.36,Low Stock
MAT03082,Seaweed Polymer,Bags & Luggage,203.53,44.72,54.2,6.23,67.7,Supplier E,EcoCert,523.73,In Stock
MAT03083,Mushroom Composite,Textiles,228.91,59.01,59.9,8.87,0.3,Supplier A,FSC,3828.79,Low Stock
MAT03084,Natural Rubber,Construction,379.85,7.04,55.0,3.1,61.1,Supplier A,FSC,4057.04,In Stock
MAT03085,Recycled Copper,Office Supplies,335.02,90.5,47.6,14.32,37.1,Supplier B,ISO 14001,1932.24,Pre-Order
MAT03086,Flax Fiber,Food Packaging,499.56,46.68,82.0,4.24,76.1,Supplier B,GOTS,3084.28,In Stock
MAT03087,Jute,Flooring,177.99,65.08,41.7,6.3,47.9,Supplier C,None,652.38,Pre-Order
MAT03088,Cork,Kitchen Utensils,382.43,57.9,98.7,1.4,79.9,Supplier B,Cradle to Cradle,3515.05,Pre-Order
MAT03089,Cork Composite,Sports Equipment,304.23,21.68,30.9,6.8,21.7,Supplier B,EcoCert,1193.54,Low Stock
MAT03090,Flax Fiber,Office Supplies,88.08,94.7,61.6,7.25,89.5,Supplier B,Cradle to Cradle,3484.34,Pre-Order
MAT03091,Bio-based Polymer,Automotive,175.14,58.39,28.2,3.88,22.9,Supplier A,ISO 14001,2044.29,Pre-Order
MAT03092,Flax Fiber,Adhesives,162.98,65.84,40.1,13.49,20.4,Supplier C,FSC,1942.2,In Stock
MAT03093,Hemp Fiber,Furniture,344.57,63.59,63.0,12.26,21.1,Supplier D,None,1284.84,In Stock
MAT03094,Recycled Metal,Home Decor,326.38,89.19,70.1,0.68,46.5,Supplier E,EcoCert,1918.13,Pre-Order
MAT03095,Cellulose,Home Decor,378.84,69.02,29.1,14.27,57.1,Supplier A,None,1702.33,Pre-Order
MAT03096,Linen,Footwear,191.07,70.9,44.6,11.05,69.1,Supplier D,None,547.8,Pre-Order
MAT03097,Algae-based Material,Accessories,237.15,67.2,54.8,0.94,20.6,Supplier D,FSC,745.34,Pre-Order
MAT03098,Bioplastic,Sports Equipment,265.97,36.9,36.3,11.02,13.3,Supplier B,None,4118.46,Pre-Order
MAT03099,Recycled Paper,Accessories,305.58,61.75,68.6,13.75,67.7,Supplier B,None,2229.38,In Stock
MAT03100,Sustainable Bamboo,Home Decor,21.2,17.33,67.5,5.92,58.2,Supplier C,GOTS,2851.88,In Stock
MAT03101,Wool,Electronics,72.61,2.16,54.9,13.22,73.6,Supplier A,Cradle to Cradle,2253.45,Pre-Order
MAT03102,Recycled PET,Accessories,495.33,49.93,57.7,13.13,82.9,Supplier E,Cradle to Cradle,2465.1,In Stock
MAT03103,Recycled Metal,Insulation,295.95,72.69,27.1,11.1,23.1,Supplier C,FSC,1500.64,Low Stock
MAT03104,Linen,Automotive,84.82,33.2,65.3,6.31,90.8,Supplier B,EcoCert,1925.6,Pre-Order
MAT03105,Jute,Accessories,302.32,26.46,46.9,9.15,0.7,Supplier C,GOTS,2382.1,Pre-Order
MAT03106,Recycled Glass,Sports Equipment,187.52,78.09,72.2,3.38,47.0,Supplier B,ISO 14001,2211.95,In Stock
MAT03107,Recycled Metal,Cosmetics,17.69,15.5,84.5,7.28,20.4,Supplier B,None,2841.09,Pre-Order
MAT03108,Bio-based Polymer,Home Decor,370.56,66.02,56.9,10.94,82.7,Supplier B,GOTS,843.28,Pre-Order
MAT03109,Recycled PET,Household Items,286.5,60.24,25.2,10.18,0.5,Supplier A,ISO 14001,548.63,Pre-Order
MAT03110,Biodegradable Plastic,Footwear,278.87,43.65,77.6,11.05,74.8,Supplier B,Cradle to Cradle,994.34,Low Stock
MAT03111,Recycled Glass,Toys,389.04,56.2,65.7,10.52,66.4,Supplier E,GOTS,2214.44,Pre-Order
MAT03112,Mycelium Leather,Cosmetics,247.33,43.64,24.7,12.33,67.1,Supplier D,ISO 14001,2553.91,Low Stock
MAT03113,Recycled Glass,Home Decor,322.87,56.36,21.2,5.58,49.1,Supplier C,Cradle to Cradle,1149.55,Low Stock
MAT03114,Recycled Aluminum,Footwear,134.92,49.88,37.1,14.43,23.4,Supplier E,ISO 14001,1920.62,Pre-Order
MAT03115,Cork Composite,Bags & Luggage,74.08,94.4,22.4,5.31,43.7,Supplier A,EcoCert,3824.64,In Stock
MAT03116,Recycled PET,Insulation,401.44,30.99,55.9,1.81,52.9,Supplier E,FSC,3168.94,Low Stock
MAT03117,Mycelium Leather,Accessories,409.49,36.12,68.5,6.35,31.9,Supplier A,Cradle to Cradle,1020.07,In Stock
MAT03118,Recycled Copper,Bags & Luggage,38.3,24.73,60.9,8.77,59.2,Supplier C,Cradle to Cradle,2847.73,Pre-Order
MAT03119,Cellulose,Automotive,139.96,23.01,82.0,3.87,25.1,Supplier C,FSC,1782.01,In Stock
MAT03120,Bio-based Polymer,Textiles,346.15,39.5,85.8,7.81,6.3,Supplier A,FSC,2241.83,Low Stock
MAT03121,Recycled Glass,Sports Equipment,314.73,38.79,20.1,4.84,80.2,Supplier D,GOTS,1010.11,Low Stock
MAT03122,Mycelium Leather,Toys,220.85,91.49,29.8,11.25,8.2,Supplier B,ISO 14001,488.87,Low Stock
MAT03123,Recycled Paper,Accessories,366.24,81.8,52.4,5.04,35.1,Supplier E,None,3308.38,Pre-Order
MAT03124,Sustainable Bamboo,Adhesives,452.44,5.4,83.0,4.89,31.4,Supplier B,FSC,2564.7,Low Stock
MAT03125,Recycled Metal,Insulation,213.83,71.8,52.1,1.96,22.3,Supplier A,ISO 14001,1415.98,In Stock
MAT03126,Recycled Aluminum,Bags & Luggage,394.85,48.71,83.2,0.67,99.2,Supplier A,FSC,3689.35,Low Stock
MAT03127,Seaweed Polymer,Home Decor,429.51,10.37,63.4,13.71,55.9,Supplier A,EcoCert,1699.01,Low Stock
MAT03128,Bioplastic,Adhesives,387.66,12.48,93.1,9.57,72.4,Supplier C,GOTS,310.42,In Stock
MAT03129,Recycled Aluminum,Textiles,339.2,74.23,67.4,12.58,57.6,Supplier A,EcoCert,2286.65,Low Stock
MAT03130,Seaweed Polymer,Kitchen Utensils,47.63,1.77,20.9,5.01,94.8,Supplier B,None,2546.44,In Stock
MAT03131,Cork Composite,Insulation,454.51,95.47,87.8,14.84,1.7,Supplier A,EcoCert,3824.64,Low Stock
MAT03132,Sustainable Bamboo,Construction,481.79,22.78,85.0,1.58,19.5,Supplier B,FSC,2462.61,In Stock
MAT03133,Recycled Aluminum,Household Items,30.26,6.16,99.4,3.59,87.3,Supplier D,Cradle to Cradle,457.33,Low Stock
MAT03134,Mushroom Composite,Insulation,180.89,16.3,55.9,8.34,38.9,Supplier B,Cradle to Cradle,589.3,Pre-Order
MAT03135,Recycled Metal,Food Packaging,328.34,91.77,99.6,9.08,83.0,Supplier D,GOTS,3923.41,Low Stock
MAT03136,Wool,Cosmetics,92.33,12.67,54.5,12.56,6.3,Supplier A,None,492.19,Pre-Order
MAT03137,Recycled Metal,Accessories,438.65,61.84,68.7,3.71,5.9,Supplier E,None,1459.14,Pre-Order
MAT03138,Cork Composite,Kitchen Utensils,294.6,91.61,24.8,11.93,22.1,Supplier C,EcoCert,3315.85,Low Stock
MAT03139,Algae-based Material,Flooring,353.55,99.65,85.2,12.76,88.1,Supplier A,EcoCert,2970.57,Low Stock
MAT03140,Algae-based Material,Food Packaging,483.77,36.57,47.5,1.79,14.1,Supplier B,Cradle to Cradle,361.05,In Stock
MAT03141,Mushroom Composite,Textiles,208.42,28.13,28.3,10.49,55.7,Supplier C,None,219.12,Low Stock
MAT03142,Corn Plastic,Food Packaging,439.46,70.45,75.3,7.74,10.2,Supplier E,FSC,317.89,Low Stock
MAT03143,Jute,Adhesives,169.58,28.77,90.0,0.93,40.4,Supplier C,EcoCert,2519.05,In Stock
MAT03144,Jute,Construction,349.23,46.22,47.2,6.77,55.8,Supplier E,GOTS,2891.72,Pre-Order
MAT03145,Cellulose,Food Packaging,248.68,15.02,98.6,1.63,14.3,Supplier A,GOTS,2631.1,Pre-Order
MAT03146,Certified Wood,Toys,465.66,99.68,55.4,6.75,31.6,Supplier E,GOTS,925.45,Low Stock
MAT03147,Linen,Office Supplies,306.36,87.94,84.5,3.33,9.6,Supplier C,Cradle to Cradle,3903.49,In Stock
MAT03148,Mushroom Composite,Office Supplies,70.5,98.93,73.8,5.94,51.9,Supplier A,FSC,2486.68,Pre-Order
MAT03149,Linen,Construction,308.29,45.15,51.0,2.25,39.0,Supplier E,Cradle to Cradle,712.14,Low Stock
MAT03150,Biodegradable Plastic,Furniture,161.14,52.69,41.6,14.15,87.6,Supplier D,Cradle to Cradle,2534.82,Pre-Order
MAT03151,Recycled Paper,Textiles,203.96,38.47,87.1,11.32,82.2,Supplier B,ISO 14001,1342.94,Low Stock
MAT03152,Corn Plastic,Kitchen Utensils,476.4,21.42,77.3,2.64,14.8,Supplier B,GOTS,880.63,In Stock
MAT03153,Natural Rubber,Office Supplies,417.26,1.07,45.7,12.64,83.8,Supplier D,ISO 14001,1396.89,Low Stock
MAT03154,Bio-based Polymer,Textiles,187.36,85.07,47.2,2.68,62.6,Supplier B,GOTS,3783.97,In Stock
MAT03155,Cork Composite,Cosmetics,102.32,12.78,41.8,13.82,1.7,Supplier E,FSC,2607.03,Low Stock
MAT03156,Wool,Construction,128.68,13.56,77.4,2.29,60.5,Supplier E,GOTS,3684.37,Low Stock
MAT03157,Recycled Copper,Accessories,365.51,79.49,42.2,10.63,79.9,Supplier A,EcoCert,1285.67,Low Stock
MAT03158,Mushroom Composite,Accessories,139.97,90.79,88.6,10.37,63.5,Supplier D,EcoCert,3656.15,Pre-Order
MAT03159,Recycled Metal,Footwear,32.11,15.71,94.2,6.69,53.1,Supplier B,Cradle to Cradle,1074.85,Pre-Order
MAT03160,Recycled Aluminum,Flooring,49.6,11.8,21.2,1.12,68.1,Supplier C,FSC,1691.54,Low Stock
MAT03161,Certified Wood,Toys,264.47,62.04,84.4,12.26,67.9,Supplier D,Cradle to Cradle,1606.88,Low Stock
MAT03162,Cork Composite,Home Decor,434.75,42.28,81.4,4.86,52.3,Supplier B,None,2289.97,Low Stock
MAT03163,Corn Plastic,Construction,164.14,30.25,34.9,9.77,20.3,Supplier D,EcoCert,630.8,Pre-Order
MAT03164,Algae-based Material,Automotive,281.23,33.78,98.8,4.15,36.6,Supplier E,FSC,2372.97,Pre-Order
MAT03165,Cardboard,Automotive,13.49,26.94,51.7,6.81,91.5,Supplier E,FSC,2988.83,Pre-Order
MAT03166,Algae-based Material,Kitchen Utensils,156.62,70.97,86.2,6.98,72.3,Supplier D,GOTS,681.43,In Stock
MAT03167,Sustainable Bamboo,Furniture,361.22,39.61,48.8,3.25,37.1,Supplier B,Cradle to Cradle,3154.0,In Stock
MAT03168,Organic Cotton,Food Packaging,245.57,30.26,91.9,1.69,79.0,Supplier A,None,1215.12,In Stock
MAT03169,Biodegradable Plastic,Office Supplies,49.99,92.28,48.4,9.07,86.7,Supplier C,GOTS,1687.39,Pre-Order
MAT03170,Recycled PET,Footwear,142.9,21.27,25.5,12.04,85.0,Supplier A,None,551.12,Low Stock
MAT03171,Hemp Fiber,Accessories,411.16,88.83,82.8,14.03,16.5,Supplier E,Cradle to Cradle,1887.42,In Stock
MAT03172,Sustainable Bamboo,Electronics,377.5,74.88,83.3,4.89,29.4,Supplier D,GOTS,2555.57,Pre-Order
MAT03173,Flax Fiber,Insulation,353.5,81.56,77.4,9.59,73.4,Supplier A,Cradle to Cradle,2251.79,Pre-Order
MAT03174,Linen,Food Packaging,474.53,99.6,84.7,2.4,36.6,Supplier D,EcoCert,2519.88,Low Stock
MAT03175,Cork,Toys,224.18,91.91,61.2,7.62,28.8,Supplier B,FSC,3622.12,In Stock
MAT03176,Bio-based Polymer,Automotive,101.25,87.22,45.7,8.57,92.9,Supplier C,Cradle to Cradle,1914.81,In Stock
MAT03177,Wool,Textiles,490.47,73.45,90.3,13.23,52.5,Supplier E,Cradle to Cradle,3343.24,Low Stock
MAT03178,Recycled PET,Kitchen Utensils,364.3,50.14,20.5,0.76,40.3,Supplier C,Cradle to Cradle,1803.59,In Stock
MAT03179,Biodegradable Plastic,Toys,195.04,71.99,33.0,14.89,85.2,Supplier B,None,644.91,Pre-Order
MAT03180,Algae-based Material,Construction,69.25,83.07,37.0,12.92,41.5,Supplier B,Cradle to Cradle,3984.0,Pre-Order
MAT03181,Seaweed Polymer,Household Items,383.65,14.23,40.9,11.96,59.9,Supplier A,GOTS,952.84,Pre-Order
MAT03182,Cork Composite,Home Decor,325.49,99.83,54.5,2.91,76.0,Supplier D,None,3752.43,Low Stock
MAT03183,Recycled Paper,Household Items,276.11,98.87,27.6,3.43,65.3,Supplier C,EcoCert,1220.1,Pre-Order
MAT03184,Mycelium Leather,Adhesives,440.36,56.68,29.0,8.05,30.9,Supplier D,GOTS,3593.07,In Stock
MAT03185,Recycled Metal,Household Items,98.84,3.88,51.1,3.91,55.7,Supplier A,GOTS,517.92,Pre-Order
MAT03186,Flax Fiber,Accessories,396.75,25.99,96.0,1.88,68.9,Supplier E,GOTS,3061.04,Low Stock
MAT03187,Recycled Copper,Insulation,405.18,71.27,65.8,4.24,7.3,Supplier E,FSC,1148.72,In Stock
MAT03188,Cork,Sports Equipment,104.78,69.25,46.9,7.7,48.9,Supplier E,Cradle to Cradle,2003.62,Low Stock
MAT03189,Cardboard,Home Decor,288.3,36.73,64.7,1.54,83.3,Supplier D,GOTS,1395.23,Pre-Order
MAT03190,Sustainable Bamboo,Adhesives,179.56,77.67,99.7,0.84,54.8,Supplier C,FSC,2334.79,Low Stock
MAT03191,Seaweed Polymer,Kitchen Utensils,428.93,20.01,68.6,0.69,81.1,Supplier A,GOTS,3550.74,In Stock
MAT03192,Recycled Paper,Textiles,46.75,23.17,28.5,4.97,96.7,Supplier B,None,1392.74,In Stock
MAT03193,Jute,Household Items,254.7,16.47,26.0,14.9,60.4,Supplier E,Cradle to Cradle,512.94,In Stock
MAT03194,Seaweed Polymer,Office Supplies,390.9,90.84,40.0,7.17,60.6,Supplier E,EcoCert,1408.51,In Stock
MAT03195,Natural Rubber,Kitchen Utensils,119.84,66.49,22.1,7.09,93.9,Supplier B,Cradle to Cradle,1683.24,Low Stock
MAT03196,Bio-based Polymer,Food Packaging,296.18,40.05,23.6,3.13,19.4,Supplier C,FSC,888.1,Pre-Order
MAT03197,Bio-based Polymer,Food Packaging,188.28,80.05,65.4,6.86,15.8,Supplier C,EcoCert,1229.23,Low Stock
MAT03198,Organic Cotton,Home Decor,187.34,68.52,69.4,2.78,87.6,Supplier A,ISO 14001,2026.03,Pre-Order
MAT03199,Natural Rubber,Footwear,342.14,10.49,97.2,10.3,20.6,Supplier D,ISO 14001,3386.4,Pre-Order
MAT03200,Jute,Flooring,176.76,51.33,75.0,13.08,68.7,Supplier A,ISO 14001,1839.28,Pre-Order
MAT03201,Natural Rubber,Coatings,242.4,94.23,60.1,14.8,47.9,Supplier E,GOTS,3472.72,In Stock
MAT03202,Flax Fiber,Furniture,496.5,41.66,41.7,7.69,16.8,Supplier D,Cradle to Cradle,966.12,Low Stock
MAT03203,Wool,Sports Equipment,443.66,76.76,48.1,6.21,87.2,Supplier C,EcoCert,1216.78,Low Stock
MAT03204,Cellulose,Office Supplies,198.66,26.67,66.7,4.34,44.3,Supplier C,None,478.08,Pre-Order
MAT03205,Hemp Fiber,Household Items,428.3,90.81,89.1,9.89,71.7,Supplier A,GOTS,683.09,In Stock
MAT03206,Recycled PET,Kitchen Utensils,93.13,65.1,64.7,4.46,83.2,Supplier D,GOTS,2254.28,In Stock
MAT03207,Cellulose,Coatings,136.76,87.88,39.0,12.17,34.9,Supplier A,Cradle to Cradle,2372.97,Pre-Order
MAT03208,Biodegradable Plastic,Home Decor,122.49,22.38,78.4,5.89,40.3,Supplier E,ISO 14001,917.15,In Stock
MAT03209,Jute,Coatings,196.09,97.63,62.0,10.6,27.7,Supplier D,FSC,3276.84,Low Stock
MAT03210,Cork,Food Packaging,484.12,87.67,27.0,0.52,88.0,Supplier C,ISO 14001,1035.84,Low Stock
MAT03211,Organic Cotton,Food Packaging,403.06,88.07,52.6,7.99,86.9,Supplier E,Cradle to Cradle,1966.27,In Stock
MAT03212,Cork,Footwear,463.02,47.26,71.8,4.36,98.3,Supplier D,Cradle to Cradle,3308.38,Pre-Order
MAT03213,Recycled Paper,Accessories,117.02,85.85,30.9,7.54,82.2,Supplier D,GOTS,2438.54,In Stock
MAT03214,Natural Rubber,Coatings,81.85,6.31,96.4,8.85,81.8,Supplier A,ISO 14001,444.05,In Stock
MAT03215,Cellulose,Kitchen Utensils,223.74,48.81,62.7,10.39,59.6,Supplier C,EcoCert,624.16,Low Stock
MAT03216,Recycled Aluminum,Toys,243.13,63.75,36.2,3.35,23.6,Supplier D,ISO 14001,3490.98,Low Stock
MAT03217,Mycelium Leather,Furniture,445.83,45.27,72.4,4.41,94.6,Supplier B,GOTS,2270.05,In Stock
MAT03218,Seaweed Polymer,Home Decor,337.65,77.08,74.9,6.44,18.6,Supplier D,EcoCert,2027.69,Low Stock
MAT03219,Natural Rubber,Sports Equipment,380.55,6.99,26.8,12.77,70.0,Supplier A,FSC,2875.95,Pre-Order
MAT03220,Bio-based Polymer,Accessories,442.69,40.51,27.6,3.67,11.0,Supplier D,GOTS,913.0,Low Stock
MAT03221,Bioplastic,Adhesives,265.25,30.46,73.8,10.65,96.6,Supplier B,Cradle to Cradle,3788.12,Low Stock
MAT03222,Mushroom Composite,Toys,14.4,91.75,60.4,14.7,48.9,Supplier A,None,429.11,Low Stock
MAT03223,Cellulose,Home Decor,68.36,3.97,54.2,1.09,3.6,Supplier B,EcoCert,1978.72,Pre-Order
MAT03224,Cellulose,Footwear,226.27,73.34,61.0,3.35,1.1,Supplier C,Cradle to Cradle,1179.43,In Stock
MAT03225,Jute,Bags & Luggage,333.37,69.32,20.6,4.72,26.2,Supplier B,EcoCert,681.43,In Stock
MAT03226,Bioplastic,Electronics,102.68,86.82,64.3,12.38,24.5,Supplier D,GOTS,2807.89,In Stock
MAT03227,Recycled Copper,Cosmetics,219.73,74.68,46.0,9.55,82.9,Supplier C,ISO 14001,3943.33,Pre-Order
MAT03228,Algae-based Material,Adhesives,451.49,99.66,67.0,0.85,99.6,Supplier A,Cradle to Cradle,4037.12,Pre-Order
MAT03229,Certified Wood,Sports Equipment,12.49,71.61,47.4,6.64,62.5,Supplier C,FSC,381.8,In Stock
MAT03230,Corn Plastic,Food Packaging,450.48,61.1,67.8,9.53,38.1,Supplier E,FSC,1038.33,In Stock
MAT03231,Certified Wood,Office Supplies,182.79,96.94,98.3,0.93,59.7,Supplier C,GOTS,2529.01,In Stock
MAT03232,Seaweed Polymer,Automotive,344.48,21.64,33.1,2.2,86.6,Supplier C,FSC,2667.62,In Stock
MAT03233,Algae-based Material,Bags & Luggage,12.15,29.93,36.0,10.13,53.2,Supplier D,EcoCert,2953.97,In Stock
MAT03234,Seaweed Polymer,Food Packaging,157.47,87.57,82.5,0.97,23.8,Supplier C,GOTS,4021.35,Pre-Order
MAT03235,Recycled Glass,Toys,116.58,52.1,55.5,12.46,60.0,Supplier E,EcoCert,3691.84,Pre-Order
MAT03236,Recycled Metal,Household Items,417.2,33.62,74.4,3.93,83.0,Supplier A,EcoCert,1659.17,In Stock
MAT03237,Cardboard,Construction,431.19,19.59,61.2,2.5,93.2,Supplier E,GOTS,3559.87,In Stock
MAT03238,Mushroom Composite,Bags & Luggage,100.49,36.87,71.7,10.44,77.4,Supplier A,GOTS,3287.63,Low Stock
MAT03239,Recycled Aluminum,Food Packaging,129.4,93.75,29.9,6.64,72.7,Supplier C,GOTS,3475.21,Low Stock
MAT03240,Recycled Copper,Flooring,232.21,11.23,83.9,0.72,70.9,Supplier E,GOTS,1337.96,Pre-Order
MAT03241,Recycled Copper,Textiles,443.54,84.69,79.0,7.9,13.6,Supplier D,None,1182.75,Low Stock
MAT03242,Recycled Paper,Accessories,459.55,3.65,94.6,6.49,93.0,Supplier C,EcoCert,1547.12,Pre-Order
MAT03243,Seaweed Polymer,Furniture,190.45,33.93,60.9,12.95,50.8,Supplier B,Cradle to Cradle,3002.11,Low Stock
MAT03244,Cork Composite,Bags & Luggage,157.01,77.0,56.2,7.7,49.3,Supplier B,GOTS,1648.38,Low Stock
MAT03245,Flax Fiber,Textiles,71.83,51.92,31.9,4.68,58.7,Supplier D,EcoCert,3398.85,Low Stock
MAT03246,Bioplastic,Food Packaging,18.34,7.15,42.8,5.3,36.4,Supplier E,GOTS,4083.6,Pre-Order
MAT03247,Flax Fiber,Sports Equipment,236.3,27.25,77.6,13.44,43.6,Supplier E,GOTS,693.88,Low Stock
MAT03248,Wool,Kitchen Utensils,67.53,33.66,66.9,5.48,3.0,Supplier D,Cradle to Cradle,838.3,Low Stock
MAT03249,Mycelium Leather,Coatings,369.78,3.06,44.1,11.84,91.1,Supplier D,FSC,4093.56,Pre-Order
MAT03250,Cardboard,Office Supplies,186.62,80.72,95.4,12.35,94.8,Supplier B,GOTS,2928.24,In Stock
MAT03251,Cardboard,Food Packaging,37.38,29.01,49.2,8.56,79.0,Supplier E,GOTS,1572.85,Low Stock
MAT03252,Jute,Automotive,479.53,42.97,64.7,14.56,21.5,Supplier D,None,1651.7,Low Stock
MAT03253,Jute,Flooring,36.44,82.22,69.0,11.5,30.2,Supplier E,ISO 14001,3367.31,In Stock
MAT03254,Mushroom Composite,Sports Equipment,381.97,6.03,36.1,7.37,37.1,Supplier D,EcoCert,1479.06,Low Stock
MAT03255,Cork Composite,Automotive,55.81,72.1,56.5,3.86,39.1,Supplier A,EcoCert,1694.86,Pre-Order
MAT03256,Hemp Fiber,Cosmetics,337.43,42.6,61.9,14.36,88.3,Supplier E,GOTS,4083.6,Pre-Order
MAT03257,Wool,Electronics,489.96,4.31,49.7,11.56,19.7,Supplier A,GOTS,478.08,In Stock
MAT03258,Bio-based Polymer,Food Packaging,89.26,29.22,22.6,10.77,68.6,Supplier B,EcoCert,3088.43,Low Stock
MAT03259,Hemp Fiber,Kitchen Utensils,297.84,19.31,20.2,10.2,23.6,Supplier D,EcoCert,2398.7,In Stock
MAT03260,Cellulose,Cosmetics,284.2,61.88,62.3,4.61,93.9,Supplier D,Cradle to Cradle,2236.85,Low Stock
MAT03261,Linen,Accessories,376.39,28.02,87.5,2.46,0.8,Supplier E,None,1092.28,In Stock
MAT03262,Bio-based Polymer,Footwear,101.31,76.83,54.8,7.47,14.9,Supplier C,GOTS,3417.94,In Stock
MAT03263,Mycelium Leather,Toys,327.64,20.22,74.7,2.91,49.5,Supplier D,FSC,3434.54,Low Stock
MAT03264,Bioplastic,Bags & Luggage,263.96,68.63,64.0,6.93,85.5,Supplier E,FSC,1252.47,Low Stock
MAT03265,Linen,Flooring,228.47,9.74,94.6,4.23,81.5,Supplier E,EcoCert,1031.69,Pre-Order
MAT03266,Natural Rubber,Accessories,55.01,33.38,84.6,6.35,65.4,Supplier C,ISO 14001,947.03,In Stock
MAT03267,Cellulose,Office Supplies,398.2,58.75,20.9,8.56,56.5,Supplier E,Cradle to Cradle,1660.0,Low Stock
MAT03268,Jute,Flooring,41.3,89.84,72.9,8.3,84.0,Supplier B,FSC,2462.61,Pre-Order
MAT03269,Cork Composite,Construction,140.48,56.46,31.0,13.6,22.7,Supplier D,None,993.51,Pre-Order
MAT03270,Cork Composite,Household Items,36.08,39.29,77.0,3.45,41.4,Supplier E,GOTS,3831.28,Low Stock
MAT03271,Mushroom Composite,Accessories,35.21,27.28,46.4,8.97,68.6,Supplier C,None,3804.72,Low Stock
MAT03272,Wool,Office Supplies,329.35,66.94,83.3,5.89,80.1,Supplier E,None,2167.96,In Stock
MAT03273,Recycled Paper,Home Decor,175.29,85.12,30.5,6.24,74.9,Supplier C,None,2762.24,Low Stock
MAT03274,Bioplastic,Household Items,115.27,42.01,37.9,7.27,36.8,Supplier D,GOTS,593.45,In Stock
MAT03275,Mycelium Leather,Household Items,97.01,7.08,32.1,14.72,51.0,Supplier D,None,1931.41,In Stock
MAT03276,Certified Wood,Construction,34.85,33.25,70.5,1.84,97.1,Supplier A,GOTS,1550.44,Low Stock
MAT03277,Certified Wood,Textiles,125.36,32.34,88.2,5.13,54.3,Supplier B,FSC,2659.32,In Stock
MAT03278,Flax Fiber,Adhesives,255.35,92.98,91.9,6.46,99.5,Supplier D,None,908.02,Pre-Order
MAT03279,Flax Fiber,Food Packaging,391.91,13.76,36.4,1.89,40.2,Supplier E,EcoCert,3831.28,In Stock
MAT03280,Recycled Copper,Kitchen Utensils,31.18,37.0,30.2,1.68,26.7,Supplier C,EcoCert,1995.32,Low Stock
MAT03281,Certified Wood,Coatings,303.31,34.04,30.6,0.77,18.0,Supplier D,ISO 14001,2621.97,In Stock
MAT03282,Seaweed Polymer,Footwear,115.63,90.45,60.3,3.31,31.2,Supplier D,Cradle to Cradle,3621.29,Pre-Order
MAT03283,Recycled Copper,Home Decor,70.52,4.97,26.1,9.13,15.3,Supplier B,ISO 14001,3709.27,Low Stock
MAT03284,Algae-based Material,Adhesives,233.33,34.58,94.9,12.44,11.0,Supplier B,FSC,4143.36,In Stock
MAT03285,Recycled Glass,Accessories,50.52,13.5,42.6,12.1,18.0,Supplier C,Cradle to Cradle,1859.2,In Stock
MAT03286,Bio-based Polymer,Accessories,108.61,9.56,53.1,5.66,51.0,Supplier B,GOTS,1833.47,Low Stock
MAT03287,Natural Rubber,Bags & Luggage,175.8,42.68,95.2,13.47,67.4,Supplier D,None,1780.35,In Stock
MAT03288,Recycled Metal,Toys,364.77,12.16,20.6,14.42,90.3,Supplier D,EcoCert,3534.14,Low Stock
MAT03289,Recycled Paper,Sports Equipment,293.73,32.6,96.6,11.7,97.1,Supplier E,ISO 14001,497.17,Low Stock
MAT03290,Recycled PET,Coatings,109.28,18.84,39.3,12.09,18.8,Supplier B,ISO 14001,3367.31,Pre-Order
MAT03291,Certified Wood,Household Items,269.57,73.67,76.1,14.54,87.1,Supplier D,ISO 14001,1833.47,Low Stock
MAT03292,Recycled Aluminum,Footwear,102.29,86.21,76.5,3.79,14.8,Supplier C,Cradle to Cradle,869.84,Pre-Order
MAT03293,Mushroom Composite,Bags & Luggage,317.76,68.73,79.1,8.82,14.3,Supplier A,None,303.78,In Stock
MAT03294,Natural Rubber,Footwear,276.74,4.24,45.3,1.22,22.1,Supplier C,None,1298.95,In Stock
MAT03295,Hemp Fiber,Sports Equipment,109.51,24.57,45.3,10.78,36.8,Supplier D,None,1371.99,In Stock
MAT03296,Biodegradable Plastic,Adhesives,411.62,90.07,29.6,11.68,26.4,Supplier D,ISO 14001,1962.12,Pre-Order
MAT03297,Cellulose,Construction,56.99,46.78,86.3,11.33,44.1,Supplier B,GOTS,609.22,Pre-Order
MAT03298,Flax Fiber,Coatings,93.11,89.95,86.8,3.75,21.2,Supplier E,None,3796.42,Low Stock
MAT03299,Sustainable Bamboo,Toys,324.55,84.84,49.9,8.17,45.4,Supplier C,ISO 14001,2577.15,Low Stock
MAT03300,Bioplastic,Textiles,251.85,74.21,97.4,11.73,23.9,Supplier A,ISO 14001,3207.95,Pre-Order
MAT03301,Certified Wood,Home Decor,447.32,59.38,82.0,9.3,54.8,Supplier A,Cradle to Cradle,1151.21,Pre-Order
MAT03302,Cork,Office Supplies,150.89,50.46,61.5,10.84,25.8,Supplier D,GOTS,1361.2,Pre-Order
MAT03303,Flax Fiber,Footwear,464.76,87.14,86.2,14.7,33.4,Supplier C,Cradle to Cradle,973.59,In Stock
MAT03304,Wool,Kitchen Utensils,427.72,99.06,89.2,0.6,26.1,Supplier A,Cradle to Cradle,883.12,Pre-Order
MAT03305,Cellulose,Bags & Luggage,218.44,65.6,77.7,7.03,58.1,Supplier D,ISO 14001,3427.9,In Stock
MAT03306,Corn Plastic,Office Supplies,395.94,82.09,25.2,8.64,51.3,Supplier A,ISO 14001,3612.99,Pre-Order
MAT03307,Seaweed Polymer,Accessories,223.64,1.32,71.9,9.05,84.4,Supplier E,ISO 14001,180.11,Pre-Order
MAT03308,Recycled PET,Food Packaging,34.0,20.43,30.9,10.51,66.7,Supplier C,None,2266.73,Pre-Order
MAT03309,Flax Fiber,Flooring,236.3,82.5,88.1,11.88,8.5,Supplier D,FSC,2839.43,Pre-Order
MAT03310,Linen,Flooring,73.43,95.93,28.4,5.37,64.7,Supplier E,Cradle to Cradle,3245.3,Low Stock
MAT03311,Jute,Electronics,482.43,45.51,70.9,14.45,36.2,Supplier E,None,2936.54,In Stock
MAT03312,Recycled Aluminum,Automotive,83.16,36.06,85.3,12.74,97.1,Supplier B,None,1633.44,Pre-Order
MAT03313,Recycled Copper,Toys,400.57,73.33,82.6,9.34,35.2,Supplier C,ISO 14001,360.22,Low Stock
MAT03314,Recycled PET,Household Items,440.85,72.53,53.3,7.36,36.3,Supplier B,None,646.57,In Stock
MAT03315,Cardboard,Kitchen Utensils,138.45,45.48,98.4,7.74,60.7,Supplier E,EcoCert,1655.02,Pre-Order
MAT03316,Wool,Bags & Luggage,330.76,31.38,63.0,5.91,60.4,Supplier A,FSC,2517.39,Low Stock
MAT03317,Recycled Metal,Food Packaging,422.75,61.55,24.9,6.01,25.4,Supplier A,FSC,2717.42,Low Stock
MAT03318,Seaweed Polymer,Kitchen Utensils,64.85,9.82,53.6,8.99,18.9,Supplier A,FSC,1638.42,Pre-Order
MAT03319,Sustainable Bamboo,Accessories,384.68,48.36,37.3,5.15,39.3,Supplier D,GOTS,694.71,In Stock
MAT03320,Hemp Fiber,Bags & Luggage,423.12,18.62,75.2,1.27,59.8,Supplier E,Cradle to Cradle,1268.24,Low Stock
MAT03321,Cardboard,Flooring,70.71,19.44,32.6,9.07,66.4,Supplier C,ISO 14001,950.35,Low Stock
MAT03322,Hemp Fiber,Adhesives,487.04,80.26,31.0,3.7,44.0,Supplier D,GOTS,1998.64,In Stock
MAT03323,Seaweed Polymer,Accessories,288.15,28.41,77.7,12.74,37.4,Supplier A,GOTS,3186.37,Low Stock
MAT03324,Cardboard,Kitchen Utensils,365.14,78.32,65.0,7.15,20.4,Supplier C,FSC,3809.7,Low Stock
MAT03325,Cellulose,Bags & Luggage,111.13,25.52,94.0,1.61,69.0,Supplier A,EcoCert,2138.08,In Stock
MAT03326,Recycled PET,Automotive,34.58,27.9,22.8,11.91,38.1,Supplier C,Cradle to Cradle,2962.27,Pre-Order
MAT03327,Certified Wood,Sports Equipment,101.36,61.57,35.8,8.86,40.7,Supplier D,ISO 14001,1669.96,Pre-Order
MAT03328,Algae-based Material,Bags & Luggage,169.01,40.57,80.7,3.8,92.3,Supplier C,GOTS,2728.21,In Stock
MAT03329,Recycled Paper,Cosmetics,17.66,15.44,58.9,11.36,47.4,Supplier C,GOTS,2645.21,Pre-Order
MAT03330,Recycled Metal,Textiles,461.2,1.14,88.1,12.1,50.5,Supplier E,Cradle to Cradle,3661.13,Pre-Order
MAT03331,Bioplastic,Textiles,114.92,16.41,87.8,9.6,24.5,Supplier C,FSC,1952.16,Pre-Order
MAT03332,Recycled Glass,Flooring,444.99,8.68,27.1,10.89,3.8,Supplier D,GOTS,917.98,Low Stock
MAT03333,Recycled Paper,Cosmetics,436.62,83.87,42.9,14.03,68.7,Supplier C,GOTS,1697.35,Low Stock
MAT03334,Recycled Glass,Sports Equipment,494.68,1.32,34.2,2.29,23.1,Supplier D,EcoCert,2990.49,Pre-Order
MAT03335,Flax Fiber,Automotive,80.6,25.75,42.8,7.61,86.0,Supplier B,None,3157.32,Low Stock
MAT03336,Hemp Fiber,Household Items,198.61,91.39,93.5,12.12,92.6,Supplier C,Cradle to Cradle,3485.17,Pre-Order
MAT03337,Recycled Paper,Food Packaging,214.39,79.81,40.0,8.77,85.3,Supplier D,EcoCert,473.1,Low Stock
MAT03338,Organic Cotton,Office Supplies,103.04,14.21,40.8,11.56,8.5,Supplier B,FSC,872.33,Low Stock
MAT03339,Cellulose,Textiles,248.93,40.54,50.6,1.1,60.7,Supplier A,EcoCert,1903.19,Pre-Order
MAT03340,Natural Rubber,Household Items,69.7,22.61,35.8,6.18,73.1,Supplier E,GOTS,214.97,Pre-Order
MAT03341,Seaweed Polymer,Cosmetics,171.08,43.68,80.7,5.13,11.7,Supplier A,None,2743.15,Low Stock
MAT03342,Recycled Copper,Kitchen Utensils,278.91,57.02,76.3,3.08,80.3,Supplier B,ISO 14001,2527.35,Pre-Order
MAT03343,Organic Cotton,Textiles,328.7,16.84,66.6,9.31,50.4,Supplier C,ISO 14001,1322.19,In Stock
MAT03344,Cork,Flooring,481.12,69.64,51.7,8.87,19.0,Supplier B,Cradle to Cradle,648.23,Low Stock
MAT03345,Recycled Metal,Electronics,453.82,83.06,85.7,0.94,45.0,Supplier B,ISO 14001,3711.76,Pre-Order
MAT03346,Mushroom Composite,Footwear,353.9,44.15,98.4,7.95,52.1,Supplier E,GOTS,1772.88,Pre-Order
MAT03347,Sustainable Bamboo,Insulation,81.97,19.48,83.9,2.31,66.2,Supplier C,EcoCert,1987.02,In Stock
MAT03348,Jute,Footwear,478.73,69.69,66.1,14.94,96.7,Supplier B,None,928.77,In Stock
MAT03349,Algae-based Material,Electronics,447.29,10.74,24.9,5.06,13.7,Supplier D,EcoCert,573.53,In Stock
MAT03350,Hemp Fiber,Footwear,99.69,25.82,77.2,0.68,12.5,Supplier C,Cradle to Cradle,3677.73,In Stock
MAT03351,Linen,Kitchen Utensils,418.48,63.34,99.9,2.79,99.5,Supplier C,FSC,1413.49,In Stock
MAT03352,Algae-based Material,Sports Equipment,226.1,4.9,55.9,6.08,31.1,Supplier B,None,702.18,Pre-Order
MAT03353,Wool,Adhesives,378.13,49.86,76.5,13.55,70.8,Supplier C,ISO 14001,3791.44,Pre-Order
MAT03354,Flax Fiber,Kitchen Utensils,248.53,14.28,23.2,9.93,17.8,Supplier A,ISO 14001,1329.66,In Stock
MAT03355,Corn Plastic,Furniture,352.49,88.36,49.6,1.56,68.8,Supplier E,None,3410.47,Low Stock
MAT03356,Recycled Metal,Footwear,401.16,80.63,31.0,4.51,43.2,Supplier A,Cradle to Cradle,1318.87,Pre-Order
MAT03357,Seaweed Polymer,Insulation,300.38,21.53,34.2,14.97,43.4,Supplier B,EcoCert,3050.25,Pre-Order
MAT03358,Natural Rubber,Automotive,117.57,66.1,84.4,2.95,92.8,Supplier D,None,2462.61,In Stock
MAT03359,Wool,Automotive,390.76,46.48,72.1,7.98,47.8,Supplier A,GOTS,4085.26,In Stock
MAT03360,Cellulose,Accessories,182.62,91.49,81.9,3.85,52.1,Supplier E,FSC,2564.7,In Stock
MAT03361,Corn Plastic,Cosmetics,365.48,68.49,67.5,10.28,65.1,Supplier C,None,1435.9,Low Stock
MAT03362,Recycled Copper,Food Packaging,179.63,81.69,98.7,14.95,0.3,Supplier A,None,2076.66,Pre-Order
MAT03363,Algae-based Material,Footwear,287.51,66.2,68.8,11.99,39.9,Supplier D,Cradle to Cradle,3282.65,Pre-Order
MAT03364,Jute,Sports Equipment,71.37,8.0,63.7,0.67,32.5,Supplier A,EcoCert,2471.74,Low Stock
MAT03365,Algae-based Material,Household Items,372.53,28.51,33.7,13.55,58.3,Supplier B,FSC,1507.28,Pre-Order
MAT03366,Recycled Paper,Bags & Luggage,310.04,35.75,27.7,6.5,65.9,Supplier A,ISO 14001,1577.83,Pre-Order
MAT03367,Jute,Kitchen Utensils,161.23,11.62,38.4,12.98,93.2,Supplier C,None,1079.83,Pre-Order
MAT03368,Biodegradable Plastic,Bags & Luggage,369.65,25.93,59.3,7.7,92.2,Supplier B,GOTS,732.89,In Stock
MAT03369,Jute,Kitchen Utensils,423.21,78.9,57.3,14.43,4.0,Supplier B,FSC,2992.15,Pre-Order
MAT03370,Corn Plastic,Insulation,64.9,52.08,55.3,13.36,87.3,Supplier E,FSC,3417.11,Low Stock
MAT03371,Recycled Glass,Toys,373.44,85.31,45.6,2.52,82.1,Supplier B,Cradle to Cradle,447.37,Pre-Order
MAT03372,Natural Rubber,Adhesives,217.32,75.98,59.8,12.34,7.0,Supplier B,FSC,1384.44,In Stock
MAT03373,Biodegradable Plastic,Insulation,256.9,17.04,39.3,12.34,73.2,Supplier E,GOTS,1498.15,Pre-Order
MAT03374,Corn Plastic,Electronics,23.11,81.59,62.6,7.89,1.9,Supplier C,EcoCert,2974.72,Low Stock
MAT03375,Flax Fiber,Cosmetics,341.98,91.85,30.3,7.76,30.5,Supplier A,EcoCert,2980.53,In Stock
MAT03376,Recycled PET,Food Packaging,76.01,26.92,53.8,6.66,55.0,Supplier B,FSC,2289.14,In Stock
MAT03377,Recycled Glass,Adhesives,307.23,48.35,93.2,0.66,66.5,Supplier C,FSC,4001.43,Pre-Order
MAT03378,Recycled Glass,Kitchen Utensils,135.35,72.7,44.5,2.38,4.3,Supplier A,ISO 14001,1605.22,Low Stock
MAT03379,Corn Plastic,Office Supplies,10.95,2.19,43.4,3.39,23.4,Supplier D,EcoCert,1625.97,Low Stock
MAT03380,Recycled Metal,Food Packaging,363.17,76.22,99.9,10.43,12.8,Supplier C,Cradle to Cradle,1090.62,Pre-Order
MAT03381,Recycled PET,Construction,331.9,49.42,83.6,1.61,52.3,Supplier E,EcoCert,3211.27,Pre-Order
MAT03382,Cardboard,Insulation,454.05,82.49,59.3,7.4,43.8,Supplier A,FSC,1644.23,Pre-Order
MAT03383,Cardboard,Toys,331.58,13.75,37.0,8.29,53.3,Supplier E,Cradle to Cradle,2451.82,Pre-Order
MAT03384,Cellulose,Automotive,30.44,51.16,38.0,4.49,11.7,Supplier C,None,1173.62,Pre-Order
MAT03385,Jute,Flooring,406.16,9.36,78.9,7.12,72.4,Supplier E,EcoCert,1284.01,Pre-Order
MAT03386,Biodegradable Plastic,Kitchen Utensils,481.3,58.3,52.2,5.02,67.7,Supplier A,GOTS,1153.7,Low Stock
MAT03387,Seaweed Polymer,Bags & Luggage,259.9,62.36,92.6,2.04,98.4,Supplier B,None,2705.8,Low Stock
MAT03388,Recycled Copper,Construction,26.15,90.15,86.2,9.21,76.7,Supplier D,ISO 14001,2490.83,Pre-Order
MAT03389,Recycled Aluminum,Bags & Luggage,133.31,94.37,38.2,5.05,42.0,Supplier B,ISO 14001,1982.87,Pre-Order
MAT03390,Recycled PET,Cosmetics,386.19,20.52,64.7,4.55,5.5,Supplier C,None,3733.34,Pre-Order
MAT03391,Certified Wood,Bags & Luggage,380.32,67.7,41.4,14.09,84.9,Supplier E,None,1959.63,Pre-Order
MAT03392,Wool,Sports Equipment,233.46,70.16,60.3,8.12,97.2,Supplier B,None,2508.26,Pre-Order
MAT03393,Recycled Copper,Construction,487.73,80.11,81.0,0.95,3.9,Supplier A,GOTS,3271.86,In Stock
MAT03394,Cork Composite,Coatings,162.07,76.22,25.4,2.31,17.4,Supplier D,GOTS,1769.56,Pre-Order
MAT03395,Cardboard,Insulation,349.5,89.36,42.4,14.17,2.3,Supplier C,EcoCert,2930.73,Low Stock
MAT03396,Jute,Kitchen Utensils,50.09,42.43,96.1,2.66,43.3,Supplier C,Cradle to Cradle,3232.02,In Stock
MAT03397,Flax Fiber,Household Items,285.85,42.03,26.6,12.18,98.0,Supplier D,ISO 14001,2166.3,In Stock
MAT03398,Hemp Fiber,Automotive,169.89,77.88,75.4,10.06,22.4,Supplier D,FSC,3173.09,In Stock
MAT03399,Recycled Glass,Office Supplies,333.11,77.5,65.3,9.4,48.3,Supplier E,None,3720.06,In Stock
MAT03400,Cork Composite,Furniture,323.15,6.65,83.8,3.8,98.3,Supplier D,EcoCert,3363.99,Pre-Order
MAT03401,Recycled Copper,Flooring,467.41,57.77,40.9,12.7,16.1,Supplier C,EcoCert,2026.86,In Stock
MAT03402,Organic Cotton,Furniture,39.0,51.65,81.4,4.68,13.6,Supplier C,GOTS,499.66,Pre-Order
MAT03403,Linen,Home Decor,57.48,78.93,33.3,5.82,8.1,Supplier A,ISO 14001,3420.43,In Stock
MAT03404,Mycelium Leather,Accessories,452.73,46.57,35.8,12.72,35.4,Supplier D,GOTS,1684.9,In Stock
MAT03405,Corn Plastic,Bags & Luggage,112.89,14.67,27.3,9.92,15.5,Supplier C,GOTS,658.19,In Stock
MAT03406,Cellulose,Cosmetics,65.64,83.76,92.1,9.78,2.8,Supplier A,FSC,212.48,Pre-Order
MAT03407,Linen,Adhesives,109.91,78.62,48.8,2.36,7.5,Supplier C,FSC,2855.2,Pre-Order
MAT03408,Jute,Toys,330.45,94.68,79.9,5.8,20.0,Supplier B,GOTS,1223.42,Low Stock
MAT03409,Organic Cotton,Textiles,417.93,11.76,74.8,10.19,62.1,Supplier C,GOTS,3016.22,Pre-Order
MAT03410,Recycled Metal,Sports Equipment,398.13,9.44,42.0,12.49,31.5,Supplier C,EcoCert,1913.15,In Stock
MAT03411,Linen,Flooring,72.35,64.47,49.5,8.24,27.0,Supplier C,ISO 14001,2604.54,In Stock
MAT03412,Seaweed Polymer,Furniture,75.45,35.39,49.6,3.83,34.8,Supplier B,None,389.27,Pre-Order
MAT03413,Cellulose,Bags & Luggage,439.19,17.97,61.4,5.37,92.6,Supplier A,Cradle to Cradle,2141.4,Pre-Order
MAT03414,Wool,Flooring,53.13,68.93,91.3,12.41,80.8,Supplier C,FSC,1602.73,Low Stock
MAT03415,Bio-based Polymer,Household Items,354.83,47.86,59.1,4.17,77.9,Supplier D,GOTS,1255.79,Pre-Order
MAT03416,Hemp Fiber,Food Packaging,160.0,28.95,24.2,6.8,38.7,Supplier E,FSC,2285.82,Low Stock
MAT03417,Recycled Glass,Insulation,222.85,96.07,73.7,5.78,36.5,Supplier D,EcoCert,994.34,In Stock
MAT03418,Seaweed Polymer,Insulation,182.3,65.51,43.2,12.16,2.1,Supplier A,ISO 14001,566.89,Low Stock
MAT03419,Biodegradable Plastic,Toys,87.01,36.69,84.8,5.64,19.8,Supplier A,Cradle to Cradle,1899.04,In Stock
MAT03420,Recycled Aluminum,Coatings,428.67,81.61,31.3,9.67,25.3,Supplier E,FSC,289.67,Low Stock
MAT03421,Recycled Metal,Home Decor,337.53,89.38,28.3,7.42,20.1,Supplier A,FSC,2897.53,In Stock
MAT03422,Certified Wood,Food Packaging,328.05,23.88,74.4,10.54,58.4,Supplier E,EcoCert,1147.89,Pre-Order
MAT03423,Mycelium Leather,Household Items,469.54,46.53,65.9,2.75,92.5,Supplier D,EcoCert,1868.33,Low Stock
MAT03424,Recycled Aluminum,Sports Equipment,365.7,34.28,83.9,9.27,74.8,Supplier E,GOTS,1577.83,Low Stock
MAT03425,Recycled Copper,Flooring,439.16,18.16,78.0,11.02,49.3,Supplier B,Cradle to Cradle,3648.68,Pre-Order
MAT03426,Organic Cotton,Flooring,122.01,85.15,94.5,4.56,2.4,Supplier B,Cradle to Cradle,1015.92,Pre-Order
MAT03427,Recycled Metal,Kitchen Utensils,199.86,46.71,93.4,4.42,3.0,Supplier A,GOTS,2820.34,Pre-Order
MAT03428,Linen,Bags & Luggage,335.25,10.83,33.1,5.98,50.5,Supplier A,GOTS,3979.02,In Stock
MAT03429,Recycled Metal,Construction,270.63,60.71,23.0,11.74,29.2,Supplier E,GOTS,2701.65,In Stock
MAT03430,Seaweed Polymer,Flooring,488.88,94.79,55.4,14.0,42.0,Supplier C,FSC,2084.13,In Stock
MAT03431,Bioplastic,Furniture,165.99,27.23,92.9,3.82,63.9,Supplier B,None,3672.75,In Stock
MAT03432,Flax Fiber,Toys,264.81,22.38,53.5,11.32,18.7,Supplier C,ISO 14001,3451.97,In Stock
MAT03433,Biodegradable Plastic,Construction,195.88,49.48,80.5,1.48,19.4,Supplier C,None,2668.45,Pre-Order
MAT03434,Linen,Adhesives,336.58,38.88,83.2,12.55,21.7,Supplier C,GOTS,2144.72,Low Stock
MAT03435,Hemp Fiber,Textiles,485.1,36.25,20.3,8.73,19.5,Supplier B,ISO 14001,2381.27,Pre-Order
MAT03436,Seaweed Polymer,Adhesives,494.19,6.12,69.8,12.7,46.7,Supplier B,ISO 14001,3552.4,In Stock
MAT03437,Bioplastic,Kitchen Utensils,494.56,89.02,42.0,1.74,31.1,Supplier B,None,1519.73,Pre-Order
MAT03438,Recycled PET,Home Decor,307.2,83.12,75.7,8.12,41.2,Supplier A,EcoCert,3019.54,In Stock
MAT03439,Cardboard,Construction,94.68,56.52,70.3,1.74,15.7,Supplier E,EcoCert,3166.45,Low Stock
MAT03440,Certified Wood,Automotive,130.2,99.6,76.0,8.77,77.2,Supplier B,ISO 14001,689.73,Low Stock
MAT03441,Seaweed Polymer,Coatings,454.4,89.47,61.3,7.24,35.1,Supplier D,EcoCert,1999.47,In Stock
MAT03442,Cork,Automotive,106.34,82.09,64.1,8.31,79.4,Supplier E,GOTS,3607.18,In Stock
MAT03443,Recycled PET,Bags & Luggage,15.78,95.52,78.7,2.27,22.1,Supplier D,EcoCert,261.45,Pre-Order
MAT03444,Algae-based Material,Sports Equipment,251.88,35.61,76.1,7.53,34.1,Supplier A,EcoCert,2322.34,Low Stock
MAT03445,Recycled Aluminum,Textiles,158.79,5.27,69.5,13.68,17.6,Supplier D,EcoCert,1154.53,Low Stock
MAT03446,Wool,Office Supplies,72.69,18.62,54.3,5.42,54.0,Supplier B,ISO 14001,663.17,Low Stock
MAT03447,Seaweed Polymer,Accessories,329.14,27.77,73.0,13.74,68.2,Supplier D,FSC,2909.98,In Stock
MAT03448,Cardboard,Office Supplies,137.79,20.14,43.7,13.11,85.8,Supplier A,Cradle to Cradle,3768.2,Pre-Order
MAT03449,Cork Composite,Office Supplies,230.07,96.9,55.3,13.47,56.0,Supplier D,EcoCert,3660.3,Pre-Order
MAT03450,Recycled Copper,Home Decor,271.12,45.21,69.6,14.39,8.6,Supplier D,Cradle to Cradle,1740.51,Pre-Order
MAT03451,Recycled Metal,Sports Equipment,151.95,10.07,55.8,3.92,57.9,Supplier C,FSC,2309.06,Low Stock
MAT03452,Cardboard,Food Packaging,45.51,16.85,66.0,13.24,11.0,Supplier C,None,3116.65,Pre-Order
MAT03453,Bioplastic,Flooring,499.19,92.7,40.7,4.08,93.6,Supplier C,Cradle to Cradle,2343.92,In Stock
MAT03454,Recycled Glass,Food Packaging,246.41,59.33,51.1,1.49,50.9,Supplier D,EcoCert,1947.18,In Stock
MAT03455,Jute,Adhesives,78.39,5.97,97.7,11.77,96.0,Supplier B,Cradle to Cradle,2828.64,In Stock
MAT03456,Natural Rubber,Kitchen Utensils,67.73,37.06,91.3,14.86,98.9,Supplier B,ISO 14001,781.03,In Stock
MAT03457,Algae-based Material,Bags & Luggage,234.34,51.09,66.1,11.92,11.5,Supplier C,FSC,1098.92,Low Stock
MAT03458,Cork Composite,Office Supplies,196.52,1.68,63.2,11.0,0.1,Supplier D,EcoCert,3641.21,In Stock
MAT03459,Jute,Coatings,32.63,95.42,22.5,13.58,26.9,Supplier B,None,3437.86,Low Stock
MAT03460,Natural Rubber,Furniture,71.25,52.04,54.7,14.08,26.7,Supplier E,Cradle to Cradle,3711.76,Pre-Order
MAT03461,Seaweed Polymer,Toys,410.02,3.73,59.9,1.13,4.4,Supplier D,ISO 14001,2153.02,Low Stock
MAT03462,Seaweed Polymer,Accessories,131.29,45.07,99.4,11.87,73.3,Supplier D,GOTS,482.23,Low Stock
MAT03463,Cork,Office Supplies,284.31,9.16,78.3,12.48,90.3,Supplier D,Cradle to Cradle,1115.52,In Stock
MAT03464,Sustainable Bamboo,Home Decor,447.1,71.08,84.0,12.57,73.9,Supplier C,EcoCert,1181.92,Low Stock
MAT03465,Jute,Textiles,266.53,29.76,63.1,7.74,6.7,Supplier E,GOTS,844.94,In Stock
MAT03466,Cellulose,Cosmetics,132.84,72.85,68.3,7.76,17.3,Supplier C,None,991.85,Pre-Order
MAT03467,Bio-based Polymer,Cosmetics,320.17,14.5,77.1,8.86,58.5,Supplier B,ISO 14001,3357.35,Low Stock
MAT03468,Recycled Aluminum,Electronics,17.01,70.17,29.8,12.99,13.9,Supplier C,None,2939.03,Low Stock
MAT03469,Mushroom Composite,Household Items,462.27,35.76,56.3,12.03,7.1,Supplier C,ISO 14001,3472.72,Pre-Order
MAT03470,Recycled PET,Office Supplies,201.39,30.37,53.4,9.04,23.1,Supplier A,Cradle to Cradle,502.98,Pre-Order
MAT03471,Corn Plastic,Footwear,191.59,65.64,59.3,11.91,66.7,Supplier D,GOTS,1959.63,Low Stock
MAT03472,Recycled Copper,Sports Equipment,198.58,86.27,58.5,6.21,56.2,Supplier E,None,666.49,Pre-Order
MAT03473,Natural Rubber,Construction,297.2,31.77,90.4,13.94,7.1,Supplier C,EcoCert,1615.18,Pre-Order
MAT03474,Algae-based Material,Flooring,252.6,14.3,64.7,7.57,14.4,Supplier C,FSC,1602.73,In Stock
MAT03475,Biodegradable Plastic,Sports Equipment,47.73,70.28,48.9,1.09,89.0,Supplier E,Cradle to Cradle,844.11,Pre-Order
MAT03476,Hemp Fiber,Flooring,221.58,68.87,22.8,6.01,47.9,Supplier D,FSC,1381.95,Pre-Order
MAT03477,Recycled Paper,Accessories,89.49,86.81,40.6,1.31,8.9,Supplier E,FSC,2939.86,In Stock
MAT03478,Corn Plastic,Electronics,449.45,11.74,29.0,13.1,26.3,Supplier C,GOTS,251.49,Pre-Order
MAT03479,Algae-based Material,Bags & Luggage,178.14,50.32,49.7,10.6,35.5,Supplier A,GOTS,2435.22,In Stock
MAT03480,Mycelium Leather,Furniture,211.91,46.29,40.2,7.09,95.4,Supplier A,Cradle to Cradle,1006.79,Pre-Order
MAT03481,Algae-based Material,Furniture,328.58,46.17,94.0,10.02,32.8,Supplier D,EcoCert,4026.33,Low Stock
MAT03482,Hemp Fiber,Furniture,405.86,54.72,84.4,5.65,88.5,Supplier C,ISO 14001,2306.57,Low Stock
MAT03483,Cellulose,Insulation,462.48,33.38,74.6,13.61,69.3,Supplier E,ISO 14001,2556.4,Pre-Order
MAT03484,Jute,Construction,139.23,43.03,68.2,9.69,42.1,Supplier E,FSC,3946.65,Low Stock
MAT03485,Seaweed Polymer,Insulation,149.14,43.73,88.8,12.63,48.5,Supplier B,Cradle to Cradle,2515.73,Low Stock
MAT03486,Recycled Aluminum,Coatings,444.36,5.81,85.0,0.56,65.5,Supplier D,ISO 14001,3873.61,Pre-Order
MAT03487,Cork Composite,Food Packaging,343.04,99.68,45.0,10.94,67.6,Supplier A,FSC,673.13,Pre-Order
MAT03488,Wool,Toys,87.83,91.6,29.9,12.98,36.5,Supplier A,None,465.63,Low Stock
MAT03489,Certified Wood,Office Supplies,94.05,31.17,98.9,4.42,68.9,Supplier A,Cradle to Cradle,765.26,Low Stock
MAT03490,Jute,Sports Equipment,116.36,79.41,68.1,14.79,35.3,Supplier C,FSC,2245.15,Pre-Order
MAT03491,Recycled Metal,Office Supplies,72.83,24.82,63.1,14.34,1.4,Supplier D,GOTS,380.14,Low Stock
MAT03492,Bioplastic,Flooring,420.71,7.49,41.9,2.81,14.1,Supplier C,FSC,1293.97,Low Stock
MAT03493,Recycled Paper,Kitchen Utensils,147.21,2.43,96.4,9.2,73.8,Supplier B,EcoCert,1148.72,In Stock
MAT03494,Recycled Aluminum,Adhesives,307.97,47.1,31.2,4.41,30.2,Supplier A,ISO 14001,3304.23,Pre-Order
MAT03495,Biodegradable Plastic,Toys,247.27,67.26,33.9,10.33,70.3,Supplier B,Cradle to Cradle,1127.97,Low Stock
MAT03496,Cellulose,Accessories,249.86,36.11,40.6,6.27,43.8,Supplier D,FSC,1933.9,Low Stock
MAT03497,Natural Rubber,Footwear,283.13,11.57,57.5,1.91,90.9,Supplier A,GOTS,1784.5,Pre-Order
MAT03498,Hemp Fiber,Adhesives,116.41,77.42,79.6,2.35,26.6,Supplier A,FSC,2009.43,In Stock
MAT03499,Certified Wood,Food Packaging,467.53,10.72,90.8,12.54,22.3,Supplier A,Cradle to Cradle,1160.34,In Stock
MAT03500,Cardboard,Coatings,428.79,54.42,69.0,13.34,50.4,Supplier D,Cradle to Cradle,3718.4,In Stock
MAT03501,Cork,Adhesives,44.24,14.03,89.2,13.04,22.1,Supplier E,ISO 14001,3827.13,In Stock
MAT03502,Recycled PET,Home Decor,303.73,57.17,83.0,5.07,66.8,Supplier C,FSC,514.6,In Stock
MAT03503,Seaweed Polymer,Cosmetics,216.5,67.66,98.6,0.99,92.6,Supplier C,EcoCert,1726.4,In Stock
MAT03504,Recycled Paper,Electronics,361.4,83.58,35.2,4.14,21.6,Supplier C,FSC,1230.06,In Stock
MAT03505,Recycled Copper,Adhesives,406.1,42.42,27.4,2.64,69.0,Supplier A,None,4072.81,In Stock
MAT03506,Recycled PET,Construction,90.92,89.03,55.3,10.91,23.9,Supplier E,ISO 14001,792.65,Pre-Order
MAT03507,Mushroom Composite,Toys,461.65,32.64,58.6,1.32,91.6,Supplier C,FSC,916.32,In Stock
MAT03508,Biodegradable Plastic,Food Packaging,298.12,90.05,73.2,3.57,97.5,Supplier D,None,1528.86,Low Stock
MAT03509,Recycled PET,Bags & Luggage,149.01,37.6,53.1,7.45,55.3,Supplier D,None,1397.72,In Stock
MAT03510,Hemp Fiber,Footwear,144.37,42.69,37.3,3.17,28.7,Supplier D,EcoCert,1674.11,Low Stock
MAT03511,Corn Plastic,Cosmetics,173.75,75.11,78.8,5.33,46.6,Supplier C,ISO 14001,2138.08,Pre-Order
MAT03512,Certified Wood,Textiles,395.93,84.47,60.0,8.75,38.7,Supplier E,GOTS,2968.91,Pre-Order
MAT03513,Jute,Bags & Luggage,396.64,2.25,82.9,9.79,76.9,Supplier B,Cradle to Cradle,3864.48,Pre-Order
MAT03514,Natural Rubber,Construction,99.35,84.46,78.9,7.98,63.7,Supplier E,FSC,517.92,In Stock
MAT03515,Recycled Metal,Bags & Luggage,55.36,27.29,48.3,13.81,63.4,Supplier B,Cradle to Cradle,3509.24,Pre-Order
MAT03516,Recycled Metal,Accessories,247.49,41.91,41.8,4.63,93.6,Supplier A,FSC,1388.59,Pre-Order
MAT03517,Cardboard,Food Packaging,277.11,22.85,58.9,3.09,56.0,Supplier E,FSC,651.55,Low Stock
MAT03518,Cellulose,Construction,162.58,97.92,35.2,2.72,60.7,Supplier A,None,1637.59,Pre-Order
MAT03519,Wool,Footwear,288.21,89.88,64.6,0.87,80.5,Supplier E,GOTS,2862.67,In Stock
MAT03520,Bioplastic,Food Packaging,461.36,47.32,94.7,10.06,65.6,Supplier D,Cradle to Cradle,3159.81,Pre-Order
MAT03521,Bioplastic,Electronics,34.65,97.72,60.5,5.01,39.9,Supplier D,EcoCert,4072.81,Low Stock
MAT03522,Flax Fiber,Insulation,118.77,93.0,85.6,10.36,56.5,Supplier E,Cradle to Cradle,1398.55,Pre-Order
MAT03523,Bio-based Polymer,Home Decor,453.66,2.62,46.2,8.9,33.4,Supplier B,EcoCert,2688.37,Low Stock
MAT03524,Seaweed Polymer,Automotive,194.73,56.99,88.0,3.56,91.3,Supplier D,None,734.55,In Stock
MAT03525,Cardboard,Accessories,319.68,31.11,86.2,6.49,54.0,Supplier B,Cradle to Cradle,3025.35,In Stock
MAT03526,Recycled Copper,Household Items,239.09,20.05,73.8,3.99,63.8,Supplier D,Cradle to Cradle,3652.83,Low Stock
MAT03527,Organic Cotton,Food Packaging,183.18,93.8,43.9,11.07,38.6,Supplier D,EcoCert,2344.75,Low Stock
MAT03528,Bio-based Polymer,Flooring,408.74,39.23,79.1,8.04,52.2,Supplier E,FSC,2041.8,Low Stock
MAT03529,Mycelium Leather,Coatings,448.13,26.23,21.5,4.06,93.5,Supplier E,GOTS,3190.52,In Stock
MAT03530,Mushroom Composite,Sports Equipment,314.58,33.08,84.0,3.83,30.0,Supplier E,EcoCert,353.58,In Stock
MAT03531,Flax Fiber,Accessories,435.73,54.9,63.6,2.26,57.9,Supplier D,Cradle to Cradle,925.45,Pre-Order
MAT03532,Sustainable Bamboo,Construction,326.25,79.21,36.3,14.5,60.2,Supplier E,EcoCert,3293.44,In Stock
MAT03533,Sustainable Bamboo,Automotive,88.37,80.18,26.1,3.62,50.1,Supplier A,ISO 14001,1628.46,Pre-Order
MAT03534,Recycled Metal,Accessories,294.17,37.02,37.3,13.96,24.2,Supplier B,None,3456.95,In Stock
MAT03535,Recycled Glass,Electronics,300.89,18.57,33.4,1.16,24.4,Supplier D,Cradle to Cradle,2353.88,In Stock
MAT03536,Recycled Paper,Textiles,99.64,35.42,21.5,12.8,24.5,Supplier D,Cradle to Cradle,2807.89,Pre-Order
MAT03537,Natural Rubber,Office Supplies,452.98,70.05,21.1,10.64,69.0,Supplier A,Cradle to Cradle,2780.5,Low Stock
MAT03538,Natural Rubber,Furniture,412.21,18.24,43.5,4.98,23.8,Supplier E,Cradle to Cradle,4115.14,In Stock
MAT03539,Certified Wood,Cosmetics,163.18,72.16,44.4,9.47,11.4,Supplier A,None,4056.21,Pre-Order
MAT03540,Algae-based Material,Toys,15.29,48.78,62.6,3.2,3.3,Supplier A,EcoCert,1180.26,In Stock
MAT03541,Wool,Flooring,14.74,87.09,94.6,3.43,62.7,Supplier A,FSC,2428.58,In Stock
MAT03542,Bio-based Polymer,Textiles,196.42,68.45,22.0,12.99,87.0,Supplier C,None,1021.73,In Stock
MAT03543,Algae-based Material,Accessories,78.03,73.87,48.0,10.82,38.4,Supplier A,FSC,1604.39,In Stock
MAT03544,Hemp Fiber,Textiles,58.38,47.26,47.7,4.71,52.9,Supplier B,FSC,3773.18,Low Stock
MAT03545,Cardboard,Electronics,59.74,75.99,52.1,7.83,11.3,Supplier D,None,1890.74,Pre-Order
MAT03546,Jute,Construction,477.01,1.7,45.6,5.33,50.7,Supplier B,Cradle to Cradle,3650.34,Low Stock
MAT03547,Hemp Fiber,Electronics,93.61,5.04,65.9,1.71,68.6,Supplier C,FSC,3875.27,Pre-Order
MAT03548,Biodegradable Plastic,Footwear,473.26,2.18,83.4,1.63,52.2,Supplier A,None,3271.03,Low Stock
MAT03549,Biodegradable Plastic,Toys,167.95,32.65,62.2,7.78,16.4,Supplier D,Cradle to Cradle,1326.34,In Stock
MAT03550,Hemp Fiber,Kitchen Utensils,257.06,44.18,68.8,1.22,0.7,Supplier B,ISO 14001,2775.52,Pre-Order
MAT03551,Recycled PET,Office Supplies,143.57,30.12,23.2,14.04,23.2,Supplier A,ISO 14001,1471.59,Low Stock
MAT03552,Bio-based Polymer,Toys,91.83,64.48,98.6,4.01,72.5,Supplier E,ISO 14001,2351.39,In Stock
MAT03553,Flax Fiber,Insulation,454.81,13.91,48.9,1.8,15.8,Supplier C,ISO 14001,3458.61,Low Stock
MAT03554,Cork,Office Supplies,271.74,8.23,69.4,1.07,2.9,Supplier D,GOTS,1372.82,In Stock
MAT03555,Sustainable Bamboo,Kitchen Utensils,322.64,83.36,88.5,7.38,7.8,Supplier A,None,519.58,Low Stock
MAT03556,Mycelium Leather,Insulation,182.31,81.39,55.2,6.82,51.0,Supplier B,None,1782.01,Pre-Order
MAT03557,Sustainable Bamboo,Automotive,448.17,78.76,40.4,1.31,73.8,Supplier C,None,2573.0,Low Stock
MAT03558,Algae-based Material,Cosmetics,470.62,54.7,72.6,2.25,6.2,Supplier C,GOTS,661.51,Pre-Order
MAT03559,Jute,Kitchen Utensils,399.91,40.81,55.1,13.58,58.4,Supplier C,EcoCert,1513.92,Low Stock
MAT03560,Recycled Copper,Electronics,57.25,4.86,32.3,1.87,42.2,Supplier D,Cradle to Cradle,1484.87,In Stock
MAT03561,Recycled Metal,Construction,336.09,55.96,40.1,14.79,95.7,Supplier E,FSC,1382.78,Low Stock
MAT03562,Recycled PET,Construction,168.07,19.77,31.9,9.45,35.3,Supplier B,EcoCert,2509.09,Low Stock
MAT03563,Mushroom Composite,Adhesives,282.26,78.6,48.9,7.78,17.5,Supplier B,EcoCert,1992.83,Pre-Order
MAT03564,Cork,Furniture,318.02,34.61,57.8,10.42,1.6,Supplier C,ISO 14001,2954.8,Pre-Order
MAT03565,Hemp Fiber,Adhesives,256.48,66.93,35.6,9.29,52.9,Supplier C,EcoCert,3217.08,Low Stock
MAT03566,Mycelium Leather,Construction,341.89,25.6,64.6,5.13,75.9,Supplier C,FSC,3337.43,Pre-Order
MAT03567,Hemp Fiber,Coatings,47.95,73.57,53.3,7.08,16.6,Supplier D,FSC,4035.46,Low Stock
MAT03568,Hemp Fiber,Accessories,429.87,89.6,95.1,9.65,5.7,Supplier D,FSC,581.83,In Stock
MAT03569,Mycelium Leather,Food Packaging,67.18,69.42,30.7,5.93,69.0,Supplier C,FSC,1183.58,Low Stock
MAT03570,Cork,Office Supplies,93.95,87.01,64.5,3.14,21.7,Supplier A,GOTS,1617.67,Low Stock
MAT03571,Mycelium Leather,Home Decor,187.9,71.94,79.2,13.32,94.3,Supplier C,FSC,976.08,In Stock
MAT03572,Sustainable Bamboo,Textiles,238.92,27.25,66.1,4.75,56.8,Supplier C,FSC,2070.85,In Stock
MAT03573,Cellulose,Insulation,270.42,30.63,88.5,11.64,37.9,Supplier C,ISO 14001,2180.41,In Stock
MAT03574,Bioplastic,Textiles,70.28,91.08,41.8,7.62,61.0,Supplier D,GOTS,3759.9,In Stock
MAT03575,Recycled Aluminum,Coatings,440.44,99.08,33.9,6.89,20.4,Supplier E,EcoCert,1020.07,Pre-Order
MAT03576,Cardboard,Home Decor,384.69,57.42,29.5,3.98,0.2,Supplier A,GOTS,2017.73,Low Stock
MAT03577,Cellulose,Cosmetics,400.5,22.8,42.2,13.31,17.7,Supplier B,ISO 14001,2904.17,Low Stock
MAT03578,Recycled PET,Insulation,94.04,33.1,35.7,1.61,72.4,Supplier C,Cradle to Cradle,532.03,Low Stock
MAT03579,Hemp Fiber,Kitchen Utensils,272.19,68.37,98.3,14.13,30.9,Supplier A,GOTS,3133.25,Pre-Order
MAT03580,Jute,Electronics,218.63,73.9,67.2,2.16,2.6,Supplier E,None,3388.89,Low Stock
MAT03581,Hemp Fiber,Toys,457.44,61.11,90.5,2.63,85.8,Supplier D,EcoCert,420.81,Pre-Order
MAT03582,Cellulose,Food Packaging,199.02,1.89,26.2,11.7,43.8,Supplier A,ISO 14001,1560.4,In Stock
MAT03583,Bio-based Polymer,Bags & Luggage,11.09,72.99,35.3,6.52,0.2,Supplier A,FSC,1179.43,Low Stock
MAT03584,Bio-based Polymer,Insulation,464.89,62.48,53.2,14.93,86.0,Supplier B,ISO 14001,3998.11,In Stock
MAT03585,Recycled Paper,Insulation,201.64,8.91,79.8,9.45,29.5,Supplier D,EcoCert,1647.55,Low Stock
MAT03586,Cork Composite,Office Supplies,312.76,81.63,80.2,7.06,87.5,Supplier A,None,819.21,In Stock
MAT03587,Recycled Glass,Cosmetics,146.35,27.7,40.6,0.7,47.6,Supplier B,FSC,3521.69,Pre-Order
MAT03588,Algae-based Material,Sports Equipment,43.19,98.0,66.3,2.96,70.5,Supplier E,None,3525.01,Pre-Order
MAT03589,Mycelium Leather,Toys,487.89,66.31,75.8,3.59,75.4,Supplier E,EcoCert,2117.33,In Stock
MAT03590,Recycled Aluminum,Accessories,24.07,32.12,58.2,7.3,82.1,Supplier B,Cradle to Cradle,2720.74,Low Stock
MAT03591,Jute,Electronics,239.83,72.27,28.0,5.85,21.8,Supplier E,ISO 14001,1251.64,Low Stock
MAT03592,Biodegradable Plastic,Household Items,410.48,23.76,24.5,3.93,97.3,Supplier A,FSC,1894.06,Pre-Order
MAT03593,Certified Wood,Insulation,320.01,62.28,97.1,6.67,1.5,Supplier B,GOTS,2626.12,Low Stock
MAT03594,Wool,Toys,454.53,39.89,92.5,5.24,8.2,Supplier A,ISO 14001,849.09,Pre-Order
MAT03595,Recycled Glass,Construction,200.82,66.67,50.4,12.66,28.6,Supplier A,FSC,579.34,Low Stock
MAT03596,Certified Wood,Adhesives,153.76,50.67,98.6,9.29,23.4,Supplier B,GOTS,1780.35,In Stock
MAT03597,Seaweed Polymer,Household Items,324.05,47.59,56.3,11.08,59.1,Supplier D,None,317.89,Low Stock
MAT03598,Wool,Home Decor,388.99,32.95,91.7,7.54,86.0,Supplier C,None,2397.87,Pre-Order
MAT03599,Recycled Metal,Bags & Luggage,47.26,17.88,46.5,12.36,55.1,Supplier D,EcoCert,1323.02,Pre-Order
MAT03600,Recycled Paper,Cosmetics,333.24,80.74,81.8,12.86,85.2,Supplier B,EcoCert,2512.41,Low Stock
MAT03601,Recycled Aluminum,Sports Equipment,170.6,17.05,82.9,6.26,25.5,Supplier E,EcoCert,3645.36,In Stock
MAT03602,Recycled Metal,Food Packaging,411.77,66.81,47.2,1.05,0.1,Supplier A,GOTS,2397.87,Pre-Order
MAT03603,Flax Fiber,Cosmetics,471.26,29.0,53.2,11.23,47.0,Supplier E,GOTS,1441.71,In Stock
MAT03604,Flax Fiber,Furniture,341.1,61.22,58.6,10.73,33.4,Supplier D,ISO 14001,2616.16,Low Stock
MAT03605,Recycled Metal,Sports Equipment,376.44,3.15,24.8,5.64,2.2,Supplier B,GOTS,3315.85,Low Stock
MAT03606,Sustainable Bamboo,Cosmetics,268.33,50.32,59.7,7.01,52.1,Supplier C,EcoCert,2758.09,In Stock
MAT03607,Wool,Furniture,348.86,5.07,28.2,14.34,6.6,Supplier D,ISO 14001,504.64,In Stock
MAT03608,Cork,Accessories,39.97,81.7,43.4,1.76,65.0,Supplier D,ISO 14001,1161.17,Pre-Order
MAT03609,Bio-based Polymer,Electronics,318.93,91.89,27.0,7.33,55.3,Supplier B,None,358.56,In Stock
MAT03610,Recycled Paper,Adhesives,127.74,42.13,78.0,10.99,41.3,Supplier D,Cradle to Cradle,3909.3,In Stock
MAT03611,Jute,Bags & Luggage,384.97,46.16,44.9,5.55,33.1,Supplier B,GOTS,3694.33,Pre-Order
MAT03612,Organic Cotton,Coatings,172.1,86.23,40.0,5.69,73.9,Supplier A,FSC,608.39,Low Stock
MAT03613,Bioplastic,Furniture,291.36,37.77,38.8,1.22,61.8,Supplier B,None,3158.15,In Stock
MAT03614,Cork,Cosmetics,110.83,68.19,98.7,5.01,65.5,Supplier A,Cradle to Cradle,1420.96,In Stock
MAT03615,Recycled Metal,Office Supplies,132.7,43.78,84.0,6.63,38.6,Supplier A,GOTS,1287.33,Pre-Order
MAT03616,Organic Cotton,Footwear,159.8,51.2,55.0,2.06,93.6,Supplier C,EcoCert,4064.51,In Stock
MAT03617,Recycled Copper,Household Items,333.84,45.86,90.3,13.43,45.4,Supplier E,GOTS,383.46,In Stock
MAT03618,Jute,Adhesives,170.32,48.32,33.5,2.93,3.4,Supplier C,EcoCert,1078.17,Pre-Order
MAT03619,Cork,Toys,236.43,12.05,49.9,3.12,26.4,Supplier E,EcoCert,4096.05,In Stock
MAT03620,Recycled Aluminum,Adhesives,477.32,30.72,68.3,14.3,38.4,Supplier E,EcoCert,3055.23,In Stock
MAT03621,Recycled Copper,Adhesives,145.39,83.78,51.5,15.0,99.8,Supplier C,FSC,1889.08,In Stock
MAT03622,Corn Plastic,Adhesives,12.89,26.52,97.5,2.96,87.3,Supplier E,Cradle to Cradle,4063.68,Low Stock
MAT03623,Algae-based Material,Home Decor,171.81,49.88,20.7,1.5,58.8,Supplier E,None,3202.14,Low Stock
MAT03624,Cork Composite,Food Packaging,71.22,68.8,50.1,14.11,74.9,Supplier B,Cradle to Cradle,2620.31,Low Stock
MAT03625,Recycled Metal,Bags & Luggage,452.81,74.55,92.6,10.62,5.7,Supplier A,Cradle to Cradle,2919.94,Low Stock
MAT03626,Flax Fiber,Food Packaging,416.04,50.03,41.6,12.83,4.3,Supplier D,ISO 14001,1154.53,In Stock
MAT03627,Wool,Footwear,16.16,49.25,69.4,12.13,74.6,Supplier C,GOTS,1701.5,Low Stock
MAT03628,Natural Rubber,Automotive,249.02,29.57,34.3,7.79,92.2,Supplier B,EcoCert,3647.85,Low Stock
MAT03629,Cardboard,Flooring,175.84,9.94,48.4,1.26,90.7,Supplier E,ISO 14001,1724.74,Low Stock
MAT03630,Certified Wood,Toys,63.81,33.19,86.9,10.32,8.1,Supplier E,EcoCert,1845.09,Low Stock
MAT03631,Recycled Paper,Adhesives,127.36,93.49,39.1,4.14,63.9,Supplier C,GOTS,1527.2,In Stock
MAT03632,Flax Fiber,Sports Equipment,67.12,90.74,37.5,9.01,41.5,Supplier B,GOTS,914.66,Low Stock
MAT03633,Sustainable Bamboo,Flooring,82.81,40.1,52.3,9.11,8.2,Supplier D,EcoCert,745.34,Low Stock
MAT03634,Recycled Copper,Footwear,283.44,76.22,90.2,8.91,55.3,Supplier E,EcoCert,2260.09,Pre-Order
MAT03635,Bioplastic,Sports Equipment,372.37,9.44,54.0,3.75,34.8,Supplier A,GOTS,2136.42,Pre-Order
MAT03636,Cork,Office Supplies,289.64,83.25,34.7,11.55,81.4,Supplier D,GOTS,3081.79,In Stock
MAT03637,Hemp Fiber,Electronics,471.23,14.28,42.5,9.0,71.8,Supplier D,Cradle to Cradle,205.84,In Stock
MAT03638,Organic Cotton,Coatings,54.33,82.72,89.0,4.03,99.6,Supplier E,GOTS,2762.24,Pre-Order
MAT03639,Certified Wood,Accessories,408.03,1.44,83.0,3.02,1.2,Supplier D,Cradle to Cradle,917.15,In Stock
MAT03640,Cellulose,Home Decor,250.26,38.0,69.6,4.7,76.6,Supplier A,ISO 14001,2241.0,Low Stock
MAT03641,Biodegradable Plastic,Food Packaging,116.37,74.7,57.5,0.77,75.2,Supplier E,FSC,1395.23,Pre-Order
MAT03642,Recycled PET,Footwear,433.79,98.71,36.6,12.01,12.7,Supplier C,Cradle to Cradle,3052.74,In Stock
MAT03643,Organic Cotton,Insulation,262.28,75.53,21.0,4.02,97.6,Supplier D,None,179.28,Pre-Order
MAT03644,Recycled Copper,Adhesives,171.46,66.95,53.0,2.51,6.7,Supplier A,None,1499.81,In Stock
MAT03645,Organic Cotton,Automotive,256.23,8.78,58.8,9.24,81.0,Supplier D,Cradle to Cradle,999.32,Low Stock
MAT03646,Linen,Accessories,202.22,72.28,69.3,7.46,50.7,Supplier B,Cradle to Cradle,2755.6,Low Stock
MAT03647,Recycled Aluminum,Flooring,147.14,2.01,36.1,10.42,61.1,Supplier E,GOTS,3022.86,In Stock
MAT03648,Corn Plastic,Accessories,250.38,22.65,70.6,3.37,74.2,Supplier B,None,2796.27,Low Stock
MAT03649,Recycled Copper,Bags & Luggage,71.81,69.24,96.2,5.29,45.2,Supplier C,ISO 14001,556.93,Pre-Order
MAT03650,Hemp Fiber,Food Packaging,190.89,50.63,64.4,7.11,6.7,Supplier D,GOTS,2958.95,In Stock
MAT03651,Recycled Glass,Coatings,153.13,54.64,25.8,5.66,79.9,Supplier E,FSC,2553.91,Pre-Order
MAT03652,Mushroom Composite,Automotive,455.57,90.79,25.9,2.25,58.7,Supplier D,GOTS,1925.6,Pre-Order
MAT03653,Sustainable Bamboo,Accessories,205.98,9.4,88.6,6.89,83.9,Supplier B,FSC,714.63,Pre-Order
MAT03654,Seaweed Polymer,Office Supplies,63.18,57.18,46.2,4.4,92.9,Supplier A,FSC,2821.17,Pre-Order
MAT03655,Recycled Glass,Insulation,429.37,58.46,43.7,10.23,74.5,Supplier C,Cradle to Cradle,1186.07,Low Stock
MAT03656,Corn Plastic,Sports Equipment,433.09,8.61,90.5,13.82,53.6,Supplier C,ISO 14001,1906.51,Pre-Order
MAT03657,Recycled Paper,Adhesives,426.9,70.05,67.5,10.94,74.5,Supplier B,FSC,2220.25,Pre-Order
MAT03658,Flax Fiber,Home Decor,480.04,75.92,80.5,6.06,1.5,Supplier C,ISO 14001,632.46,In Stock
MAT03659,Cellulose,Toys,25.04,38.9,65.0,5.24,23.0,Supplier E,Cradle to Cradle,302.95,Pre-Order
MAT03660,Recycled Paper,Toys,76.55,67.23,22.3,12.94,22.3,Supplier B,EcoCert,2691.69,Pre-Order
MAT03661,Organic Cotton,Cosmetics,87.39,76.08,66.2,6.69,85.2,Supplier B,Cradle to Cradle,1873.31,In Stock
MAT03662,Biodegradable Plastic,Furniture,326.97,23.13,81.9,7.8,98.7,Supplier D,Cradle to Cradle,1661.66,In Stock
MAT03663,Recycled PET,Textiles,293.86,69.96,47.8,10.06,32.6,Supplier B,EcoCert,3375.61,Low Stock
MAT03664,Cardboard,Kitchen Utensils,26.64,26.8,85.5,3.42,24.4,Supplier E,ISO 14001,1729.72,Pre-Order
MAT03665,Recycled Copper,Bags & Luggage,142.57,43.15,64.0,8.22,74.6,Supplier A,GOTS,1126.31,Pre-Order
MAT03666,Mushroom Composite,Sports Equipment,271.56,6.76,32.9,3.58,9.5,Supplier B,Cradle to Cradle,4021.35,Low Stock
MAT03667,Recycled Metal,Bags & Luggage,143.34,50.04,60.7,1.21,3.3,Supplier A,GOTS,1471.59,In Stock
MAT03668,Sustainable Bamboo,Footwear,199.19,83.37,68.7,7.27,73.3,Supplier A,EcoCert,328.68,Pre-Order
MAT03669,Recycled Paper,Food Packaging,230.86,52.39,95.1,4.24,44.1,Supplier B,None,3187.2,Low Stock
MAT03670,Recycled Copper,Kitchen Utensils,148.7,84.61,80.3,3.86,57.4,Supplier E,EcoCert,4027.99,Low Stock
MAT03671,Organic Cotton,Furniture,62.58,53.58,95.7,5.98,6.8,Supplier A,FSC,1038.33,In Stock
MAT03672,Certified Wood,Footwear,71.67,66.37,71.0,9.99,71.0,Supplier A,ISO 14001,1594.43,In Stock
MAT03673,Recycled Aluminum,Food Packaging,106.2,35.98,44.0,11.35,57.8,Supplier E,GOTS,827.51,In Stock
MAT03674,Corn Plastic,Automotive,163.62,45.4,70.0,12.4,3.6,Supplier B,FSC,2888.4,Pre-Order
MAT03675,Algae-based Material,Toys,342.9,98.74,51.1,6.74,99.4,Supplier B,None,1708.97,Pre-Order
MAT03676,Recycled Aluminum,Bags & Luggage,449.17,83.92,91.5,11.83,83.1,Supplier B,EcoCert,232.4,Pre-Order
MAT03677,Corn Plastic,Kitchen Utensils,279.56,53.84,42.9,10.2,65.2,Supplier A,EcoCert,250.66,In Stock
MAT03678,Jute,Accessories,88.93,75.87,73.2,9.69,87.3,Supplier A,FSC,3428.73,Low Stock
MAT03679,Cork Composite,Office Supplies,128.75,17.52,20.4,2.27,93.3,Supplier E,GOTS,2393.72,In Stock
MAT03680,Hemp Fiber,Accessories,414.2,11.44,85.0,7.89,5.6,Supplier D,Cradle to Cradle,1909.83,Low Stock
MAT03681,Cardboard,Cosmetics,300.53,98.77,82.6,12.29,55.9,Supplier A,FSC,2583.79,In Stock
MAT03682,Recycled Metal,Flooring,485.36,99.11,45.6,6.85,3.3,Supplier B,FSC,2172.11,Pre-Order
MAT03683,Corn Plastic,Electronics,112.51,2.28,55.0,8.18,11.1,Supplier B,GOTS,3639.55,Pre-Order
MAT03684,Cardboard,Automotive,195.22,34.82,90.4,1.43,92.3,Supplier D,Cradle to Cradle,1288.99,Low Stock
MAT03685,Flax Fiber,Home Decor,56.42,74.76,45.3,7.06,76.6,Supplier C,GOTS,1581.98,Pre-Order
MAT03686,Seaweed Polymer,Flooring,270.6,98.33,45.9,10.94,65.5,Supplier E,ISO 14001,3943.33,Pre-Order
MAT03687,Organic Cotton,Flooring,189.0,11.32,94.0,12.37,31.5,Supplier B,FSC,1889.91,Pre-Order
MAT03688,Certified Wood,Cosmetics,166.69,43.35,78.9,7.67,3.7,Supplier D,EcoCert,1633.44,In Stock
MAT03689,Bioplastic,Insulation,109.11,73.79,99.4,12.96,22.3,Supplier A,FSC,1894.89,Low Stock
MAT03690,Natural Rubber,Flooring,477.0,6.11,93.7,4.84,74.6,Supplier B,None,1537.16,In Stock
MAT03691,Cork,Insulation,293.26,25.18,69.9,13.34,13.8,Supplier D,ISO 14001,3231.19,Low Stock
MAT03692,Sustainable Bamboo,Bags & Luggage,433.15,87.51,77.8,12.87,93.9,Supplier D,FSC,2707.46,Pre-Order
MAT03693,Algae-based Material,Electronics,413.7,21.05,33.3,4.41,67.7,Supplier B,Cradle to Cradle,3647.85,In Stock
MAT03694,Linen,Textiles,335.9,75.0,51.2,2.83,93.0,Supplier D,EcoCert,2202.82,Low Stock
MAT03695,Recycled Copper,Household Items,245.89,72.61,34.4,13.44,21.6,Supplier B,None,2035.99,Pre-Order
MAT03696,Certified Wood,Household Items,240.1,75.99,80.2,10.58,41.3,Supplier B,ISO 14001,548.63,Pre-Order
MAT03697,Recycled Metal,Automotive,364.71,95.19,27.2,12.02,96.3,Supplier B,FSC,3883.57,Pre-Order
MAT03698,Cork Composite,Electronics,434.85,76.66,88.4,3.19,24.1,Supplier A,EcoCert,2475.89,Low Stock
MAT03699,Mycelium Leather,Bags & Luggage,190.35,7.38,63.1,2.88,53.9,Supplier B,ISO 14001,2276.69,Low Stock
MAT03700,Cork Composite,Electronics,35.07,23.99,52.2,0.91,90.5,Supplier B,Cradle to Cradle,797.63,Low Stock
MAT03701,Cork,Bags & Luggage,337.19,87.24,20.7,14.77,58.0,Supplier D,GOTS,3173.92,Low Stock
MAT03702,Organic Cotton,Sports Equipment,415.88,50.87,77.1,9.99,9.2,Supplier C,ISO 14001,754.47,Pre-Order
MAT03703,Jute,Automotive,426.71,41.37,62.9,6.1,96.0,Supplier D,Cradle to Cradle,1004.3,In Stock
MAT03704,Wool,Flooring,413.76,94.37,34.0,0.79,17.0,Supplier D,FSC,1606.05,Pre-Order
MAT03705,Bioplastic,Footwear,203.58,93.36,73.2,6.2,7.8,Supplier A,EcoCert,971.93,Low Stock
MAT03706,Linen,Food Packaging,60.53,16.61,51.5,13.44,51.4,Supplier B,None,223.27,Low Stock
MAT03707,Recycled Glass,Coatings,34.06,82.71,42.7,13.35,50.0,Supplier A,Cradle to Cradle,2441.03,In Stock
MAT03708,Mycelium Leather,Accessories,430.64,68.3,38.3,1.88,71.3,Supplier D,Cradle to Cradle,2913.3,In Stock
MAT03709,Cork Composite,Office Supplies,221.45,98.49,97.7,8.1,36.3,Supplier A,GOTS,1433.41,In Stock
MAT03710,Algae-based Material,Bags & Luggage,232.32,91.47,88.3,5.99,16.3,Supplier A,ISO 14001,2456.8,Pre-Order
MAT03711,Biodegradable Plastic,Flooring,162.98,43.27,22.9,11.1,77.4,Supplier A,FSC,3144.04,Low Stock
MAT03712,Biodegradable Plastic,Footwear,215.23,2.74,28.3,4.3,66.0,Supplier E,ISO 14001,959.48,Pre-Order
MAT03713,Linen,Construction,451.75,28.47,97.2,6.54,62.6,Supplier C,GOTS,2339.77,Low Stock
MAT03714,Hemp Fiber,Construction,455.5,43.63,24.5,3.08,68.3,Supplier B,EcoCert,775.22,Pre-Order
MAT03715,Cork,Home Decor,140.38,26.17,86.8,7.18,80.0,Supplier A,None,2724.89,Low Stock
MAT03716,Cork Composite,Automotive,312.11,38.11,33.5,10.09,2.6,Supplier A,Cradle to Cradle,1544.63,Low Stock
MAT03717,Recycled PET,Textiles,133.76,34.64,94.4,10.03,77.6,Supplier A,GOTS,2156.34,Low Stock
MAT03718,Recycled Aluminum,Bags & Luggage,184.85,73.82,25.3,8.66,80.0,Supplier B,GOTS,2367.16,Pre-Order
MAT03719,Bio-based Polymer,Automotive,12.84,78.52,60.6,10.24,54.9,Supplier B,ISO 14001,1586.13,Pre-Order
MAT03720,Recycled Aluminum,Home Decor,77.96,84.63,89.8,8.44,12.0,Supplier D,EcoCert,3414.62,Low Stock
MAT03721,Bio-based Polymer,Bags & Luggage,482.78,85.25,80.7,7.42,22.8,Supplier C,None,3004.6,Pre-Order
MAT03722,Sustainable Bamboo,Accessories,444.83,30.24,24.3,12.37,68.8,Supplier A,None,838.3,In Stock
MAT03723,Cardboard,Household Items,304.17,81.59,83.1,3.98,23.0,Supplier C,ISO 14001,3991.47,Pre-Order
MAT03724,Corn Plastic,Accessories,246.1,39.91,40.6,9.14,59.2,Supplier E,GOTS,781.03,Pre-Order
MAT03725,Mushroom Composite,Electronics,103.63,98.55,61.8,9.79,82.1,Supplier D,None,1311.4,In Stock
MAT03726,Corn Plastic,Construction,299.48,5.63,45.5,0.8,97.5,Supplier C,None,3169.77,Pre-Order
MAT03727,Cardboard,Textiles,173.94,3.75,45.2,8.58,91.1,Supplier B,ISO 14001,2025.2,In Stock
MAT03728,Bioplastic,Food Packaging,246.82,29.61,57.6,10.52,56.8,Supplier D,ISO 14001,2922.43,Low Stock
MAT03729,Mycelium Leather,Electronics,24.49,71.29,48.5,8.15,89.0,Supplier E,Cradle to Cradle,2905.83,Low Stock
MAT03730,Wool,Kitchen Utensils,379.61,48.41,82.5,9.18,40.5,Supplier D,FSC,3933.37,In Stock
MAT03731,Linen,Office Supplies,367.51,76.98,88.1,12.03,26.3,Supplier E,ISO 14001,755.3,Pre-Order
MAT03732,Biodegradable Plastic,Furniture,223.81,59.83,60.1,2.73,84.0,Supplier E,None,694.71,Pre-Order
MAT03733,Cellulose,Footwear,12.33,22.38,39.8,5.79,40.2,Supplier E,None,710.48,Low Stock
MAT03734,Cardboard,Toys,193.0,69.3,54.4,8.63,94.7,Supplier B,None,3892.7,Pre-Order
MAT03735,Organic Cotton,Sports Equipment,106.19,47.52,25.6,5.07,26.2,Supplier A,FSC,2745.64,Low Stock
MAT03736,Hemp Fiber,Kitchen Utensils,198.88,27.5,68.8,13.25,51.5,Supplier B,ISO 14001,3177.24,In Stock
MAT03737,Bioplastic,Home Decor,127.76,37.3,79.2,13.3,39.7,Supplier E,GOTS,2245.15,In Stock
MAT03738,Bio-based Polymer,Coatings,404.84,83.83,90.4,4.71,86.5,Supplier C,EcoCert,536.18,Pre-Order
MAT03739,Cardboard,Footwear,233.1,33.58,78.2,3.42,86.9,Supplier D,ISO 14001,1957.14,Low Stock
MAT03740,Cork Composite,Adhesives,476.85,4.95,98.6,7.15,6.8,Supplier D,GOTS,1401.04,Pre-Order
MAT03741,Cardboard,Toys,124.18,39.11,82.4,0.95,20.1,Supplier A,GOTS,2903.34,Low Stock
MAT03742,Cork,Office Supplies,275.3,85.04,66.4,13.88,51.9,Supplier C,ISO 14001,3137.4,Pre-Order
MAT03743,Wool,Kitchen Utensils,483.52,32.06,70.0,4.53,21.5,Supplier B,ISO 14001,2053.42,Pre-Order
MAT03744,Mushroom Composite,Flooring,233.59,45.94,25.5,10.92,95.3,Supplier A,Cradle to Cradle,2461.78,Low Stock
MAT03745,Mushroom Composite,Toys,98.71,41.61,44.7,1.52,3.2,Supplier C,Cradle to Cradle,2309.89,Pre-Order
MAT03746,Flax Fiber,Sports Equipment,230.13,91.38,95.3,6.08,80.9,Supplier E,ISO 14001,2931.56,Pre-Order
MAT03747,Recycled Metal,Adhesives,421.63,17.46,59.2,8.65,64.1,Supplier C,None,2293.29,In Stock
MAT03748,Mycelium Leather,Adhesives,478.09,58.67,70.0,6.36,63.8,Supplier C,None,1330.49,Pre-Order
MAT03749,Cork Composite,Bags & Luggage,439.08,20.14,77.1,1.39,79.5,Supplier D,FSC,1020.9,In Stock
MAT03750,Mushroom Composite,Bags & Luggage,190.52,40.95,59.5,7.65,12.3,Supplier C,GOTS,3159.81,Pre-Order
MAT03751,Flax Fiber,Textiles,142.78,31.24,20.4,11.32,27.2,Supplier C,Cradle to Cradle,3290.95,In Stock
MAT03752,Recycled Metal,Accessories,389.37,99.49,24.1,6.63,96.9,Supplier E,Cradle to Cradle,327.02,In Stock
MAT03753,Recycled Aluminum,Sports Equipment,266.79,16.97,78.6,7.8,89.8,Supplier C,FSC,3150.68,Low Stock
MAT03754,Cork,Household Items,136.73,59.28,58.8,12.43,59.9,Supplier C,ISO 14001,3735.83,Pre-Order
MAT03755,Bioplastic,Kitchen Utensils,347.93,81.43,52.6,12.45,32.2,Supplier C,EcoCert,1264.92,Low Stock
MAT03756,Corn Plastic,Insulation,354.1,94.06,97.4,4.03,66.7,Supplier A,None,3790.61,Low Stock
MAT03757,Cork,Adhesives,374.98,15.14,71.8,9.06,79.6,Supplier D,Cradle to Cradle,2927.41,In Stock
MAT03758,Algae-based Material,Bags & Luggage,105.57,40.73,81.4,2.05,28.9,Supplier A,GOTS,1059.91,In Stock
MAT03759,Bio-based Polymer,Home Decor,194.74,79.53,23.7,2.25,90.0,Supplier D,Cradle to Cradle,1795.29,Low Stock
MAT03760,Certified Wood,Construction,245.35,99.97,55.0,14.86,88.1,Supplier D,ISO 14001,2459.29,Low Stock
MAT03761,Jute,Furniture,373.23,33.25,52.8,12.05,29.6,Supplier D,FSC,4148.34,Pre-Order
MAT03762,Recycled Copper,Coatings,459.22,69.07,36.9,8.44,10.1,Supplier D,Cradle to Cradle,3785.63,Low Stock
MAT03763,Recycled Metal,Automotive,425.61,44.4,31.5,5.54,24.7,Supplier B,EcoCert,452.35,In Stock
MAT03764,Natural Rubber,Flooring,161.4,42.68,90.9,2.33,41.9,Supplier D,Cradle to Cradle,3457.78,Pre-Order
MAT03765,Bio-based Polymer,Food Packaging,344.21,44.15,21.7,10.56,10.7,Supplier C,ISO 14001,2994.64,Pre-Order
MAT03766,Corn Plastic,Automotive,202.51,7.4,40.6,10.67,87.1,Supplier A,FSC,2043.46,In Stock
MAT03767,Seaweed Polymer,Food Packaging,409.61,71.51,50.7,6.81,97.0,Supplier A,GOTS,1307.25,In Stock
MAT03768,Recycled Copper,Automotive,146.08,63.09,72.2,10.53,41.2,Supplier B,GOTS,2417.79,In Stock
MAT03769,Flax Fiber,Automotive,473.07,50.56,54.7,1.56,55.0,Supplier E,ISO 14001,214.14,In Stock
MAT03770,Mushroom Composite,Food Packaging,477.25,45.86,34.9,3.74,77.6,Supplier E,None,1933.07,Pre-Order
MAT03771,Linen,Footwear,184.88,83.38,30.7,2.1,11.9,Supplier C,None,1920.62,Low Stock
MAT03772,Cardboard,Electronics,188.44,95.74,69.8,5.92,56.2,Supplier C,GOTS,2284.16,In Stock
MAT03773,Recycled Metal,Furniture,178.4,67.69,66.6,12.84,69.9,Supplier B,GOTS,2514.07,Pre-Order
MAT03774,Linen,Coatings,83.73,40.52,45.1,0.86,38.3,Supplier C,ISO 14001,911.34,Low Stock
MAT03775,Sustainable Bamboo,Kitchen Utensils,402.17,95.2,89.8,6.98,95.2,Supplier E,FSC,467.29,Low Stock
MAT03776,Mushroom Composite,Household Items,298.1,22.57,86.8,3.0,80.3,Supplier C,GOTS,1230.06,Pre-Order
MAT03777,Cellulose,Electronics,337.83,62.82,59.4,10.47,11.2,Supplier D,ISO 14001,3902.66,Low Stock
MAT03778,Mycelium Leather,Office Supplies,47.7,15.72,76.0,13.78,77.0,Supplier B,FSC,1155.36,Pre-Order
MAT03779,Seaweed Polymer,Household Items,452.44,77.6,23.1,10.31,9.5,Supplier A,GOTS,4108.5,Pre-Order
MAT03780,Flax Fiber,Textiles,92.23,72.33,25.8,8.6,27.2,Supplier E,EcoCert,3251.11,Pre-Order
MAT03781,Mycelium Leather,Accessories,229.24,79.3,44.2,10.16,91.7,Supplier A,FSC,2747.3,Low Stock
MAT03782,Mushroom Composite,Textiles,248.89,92.67,40.0,11.05,52.1,Supplier E,EcoCert,238.21,Pre-Order
MAT03783,Bioplastic,Electronics,171.55,65.78,99.1,1.11,12.1,Supplier B,GOTS,229.91,Pre-Order
MAT03784,Corn Plastic,Electronics,176.56,4.3,87.1,2.13,72.2,Supplier D,None,357.73,In Stock
MAT03785,Natural Rubber,Flooring,363.12,66.07,84.8,9.07,3.8,Supplier A,FSC,900.55,In Stock
MAT03786,Organic Cotton,Sports Equipment,353.81,57.27,53.4,13.4,96.1,Supplier C,Cradle to Cradle,464.8,Low Stock
MAT03787,Corn Plastic,Sports Equipment,390.13,15.27,29.2,10.73,72.4,Supplier E,FSC,1547.12,Low Stock
MAT03788,Cork Composite,Automotive,35.27,82.01,41.4,7.88,56.0,Supplier E,None,3509.24,Pre-Order
MAT03789,Natural Rubber,Coatings,46.68,18.04,20.4,8.89,0.0,Supplier C,None,1059.08,Low Stock
MAT03790,Certified Wood,Sports Equipment,484.62,36.04,77.2,13.14,75.9,Supplier D,EcoCert,1723.08,Pre-Order
MAT03791,Organic Cotton,Furniture,21.12,98.02,69.9,12.82,30.3,Supplier E,None,3859.5,Low Stock
MAT03792,Recycled Glass,Textiles,204.99,35.82,62.3,2.59,72.4,Supplier C,FSC,3879.42,In Stock
MAT03793,Cork Composite,Construction,425.04,3.27,99.7,14.9,89.3,Supplier E,Cradle to Cradle,4066.17,Low Stock
MAT03794,Mycelium Leather,Textiles,459.26,41.91,91.4,10.21,56.9,Supplier C,Cradle to Cradle,3412.13,Low Stock
MAT03795,Natural Rubber,Insulation,204.46,50.89,21.1,5.18,50.4,Supplier C,ISO 14001,2463.44,Pre-Order
MAT03796,Hemp Fiber,Home Decor,142.93,81.74,42.3,2.54,63.9,Supplier C,EcoCert,2217.76,Pre-Order
MAT03797,Mushroom Composite,Textiles,298.86,2.5,69.0,5.91,61.3,Supplier E,Cradle to Cradle,873.99,In Stock
MAT03798,Recycled PET,Sports Equipment,347.29,14.75,53.1,3.92,80.6,Supplier B,GOTS,2038.48,In Stock
MAT03799,Algae-based Material,Furniture,310.38,61.13,80.2,5.49,33.9,Supplier E,None,4110.99,In Stock
MAT03800,Bio-based Polymer,Construction,448.07,2.76,88.9,7.71,67.8,Supplier B,EcoCert,272.24,Low Stock
MAT03801,Certified Wood,Electronics,75.42,39.27,80.7,4.65,45.5,Supplier B,GOTS,3261.07,In Stock
MAT03802,Corn Plastic,Footwear,351.29,62.51,22.5,3.65,95.0,Supplier A,EcoCert,3098.39,Low Stock
MAT03803,Corn Plastic,Sports Equipment,483.5,85.82,71.0,13.38,42.2,Supplier C,Cradle to Cradle,2103.22,Low Stock
MAT03804,Cellulose,Construction,378.07,71.53,27.8,10.1,6.2,Supplier B,EcoCert,171.81,Low Stock
MAT03805,Hemp Fiber,Toys,424.63,18.17,21.4,1.73,54.6,Supplier D,EcoCert,2033.5,Low Stock
MAT03806,Cellulose,Accessories,102.31,93.39,94.6,2.57,32.5,Supplier E,FSC,2522.37,In Stock
MAT03807,Mycelium Leather,Construction,186.44,76.65,58.2,11.66,45.6,Supplier D,None,1171.13,Low Stock
MAT03808,Recycled Paper,Automotive,497.61,66.18,61.7,13.22,18.7,Supplier C,EcoCert,563.57,Low Stock
MAT03809,Jute,Food Packaging,121.36,38.47,62.5,8.95,39.6,Supplier D,EcoCert,3217.08,Pre-Order
MAT03810,Recycled Glass,Automotive,407.55,2.57,79.8,10.17,46.2,Supplier E,EcoCert,3752.43,In Stock
MAT03811,Certified Wood,Flooring,397.88,31.8,80.2,1.31,38.3,Supplier B,None,2961.44,Pre-Order
MAT03812,Bio-based Polymer,Flooring,176.76,13.95,71.1,2.68,97.3,Supplier D,ISO 14001,1430.09,Low Stock
MAT03813,Flax Fiber,Kitchen Utensils,300.11,29.69,79.7,6.95,45.2,Supplier A,EcoCert,2813.7,Pre-Order
MAT03814,Mushroom Composite,Sports Equipment,115.47,42.01,93.6,13.16,87.0,Supplier C,None,1463.29,Low Stock
MAT03815,Seaweed Polymer,Adhesives,76.18,97.26,29.2,8.62,74.8,Supplier C,None,854.9,In Stock
MAT03816,Sustainable Bamboo,Coatings,147.58,22.16,59.0,6.63,40.1,Supplier E,Cradle to Cradle,949.52,Low Stock
MAT03817,Recycled Glass,Adhesives,472.39,87.91,74.3,8.77,70.8,Supplier B,FSC,2372.97,In Stock
MAT03818,Recycled Paper,Insulation,361.87,13.21,83.1,1.91,25.6,Supplier D,None,2176.26,Low Stock
MAT03819,Bioplastic,Food Packaging,203.61,32.65,45.7,5.19,34.0,Supplier E,ISO 14001,1175.28,Pre-Order
MAT03820,Flax Fiber,Office Supplies,228.2,63.61,82.8,14.87,1.4,Supplier A,None,2202.82,Low Stock
MAT03821,Cellulose,Home Decor,262.27,48.89,34.7,2.77,17.4,Supplier C,None,3583.11,Pre-Order
MAT03822,Recycled Aluminum,Office Supplies,217.53,70.67,30.3,4.81,51.6,Supplier C,ISO 14001,3566.51,Low Stock
MAT03823,Organic Cotton,Adhesives,237.73,74.55,25.1,9.96,86.5,Supplier B,GOTS,1186.07,In Stock
MAT03824,Jute,Toys,192.84,45.3,58.7,6.94,25.1,Supplier B,Cradle to Cradle,3042.78,Low Stock
MAT03825,Algae-based Material,Kitchen Utensils,168.11,21.47,25.6,4.84,64.7,Supplier A,GOTS,1909.0,In Stock
MAT03826,Cardboard,Kitchen Utensils,46.76,89.65,70.2,13.08,3.0,Supplier A,None,3307.55,Pre-Order
MAT03827,Bioplastic,Food Packaging,245.87,27.16,51.5,13.37,97.9,Supplier D,None,2573.0,Low Stock
MAT03828,Cardboard,Construction,398.89,89.89,80.0,7.16,75.1,Supplier B,GOTS,844.11,Low Stock
MAT03829,Jute,Flooring,331.65,25.25,99.2,1.23,15.4,Supplier D,EcoCert,3182.22,Low Stock
MAT03830,Flax Fiber,Construction,442.95,33.27,55.6,11.17,38.0,Supplier A,Cradle to Cradle,990.19,Pre-Order
MAT03831,Cork Composite,Cosmetics,375.6,66.46,34.1,10.48,65.2,Supplier D,Cradle to Cradle,1351.24,Low Stock
MAT03832,Recycled Copper,Sports Equipment,377.09,96.55,25.8,10.36,8.8,Supplier E,FSC,2593.75,Pre-Order
MAT03833,Linen,Accessories,62.59,57.74,34.1,14.45,44.1,Supplier C,GOTS,1737.19,In Stock
MAT03834,Recycled Aluminum,Food Packaging,295.7,7.3,68.4,5.38,88.9,Supplier A,ISO 14001,1762.92,Pre-Order
MAT03835,Linen,Furniture,201.13,71.39,29.4,14.86,35.9,Supplier C,ISO 14001,473.93,Low Stock
MAT03836,Mushroom Composite,Toys,436.36,96.54,84.8,12.78,5.5,Supplier E,ISO 14001,1362.86,In Stock
MAT03837,Cork,Home Decor,384.92,89.31,35.6,14.02,72.9,Supplier B,EcoCert,3148.19,Low Stock
MAT03838,Certified Wood,Automotive,246.54,63.23,33.1,12.13,31.7,Supplier D,Cradle to Cradle,3151.51,Low Stock
MAT03839,Cardboard,Food Packaging,173.97,30.52,67.4,10.86,3.7,Supplier B,None,521.24,Pre-Order
MAT03840,Bioplastic,Office Supplies,308.4,60.53,27.7,4.74,54.9,Supplier D,ISO 14001,4046.25,In Stock
MAT03841,Wool,Construction,291.2,22.47,75.6,2.02,98.1,Supplier E,FSC,1723.91,Low Stock
MAT03842,Corn Plastic,Household Items,216.14,16.5,40.0,11.49,84.4,Supplier C,Cradle to Cradle,1309.74,Low Stock
MAT03843,Sustainable Bamboo,Construction,373.51,99.09,62.1,3.01,62.5,Supplier E,GOTS,1657.51,Low Stock
MAT03844,Cork Composite,Cosmetics,241.73,66.98,92.6,5.37,60.0,Supplier C,GOTS,784.35,In Stock
MAT03845,Flax Fiber,Insulation,168.35,49.53,22.1,14.83,43.7,Supplier B,FSC,189.24,Pre-Order
MAT03846,Cork Composite,Automotive,308.09,23.06,38.8,14.28,54.3,Supplier E,Cradle to Cradle,1913.98,In Stock
MAT03847,Certified Wood,Furniture,181.87,90.64,71.9,4.85,94.3,Supplier C,None,1801.93,Low Stock
MAT03848,Mycelium Leather,Sports Equipment,145.72,36.63,22.7,10.42,89.7,Supplier A,ISO 14001,1143.74,Pre-Order
MAT03849,Certified Wood,Food Packaging,267.9,5.86,63.2,5.08,74.0,Supplier C,ISO 14001,3427.9,Pre-Order
MAT03850,Wool,Bags & Luggage,276.04,65.4,45.6,0.65,0.2,Supplier E,None,3769.86,Low Stock
MAT03851,Cardboard,Coatings,250.99,96.65,40.3,6.81,58.8,Supplier E,Cradle to Cradle,1944.69,Low Stock
MAT03852,Cork,Office Supplies,395.04,30.27,81.0,4.01,21.9,Supplier D,Cradle to Cradle,1362.86,Low Stock
MAT03853,Recycled Copper,Adhesives,210.13,23.66,96.2,8.87,86.1,Supplier D,FSC,788.5,Pre-Order
MAT03854,Organic Cotton,Coatings,463.19,35.15,34.5,7.53,20.7,Supplier D,FSC,3695.99,Low Stock
MAT03855,Natural Rubber,Food Packaging,168.33,17.29,68.0,0.63,90.8,Supplier D,FSC,181.77,Low Stock
MAT03856,Biodegradable Plastic,Coatings,244.32,91.0,65.1,2.88,7.6,Supplier E,Cradle to Cradle,1581.98,Low Stock
MAT03857,Hemp Fiber,Sports Equipment,195.05,57.64,80.1,14.07,58.1,Supplier A,Cradle to Cradle,2582.13,Low Stock
MAT03858,Cardboard,Accessories,200.54,37.12,69.1,9.86,52.7,Supplier C,EcoCert,2253.45,Pre-Order
MAT03859,Bioplastic,Home Decor,452.55,87.34,56.2,4.05,80.0,Supplier C,GOTS,2604.54,Low Stock
MAT03860,Seaweed Polymer,Coatings,467.03,7.39,54.8,12.74,32.0,Supplier C,Cradle to Cradle,1516.41,Low Stock
MAT03861,Cardboard,Household Items,126.13,64.38,26.3,3.72,27.4,Supplier C,Cradle to Cradle,1978.72,In Stock
MAT03862,Seaweed Polymer,Coatings,49.88,55.28,65.0,8.03,33.2,Supplier E,FSC,2128.95,In Stock
MAT03863,Recycled Copper,Automotive,408.85,5.01,82.3,13.81,32.4,Supplier C,GOTS,214.97,Pre-Order
MAT03864,Organic Cotton,Toys,122.76,32.89,49.1,0.97,72.9,Supplier B,GOTS,433.26,Low Stock
MAT03865,Bio-based Polymer,Footwear,210.29,86.11,79.2,7.31,98.1,Supplier B,FSC,917.15,In Stock
MAT03866,Cork Composite,Sports Equipment,174.76,21.02,90.2,3.32,71.4,Supplier D,GOTS,2606.2,Pre-Order
MAT03867,Wool,Insulation,19.87,40.2,84.8,7.8,73.0,Supplier D,ISO 14001,644.08,Pre-Order
MAT03868,Cardboard,Insulation,249.51,63.29,70.6,7.81,86.0,Supplier D,FSC,748.66,Low Stock
MAT03869,Jute,Accessories,33.23,93.26,56.5,8.93,81.3,Supplier D,Cradle to Cradle,3053.57,Low Stock
MAT03870,Biodegradable Plastic,Adhesives,254.76,57.37,59.9,12.25,93.0,Supplier A,None,4054.55,Pre-Order
MAT03871,Recycled Glass,Household Items,498.02,66.51,55.5,2.54,40.0,Supplier A,None,3931.71,In Stock
MAT03872,Biodegradable Plastic,Toys,309.96,71.36,75.2,2.64,35.6,Supplier B,GOTS,1952.99,Low Stock
MAT03873,Linen,Accessories,17.69,62.49,73.7,11.2,42.5,Supplier D,Cradle to Cradle,648.23,Low Stock
MAT03874,Cork,Adhesives,280.06,77.29,78.0,11.93,16.5,Supplier C,EcoCert,3359.01,In Stock
MAT03875,Flax Fiber,Adhesives,395.4,84.9,56.8,1.0,50.6,Supplier A,Cradle to Cradle,2161.32,Low Stock
MAT03876,Flax Fiber,Bags & Luggage,384.76,69.38,84.5,5.79,74.2,Supplier D,FSC,1515.58,Low Stock
MAT03877,Mushroom Composite,Furniture,436.51,94.61,22.7,7.07,69.8,Supplier A,FSC,261.45,In Stock
MAT03878,Jute,Coatings,213.55,18.99,82.4,8.25,31.8,Supplier E,Cradle to Cradle,2347.24,In Stock
MAT03879,Corn Plastic,Automotive,246.92,94.49,94.9,3.75,56.9,Supplier B,ISO 14001,3409.64,Low Stock
MAT03880,Recycled Copper,Adhesives,93.62,9.36,57.9,7.45,0.3,Supplier B,EcoCert,3697.65,In Stock
MAT03881,Corn Plastic,Flooring,192.27,22.36,52.6,4.28,92.1,Supplier D,EcoCert,979.4,In Stock
MAT03882,Jute,Toys,89.32,54.04,54.0,10.17,4.6,Supplier D,GOTS,1756.28,Low Stock
MAT03883,Recycled Aluminum,Home Decor,229.96,25.11,93.1,11.97,29.1,Supplier C,None,3396.36,Pre-Order
MAT03884,Wool,Toys,245.88,66.24,48.3,0.67,3.9,Supplier E,None,1473.25,Pre-Order
MAT03885,Recycled Copper,Flooring,278.58,3.55,63.2,5.14,32.5,Supplier B,GOTS,1948.84,Low Stock
MAT03886,Mushroom Composite,Footwear,380.48,78.63,70.3,1.17,2.1,Supplier A,ISO 14001,1313.89,Low Stock
MAT03887,Sustainable Bamboo,Home Decor,39.04,47.22,96.0,11.56,58.0,Supplier D,ISO 14001,631.63,Pre-Order
MAT03888,Wool,Textiles,219.78,68.37,29.2,5.48,36.7,Supplier D,ISO 14001,1689.88,In Stock
MAT03889,Cellulose,Footwear,18.16,28.27,73.1,5.67,4.2,Supplier C,GOTS,3638.72,Pre-Order
MAT03890,Recycled Glass,Food Packaging,474.99,55.82,31.0,9.58,2.3,Supplier E,EcoCert,3648.68,Pre-Order
MAT03891,Recycled Paper,Office Supplies,161.98,79.17,69.9,5.31,64.9,Supplier E,ISO 14001,3110.84,Pre-Order
MAT03892,Hemp Fiber,Office Supplies,113.47,22.54,43.4,2.53,16.5,Supplier E,None,1611.86,In Stock
MAT03893,Cardboard,Food Packaging,266.75,22.87,48.0,11.84,77.3,Supplier B,GOTS,3637.06,Low Stock
MAT03894,Cellulose,Coatings,319.03,71.31,52.1,4.09,60.7,Supplier A,GOTS,3235.34,Low Stock
MAT03895,Cork,Adhesives,454.52,71.3,21.5,10.67,87.3,Supplier E,None,3051.91,Low Stock
MAT03896,Cardboard,Automotive,422.66,11.34,20.8,8.84,10.9,Supplier E,EcoCert,1909.0,Pre-Order
MAT03897,Recycled PET,Furniture,46.02,82.64,96.2,7.77,11.6,Supplier D,EcoCert,1751.3,Pre-Order
MAT03898,Organic Cotton,Accessories,447.73,23.75,70.1,4.76,60.3,Supplier E,ISO 14001,2872.63,Low Stock
MAT03899,Recycled Paper,Textiles,196.7,33.23,94.2,6.08,15.3,Supplier A,FSC,1915.64,Low Stock
MAT03900,Hemp Fiber,Sports Equipment,62.92,44.7,67.5,7.06,17.2,Supplier E,GOTS,3619.63,Low Stock
MAT03901,Seaweed Polymer,Adhesives,471.49,49.34,49.1,8.55,63.1,Supplier E,Cradle to Cradle,2745.64,In Stock
MAT03902,Recycled PET,Accessories,329.49,9.87,46.9,7.69,93.3,Supplier C,FSC,312.91,Low Stock
MAT03903,Corn Plastic,Cosmetics,139.88,90.91,40.2,1.77,41.7,Supplier C,GOTS,312.91,In Stock
MAT03904,Certified Wood,Automotive,220.77,29.11,47.6,10.06,74.0,Supplier D,None,737.04,Pre-Order
MAT03905,Recycled Glass,Home Decor,135.91,66.33,87.1,12.07,11.5,Supplier D,EcoCert,1039.16,In Stock
MAT03906,Mycelium Leather,Coatings,257.93,83.02,30.8,9.24,81.1,Supplier D,FSC,3384.74,Pre-Order
MAT03907,Linen,Bags & Luggage,370.61,31.93,33.9,7.39,41.7,Supplier D,GOTS,2974.72,Pre-Order
MAT03908,Wool,Textiles,162.39,26.89,81.0,4.42,79.7,Supplier A,FSC,1900.7,Low Stock
MAT03909,Cork,Footwear,85.91,35.97,50.8,8.58,14.3,Supplier B,ISO 14001,3929.22,In Stock
MAT03910,Algae-based Material,Household Items,470.04,86.45,48.8,1.55,0.9,Supplier C,FSC,2823.66,Pre-Order
MAT03911,Certified Wood,Construction,434.47,34.59,49.4,13.59,50.3,Supplier C,None,411.68,Pre-Order
MAT03912,Bio-based Polymer,Electronics,224.91,47.61,32.1,3.23,30.7,Supplier B,None,2924.09,Pre-Order
MAT03913,Cork,Kitchen Utensils,269.45,11.43,82.6,2.7,47.0,Supplier B,FSC,1963.78,Low Stock
MAT03914,Recycled Metal,Toys,229.11,72.38,55.1,6.8,61.4,Supplier E,ISO 14001,3797.25,Pre-Order
MAT03915,Cellulose,Footwear,383.53,54.21,55.7,10.74,75.3,Supplier B,EcoCert,2490.83,Low Stock
MAT03916,Mycelium Leather,Coatings,309.18,78.95,36.1,7.59,63.7,Supplier D,Cradle to Cradle,2138.08,Pre-Order
MAT03917,Mycelium Leather,Coatings,482.33,1.45,74.9,3.83,64.9,Supplier E,FSC,3741.64,In Stock
MAT03918,Recycled Paper,Furniture,47.06,13.22,77.1,11.77,87.4,Supplier E,ISO 14001,2093.26,Low Stock
MAT03919,Hemp Fiber,Footwear,30.2,21.53,74.4,3.71,20.0,Supplier A,EcoCert,2772.2,In Stock
MAT03920,Organic Cotton,Office Supplies,207.38,54.51,20.9,4.12,13.5,Supplier A,EcoCert,398.4,In Stock
MAT03921,Mushroom Composite,Flooring,419.91,74.02,69.2,13.16,95.5,Supplier C,GOTS,452.35,Pre-Order
MAT03922,Hemp Fiber,Adhesives,247.17,91.0,48.8,4.07,80.9,Supplier E,ISO 14001,3593.07,In Stock
MAT03923,Wool,Office Supplies,389.7,2.22,53.6,3.16,71.6,Supplier C,Cradle to Cradle,1572.85,In Stock
MAT03924,Recycled Metal,Sports Equipment,457.3,65.65,84.8,5.01,95.2,Supplier E,FSC,2366.33,In Stock
MAT03925,Natural Rubber,Textiles,322.78,55.48,75.7,13.1,89.4,Supplier A,FSC,3997.28,Low Stock
MAT03926,Recycled Paper,Sports Equipment,71.43,6.97,43.1,1.62,86.6,Supplier E,Cradle to Cradle,3529.99,Pre-Order
MAT03927,Biodegradable Plastic,Office Supplies,76.61,61.9,61.9,1.04,99.9,Supplier C,FSC,2069.19,Low Stock
MAT03928,Mushroom Composite,Office Supplies,215.02,38.04,98.4,3.61,55.2,Supplier E,None,3204.63,In Stock
MAT03929,Organic Cotton,Footwear,30.57,95.43,57.7,3.34,52.5,Supplier A,GOTS,4045.42,In Stock
MAT03930,Recycled Aluminum,Electronics,105.56,1.99,91.5,2.75,91.3,Supplier D,FSC,1525.54,Low Stock
MAT03931,Seaweed Polymer,Food Packaging,246.36,63.62,98.8,14.07,49.2,Supplier C,None,2212.78,Low Stock
MAT03932,Bioplastic,Flooring,360.97,84.47,69.3,1.42,16.8,Supplier A,GOTS,1075.68,In Stock
MAT03933,Recycled Metal,Coatings,394.49,21.51,30.8,7.08,67.9,Supplier C,GOTS,4007.24,In Stock
MAT03934,Organic Cotton,Footwear,300.4,85.5,39.9,10.42,84.6,Supplier C,GOTS,1344.6,In Stock
MAT03935,Cellulose,Cosmetics,257.87,40.78,44.9,9.2,45.5,Supplier D,None,373.5,Pre-Order
MAT03936,Bio-based Polymer,Household Items,379.23,22.45,52.9,9.18,52.3,Supplier C,GOTS,2070.85,Pre-Order
MAT03937,Cellulose,Home Decor,327.68,28.73,93.4,8.39,54.0,Supplier A,None,1603.56,Low Stock
MAT03938,Recycled Copper,Toys,484.96,62.09,24.3,3.23,44.4,Supplier A,FSC,742.85,Low Stock
MAT03939,Recycled Aluminum,Flooring,11.16,20.1,38.9,12.19,37.5,Supplier D,GOTS,1841.77,In Stock
MAT03940,Organic Cotton,Food Packaging,50.86,41.16,27.3,9.46,20.0,Supplier B,GOTS,3836.26,In Stock
MAT03941,Biodegradable Plastic,Sports Equipment,91.53,18.24,97.7,1.29,56.7,Supplier D,None,473.93,Low Stock
MAT03942,Recycled Metal,Office Supplies,205.32,93.75,38.5,6.0,29.3,Supplier B,FSC,3768.2,In Stock
MAT03943,Biodegradable Plastic,Cosmetics,242.93,69.42,29.7,12.01,29.5,Supplier C,ISO 14001,2019.39,Low Stock
MAT03944,Cork Composite,Textiles,305.82,64.05,49.0,8.53,59.8,Supplier A,GOTS,2993.81,Low Stock
MAT03945,Cork Composite,Toys,400.98,24.04,48.6,12.14,99.8,Supplier C,ISO 14001,1619.33,Low Stock
MAT03946,Seaweed Polymer,Sports Equipment,126.93,19.03,28.8,9.96,2.8,Supplier E,Cradle to Cradle,2973.06,Low Stock
MAT03947,Organic Cotton,Food Packaging,204.46,33.33,53.9,2.94,58.1,Supplier C,Cradle to Cradle,4018.03,Low Stock
MAT03948,Recycled PET,Footwear,49.77,30.8,23.5,7.33,49.8,Supplier B,None,929.6,Low Stock
MAT03949,Wool,Coatings,465.68,84.86,59.5,11.99,76.8,Supplier A,GOTS,815.89,Pre-Order
MAT03950,Recycled PET,Flooring,315.98,91.1,94.0,9.12,71.4,Supplier E,FSC,1763.75,In Stock
MAT03951,Cardboard,Textiles,165.45,95.75,27.5,4.24,72.3,Supplier C,None,628.31,Pre-Order
MAT03952,Recycled Glass,Home Decor,444.55,96.65,55.2,1.58,67.3,Supplier A,None,978.57,Low Stock
MAT03953,Corn Plastic,Household Items,55.28,89.24,20.0,6.44,59.7,Supplier C,None,1401.87,In Stock
MAT03954,Algae-based Material,Home Decor,243.04,81.62,35.4,0.61,12.2,Supplier A,Cradle to Cradle,4071.98,Low Stock
MAT03955,Sustainable Bamboo,Toys,24.17,11.32,72.0,1.03,10.4,Supplier B,EcoCert,666.49,In Stock
MAT03956,Sustainable Bamboo,Flooring,319.42,65.35,56.4,0.93,24.4,Supplier E,Cradle to Cradle,1432.58,Low Stock
MAT03957,Corn Plastic,Sports Equipment,137.17,4.03,65.6,10.15,85.2,Supplier C,GOTS,3870.29,In Stock
MAT03958,Cork Composite,Office Supplies,364.17,71.25,89.9,8.52,95.9,Supplier A,ISO 14001,3559.87,Low Stock
MAT03959,Mycelium Leather,Furniture,142.9,69.16,44.2,10.08,98.7,Supplier A,GOTS,444.05,Low Stock
MAT03960,Natural Rubber,Footwear,332.85,94.32,31.6,13.69,52.8,Supplier A,None,671.47,Low Stock
MAT03961,Recycled Glass,Construction,373.75,79.86,53.8,7.91,40.0,Supplier E,GOTS,1059.91,In Stock
MAT03962,Cellulose,Bags & Luggage,310.56,24.57,93.5,6.63,31.9,Supplier D,GOTS,423.3,Low Stock
MAT03963,Mycelium Leather,Bags & Luggage,102.28,92.62,27.9,6.78,86.6,Supplier C,ISO 14001,2478.38,Low Stock
MAT03964,Recycled Paper,Bags & Luggage,326.33,29.51,27.7,13.28,47.6,Supplier A,FSC,4147.51,Pre-Order
MAT03965,Wool,Footwear,323.98,74.54,83.2,9.67,75.7,Supplier D,EcoCert,213.31,Pre-Order
MAT03966,Wool,Food Packaging,323.1,54.02,66.1,10.43,32.1,Supplier A,ISO 14001,3144.87,Pre-Order
MAT03967,Seaweed Polymer,Flooring,121.44,2.36,28.5,10.27,63.4,Supplier C,Cradle to Cradle,4018.03,Low Stock
MAT03968,Corn Plastic,Kitchen Utensils,127.82,27.48,37.8,14.79,83.0,Supplier D,FSC,3578.13,Low Stock
MAT03969,Cork Composite,Coatings,244.13,10.28,54.1,11.69,15.6,Supplier B,ISO 14001,3955.78,Pre-Order
MAT03970,Seaweed Polymer,Kitchen Utensils,400.54,32.66,40.3,0.56,56.4,Supplier A,None,2053.42,In Stock
MAT03971,Mushroom Composite,Bags & Luggage,314.48,56.14,75.7,4.4,1.8,Supplier B,EcoCert,2636.91,In Stock
MAT03972,Natural Rubber,Home Decor,25.93,35.66,93.7,2.72,6.7,Supplier B,Cradle to Cradle,1229.23,Low Stock
MAT03973,Mushroom Composite,Food Packaging,204.4,21.34,90.3,9.28,89.2,Supplier D,None,1313.06,In Stock
MAT03974,Sustainable Bamboo,Coatings,179.7,27.67,85.0,10.96,92.2,Supplier D,FSC,2700.82,Pre-Order
MAT03975,Cardboard,Flooring,326.58,89.35,22.1,14.67,99.7,Supplier A,Cradle to Cradle,3134.91,Pre-Order
MAT03976,Seaweed Polymer,Furniture,53.62,13.15,96.8,12.41,46.0,Supplier E,FSC,2486.68,Pre-Order
MAT03977,Recycled Metal,Automotive,112.74,95.6,34.8,6.16,49.8,Supplier B,EcoCert,1545.46,Low Stock
MAT03978,Cork Composite,Sports Equipment,70.41,18.31,56.8,2.18,96.5,Supplier C,FSC,532.03,Low Stock
MAT03979,Cellulose,Kitchen Utensils,102.43,20.95,72.0,3.87,49.0,Supplier A,None,1179.43,Low Stock
MAT03980,Recycled Copper,Construction,15.81,26.01,22.8,9.11,89.6,Supplier C,None,1205.16,Pre-Order
MAT03981,Recycled PET,Cosmetics,312.63,62.03,31.5,1.23,85.9,Supplier E,FSC,1478.23,Pre-Order
MAT03982,Seaweed Polymer,Bags & Luggage,120.85,87.12,71.3,13.65,86.4,Supplier C,None,2455.14,Pre-Order
MAT03983,Wool,Insulation,250.93,61.17,97.4,9.3,39.5,Supplier B,Cradle to Cradle,2841.09,In Stock
MAT03984,Recycled PET,Adhesives,180.64,15.75,61.6,9.59,42.2,Supplier A,FSC,2879.27,Pre-Order
MAT03985,Recycled Metal,Cosmetics,127.28,11.26,72.8,9.73,23.9,Supplier A,ISO 14001,992.68,Low Stock
MAT03986,Natural Rubber,Furniture,192.75,76.73,23.5,13.09,40.5,Supplier E,GOTS,2464.27,Pre-Order
MAT03987,Recycled Copper,Textiles,93.56,14.8,78.3,3.13,85.6,Supplier E,Cradle to Cradle,3776.5,In Stock
MAT03988,Mushroom Composite,Bags & Luggage,444.38,86.15,58.0,14.15,75.7,Supplier C,FSC,3032.82,Pre-Order
MAT03989,Corn Plastic,Textiles,131.79,2.18,62.1,5.62,87.8,Supplier B,Cradle to Cradle,3985.66,Pre-Order
MAT03990,Bio-based Polymer,Textiles,120.34,98.76,53.9,14.22,55.4,Supplier A,EcoCert,726.25,In Stock
MAT03991,Bioplastic,Coatings,112.48,7.69,28.5,3.86,92.5,Supplier C,GOTS,3522.52,Pre-Order
MAT03992,Bioplastic,Insulation,283.96,77.49,39.7,0.55,44.4,Supplier D,None,1274.88,In Stock
MAT03993,Algae-based Material,Textiles,56.9,79.5,55.6,10.23,57.5,Supplier C,GOTS,1742.17,Low Stock
MAT03994,Recycled Glass,Electronics,225.41,49.34,98.7,0.72,91.4,Supplier C,None,3823.81,Pre-Order
MAT03995,Mushroom Composite,Construction,428.49,91.8,64.1,1.97,12.4,Supplier E,FSC,2202.82,Pre-Order
MAT03996,Cellulose,Accessories,263.56,32.88,84.5,2.48,91.1,Supplier D,EcoCert,1283.18,Pre-Order
MAT03997,Cork Composite,Automotive,481.15,52.03,78.9,3.68,7.0,Supplier C,ISO 14001,1644.23,Low Stock
MAT03998,Seaweed Polymer,Accessories,116.02,4.3,81.7,6.03,41.6,Supplier A,None,3718.4,Pre-Order
MAT03999,Flax Fiber,Office Supplies,114.45,90.64,27.2,8.81,98.7,Supplier A,ISO 14001,3028.67,Pre-Order
MAT04000,Natural Rubber,Bags & Luggage,374.35,3.53,39.6,3.48,11.4,Supplier A,FSC,924.62,Low Stock
MAT04001,Cardboard,Coatings,47.82,47.18,81.9,3.62,57.2,Supplier A,Cradle to Cradle,2763.9,In Stock
MAT04002,Seaweed Polymer,Insulation,294.55,88.03,91.7,4.66,92.0,Supplier A,Cradle to Cradle,2226.89,In Stock
MAT04003,Seaweed Polymer,Textiles,201.67,82.98,55.9,10.55,12.7,Supplier C,Cradle to Cradle,1885.76,In Stock
MAT04004,Recycled Metal,Home Decor,440.75,92.18,24.8,6.66,32.8,Supplier E,ISO 14001,701.35,Low Stock
MAT04005,Flax Fiber,Accessories,198.45,91.6,55.3,9.72,12.9,Supplier B,None,3410.47,Pre-Order
MAT04006,Recycled Paper,Coatings,179.34,55.32,72.9,9.28,84.7,Supplier C,ISO 14001,1415.98,Pre-Order
MAT04007,Organic Cotton,Adhesives,306.2,80.42,97.4,6.51,86.0,Supplier C,GOTS,3901.0,Low Stock
MAT04008,Jute,Bags & Luggage,476.22,45.22,99.7,10.61,53.9,Supplier D,GOTS,482.23,Low Stock
MAT04009,Bio-based Polymer,Food Packaging,485.17,26.77,94.1,9.72,90.4,Supplier C,None,4045.42,Pre-Order
MAT04010,Natural Rubber,Sports Equipment,247.33,98.71,20.8,11.91,4.9,Supplier D,GOTS,3071.83,Pre-Order
MAT04011,Recycled Copper,Coatings,342.98,4.51,98.5,1.54,88.4,Supplier A,GOTS,3608.84,In Stock
MAT04012,Certified Wood,Insulation,35.56,63.38,21.5,1.55,25.5,Supplier D,GOTS,3294.27,Low Stock
MAT04013,Mushroom Composite,Household Items,12.72,5.85,23.2,4.76,2.2,Supplier C,GOTS,3007.09,Low Stock
MAT04014,Bioplastic,Toys,198.67,79.4,43.7,14.53,81.0,Supplier C,Cradle to Cradle,1564.55,In Stock
MAT04015,Recycled Glass,Insulation,294.67,15.05,42.6,6.66,31.6,Supplier A,FSC,1847.58,Pre-Order
MAT04016,Recycled Paper,Kitchen Utensils,305.19,74.11,27.1,7.85,17.1,Supplier D,GOTS,3721.72,In Stock
MAT04017,Wool,Home Decor,39.34,67.83,49.5,5.28,2.2,Supplier C,ISO 14001,1122.99,Low Stock
MAT04018,Corn Plastic,Cosmetics,390.18,26.42,70.6,10.41,48.1,Supplier D,FSC,3368.97,In Stock
MAT04019,Cellulose,Food Packaging,348.48,89.38,82.2,2.77,24.8,Supplier D,Cradle to Cradle,2492.49,In Stock
MAT04020,Bio-based Polymer,Home Decor,160.57,38.2,53.1,4.18,29.3,Supplier D,GOTS,1679.09,Low Stock
MAT04021,Cork Composite,Flooring,307.4,76.15,40.1,4.97,94.1,Supplier B,EcoCert,2326.49,In Stock
MAT04022,Sustainable Bamboo,Accessories,433.33,63.64,41.7,11.32,68.1,Supplier E,None,3223.72,In Stock
MAT04023,Cork Composite,Adhesives,234.2,71.99,98.3,1.84,85.9,Supplier C,EcoCert,3813.02,Pre-Order
MAT04024,Recycled Glass,Electronics,445.64,57.87,44.8,5.43,76.1,Supplier D,FSC,2334.79,Pre-Order
MAT04025,Recycled Metal,Footwear,284.57,84.46,60.3,8.62,64.4,Supplier B,Cradle to Cradle,2065.04,Low Stock
MAT04026,Wool,Kitchen Utensils,214.85,26.21,65.8,13.92,45.3,Supplier B,GOTS,346.11,In Stock
MAT04027,Certified Wood,Textiles,285.82,85.65,56.4,6.64,84.7,Supplier C,Cradle to Cradle,2443.52,Low Stock
MAT04028,Seaweed Polymer,Toys,221.94,69.73,52.0,1.33,61.1,Supplier E,FSC,2509.92,Low Stock
MAT04029,Bio-based Polymer,Office Supplies,420.92,13.49,66.1,9.91,21.1,Supplier E,Cradle to Cradle,1952.16,In Stock
MAT04030,Mushroom Composite,Home Decor,216.03,85.88,45.5,2.19,62.8,Supplier D,None,3534.97,In Stock
MAT04031,Seaweed Polymer,Adhesives,329.54,82.6,53.3,1.17,30.3,Supplier D,Cradle to Cradle,1271.56,Low Stock
MAT04032,Corn Plastic,Textiles,143.13,36.19,56.0,12.79,94.5,Supplier C,None,386.78,In Stock
MAT04033,Flax Fiber,Cosmetics,186.39,96.31,40.5,4.59,64.0,Supplier E,EcoCert,3290.12,Low Stock
MAT04034,Recycled PET,Bags & Luggage,74.77,39.55,70.4,7.61,95.0,Supplier E,GOTS,1230.06,Low Stock
MAT04035,Natural Rubber,Bags & Luggage,357.66,65.8,51.2,12.58,75.3,Supplier B,GOTS,1799.44,Pre-Order
MAT04036,Mycelium Leather,Automotive,11.58,90.56,46.7,15.0,89.8,Supplier A,None,3959.1,Low Stock
MAT04037,Bio-based Polymer,Kitchen Utensils,464.98,47.54,62.2,10.75,77.5,Supplier E,GOTS,2057.57,Pre-Order
MAT04038,Mushroom Composite,Insulation,254.01,94.73,64.4,14.87,84.1,Supplier D,Cradle to Cradle,3605.52,In Stock
MAT04039,Hemp Fiber,Sports Equipment,463.31,81.28,63.2,11.93,18.7,Supplier C,GOTS,2016.9,Pre-Order
MAT04040,Bio-based Polymer,Coatings,481.58,80.59,42.8,10.53,4.6,Supplier E,Cradle to Cradle,3992.3,In Stock
MAT04041,Jute,Home Decor,119.73,50.08,82.5,10.37,25.6,Supplier A,Cradle to Cradle,1274.05,Low Stock
MAT04042,Recycled Aluminum,Cosmetics,297.35,39.57,95.6,6.71,33.4,Supplier D,FSC,3570.66,Low Stock
MAT04043,Bioplastic,Automotive,178.69,10.81,68.5,5.56,61.3,Supplier D,EcoCert,2278.35,Pre-Order
MAT04044,Recycled Metal,Furniture,36.2,67.32,21.7,1.42,21.6,Supplier C,None,3552.4,Pre-Order
MAT04045,Biodegradable Plastic,Construction,112.17,77.31,44.0,3.08,98.7,Supplier B,GOTS,2453.48,Pre-Order
MAT04046,Recycled Glass,Textiles,280.58,9.94,50.3,8.87,35.2,Supplier A,ISO 14001,2599.56,Pre-Order
MAT04047,Flax Fiber,Automotive,290.46,30.75,92.1,1.07,6.8,Supplier B,EcoCert,591.79,Low Stock
MAT04048,Bioplastic,Textiles,138.95,91.57,67.2,1.89,8.2,Supplier B,FSC,743.68,Pre-Order
MAT04049,Corn Plastic,Food Packaging,496.46,60.67,50.8,6.77,43.3,Supplier B,FSC,2475.06,Pre-Order
MAT04050,Recycled Glass,Furniture,283.24,21.57,58.5,13.27,67.6,Supplier C,FSC,3692.67,Pre-Order
MAT04051,Mushroom Composite,Footwear,198.6,47.93,58.3,4.94,55.0,Supplier A,None,3265.22,In Stock
MAT04052,Biodegradable Plastic,Automotive,438.36,48.01,30.9,12.0,99.5,Supplier A,Cradle to Cradle,2458.46,In Stock
MAT04053,Certified Wood,Food Packaging,474.91,33.67,35.8,6.66,61.7,Supplier C,None,746.17,Pre-Order
MAT04054,Mushroom Composite,Accessories,348.58,15.21,96.3,10.92,76.2,Supplier B,None,2108.2,Pre-Order
MAT04055,Wool,Flooring,289.0,27.57,67.6,12.12,85.5,Supplier D,FSC,4020.52,Pre-Order
MAT04056,Cardboard,Kitchen Utensils,135.98,79.06,50.7,9.44,5.2,Supplier D,None,237.38,In Stock
MAT04057,Bioplastic,Office Supplies,434.44,95.76,50.5,3.15,74.9,Supplier C,Cradle to Cradle,566.06,In Stock
MAT04058,Sustainable Bamboo,Flooring,34.6,2.81,21.6,1.62,89.6,Supplier A,EcoCert,1999.47,In Stock
MAT04059,Recycled Metal,Coatings,390.04,28.7,82.9,4.1,5.6,Supplier D,GOTS,3854.52,Low Stock
MAT04060,Mushroom Composite,Textiles,152.64,40.17,84.0,5.11,7.9,Supplier B,ISO 14001,1000.98,Pre-Order
MAT04061,Sustainable Bamboo,Electronics,442.31,72.21,60.9,5.86,44.3,Supplier A,FSC,1063.23,Low Stock
MAT04062,Recycled Paper,Food Packaging,364.71,71.87,99.0,10.55,27.5,Supplier D,GOTS,925.45,Low Stock
MAT04063,Biodegradable Plastic,Kitchen Utensils,499.47,1.67,95.5,10.73,70.0,Supplier D,FSC,4140.87,Low Stock
MAT04064,Cork,Accessories,418.57,48.63,70.7,1.14,84.1,Supplier A,None,3651.17,Low Stock
MAT04065,Recycled Aluminum,Automotive,212.73,8.6,83.9,8.5,85.3,Supplier B,None,3828.79,Pre-Order
MAT04066,Mycelium Leather,Electronics,491.58,42.18,36.7,6.03,27.0,Supplier D,Cradle to Cradle,2924.92,In Stock
MAT04067,Bio-based Polymer,Bags & Luggage,429.03,97.61,41.7,5.45,72.2,Supplier D,ISO 14001,3490.98,In Stock
MAT04068,Corn Plastic,Insulation,358.5,4.06,82.9,14.37,33.9,Supplier C,None,496.34,In Stock
MAT04069,Sustainable Bamboo,Textiles,290.37,33.47,97.4,13.47,92.1,Supplier A,FSC,2664.3,Low Stock
MAT04070,Linen,Coatings,392.42,80.08,76.2,4.47,92.7,Supplier D,EcoCert,3180.56,Low Stock
MAT04071,Jute,Food Packaging,425.2,26.41,60.2,13.42,37.6,Supplier C,ISO 14001,1428.43,Low Stock
MAT04072,Bio-based Polymer,Automotive,161.71,86.63,80.6,6.11,87.7,Supplier E,Cradle to Cradle,2807.06,In Stock
MAT04073,Cork Composite,Kitchen Utensils,175.38,26.53,28.5,8.01,49.9,Supplier A,GOTS,2153.85,Pre-Order
MAT04074,Algae-based Material,Textiles,197.51,37.54,64.5,14.24,56.8,Supplier C,GOTS,2840.26,Low Stock
MAT04075,Recycled Paper,Insulation,93.5,49.7,63.9,12.83,32.6,Supplier C,None,351.92,Low Stock
MAT04076,Sustainable Bamboo,Footwear,454.01,28.62,31.0,14.61,26.1,Supplier D,Cradle to Cradle,743.68,Pre-Order
MAT04077,Biodegradable Plastic,Flooring,274.02,70.3,87.8,1.44,81.9,Supplier E,None,1071.53,Low Stock
MAT04078,Cork Composite,Automotive,211.25,25.95,69.4,14.91,4.3,Supplier A,Cradle to Cradle,735.38,Pre-Order
MAT04079,Recycled Aluminum,Flooring,67.03,15.84,92.5,0.58,97.6,Supplier A,Cradle to Cradle,2792.95,Pre-Order
MAT04080,Biodegradable Plastic,Food Packaging,220.3,8.7,41.2,6.68,57.7,Supplier B,EcoCert,780.2,Pre-Order
MAT04081,Cellulose,Toys,201.8,73.98,74.7,5.04,12.1,Supplier A,GOTS,1994.49,In Stock
MAT04082,Biodegradable Plastic,Kitchen Utensils,221.89,8.95,86.5,7.13,75.8,Supplier E,ISO 14001,607.56,In Stock
MAT04083,Recycled PET,Kitchen Utensils,281.26,18.72,42.7,5.83,45.7,Supplier D,Cradle to Cradle,575.19,Low Stock
MAT04084,Seaweed Polymer,Food Packaging,222.4,49.32,75.0,9.26,15.9,Supplier E,FSC,3462.76,Low Stock
MAT04085,Recycled Aluminum,Textiles,136.88,2.06,70.8,12.04,11.1,Supplier B,None,797.63,Low Stock
MAT04086,Bioplastic,Kitchen Utensils,272.02,20.43,96.3,7.23,97.3,Supplier A,EcoCert,3294.27,Pre-Order
MAT04087,Recycled Aluminum,Textiles,93.58,77.27,47.6,8.97,26.8,Supplier D,None,1308.08,Low Stock
MAT04088,Recycled Aluminum,Insulation,494.59,54.41,27.2,10.23,16.5,Supplier B,ISO 14001,3175.58,Pre-Order
MAT04089,Cork,Sports Equipment,57.06,2.44,64.7,1.06,35.8,Supplier A,ISO 14001,3447.82,Low Stock
MAT04090,Cellulose,Automotive,361.66,73.79,51.9,3.99,6.2,Supplier C,EcoCert,3757.41,Low Stock
MAT04091,Bioplastic,Textiles,165.84,39.75,91.9,11.42,43.6,Supplier E,Cradle to Cradle,1812.72,Low Stock
MAT04092,Algae-based Material,Office Supplies,462.61,74.87,50.9,14.81,13.3,Supplier D,EcoCert,1599.41,Low Stock
MAT04093,Cork,Construction,406.6,62.26,34.2,13.16,36.0,Supplier A,Cradle to Cradle,3373.12,Pre-Order
MAT04094,Mycelium Leather,Electronics,310.14,56.36,94.5,12.38,82.2,Supplier E,Cradle to Cradle,3775.67,In Stock
MAT04095,Corn Plastic,Insulation,458.24,63.96,43.0,2.2,5.6,Supplier A,Cradle to Cradle,368.52,Low Stock
MAT04096,Natural Rubber,Insulation,153.51,29.43,96.8,14.45,85.2,Supplier E,FSC,3174.75,In Stock
MAT04097,Cork Composite,Electronics,145.56,7.14,76.1,5.04,65.0,Supplier E,EcoCert,1816.04,Pre-Order
MAT04098,Cellulose,Kitchen Utensils,444.92,39.0,65.2,12.81,24.5,Supplier A,GOTS,1651.7,Low Stock
MAT04099,Recycled PET,Coatings,488.99,63.91,95.8,11.34,82.1,Supplier D,ISO 14001,395.91,In Stock
MAT04100,Cardboard,Flooring,292.71,16.82,56.4,4.31,11.4,Supplier A,GOTS,915.49,Pre-Order
MAT04101,Seaweed Polymer,Food Packaging,449.58,12.71,69.9,13.95,32.8,Supplier C,Cradle to Cradle,2122.31,In Stock
MAT04102,Algae-based Material,Flooring,389.65,54.65,34.4,4.96,38.3,Supplier E,GOTS,2200.33,In Stock
MAT04103,Recycled PET,Automotive,178.79,23.15,21.1,10.56,96.2,Supplier C,GOTS,1602.73,In Stock
MAT04104,Organic Cotton,Furniture,171.44,26.04,26.4,12.11,55.3,Supplier C,ISO 14001,2054.25,Pre-Order
MAT04105,Certified Wood,Textiles,112.05,86.68,79.7,2.25,53.1,Supplier E,ISO 14001,1230.89,Low Stock
MAT04106,Recycled Copper,Cosmetics,412.64,11.08,21.8,10.84,82.5,Supplier A,GOTS,2128.95,Pre-Order
MAT04107,Certified Wood,Cosmetics,172.3,58.47,93.1,3.59,80.2,Supplier D,None,779.37,Pre-Order
MAT04108,Recycled Metal,Office Supplies,285.26,89.44,66.7,7.0,51.1,Supplier B,ISO 14001,3501.77,Pre-Order
MAT04109,Recycled Metal,Home Decor,97.3,21.16,23.9,14.69,36.7,Supplier A,Cradle to Cradle,957.82,In Stock
MAT04110,Recycled Metal,Footwear,416.42,84.92,36.3,3.48,84.5,Supplier B,None,2618.65,Low Stock
MAT04111,Algae-based Material,Cosmetics,288.07,89.47,51.1,4.66,19.0,Supplier D,GOTS,1351.24,Pre-Order
MAT04112,Flax Fiber,Furniture,51.18,31.32,79.1,5.07,96.9,Supplier C,GOTS,4050.4,Low Stock
MAT04113,Algae-based Material,Textiles,190.4,75.66,66.7,14.89,91.6,Supplier B,None,1685.73,In Stock
MAT04114,Algae-based Material,Toys,312.51,58.31,90.2,11.83,24.0,Supplier A,FSC,2850.22,In Stock
MAT04115,Biodegradable Plastic,Household Items,86.27,82.64,39.3,3.72,51.8,Supplier B,ISO 14001,2681.73,Pre-Order
MAT04116,Recycled Aluminum,Office Supplies,11.99,15.37,22.2,11.03,65.9,Supplier C,ISO 14001,2140.57,In Stock
MAT04117,Cork Composite,Footwear,130.13,83.67,93.4,13.97,42.9,Supplier A,Cradle to Cradle,1373.65,Pre-Order
MAT04118,Recycled Metal,Office Supplies,30.98,16.86,45.2,11.14,60.6,Supplier B,Cradle to Cradle,3959.93,Pre-Order
MAT04119,Biodegradable Plastic,Home Decor,110.53,99.56,35.5,1.34,55.5,Supplier B,FSC,2260.92,In Stock
MAT04120,Recycled Paper,Adhesives,235.59,10.24,83.8,8.92,17.0,Supplier A,None,2015.24,Pre-Order
MAT04121,Recycled PET,Home Decor,58.65,69.55,51.7,2.01,56.3,Supplier D,FSC,2796.27,Low Stock
MAT04122,Recycled PET,Flooring,467.91,68.87,60.4,9.93,87.9,Supplier E,Cradle to Cradle,2334.79,In Stock
MAT04123,Biodegradable Plastic,Office Supplies,389.77,89.97,88.3,7.81,90.8,Supplier B,Cradle to Cradle,418.32,Pre-Order
MAT04124,Recycled Paper,Footwear,366.19,17.18,33.7,10.24,37.7,Supplier A,Cradle to Cradle,2172.11,Pre-Order
MAT04125,Cork Composite,Cosmetics,342.03,60.08,32.5,4.64,66.6,Supplier D,EcoCert,2594.58,Low Stock
MAT04126,Biodegradable Plastic,Furniture,70.42,56.2,62.5,4.33,72.5,Supplier C,None,2626.95,Low Stock
MAT04127,Mycelium Leather,Flooring,493.18,55.55,23.6,12.39,94.5,Supplier E,FSC,3740.81,In Stock
MAT04128,Mycelium Leather,Sports Equipment,451.03,32.51,50.2,10.53,91.6,Supplier D,ISO 14001,2693.35,In Stock
MAT04129,Organic Cotton,Furniture,44.42,99.59,75.0,6.62,42.2,Supplier C,ISO 14001,3062.7,Low Stock
MAT04130,Cellulose,Coatings,443.23,48.18,74.7,3.73,2.4,Supplier E,ISO 14001,2153.02,Pre-Order
MAT04131,Cork,Toys,266.78,92.31,71.4,5.35,92.2,Supplier A,FSC,1127.14,Low Stock
MAT04132,Recycled Copper,Flooring,268.48,3.29,99.4,1.66,78.7,Supplier E,None,1440.88,In Stock
MAT04133,Hemp Fiber,Toys,108.14,8.7,85.5,14.61,11.9,Supplier C,Cradle to Cradle,2070.02,In Stock
MAT04134,Mycelium Leather,Kitchen Utensils,301.16,28.28,77.8,4.07,83.5,Supplier E,FSC,2145.55,Low Stock
MAT04135,Hemp Fiber,Food Packaging,182.41,86.54,58.2,6.8,3.2,Supplier A,Cradle to Cradle,1396.89,Pre-Order
MAT04136,Mycelium Leather,Office Supplies,134.0,2.34,29.2,6.91,29.4,Supplier B,ISO 14001,4032.97,Pre-Order
MAT04137,Bioplastic,Kitchen Utensils,260.39,32.34,54.2,9.65,31.6,Supplier C,FSC,1534.67,Low Stock
MAT04138,Natural Rubber,Insulation,396.24,40.79,34.0,3.09,60.7,Supplier B,FSC,4125.93,Pre-Order
MAT04139,Jute,Kitchen Utensils,311.79,5.32,73.3,1.93,98.9,Supplier B,EcoCert,1201.01,In Stock
MAT04140,Recycled PET,Accessories,282.98,67.42,62.0,14.84,61.6,Supplier E,None,3367.31,Pre-Order
MAT04141,Mushroom Composite,Office Supplies,77.54,36.46,90.5,6.64,50.1,Supplier E,Cradle to Cradle,1844.26,Low Stock
MAT04142,Sustainable Bamboo,Food Packaging,121.06,40.74,59.8,9.8,5.2,Supplier B,Cradle to Cradle,3807.21,Pre-Order
MAT04143,Sustainable Bamboo,Footwear,417.89,58.38,52.8,7.48,62.7,Supplier D,ISO 14001,182.6,In Stock
MAT04144,Recycled Copper,Cosmetics,82.84,43.37,88.9,12.9,63.7,Supplier D,ISO 14001,311.25,Low Stock
MAT04145,Bioplastic,Food Packaging,287.62,85.86,20.5,9.16,43.0,Supplier E,GOTS,1582.81,Low Stock
MAT04146,Natural Rubber,Footwear,468.39,25.61,24.4,7.38,51.9,Supplier D,FSC,1236.7,Pre-Order
MAT04147,Recycled Copper,Kitchen Utensils,366.32,86.36,72.1,2.77,82.2,Supplier C,FSC,3796.42,Pre-Order
MAT04148,Recycled Metal,Bags & Luggage,335.95,55.44,60.5,13.45,68.7,Supplier A,Cradle to Cradle,3451.14,In Stock
MAT04149,Bio-based Polymer,Textiles,211.72,40.29,85.7,13.56,57.0,Supplier D,ISO 14001,588.47,Pre-Order
MAT04150,Algae-based Material,Office Supplies,377.99,7.51,29.4,7.67,21.3,Supplier A,None,3803.06,In Stock
MAT04151,Certified Wood,Food Packaging,475.73,41.31,34.1,14.69,99.4,Supplier C,FSC,3783.97,Low Stock
MAT04152,Corn Plastic,Adhesives,326.72,76.52,53.1,2.53,43.1,Supplier C,ISO 14001,2898.36,Low Stock
MAT04153,Cork,Footwear,254.55,49.54,88.0,1.65,99.6,Supplier E,GOTS,224.93,Pre-Order
MAT04154,Recycled Aluminum,Home Decor,104.2,84.01,92.3,8.47,72.1,Supplier E,None,1533.84,Pre-Order
MAT04155,Cardboard,Bags & Luggage,286.25,74.14,24.7,10.99,67.3,Supplier B,EcoCert,3678.56,Pre-Order
MAT04156,Seaweed Polymer,Automotive,383.72,5.92,89.0,6.29,94.1,Supplier A,None,3068.51,In Stock
MAT04157,Cellulose,Construction,305.52,50.01,76.4,4.78,77.5,Supplier B,EcoCert,1071.53,Pre-Order
MAT04158,Recycled Glass,Home Decor,342.76,53.0,95.9,13.77,69.3,Supplier A,GOTS,3080.13,Low Stock
MAT04159,Recycled PET,Construction,138.3,64.01,51.5,4.47,62.0,Supplier E,FSC,765.26,Pre-Order
MAT04160,Cork Composite,Footwear,60.36,79.71,52.8,9.6,79.2,Supplier A,ISO 14001,3632.91,Pre-Order
MAT04161,Recycled Aluminum,Toys,283.93,29.87,33.9,7.86,57.9,Supplier D,None,1152.87,Low Stock
MAT04162,Recycled Metal,Textiles,73.05,13.54,48.4,5.56,60.4,Supplier A,FSC,4028.82,Low Stock
MAT04163,Mushroom Composite,Adhesives,45.01,34.9,49.1,8.67,56.8,Supplier E,None,1606.88,Low Stock
MAT04164,Hemp Fiber,Household Items,342.49,35.72,50.3,14.44,65.1,Supplier B,GOTS,4125.93,In Stock
MAT04165,Mycelium Leather,Household Items,37.38,87.05,75.3,7.95,2.0,Supplier B,ISO 14001,3565.68,Pre-Order
MAT04166,Hemp Fiber,Adhesives,171.1,65.2,39.1,14.03,54.0,Supplier C,GOTS,3286.8,Pre-Order
MAT04167,Biodegradable Plastic,Kitchen Utensils,112.54,69.41,86.6,2.76,16.4,Supplier A,FSC,2704.14,Low Stock
MAT04168,Recycled Glass,Construction,56.38,66.34,26.3,4.21,76.8,Supplier E,EcoCert,4048.74,In Stock
MAT04169,Cork Composite,Toys,321.47,46.12,59.0,5.86,2.8,Supplier C,None,266.43,Pre-Order
MAT04170,Biodegradable Plastic,Office Supplies,466.99,39.1,37.4,6.93,17.9,Supplier B,FSC,1183.58,Low Stock
MAT04171,Natural Rubber,Toys,84.93,95.82,59.7,8.12,25.5,Supplier D,EcoCert,2122.31,Pre-Order
MAT04172,Seaweed Polymer,Accessories,226.06,92.54,59.9,10.12,16.3,Supplier B,EcoCert,4032.97,Pre-Order
MAT04173,Bioplastic,Sports Equipment,419.54,20.32,65.3,2.08,51.9,Supplier C,ISO 14001,1607.71,Pre-Order
MAT04174,Seaweed Polymer,Adhesives,277.22,23.23,60.6,5.75,97.3,Supplier B,EcoCert,3712.59,In Stock
MAT04175,Linen,Construction,373.76,2.77,53.6,13.81,10.5,Supplier E,GOTS,2569.68,In Stock
MAT04176,Cardboard,Footwear,228.7,80.29,86.5,14.91,95.8,Supplier C,None,1604.39,In Stock
MAT04177,Cork,Furniture,44.63,65.11,65.9,11.72,7.1,Supplier C,Cradle to Cradle,2816.19,Low Stock
MAT04178,Linen,Cosmetics,311.97,42.88,27.6,7.24,36.1,Supplier A,ISO 14001,367.69,In Stock
MAT04179,Seaweed Polymer,Food Packaging,94.05,53.31,44.6,9.36,56.3,Supplier E,None,3702.63,Low Stock
MAT04180,Recycled Paper,Electronics,182.01,64.01,95.4,3.8,89.7,Supplier D,FSC,378.48,In Stock
MAT04181,Bioplastic,Electronics,172.14,22.36,59.7,13.51,98.6,Supplier E,Cradle to Cradle,995.17,Pre-Order
MAT04182,Recycled Aluminum,Automotive,357.37,92.63,59.8,10.3,79.3,Supplier B,Cradle to Cradle,3252.77,Pre-Order
MAT04183,Wool,Coatings,243.11,20.25,26.1,13.29,16.4,Supplier B,EcoCert,1202.67,Low Stock
MAT04184,Recycled Metal,Electronics,227.79,45.16,35.4,1.91,86.1,Supplier E,GOTS,1360.37,In Stock
MAT04185,Recycled Aluminum,Adhesives,194.05,27.75,97.5,8.83,97.2,Supplier D,FSC,3205.46,Pre-Order
MAT04186,Mycelium Leather,Furniture,280.9,1.63,66.0,14.02,82.9,Supplier D,None,3221.23,In Stock
MAT04187,Certified Wood,Toys,428.32,23.62,70.9,8.16,0.6,Supplier C,None,1938.05,In Stock
MAT04188,Algae-based Material,Construction,181.29,64.99,29.5,0.94,19.1,Supplier D,Cradle to Cradle,2768.05,In Stock
MAT04189,Biodegradable Plastic,Kitchen Utensils,184.01,11.44,42.2,11.26,41.4,Supplier A,EcoCert,3955.78,Low Stock
MAT04190,Seaweed Polymer,Office Supplies,366.82,68.94,83.7,14.55,72.0,Supplier C,FSC,383.46,Low Stock
MAT04191,Biodegradable Plastic,Cosmetics,10.49,19.35,72.3,5.46,37.8,Supplier C,Cradle to Cradle,1377.8,Pre-Order
MAT04192,Cork Composite,Office Supplies,187.75,46.34,35.4,2.52,64.3,Supplier C,ISO 14001,2077.49,In Stock
MAT04193,Natural Rubber,Electronics,222.28,33.12,21.7,11.41,72.7,Supplier A,EcoCert,1127.14,Low Stock
MAT04194,Jute,Automotive,67.47,70.59,70.9,13.03,83.8,Supplier C,FSC,3503.43,Low Stock
MAT04195,Hemp Fiber,Electronics,167.77,77.83,89.9,2.89,59.6,Supplier E,ISO 14001,3954.95,Pre-Order
MAT04196,Corn Plastic,Sports Equipment,82.98,21.04,94.8,12.14,37.8,Supplier A,Cradle to Cradle,1567.04,In Stock
MAT04197,Corn Plastic,Food Packaging,221.6,13.05,68.3,3.69,84.7,Supplier C,EcoCert,1996.98,In Stock
MAT04198,Mycelium Leather,Textiles,68.62,66.04,65.9,12.9,46.9,Supplier B,ISO 14001,2591.26,Pre-Order
MAT04199,Recycled Aluminum,Footwear,212.08,4.2,94.4,6.12,4.9,Supplier E,Cradle to Cradle,2003.62,In Stock
MAT04200,Recycled Metal,Construction,306.49,93.09,37.5,7.94,75.1,Supplier C,None,2321.51,Low Stock
MAT04201,Recycled PET,Adhesives,274.19,90.73,32.3,11.78,45.5,Supplier E,None,2642.72,Low Stock
MAT04202,Algae-based Material,Sports Equipment,498.15,45.25,40.3,7.78,93.9,Supplier A,EcoCert,1099.75,Pre-Order
MAT04203,Recycled PET,Cosmetics,450.7,26.48,85.1,9.06,35.5,Supplier B,FSC,626.65,Low Stock
MAT04204,Recycled PET,Construction,366.14,9.7,86.8,6.04,76.5,Supplier A,GOTS,2245.15,In Stock
MAT04205,Algae-based Material,Automotive,454.08,19.07,43.5,12.57,30.9,Supplier A,None,2592.92,In Stock
MAT04206,Recycled PET,Cosmetics,215.87,33.28,65.4,10.22,16.8,Supplier B,None,3393.87,In Stock
MAT04207,Certified Wood,Adhesives,210.07,24.35,98.7,1.74,22.3,Supplier E,ISO 14001,3680.22,Low Stock
MAT04208,Organic Cotton,Flooring,366.29,71.21,50.5,8.91,2.3,Supplier D,EcoCert,1264.92,In Stock
MAT04209,Recycled Glass,Sports Equipment,369.49,28.86,40.9,11.66,68.2,Supplier C,ISO 14001,2342.26,Pre-Order
MAT04210,Cork Composite,Accessories,311.95,90.87,59.6,8.69,9.3,Supplier A,EcoCert,3613.82,Pre-Order
MAT04211,Bio-based Polymer,Sports Equipment,396.91,53.96,24.3,9.54,84.4,Supplier A,None,1863.35,Low Stock
MAT04212,Corn Plastic,Flooring,45.58,96.17,43.3,12.97,42.9,Supplier D,ISO 14001,2710.78,In Stock
MAT04213,Cardboard,Toys,345.57,83.69,42.3,14.57,40.9,Supplier A,EcoCert,3613.82,In Stock
MAT04214,Natural Rubber,Flooring,374.58,35.12,32.3,14.98,1.2,Supplier D,Cradle to Cradle,2648.53,Pre-Order
MAT04215,Wool,Adhesives,487.74,32.91,58.7,4.63,0.7,Supplier B,ISO 14001,1083.98,Low Stock
MAT04216,Sustainable Bamboo,Flooring,433.77,10.14,47.8,8.6,43.5,Supplier C,EcoCert,3246.13,Low Stock
MAT04217,Cellulose,Toys,215.48,64.88,28.0,4.42,96.5,Supplier E,FSC,1545.46,In Stock
MAT04218,Certified Wood,Cosmetics,303.55,4.75,20.8,12.98,81.0,Supplier C,EcoCert,1092.28,In Stock
MAT04219,Recycled Metal,Toys,460.48,49.15,80.8,1.3,32.7,Supplier B,Cradle to Cradle,1385.27,Pre-Order
MAT04220,Bio-based Polymer,Accessories,312.33,74.61,79.3,4.33,69.4,Supplier B,ISO 14001,1186.07,In Stock
MAT04221,Mushroom Composite,Electronics,67.42,32.02,88.6,7.42,60.2,Supplier C,ISO 14001,3268.54,In Stock
MAT04222,Bioplastic,Insulation,383.78,36.89,49.5,14.66,15.7,Supplier D,GOTS,3891.04,In Stock
MAT04223,Mushroom Composite,Furniture,308.8,24.98,57.0,13.51,81.6,Supplier B,FSC,761.94,Low Stock
MAT04224,Hemp Fiber,Household Items,352.35,10.5,36.4,5.57,74.2,Supplier D,GOTS,3320.0,Low Stock
MAT04225,Bio-based Polymer,Insulation,13.18,20.53,37.8,0.78,42.0,Supplier C,GOTS,1197.69,Pre-Order
MAT04226,Mushroom Composite,Food Packaging,499.52,31.18,61.5,9.39,29.3,Supplier E,FSC,2061.72,Pre-Order
MAT04227,Linen,Automotive,189.0,35.38,55.3,3.11,18.9,Supplier D,ISO 14001,3084.28,Low Stock
MAT04228,Cork Composite,Automotive,318.72,36.76,60.5,7.21,21.8,Supplier A,GOTS,243.19,Low Stock
MAT04229,Algae-based Material,Construction,414.95,14.45,31.5,3.44,70.7,Supplier D,Cradle to Cradle,495.51,Low Stock
MAT04230,Biodegradable Plastic,Cosmetics,51.34,20.6,30.9,14.15,74.7,Supplier B,GOTS,4102.69,In Stock
MAT04231,Corn Plastic,Footwear,469.23,44.94,94.0,11.48,85.1,Supplier D,FSC,2336.45,Pre-Order
MAT04232,Cardboard,Cosmetics,125.82,44.52,67.2,8.29,0.8,Supplier C,FSC,289.67,Pre-Order
MAT04233,Bio-based Polymer,Insulation,468.16,55.52,99.7,12.07,70.4,Supplier B,None,2774.69,Pre-Order
MAT04234,Linen,Bags & Luggage,231.92,75.03,87.6,11.51,48.7,Supplier C,GOTS,3192.18,Low Stock
MAT04235,Organic Cotton,Automotive,316.87,92.75,32.4,2.95,1.2,Supplier B,GOTS,4009.73,Low Stock
MAT04236,Corn Plastic,Household Items,341.54,80.2,30.5,8.7,73.4,Supplier E,ISO 14001,652.38,Low Stock
MAT04237,Sustainable Bamboo,Insulation,342.11,94.32,23.5,11.07,57.0,Supplier B,EcoCert,3343.24,Pre-Order
MAT04238,Mycelium Leather,Bags & Luggage,46.38,95.17,72.6,8.17,51.9,Supplier B,ISO 14001,771.07,Low Stock
MAT04239,Recycled Metal,Adhesives,262.99,73.33,21.2,10.56,48.5,Supplier D,ISO 14001,1653.36,In Stock
MAT04240,Hemp Fiber,Sports Equipment,328.95,63.76,48.8,9.18,65.1,Supplier D,FSC,2757.26,Low Stock
MAT04241,Cellulose,Food Packaging,346.42,38.95,44.0,2.53,31.9,Supplier E,EcoCert,2345.58,Pre-Order
MAT04242,Wool,Electronics,341.91,94.38,91.2,11.52,51.9,Supplier A,EcoCert,1694.03,In Stock
MAT04243,Sustainable Bamboo,Electronics,235.59,28.95,79.6,13.75,20.4,Supplier B,Cradle to Cradle,1760.43,Pre-Order
MAT04244,Biodegradable Plastic,Flooring,328.58,98.17,73.0,4.65,78.2,Supplier D,FSC,1249.98,In Stock
MAT04245,Corn Plastic,Furniture,95.16,86.03,77.1,7.67,49.6,Supplier E,FSC,1826.0,In Stock
MAT04246,Flax Fiber,Adhesives,47.2,92.3,24.4,4.91,51.2,Supplier B,ISO 14001,1349.58,Pre-Order
MAT04247,Cardboard,Adhesives,484.6,33.62,81.7,7.93,78.7,Supplier E,ISO 14001,869.84,Pre-Order
MAT04248,Cork Composite,Food Packaging,42.2,53.04,79.7,4.55,16.6,Supplier B,ISO 14001,530.37,In Stock
MAT04249,Bio-based Polymer,Office Supplies,184.83,69.48,44.7,0.61,5.7,Supplier A,FSC,2899.19,In Stock
MAT04250,Cardboard,Flooring,65.53,78.87,21.4,3.08,24.4,Supplier C,EcoCert,726.25,Pre-Order
MAT04251,Algae-based Material,Cosmetics,437.71,53.77,68.9,2.92,41.5,Supplier C,ISO 14001,263.11,Low Stock
MAT04252,Certified Wood,Construction,434.09,17.58,51.7,8.52,56.6,Supplier C,FSC,204.18,In Stock
MAT04253,Recycled Paper,Electronics,487.05,82.73,56.8,10.05,18.1,Supplier B,Cradle to Cradle,1455.82,Pre-Order
MAT04254,Bio-based Polymer,Construction,105.53,65.58,26.0,10.11,95.5,Supplier E,None,869.84,Pre-Order
MAT04255,Sustainable Bamboo,Coatings,162.75,8.4,93.3,4.52,61.6,Supplier B,Cradle to Cradle,493.85,In Stock
MAT04256,Recycled PET,Kitchen Utensils,79.98,49.6,22.9,11.27,36.4,Supplier E,EcoCert,2939.03,In Stock
MAT04257,Jute,Furniture,348.05,88.85,48.1,3.99,20.7,Supplier D,None,274.73,In Stock
MAT04258,Jute,Construction,169.47,7.76,45.0,12.59,27.2,Supplier D,FSC,3904.32,In Stock
MAT04259,Certified Wood,Cosmetics,406.97,94.81,28.0,3.71,12.6,Supplier D,FSC,2523.2,In Stock
MAT04260,Recycled Aluminum,Construction,153.77,1.01,44.8,9.75,20.2,Supplier D,Cradle to Cradle,2425.26,Low Stock
MAT04261,Hemp Fiber,Accessories,286.1,23.01,50.7,10.08,51.7,Supplier D,GOTS,3961.59,In Stock
MAT04262,Hemp Fiber,Coatings,59.58,32.69,60.3,10.69,2.8,Supplier A,Cradle to Cradle,2367.99,In Stock
MAT04263,Wool,Office Supplies,249.19,5.34,77.1,6.74,24.1,Supplier D,GOTS,649.06,In Stock
MAT04264,Corn Plastic,Electronics,120.32,26.31,70.7,14.79,86.7,Supplier C,Cradle to Cradle,1603.56,Pre-Order
MAT04265,Recycled Glass,Automotive,38.74,50.7,81.0,13.77,2.1,Supplier A,ISO 14001,1016.75,Low Stock
MAT04266,Certified Wood,Textiles,304.02,55.21,68.3,6.39,1.6,Supplier D,GOTS,2531.5,In Stock
MAT04267,Recycled PET,Bags & Luggage,68.79,98.33,66.3,2.84,81.5,Supplier C,ISO 14001,2004.45,Low Stock
MAT04268,Linen,Textiles,443.84,65.1,73.0,10.27,90.7,Supplier C,FSC,2665.13,Pre-Order
MAT04269,Bioplastic,Sports Equipment,179.43,54.26,79.5,9.73,83.2,Supplier B,ISO 14001,2711.61,In Stock
MAT04270,Biodegradable Plastic,Household Items,424.21,94.62,98.3,1.66,3.0,Supplier C,FSC,1071.53,Low Stock
MAT04271,Cardboard,Office Supplies,378.52,9.75,43.3,2.57,96.4,Supplier D,ISO 14001,3593.9,Pre-Order
MAT04272,Recycled Aluminum,Toys,469.45,34.37,25.2,4.8,58.0,Supplier E,ISO 14001,1581.15,In Stock
MAT04273,Recycled Metal,Coatings,449.89,98.03,77.5,5.58,47.0,Supplier D,GOTS,4046.25,In Stock
MAT04274,Seaweed Polymer,Toys,347.08,59.76,36.3,9.62,3.8,Supplier A,EcoCert,3286.8,Pre-Order
MAT04275,Bio-based Polymer,Household Items,168.47,64.85,29.3,10.79,66.5,Supplier B,FSC,1926.43,Low Stock
MAT04276,Biodegradable Plastic,Toys,154.84,49.71,82.7,0.68,17.3,Supplier C,FSC,842.45,Pre-Order
MAT04277,Wool,Cosmetics,102.22,74.56,56.0,3.2,18.7,Supplier E,GOTS,278.05,Low Stock
MAT04278,Sustainable Bamboo,Kitchen Utensils,191.29,68.22,27.7,4.09,97.8,Supplier C,EcoCert,2612.01,Low Stock
MAT04279,Algae-based Material,Automotive,281.32,45.12,69.1,3.56,84.8,Supplier E,None,3125.78,In Stock
MAT04280,Biodegradable Plastic,Insulation,90.18,58.92,72.1,14.65,43.4,Supplier A,Cradle to Cradle,600.92,Low Stock
MAT04281,Linen,Household Items,363.22,83.84,100.0,5.95,46.4,Supplier D,FSC,3419.6,Low Stock
MAT04282,Recycled Paper,Insulation,138.13,35.95,79.6,1.63,86.7,Supplier C,FSC,3694.33,Pre-Order
MAT04283,Recycled Aluminum,Adhesives,86.07,47.38,21.2,8.91,88.4,Supplier A,ISO 14001,2216.1,In Stock
MAT04284,Mushroom Composite,Home Decor,318.04,76.71,28.6,3.96,67.6,Supplier C,FSC,776.05,In Stock
MAT04285,Hemp Fiber,Automotive,470.03,67.59,78.0,11.54,33.7,Supplier E,ISO 14001,2414.47,Pre-Order
MAT04286,Seaweed Polymer,Flooring,27.31,35.54,62.4,3.47,60.5,Supplier A,GOTS,4148.34,In Stock
MAT04287,Biodegradable Plastic,Sports Equipment,249.6,89.07,78.7,8.35,81.2,Supplier E,GOTS,1070.7,In Stock
MAT04288,Organic Cotton,Sports Equipment,322.3,46.93,52.1,2.56,68.9,Supplier A,None,425.79,In Stock
MAT04289,Natural Rubber,Electronics,423.85,88.23,66.3,1.01,35.4,Supplier C,GOTS,2098.24,Pre-Order
MAT04290,Mycelium Leather,Electronics,426.33,59.52,99.1,2.19,30.9,Supplier D,Cradle to Cradle,2197.01,In Stock
MAT04291,Algae-based Material,Footwear,130.38,77.4,94.1,5.1,80.1,Supplier D,EcoCert,1811.89,Low Stock
MAT04292,Bioplastic,Toys,316.22,56.76,34.4,6.43,16.4,Supplier B,GOTS,2061.72,In Stock
MAT04293,Cardboard,Food Packaging,103.42,86.31,69.3,8.78,98.8,Supplier D,GOTS,1466.61,Pre-Order
MAT04294,Seaweed Polymer,Textiles,462.72,27.29,74.8,4.97,2.1,Supplier E,None,1952.16,In Stock
MAT04295,Recycled Metal,Adhesives,392.28,44.95,84.9,8.44,64.1,Supplier A,GOTS,3148.19,Pre-Order
MAT04296,Cellulose,Cosmetics,295.68,47.61,20.6,10.37,18.6,Supplier B,Cradle to Cradle,1113.03,Low Stock
MAT04297,Recycled Copper,Furniture,236.62,53.88,25.4,14.56,52.6,Supplier C,ISO 14001,1212.63,In Stock
MAT04298,Certified Wood,Kitchen Utensils,360.72,80.67,80.0,2.57,12.4,Supplier C,Cradle to Cradle,599.26,Low Stock
MAT04299,Bio-based Polymer,Electronics,228.16,26.28,63.1,13.34,75.0,Supplier C,ISO 14001,3085.94,Low Stock
MAT04300,Corn Plastic,Bags & Luggage,466.55,79.56,53.4,4.93,90.3,Supplier A,None,4109.33,In Stock
MAT04301,Cork Composite,Office Supplies,260.81,33.35,34.1,6.34,47.3,Supplier A,EcoCert,3059.38,Pre-Order
MAT04302,Mushroom Composite,Coatings,141.58,55.33,23.6,4.82,66.8,Supplier A,Cradle to Cradle,2054.25,Low Stock
MAT04303,Jute,Electronics,264.35,96.83,91.2,11.99,26.5,Supplier E,ISO 14001,439.07,Pre-Order
MAT04304,Recycled Metal,Footwear,149.32,40.81,77.2,8.56,78.2,Supplier D,FSC,1888.25,Low Stock
MAT04305,Flax Fiber,Office Supplies,26.65,94.0,63.6,3.65,80.8,Supplier A,GOTS,3490.98,Pre-Order
MAT04306,Cork,Cosmetics,262.98,19.81,92.9,11.57,58.9,Supplier A,GOTS,968.61,Low Stock
MAT04307,Biodegradable Plastic,Accessories,11.61,89.91,62.0,11.21,27.7,Supplier A,Cradle to Cradle,611.71,Low Stock
MAT04308,Cardboard,Sports Equipment,134.99,19.31,58.2,8.63,97.4,Supplier A,FSC,2377.12,In Stock
MAT04309,Recycled Copper,Kitchen Utensils,328.0,88.92,32.9,7.57,69.6,Supplier E,ISO 14001,2390.4,Low Stock
MAT04310,Certified Wood,Furniture,332.99,19.35,75.1,8.26,3.4,Supplier B,Cradle to Cradle,863.2,Low Stock
MAT04311,Sustainable Bamboo,Sports Equipment,35.16,24.61,60.3,1.55,72.6,Supplier D,Cradle to Cradle,3190.52,In Stock
MAT04312,Recycled Metal,Flooring,251.63,60.19,21.1,2.82,91.3,Supplier E,EcoCert,2897.53,In Stock
MAT04313,Biodegradable Plastic,Bags & Luggage,350.47,25.57,27.0,7.47,7.5,Supplier B,Cradle to Cradle,2281.67,Pre-Order
MAT04314,Cellulose,Accessories,304.85,54.46,92.5,8.73,94.2,Supplier E,FSC,4132.57,In Stock
MAT04315,Seaweed Polymer,Toys,326.66,52.17,41.9,8.8,25.0,Supplier D,EcoCert,1427.6,Pre-Order
MAT04316,Recycled Copper,Construction,129.06,96.68,33.9,6.86,63.2,Supplier D,ISO 14001,3409.64,Pre-Order
MAT04317,Sustainable Bamboo,Bags & Luggage,221.59,89.05,86.5,11.83,15.9,Supplier D,Cradle to Cradle,4123.44,Pre-Order
MAT04318,Biodegradable Plastic,Cosmetics,342.79,28.66,59.3,14.93,27.7,Supplier B,EcoCert,4084.43,In Stock
MAT04319,Mycelium Leather,Footwear,224.39,99.2,91.0,2.8,98.7,Supplier D,FSC,968.61,Low Stock
MAT04320,Algae-based Material,Toys,160.71,33.64,34.9,12.34,54.5,Supplier D,None,4051.23,In Stock
MAT04321,Cardboard,Accessories,403.46,13.86,56.2,14.55,2.5,Supplier B,EcoCert,1823.51,Pre-Order
MAT04322,Wool,Bags & Luggage,323.9,70.88,52.6,8.75,58.2,Supplier D,GOTS,1865.84,In Stock
MAT04323,Flax Fiber,Sports Equipment,300.9,25.85,37.5,13.37,40.5,Supplier B,Cradle to Cradle,2988.0,Pre-Order
MAT04324,Corn Plastic,Home Decor,214.08,9.48,88.9,4.45,22.1,Supplier D,None,2085.79,Low Stock
MAT04325,Mushroom Composite,Home Decor,285.8,69.11,42.1,5.42,23.4,Supplier E,None,459.82,In Stock
MAT04326,Recycled PET,Footwear,162.91,87.74,92.3,3.26,61.9,Supplier A,GOTS,4107.67,In Stock
MAT04327,Mycelium Leather,Household Items,168.95,19.06,86.6,6.15,64.0,Supplier D,EcoCert,785.18,In Stock
MAT04328,Bioplastic,Bags & Luggage,396.85,59.18,63.7,1.54,39.8,Supplier A,FSC,597.6,Low Stock
MAT04329,Recycled Copper,Sports Equipment,112.08,17.02,43.3,3.73,79.2,Supplier A,GOTS,4121.78,In Stock
MAT04330,Cardboard,Household Items,54.11,16.52,68.9,12.42,93.8,Supplier D,GOTS,2207.8,Low Stock
MAT04331,Organic Cotton,Electronics,266.76,77.89,28.1,12.47,46.3,Supplier D,None,4072.81,Pre-Order
MAT04332,Mushroom Composite,Furniture,316.08,21.46,26.4,2.35,30.4,Supplier D,GOTS,829.17,Pre-Order
MAT04333,Recycled Glass,Automotive,185.89,5.24,91.0,6.35,44.8,Supplier D,GOTS,1619.33,Pre-Order
MAT04334,Linen,Furniture,320.95,55.97,97.8,10.44,66.6,Supplier A,GOTS,2833.62,Low Stock
MAT04335,Recycled Paper,Bags & Luggage,495.46,48.41,61.9,9.57,95.7,Supplier A,EcoCert,1296.46,Low Stock
MAT04336,Biodegradable Plastic,Electronics,375.72,92.88,86.2,6.42,97.4,Supplier A,None,2851.05,Low Stock
MAT04337,Cork,Cosmetics,225.85,41.18,84.4,2.89,29.2,Supplier E,Cradle to Cradle,1658.34,Pre-Order
MAT04338,Recycled Aluminum,Cosmetics,260.03,30.04,38.4,10.51,87.9,Supplier E,Cradle to Cradle,1708.14,Low Stock
MAT04339,Recycled PET,Bags & Luggage,425.01,36.83,51.5,0.74,55.7,Supplier B,Cradle to Cradle,1235.04,In Stock
MAT04340,Certified Wood,Furniture,125.38,52.96,32.6,9.63,60.8,Supplier D,EcoCert,2511.58,Low Stock
MAT04341,Linen,Food Packaging,277.9,78.36,95.0,12.29,11.5,Supplier C,EcoCert,2023.54,Pre-Order
MAT04342,Recycled Paper,Footwear,62.91,64.3,35.4,14.73,93.8,Supplier C,GOTS,2263.41,In Stock
MAT04343,Recycled Metal,Office Supplies,69.26,56.81,39.3,7.03,5.7,Supplier E,FSC,822.53,In Stock
MAT04344,Bioplastic,Footwear,154.21,94.43,25.6,2.87,79.1,Supplier C,GOTS,1259.94,Low Stock
MAT04345,Bioplastic,Coatings,302.32,92.05,58.0,5.47,38.7,Supplier E,Cradle to Cradle,3559.87,In Stock
MAT04346,Hemp Fiber,Food Packaging,196.98,21.76,53.5,6.98,52.7,Supplier A,None,955.33,Pre-Order
MAT04347,Certified Wood,Textiles,482.81,6.21,27.9,6.28,45.5,Supplier D,EcoCert,3968.23,Low Stock
MAT04348,Seaweed Polymer,Adhesives,331.65,64.73,79.5,10.93,13.3,Supplier D,Cradle to Cradle,3632.91,In Stock
MAT04349,Recycled PET,Cosmetics,298.78,47.69,46.3,7.05,98.2,Supplier A,EcoCert,3388.89,Low Stock
MAT04350,Natural Rubber,Household Items,338.31,92.34,63.0,9.56,68.8,Supplier B,EcoCert,3759.9,Pre-Order
MAT04351,Mushroom Composite,Construction,194.76,59.21,52.3,4.54,12.1,Supplier D,Cradle to Cradle,2855.2,Low Stock
MAT04352,Cork Composite,Insulation,265.24,84.28,68.3,8.96,60.3,Supplier D,EcoCert,198.37,Low Stock
MAT04353,Hemp Fiber,Adhesives,457.33,98.7,43.8,8.32,23.9,Supplier E,GOTS,2493.32,Pre-Order
MAT04354,Recycled Paper,Footwear,397.08,26.78,42.3,7.14,45.3,Supplier C,GOTS,1609.37,Pre-Order
MAT04355,Recycled Metal,Kitchen Utensils,284.75,7.31,68.1,4.16,82.7,Supplier D,GOTS,815.89,In Stock
MAT04356,Recycled PET,Bags & Luggage,490.27,87.34,39.7,2.3,25.3,Supplier B,Cradle to Cradle,3344.9,Pre-Order
MAT04357,Bio-based Polymer,Insulation,470.91,4.07,45.1,8.09,59.8,Supplier A,EcoCert,2911.64,Pre-Order
MAT04358,Cellulose,Home Decor,272.12,48.55,20.0,10.93,35.8,Supplier E,None,589.3,Pre-Order
MAT04359,Bioplastic,Furniture,420.64,60.46,33.9,5.17,96.8,Supplier E,Cradle to Cradle,1966.27,Pre-Order
MAT04360,Cork Composite,Footwear,388.87,81.18,85.2,1.83,98.2,Supplier A,EcoCert,3264.39,Low Stock
MAT04361,Bio-based Polymer,Sports Equipment,209.13,44.52,81.2,8.15,7.0,Supplier B,EcoCert,3759.9,Low Stock
MAT04362,Cork,Insulation,68.5,2.02,35.8,11.29,41.0,Supplier E,EcoCert,1373.65,Low Stock
MAT04363,Recycled Glass,Electronics,308.92,40.84,49.3,12.46,56.7,Supplier C,FSC,1968.76,Low Stock
MAT04364,Recycled Glass,Household Items,482.25,80.48,85.4,14.5,65.0,Supplier B,ISO 14001,1310.57,Pre-Order
MAT04365,Recycled PET,Office Supplies,93.49,90.6,72.2,12.79,70.1,Supplier E,FSC,3608.01,Low Stock
MAT04366,Mushroom Composite,Automotive,270.99,91.8,83.2,9.04,82.3,Supplier D,GOTS,1581.98,In Stock
MAT04367,Recycled Glass,Home Decor,205.7,43.21,53.5,1.07,92.7,Supplier B,FSC,2560.55,In Stock
MAT04368,Seaweed Polymer,Bags & Luggage,75.19,30.75,96.0,13.44,12.3,Supplier D,GOTS,1414.32,Pre-Order
MAT04369,Flax Fiber,Household Items,350.64,15.39,53.9,6.55,84.6,Supplier B,Cradle to Cradle,2762.24,Low Stock
MAT04370,Corn Plastic,Adhesives,373.95,20.54,39.3,3.97,32.9,Supplier E,GOTS,3905.98,In Stock
MAT04371,Biodegradable Plastic,Cosmetics,280.19,26.39,45.6,6.21,37.8,Supplier B,EcoCert,1816.04,Pre-Order
MAT04372,Cork Composite,Home Decor,35.99,42.03,25.2,3.6,53.5,Supplier D,FSC,416.66,Pre-Order
MAT04373,Bio-based Polymer,Sports Equipment,190.61,14.91,40.5,14.99,36.9,Supplier C,GOTS,3724.21,Low Stock
MAT04374,Recycled Copper,Cosmetics,72.46,66.25,24.9,11.53,54.2,Supplier D,Cradle to Cradle,3104.2,Pre-Order
MAT04375,Bio-based Polymer,Sports Equipment,137.55,67.81,26.1,9.23,82.2,Supplier B,None,2209.46,Pre-Order
MAT04376,Bioplastic,Textiles,447.38,68.29,86.2,14.74,34.0,Supplier C,FSC,3413.79,Low Stock
MAT04377,Cellulose,Sports Equipment,71.43,98.56,73.5,6.63,74.8,Supplier E,ISO 14001,175.13,In Stock
MAT04378,Seaweed Polymer,Flooring,149.03,71.45,83.6,12.78,24.5,Supplier A,Cradle to Cradle,3212.93,Pre-Order
MAT04379,Mycelium Leather,Coatings,53.22,87.07,45.4,5.93,87.7,Supplier B,None,3691.01,Low Stock
MAT04380,Recycled Paper,Home Decor,339.09,32.21,41.6,10.83,7.8,Supplier E,ISO 14001,402.55,Pre-Order
MAT04381,Cellulose,Sports Equipment,63.24,62.8,82.6,5.56,59.2,Supplier D,FSC,1036.67,Low Stock
MAT04382,Hemp Fiber,Electronics,123.7,32.24,41.8,4.99,96.6,Supplier C,GOTS,2539.8,In Stock
MAT04383,Algae-based Material,Electronics,347.1,26.16,21.3,8.97,16.5,Supplier B,ISO 14001,3795.59,Pre-Order
MAT04384,Certified Wood,Food Packaging,478.36,56.46,39.4,13.27,34.2,Supplier A,ISO 14001,918.81,In Stock
MAT04385,Cork Composite,Household Items,320.67,76.59,36.7,3.2,62.3,Supplier B,ISO 14001,3671.92,Low Stock
MAT04386,Wool,Home Decor,386.8,37.4,47.7,13.96,99.3,Supplier E,GOTS,3428.73,Pre-Order
MAT04387,Cardboard,Home Decor,198.44,35.16,93.9,8.42,22.0,Supplier B,EcoCert,4086.92,In Stock
MAT04388,Bioplastic,Adhesives,388.71,21.54,22.4,10.39,7.9,Supplier E,GOTS,2315.7,Low Stock
MAT04389,Algae-based Material,Toys,270.07,19.49,90.5,14.13,1.5,Supplier C,Cradle to Cradle,3538.29,In Stock
MAT04390,Recycled Copper,Flooring,128.7,45.12,35.9,10.39,7.1,Supplier D,GOTS,2566.36,Pre-Order
MAT04391,Cellulose,Adhesives,430.03,68.36,43.4,11.46,63.5,Supplier D,GOTS,3079.3,Low Stock
MAT04392,Jute,Automotive,337.96,68.21,50.2,7.28,89.6,Supplier D,ISO 14001,3800.57,Pre-Order
MAT04393,Seaweed Polymer,Flooring,229.15,52.52,85.8,1.28,58.0,Supplier B,ISO 14001,3634.57,Low Stock
MAT04394,Natural Rubber,Construction,32.37,40.64,91.5,13.71,88.7,Supplier B,EcoCert,4073.64,In Stock
MAT04395,Cellulose,Office Supplies,414.68,92.04,40.1,14.94,19.0,Supplier B,GOTS,834.15,Pre-Order
MAT04396,Seaweed Polymer,Household Items,414.1,78.12,21.0,7.43,63.5,Supplier A,EcoCert,2453.48,Pre-Order
MAT04397,Bioplastic,Electronics,69.19,18.91,80.6,11.48,48.8,Supplier A,None,882.29,Low Stock
MAT04398,Bioplastic,Household Items,464.63,89.43,26.6,9.76,98.2,Supplier D,GOTS,1820.19,Low Stock
MAT04399,Sustainable Bamboo,Electronics,249.47,57.74,47.7,6.92,42.0,Supplier A,EcoCert,704.67,In Stock
MAT04400,Organic Cotton,Furniture,15.6,1.51,78.9,1.66,86.6,Supplier A,GOTS,1047.46,In Stock
MAT04401,Recycled Aluminum,Food Packaging,39.11,95.52,43.6,12.21,38.3,Supplier C,FSC,1669.96,In Stock
MAT04402,Algae-based Material,Office Supplies,21.86,30.38,64.5,10.12,9.6,Supplier B,FSC,2121.48,Low Stock
MAT04403,Linen,Household Items,492.89,47.95,23.1,1.2,39.3,Supplier B,Cradle to Cradle,1879.12,Low Stock
MAT04404,Mushroom Composite,Insulation,443.92,17.29,40.5,8.38,3.9,Supplier E,ISO 14001,1995.32,Pre-Order
MAT04405,Wool,Household Items,240.75,81.19,86.5,10.94,72.6,Supplier D,ISO 14001,2776.35,Pre-Order
MAT04406,Certified Wood,Office Supplies,143.0,64.13,74.2,11.23,53.9,Supplier C,Cradle to Cradle,1641.74,Pre-Order
MAT04407,Biodegradable Plastic,Accessories,404.72,23.27,70.3,13.12,32.0,Supplier C,Cradle to Cradle,2513.24,Pre-Order
MAT04408,Sustainable Bamboo,Electronics,410.99,76.33,77.3,8.97,62.6,Supplier D,EcoCert,3123.29,Low Stock
MAT04409,Algae-based Material,Office Supplies,164.1,22.5,23.4,0.56,31.6,Supplier C,FSC,1018.41,In Stock
MAT04410,Mycelium Leather,Coatings,410.74,18.24,83.0,12.81,0.2,Supplier D,GOTS,779.37,Low Stock
MAT04411,Mycelium Leather,Toys,180.14,81.43,82.1,6.8,29.1,Supplier D,FSC,3000.45,Pre-Order
MAT04412,Recycled Metal,Bags & Luggage,49.53,47.64,85.5,12.39,63.5,Supplier C,EcoCert,375.99,In Stock
MAT04413,Sustainable Bamboo,Kitchen Utensils,402.74,18.35,51.1,3.76,24.8,Supplier A,None,282.2,Low Stock
MAT04414,Algae-based Material,Electronics,272.28,69.45,77.1,13.27,7.9,Supplier C,EcoCert,828.34,In Stock
MAT04415,Recycled Glass,Footwear,354.02,23.93,51.8,5.12,82.9,Supplier D,FSC,2016.07,In Stock
MAT04416,Organic Cotton,Construction,228.16,70.53,61.3,0.51,53.1,Supplier D,Cradle to Cradle,543.65,Low Stock
MAT04417,Hemp Fiber,Home Decor,73.06,34.05,94.6,7.52,82.8,Supplier A,ISO 14001,1965.44,Low Stock
MAT04418,Cork Composite,Electronics,468.64,53.88,62.1,6.78,41.9,Supplier C,ISO 14001,3106.69,Low Stock
MAT04419,Cardboard,Accessories,181.46,61.08,44.9,8.46,33.6,Supplier C,FSC,2699.16,Low Stock
MAT04420,Bio-based Polymer,Bags & Luggage,235.09,92.61,63.1,12.6,64.0,Supplier D,FSC,2123.14,Pre-Order
MAT04421,Corn Plastic,Adhesives,193.22,39.41,92.0,0.99,72.5,Supplier B,None,4047.08,Low Stock
MAT04422,Recycled Copper,Electronics,58.93,67.96,21.4,9.42,71.2,Supplier D,None,4015.54,In Stock
MAT04423,Certified Wood,Textiles,314.28,94.65,78.3,9.65,22.3,Supplier C,Cradle to Cradle,1056.59,Low Stock
MAT04424,Recycled Metal,Bags & Luggage,361.69,42.44,76.2,5.74,96.5,Supplier C,None,2590.43,Pre-Order
MAT04425,Cellulose,Accessories,122.75,78.0,81.9,1.83,12.6,Supplier E,None,3180.56,In Stock
MAT04426,Jute,Automotive,278.3,76.63,27.0,10.93,72.9,Supplier B,ISO 14001,1750.47,Pre-Order
MAT04427,Algae-based Material,Food Packaging,182.17,9.3,61.8,4.31,20.0,Supplier B,Cradle to Cradle,3415.45,In Stock
MAT04428,Natural Rubber,Sports Equipment,268.45,69.55,94.6,7.73,61.6,Supplier B,GOTS,3827.96,Low Stock
MAT04429,Recycled Metal,Footwear,452.03,26.8,76.3,7.22,14.4,Supplier D,None,3356.52,Low Stock
MAT04430,Hemp Fiber,Electronics,312.44,29.32,44.1,9.24,20.1,Supplier B,None,1723.08,Low Stock
MAT04431,Mushroom Composite,Kitchen Utensils,21.85,72.2,71.1,8.96,33.6,Supplier B,EcoCert,1841.77,Pre-Order
MAT04432,Recycled Aluminum,Food Packaging,282.68,35.5,62.1,2.74,14.0,Supplier B,FSC,2065.87,In Stock
MAT04433,Bio-based Polymer,Bags & Luggage,265.39,13.93,81.5,12.7,91.2,Supplier D,FSC,1733.04,Low Stock
MAT04434,Biodegradable Plastic,Household Items,400.76,62.66,98.0,11.26,26.1,Supplier D,GOTS,4099.37,Pre-Order
MAT04435,Bio-based Polymer,Construction,158.64,84.64,52.1,12.08,94.0,Supplier E,FSC,623.33,In Stock
MAT04436,Cardboard,Home Decor,45.35,11.33,49.7,10.03,62.9,Supplier C,None,1349.58,Low Stock
MAT04437,Biodegradable Plastic,Bags & Luggage,13.48,3.28,84.4,6.87,68.3,Supplier A,Cradle to Cradle,2991.32,Low Stock
MAT04438,Jute,Footwear,271.99,52.25,29.2,8.41,25.0,Supplier D,ISO 14001,878.14,Low Stock
MAT04439,Algae-based Material,Accessories,106.29,61.06,63.3,9.74,87.4,Supplier C,GOTS,673.96,In Stock
MAT04440,Recycled Glass,Insulation,273.01,39.3,21.2,3.24,36.5,Supplier A,Cradle to Cradle,1155.36,Low Stock
MAT04441,Flax Fiber,Home Decor,162.59,11.56,41.0,2.0,76.6,Supplier A,None,2778.84,In Stock
MAT04442,Recycled Glass,Toys,433.54,57.25,72.8,13.36,62.9,Supplier E,None,3466.08,In Stock
MAT04443,Seaweed Polymer,Bags & Luggage,264.69,28.89,98.7,10.8,67.4,Supplier D,ISO 14001,702.18,In Stock
MAT04444,Recycled PET,Kitchen Utensils,351.68,91.54,50.8,7.78,33.8,Supplier E,ISO 14001,3462.76,Pre-Order
MAT04445,Organic Cotton,Toys,148.07,49.26,92.8,4.16,91.2,Supplier B,ISO 14001,174.3,Pre-Order
MAT04446,Bioplastic,Automotive,91.62,63.89,89.0,4.29,9.7,Supplier D,GOTS,2626.95,Pre-Order
MAT04447,Recycled Copper,Footwear,26.14,69.76,39.6,6.6,32.2,Supplier C,EcoCert,3438.69,Low Stock
MAT04448,Recycled Metal,Flooring,16.99,17.69,64.0,6.08,42.0,Supplier A,ISO 14001,4112.65,Pre-Order
MAT04449,Biodegradable Plastic,Home Decor,294.01,3.55,89.5,13.01,76.8,Supplier A,None,2203.65,In Stock
MAT04450,Biodegradable Plastic,Electronics,172.77,20.32,63.0,8.42,39.7,Supplier D,None,2253.45,In Stock
MAT04451,Seaweed Polymer,Construction,35.05,75.82,35.3,7.09,6.1,Supplier A,Cradle to Cradle,3587.26,Pre-Order
MAT04452,Recycled Copper,Automotive,470.37,21.3,76.6,7.28,94.5,Supplier A,GOTS,1726.4,Low Stock
MAT04453,Sustainable Bamboo,Home Decor,427.1,69.99,98.0,14.89,6.0,Supplier B,Cradle to Cradle,176.79,Pre-Order
MAT04454,Recycled Metal,Coatings,334.95,83.35,75.6,4.97,82.2,Supplier E,Cradle to Cradle,781.86,In Stock
MAT04455,Natural Rubber,Insulation,386.77,24.53,66.7,10.7,39.0,Supplier E,Cradle to Cradle,2394.55,Pre-Order
MAT04456,Cellulose,Household Items,311.73,35.76,27.1,9.34,77.1,Supplier B,GOTS,3139.89,Low Stock
MAT04457,Mushroom Composite,Flooring,180.73,84.68,31.9,7.97,22.1,Supplier B,None,1759.6,Pre-Order
MAT04458,Corn Plastic,Coatings,57.75,44.03,73.0,0.89,32.1,Supplier D,GOTS,3792.27,In Stock
MAT04459,Biodegradable Plastic,Construction,297.64,9.54,77.6,9.22,75.8,Supplier E,GOTS,4072.81,In Stock
MAT04460,Jute,Toys,287.49,63.09,32.5,1.11,46.4,Supplier E,EcoCert,3276.84,Pre-Order
MAT04461,Recycled Copper,Textiles,144.67,85.23,93.8,1.67,7.1,Supplier A,Cradle to Cradle,3959.93,Pre-Order
MAT04462,Bio-based Polymer,Flooring,146.99,78.54,44.1,11.21,27.0,Supplier A,EcoCert,1191.88,In Stock
MAT04463,Jute,Automotive,280.79,78.21,97.6,5.53,54.0,Supplier D,None,253.98,In Stock
MAT04464,Biodegradable Plastic,Food Packaging,283.15,66.54,48.4,12.13,8.0,Supplier C,FSC,3765.71,Pre-Order
MAT04465,Wool,Bags & Luggage,228.72,68.88,72.6,9.45,33.0,Supplier C,None,4127.59,Low Stock
MAT04466,Mushroom Composite,Electronics,354.08,55.18,53.9,9.2,1.3,Supplier E,ISO 14001,580.17,In Stock
MAT04467,Cork Composite,Furniture,196.29,16.08,76.3,4.75,64.6,Supplier D,None,2889.23,In Stock
MAT04468,Biodegradable Plastic,Construction,486.82,35.15,65.8,1.08,89.6,Supplier B,GOTS,1952.99,Pre-Order
MAT04469,Mycelium Leather,Sports Equipment,34.8,93.94,84.7,7.36,48.5,Supplier C,EcoCert,800.95,Low Stock
MAT04470,Cardboard,Footwear,234.46,25.04,91.8,1.29,68.6,Supplier D,FSC,1013.43,Pre-Order
MAT04471,Algae-based Material,Coatings,24.51,62.18,88.7,10.28,3.7,Supplier D,FSC,2918.28,Low Stock
MAT04472,Cellulose,Toys,160.62,77.26,26.4,0.71,26.4,Supplier A,None,3252.77,In Stock
MAT04473,Bio-based Polymer,Furniture,17.55,78.32,65.1,13.2,45.7,Supplier D,EcoCert,1021.73,Pre-Order
MAT04474,Cork Composite,Automotive,466.07,85.05,50.3,14.38,36.0,Supplier B,GOTS,1589.45,Pre-Order
MAT04475,Jute,Insulation,168.65,39.03,63.2,0.85,95.6,Supplier C,EcoCert,3202.97,Low Stock
MAT04476,Mushroom Composite,Automotive,332.34,31.68,97.9,7.36,22.4,Supplier B,GOTS,370.18,Low Stock
MAT04477,Mycelium Leather,Office Supplies,324.13,34.72,39.9,4.64,62.2,Supplier E,GOTS,1557.08,Pre-Order
MAT04478,Cellulose,Flooring,150.22,46.06,42.9,2.21,69.9,Supplier C,None,1647.55,Pre-Order
MAT04479,Linen,Furniture,384.92,48.76,54.2,13.69,64.9,Supplier E,ISO 14001,3563.19,Pre-Order
MAT04480,Linen,Textiles,106.93,64.85,88.4,5.78,61.7,Supplier C,FSC,1463.29,In Stock
MAT04481,Recycled Aluminum,Flooring,470.21,66.85,39.7,14.0,15.2,Supplier E,Cradle to Cradle,470.61,Low Stock
MAT04482,Recycled Copper,Cosmetics,49.68,1.58,28.6,10.56,44.1,Supplier C,FSC,3288.46,Low Stock
MAT04483,Recycled Paper,Household Items,277.3,97.24,89.3,8.04,60.4,Supplier C,FSC,1913.15,Pre-Order
MAT04484,Jute,Adhesives,387.13,47.56,99.9,3.48,63.6,Supplier D,None,3256.09,Pre-Order
MAT04485,Algae-based Material,Adhesives,113.99,51.06,26.5,9.66,9.1,Supplier D,Cradle to Cradle,3841.24,Low Stock
MAT04486,Recycled Glass,Bags & Luggage,266.52,6.52,43.4,1.68,61.8,Supplier B,None,2694.18,In Stock
MAT04487,Flax Fiber,Toys,420.24,73.87,71.2,0.9,32.1,Supplier B,Cradle to Cradle,2808.72,In Stock
MAT04488,Certified Wood,Bags & Luggage,351.49,49.52,25.0,13.65,99.5,Supplier C,GOTS,2283.33,Pre-Order
MAT04489,Certified Wood,Insulation,383.63,94.3,53.9,5.15,56.5,Supplier B,Cradle to Cradle,3512.56,Pre-Order
MAT04490,Sustainable Bamboo,Accessories,27.02,52.32,56.1,3.54,78.1,Supplier B,GOTS,2934.88,Pre-Order
MAT04491,Recycled Glass,Textiles,93.81,24.36,79.5,4.29,58.3,Supplier B,GOTS,853.24,Pre-Order
MAT04492,Mushroom Composite,Food Packaging,482.66,18.93,47.8,12.63,7.8,Supplier D,FSC,571.04,Pre-Order
MAT04493,Recycled PET,Household Items,388.02,33.96,92.8,4.6,12.6,Supplier B,FSC,3439.52,Low Stock
MAT04494,Flax Fiber,Food Packaging,85.39,10.86,40.5,13.59,3.3,Supplier A,ISO 14001,2255.94,Low Stock
MAT04495,Biodegradable Plastic,Kitchen Utensils,200.06,83.21,41.9,3.51,68.0,Supplier D,FSC,174.3,In Stock
MAT04496,Recycled Copper,Home Decor,205.06,8.31,52.3,3.1,80.5,Supplier D,ISO 14001,2811.21,In Stock
MAT04497,Natural Rubber,Construction,56.37,72.39,90.1,4.4,64.0,Supplier C,ISO 14001,3064.36,Low Stock
MAT04498,Recycled Metal,Furniture,337.59,92.38,49.3,4.32,74.4,Supplier E,GOTS,2792.12,In Stock
MAT04499,Linen,Food Packaging,320.42,75.37,85.8,14.88,33.4,Supplier B,FSC,2776.35,Low Stock
MAT04500,Recycled Paper,Bags & Luggage,464.52,93.35,84.2,13.5,4.5,Supplier A,ISO 14001,1782.01,In Stock
MAT04501,Bioplastic,Electronics,12.09,37.19,62.5,9.26,47.3,Supplier B,FSC,3534.97,Low Stock
MAT04502,Recycled Paper,Flooring,250.99,75.45,53.5,12.02,98.0,Supplier B,GOTS,2813.7,Low Stock
MAT04503,Certified Wood,Office Supplies,127.53,37.69,64.4,8.12,15.4,Supplier B,EcoCert,1204.33,Pre-Order
MAT04504,Cork Composite,Toys,155.57,79.23,66.4,1.11,87.4,Supplier D,None,3021.2,In Stock
MAT04505,Corn Plastic,Furniture,454.65,1.33,69.9,11.15,12.6,Supplier A,EcoCert,2674.26,Pre-Order
MAT04506,Recycled Glass,Electronics,158.95,46.14,92.7,0.88,45.5,Supplier C,Cradle to Cradle,1419.3,Pre-Order
MAT04507,Corn Plastic,Office Supplies,180.03,33.0,67.6,9.37,96.6,Supplier D,GOTS,321.21,Pre-Order
MAT04508,Linen,Adhesives,253.45,79.12,76.9,2.43,20.2,Supplier A,GOTS,1318.87,In Stock
MAT04509,Biodegradable Plastic,Food Packaging,205.66,69.33,65.9,13.08,82.7,Supplier D,ISO 14001,3562.36,Pre-Order
MAT04510,Hemp Fiber,Office Supplies,381.81,34.65,26.3,10.24,80.3,Supplier B,ISO 14001,3533.31,In Stock
MAT04511,Algae-based Material,Office Supplies,63.32,81.76,37.3,8.53,67.9,Supplier A,GOTS,3816.34,In Stock
MAT04512,Flax Fiber,Construction,321.65,93.06,43.8,2.61,73.8,Supplier C,FSC,788.5,In Stock
MAT04513,Recycled Metal,Accessories,348.76,77.63,24.5,0.89,19.1,Supplier E,FSC,1948.84,Pre-Order
MAT04514,Wool,Automotive,139.73,24.34,24.9,9.0,48.8,Supplier B,GOTS,547.8,In Stock
MAT04515,Cork Composite,Automotive,306.04,97.34,29.3,14.14,99.7,Supplier C,None,898.06,Pre-Order
MAT04516,Mushroom Composite,Household Items,209.87,49.33,50.1,1.31,76.8,Supplier E,Cradle to Cradle,3168.11,Low Stock
MAT04517,Recycled Aluminum,Home Decor,115.61,7.84,42.0,8.5,0.0,Supplier E,ISO 14001,2018.56,Low Stock
MAT04518,Hemp Fiber,Accessories,194.59,13.76,95.9,13.69,72.1,Supplier D,None,1498.15,In Stock
MAT04519,Jute,Cosmetics,250.04,93.32,82.5,6.73,58.8,Supplier E,None,1327.17,Pre-Order
MAT04520,Recycled Aluminum,Kitchen Utensils,356.77,86.63,35.6,11.03,18.2,Supplier E,FSC,1363.69,In Stock
MAT04521,Mycelium Leather,Sports Equipment,91.43,16.84,34.9,2.83,53.0,Supplier E,None,1054.93,In Stock
MAT04522,Cork,Flooring,470.02,33.22,77.7,3.65,60.1,Supplier B,Cradle to Cradle,277.22,Pre-Order
MAT04523,Biodegradable Plastic,Adhesives,432.28,29.84,98.9,12.85,87.7,Supplier C,GOTS,2905.0,In Stock
MAT04524,Bio-based Polymer,Footwear,175.81,16.88,67.2,2.75,81.1,Supplier A,EcoCert,1711.46,Pre-Order
MAT04525,Corn Plastic,Adhesives,118.05,70.92,92.4,10.61,34.8,Supplier B,None,1279.86,Pre-Order
MAT04526,Flax Fiber,Furniture,106.34,95.49,42.3,5.61,19.7,Supplier B,FSC,1528.86,Pre-Order
MAT04527,Mushroom Composite,Toys,259.15,94.38,49.2,9.55,73.1,Supplier E,ISO 14001,3379.76,Low Stock
MAT04528,Hemp Fiber,Food Packaging,293.86,74.71,47.2,7.49,57.0,Supplier B,GOTS,401.72,Low Stock
MAT04529,Recycled Metal,Accessories,99.13,70.12,35.3,0.58,0.4,Supplier A,EcoCert,1845.09,Low Stock
MAT04530,Bioplastic,Footwear,256.45,30.5,74.5,4.63,71.9,Supplier B,None,3167.28,Pre-Order
MAT04531,Organic Cotton,Household Items,278.38,74.25,96.3,6.02,36.3,Supplier D,EcoCert,2381.27,In Stock
MAT04532,Wool,Construction,234.46,93.93,94.8,0.51,17.3,Supplier C,None,3427.9,Pre-Order
MAT04533,Flax Fiber,Household Items,447.23,11.23,28.8,10.19,89.2,Supplier C,None,3648.68,Low Stock
MAT04534,Bio-based Polymer,Footwear,489.44,15.14,72.8,6.96,89.6,Supplier E,GOTS,2187.88,In Stock
MAT04535,Recycled Copper,Bags & Luggage,288.53,30.92,22.8,3.41,82.1,Supplier C,GOTS,845.77,In Stock
MAT04536,Flax Fiber,Construction,21.5,32.7,88.0,11.12,14.0,Supplier A,GOTS,1791.14,In Stock
MAT04537,Recycled Glass,Food Packaging,350.79,90.66,87.3,14.93,20.8,Supplier B,None,449.86,Low Stock
MAT04538,Cork,Textiles,31.08,7.43,74.1,14.07,53.3,Supplier A,EcoCert,2758.09,Pre-Order
MAT04539,Certified Wood,Accessories,366.04,94.87,79.8,3.2,99.1,Supplier D,GOTS,816.72,Pre-Order
MAT04540,Recycled PET,Footwear,224.63,46.89,54.8,9.93,66.8,Supplier B,EcoCert,1323.02,Low Stock
MAT04541,Cellulose,Accessories,28.14,98.28,79.0,7.17,7.9,Supplier A,None,324.53,In Stock
MAT04542,Organic Cotton,Construction,154.22,84.09,43.2,11.68,37.2,Supplier C,FSC,2580.47,In Stock
MAT04543,Organic Cotton,Flooring,246.36,71.93,72.2,0.87,25.6,Supplier A,None,443.22,Pre-Order
MAT04544,Recycled Paper,Toys,93.08,20.04,25.7,12.68,29.3,Supplier A,GOTS,2436.88,Pre-Order
MAT04545,Bioplastic,Furniture,17.98,95.8,43.1,13.38,8.6,Supplier D,ISO 14001,458.16,Pre-Order
MAT04546,Mycelium Leather,Furniture,46.77,80.27,49.6,0.64,8.8,Supplier E,Cradle to Cradle,3066.02,Pre-Order
MAT04547,Natural Rubber,Food Packaging,199.65,2.53,54.5,14.52,35.8,Supplier A,GOTS,627.48,Pre-Order
MAT04548,Hemp Fiber,Home Decor,469.24,33.88,21.7,5.59,26.6,Supplier D,Cradle to Cradle,690.56,In Stock
MAT04549,Wool,Construction,41.87,78.07,63.2,2.17,96.5,Supplier A,None,652.38,Low Stock
MAT04550,Bio-based Polymer,Kitchen Utensils,424.57,26.35,80.1,9.44,26.3,Supplier A,None,308.76,Low Stock
MAT04551,Natural Rubber,Electronics,319.58,95.42,89.9,3.21,31.8,Supplier A,Cradle to Cradle,1024.22,In Stock
MAT04552,Cardboard,Cosmetics,101.58,1.68,31.6,11.14,54.6,Supplier C,None,4104.35,Pre-Order
MAT04553,Bio-based Polymer,Footwear,463.94,55.33,55.0,11.97,74.0,Supplier E,FSC,1873.31,Low Stock
MAT04554,Cork Composite,Accessories,408.16,41.34,27.9,0.72,93.1,Supplier E,EcoCert,3095.9,In Stock
MAT04555,Seaweed Polymer,Cosmetics,418.24,59.49,27.9,11.71,83.7,Supplier A,EcoCert,3243.64,Pre-Order
MAT04556,Wool,Flooring,65.99,83.63,88.9,7.05,70.7,Supplier E,FSC,4125.93,Pre-Order
MAT04557,Flax Fiber,Automotive,263.01,45.3,91.9,11.13,33.5,Supplier C,EcoCert,2521.54,In Stock
MAT04558,Seaweed Polymer,Home Decor,139.7,19.98,76.6,12.4,14.9,Supplier B,Cradle to Cradle,1865.01,In Stock
MAT04559,Algae-based Material,Sports Equipment,316.42,85.57,87.2,13.47,54.9,Supplier A,GOTS,3666.94,In Stock
MAT04560,Cork Composite,Automotive,287.11,73.23,75.9,7.29,81.9,Supplier D,Cradle to Cradle,918.81,Low Stock
MAT04561,Cardboard,Coatings,263.16,66.66,56.4,7.86,1.2,Supplier B,GOTS,178.45,In Stock
MAT04562,Mushroom Composite,Coatings,398.27,63.67,26.7,10.57,88.6,Supplier A,GOTS,927.11,Low Stock
MAT04563,Recycled Aluminum,Automotive,36.83,18.85,39.9,6.77,8.4,Supplier B,ISO 14001,2996.3,In Stock
MAT04564,Recycled PET,Construction,298.92,96.75,78.7,10.35,38.1,Supplier D,ISO 14001,3523.35,Pre-Order
MAT04565,Algae-based Material,Sports Equipment,476.04,42.9,28.8,1.77,96.4,Supplier A,None,2375.46,In Stock
MAT04566,Bioplastic,Electronics,373.72,18.87,72.4,14.22,47.8,Supplier B,Cradle to Cradle,3744.13,In Stock
MAT04567,Cork Composite,Flooring,214.54,88.91,36.5,12.34,59.6,Supplier A,Cradle to Cradle,4031.31,Low Stock
MAT04568,Flax Fiber,Office Supplies,324.96,49.83,20.7,10.88,35.4,Supplier A,None,2261.75,In Stock
MAT04569,Natural Rubber,Food Packaging,342.6,6.28,37.4,6.53,62.2,Supplier E,EcoCert,1602.73,In Stock
MAT04570,Certified Wood,Home Decor,446.66,92.88,44.9,1.63,57.4,Supplier A,FSC,1313.06,Low Stock
MAT04571,Cork,Sports Equipment,42.26,5.77,21.0,3.11,63.6,Supplier E,ISO 14001,3960.76,Low Stock
MAT04572,Linen,Cosmetics,294.82,76.47,60.4,11.26,90.0,Supplier E,FSC,2601.22,Low Stock
MAT04573,Cardboard,Flooring,139.13,2.42,30.7,14.21,45.0,Supplier A,ISO 14001,1278.2,Low Stock
MAT04574,Jute,Toys,173.09,3.31,75.4,10.18,4.1,Supplier D,GOTS,916.32,Pre-Order
MAT04575,Cork,Textiles,172.88,45.13,71.6,10.14,13.2,Supplier C,ISO 14001,872.33,Pre-Order
MAT04576,Algae-based Material,Accessories,413.39,39.97,92.6,14.23,5.9,Supplier C,EcoCert,1857.54,Low Stock
MAT04577,Recycled PET,Home Decor,442.42,47.73,49.4,3.45,79.5,Supplier C,FSC,3920.92,Low Stock
MAT04578,Wool,Kitchen Utensils,149.38,60.25,30.9,0.52,10.5,Supplier E,ISO 14001,391.76,Pre-Order
MAT04579,Biodegradable Plastic,Furniture,251.36,9.81,20.2,0.54,63.4,Supplier A,EcoCert,3362.33,In Stock
MAT04580,Hemp Fiber,Household Items,454.25,81.46,52.4,9.16,61.5,Supplier C,Cradle to Cradle,2464.27,Pre-Order
MAT04581,Mushroom Composite,Insulation,405.25,36.0,90.9,6.28,56.3,Supplier D,GOTS,2153.02,Low Stock
MAT04582,Mycelium Leather,Coatings,33.51,23.12,67.2,11.3,70.6,Supplier A,Cradle to Cradle,3699.31,Pre-Order
MAT04583,Recycled Metal,Construction,347.84,98.53,75.2,13.28,13.2,Supplier C,GOTS,582.66,Pre-Order
MAT04584,Seaweed Polymer,Food Packaging,92.99,38.77,79.7,3.11,65.0,Supplier D,GOTS,3558.21,Pre-Order
MAT04585,Natural Rubber,Adhesives,79.64,10.01,62.4,5.1,54.1,Supplier C,EcoCert,3386.4,Pre-Order
MAT04586,Cork,Furniture,337.65,45.53,42.0,3.26,60.6,Supplier A,FSC,418.32,In Stock
MAT04587,Algae-based Material,Footwear,282.66,41.65,82.8,4.9,25.5,Supplier B,None,3081.79,Pre-Order
MAT04588,Cork Composite,Toys,452.96,38.4,71.5,1.04,96.9,Supplier C,Cradle to Cradle,412.51,Low Stock
MAT04589,Hemp Fiber,Toys,305.4,44.84,80.3,2.02,71.5,Supplier B,None,2771.37,Pre-Order
MAT04590,Biodegradable Plastic,Electronics,87.64,93.32,33.3,7.56,93.7,Supplier B,GOTS,1528.03,Low Stock
MAT04591,Recycled Copper,Cosmetics,165.5,79.16,91.8,2.81,75.5,Supplier D,None,1865.01,In Stock
MAT04592,Corn Plastic,Flooring,466.38,41.48,27.1,5.98,89.2,Supplier E,EcoCert,3647.02,Low Stock
MAT04593,Mushroom Composite,Automotive,355.78,13.81,49.6,6.61,55.2,Supplier B,EcoCert,3175.58,Low Stock
MAT04594,Mycelium Leather,Food Packaging,317.7,30.75,43.6,5.38,68.9,Supplier E,Cradle to Cradle,3676.9,In Stock
MAT04595,Mushroom Composite,Furniture,375.79,38.32,95.9,6.16,75.5,Supplier C,GOTS,2250.13,Pre-Order
MAT04596,Mushroom Composite,Office Supplies,498.25,14.61,76.9,12.01,98.8,Supplier E,None,896.4,In Stock
MAT04597,Sustainable Bamboo,Home Decor,334.77,20.94,58.3,7.26,60.1,Supplier E,ISO 14001,4112.65,Low Stock
MAT04598,Flax Fiber,Flooring,351.05,52.12,95.5,1.6,6.2,Supplier B,FSC,2997.96,Low Stock
MAT04599,Seaweed Polymer,Bags & Luggage,44.52,61.01,31.9,14.88,74.4,Supplier A,EcoCert,1548.78,In Stock
MAT04600,Cork,Kitchen Utensils,284.43,11.7,72.0,11.42,70.8,Supplier C,ISO 14001,742.85,Low Stock
MAT04601,Seaweed Polymer,Footwear,118.96,84.57,23.7,3.4,35.6,Supplier A,Cradle to Cradle,2848.56,Pre-Order
MAT04602,Jute,Toys,228.77,33.96,20.0,11.77,19.0,Supplier D,None,3154.0,Pre-Order
MAT04603,Corn Plastic,Office Supplies,359.36,65.58,51.4,7.06,21.7,Supplier C,FSC,1715.61,Low Stock
MAT04604,Cardboard,Household Items,51.42,36.27,86.3,12.55,73.5,Supplier C,Cradle to Cradle,762.77,Low Stock
MAT04605,Flax Fiber,Cosmetics,324.22,51.32,81.5,12.03,15.6,Supplier B,Cradle to Cradle,2952.31,Low Stock
MAT04606,Algae-based Material,Bags & Luggage,46.84,53.22,75.6,10.38,74.5,Supplier A,Cradle to Cradle,2055.08,In Stock
MAT04607,Mycelium Leather,Office Supplies,24.45,49.77,40.4,1.75,37.8,Supplier A,ISO 14001,268.09,Pre-Order
MAT04608,Recycled Aluminum,Construction,170.43,67.98,83.2,13.62,67.7,Supplier D,FSC,3860.33,Low Stock
MAT04609,Mushroom Composite,Accessories,316.68,96.46,57.9,7.44,32.8,Supplier B,GOTS,166.83,Low Stock
MAT04610,Cork Composite,Textiles,148.73,12.33,35.5,4.45,87.8,Supplier E,None,3271.86,In Stock
MAT04611,Jute,Home Decor,400.84,64.84,54.5,5.46,57.0,Supplier D,Cradle to Cradle,3803.89,Low Stock
MAT04612,Linen,Automotive,232.59,76.4,47.3,12.46,1.4,Supplier E,None,3270.2,Pre-Order
MAT04613,Cork Composite,Adhesives,130.93,45.45,69.6,5.27,39.9,Supplier B,FSC,1354.56,Pre-Order
MAT04614,Recycled Paper,Adhesives,138.38,4.33,40.6,4.27,86.6,Supplier B,EcoCert,1592.77,Pre-Order
MAT04615,Cork Composite,Electronics,43.35,56.66,72.4,6.08,69.1,Supplier D,ISO 14001,2582.96,Low Stock
MAT04616,Hemp Fiber,Flooring,274.69,90.57,31.7,13.12,45.1,Supplier C,None,3557.38,Pre-Order
MAT04617,Hemp Fiber,Household Items,329.2,65.21,41.3,0.86,82.3,Supplier D,None,2635.25,In Stock
MAT04618,Algae-based Material,Bags & Luggage,162.26,87.41,34.1,4.56,15.6,Supplier C,EcoCert,3739.98,In Stock
MAT04619,Recycled Glass,Sports Equipment,262.63,39.14,77.9,9.6,71.1,Supplier E,ISO 14001,2388.74,Pre-Order
MAT04620,Flax Fiber,Toys,206.28,88.95,87.3,14.1,17.4,Supplier D,Cradle to Cradle,825.85,In Stock
MAT04621,Organic Cotton,Home Decor,228.26,46.15,58.4,14.17,8.5,Supplier A,Cradle to Cradle,3708.44,In Stock
MAT04622,Sustainable Bamboo,Kitchen Utensils,113.7,93.31,87.6,3.9,52.8,Supplier A,GOTS,2138.91,In Stock
MAT04623,Flax Fiber,Furniture,453.84,57.35,87.5,6.27,41.5,Supplier A,Cradle to Cradle,3252.77,In Stock
MAT04624,Recycled Glass,Office Supplies,312.49,55.01,77.8,9.82,43.2,Supplier D,FSC,3671.09,Pre-Order
MAT04625,Sustainable Bamboo,Flooring,77.92,31.89,65.6,9.62,18.1,Supplier D,None,1192.71,Pre-Order
MAT04626,Jute,Toys,30.78,69.01,28.2,12.71,9.2,Supplier E,GOTS,1232.55,Low Stock
MAT04627,Bioplastic,Construction,173.65,54.14,75.3,3.29,31.5,Supplier E,ISO 14001,768.58,In Stock
MAT04628,Seaweed Polymer,Coatings,102.66,76.09,37.8,6.9,25.1,Supplier C,Cradle to Cradle,1239.19,In Stock
MAT04629,Sustainable Bamboo,Home Decor,439.15,52.27,34.9,3.12,6.6,Supplier E,GOTS,617.52,In Stock
MAT04630,Recycled PET,Cosmetics,393.27,96.83,56.1,0.88,45.6,Supplier E,FSC,2768.05,In Stock
MAT04631,Cork,Textiles,398.74,39.73,89.1,5.03,55.4,Supplier C,FSC,935.41,Low Stock
MAT04632,Natural Rubber,Electronics,429.07,96.14,39.6,10.57,73.8,Supplier B,None,3051.91,In Stock
MAT04633,Recycled Paper,Textiles,88.64,94.85,75.8,7.04,76.9,Supplier C,EcoCert,2539.8,Pre-Order
MAT04634,Wool,Coatings,185.5,57.51,88.2,7.01,4.2,Supplier D,ISO 14001,545.31,Low Stock
MAT04635,Jute,Insulation,332.39,13.47,64.1,3.21,6.7,Supplier B,GOTS,1225.08,Low Stock
MAT04636,Certified Wood,Office Supplies,404.26,86.56,82.8,13.18,61.6,Supplier B,Cradle to Cradle,2220.25,Pre-Order
MAT04637,Jute,Accessories,215.48,85.32,44.0,10.2,71.9,Supplier E,ISO 14001,3742.47,In Stock
MAT04638,Wool,Office Supplies,466.12,20.2,30.6,6.48,44.8,Supplier B,None,934.58,In Stock
MAT04639,Linen,Electronics,144.63,86.89,66.4,2.63,61.0,Supplier A,ISO 14001,724.59,Pre-Order
MAT04640,Corn Plastic,Automotive,140.51,27.0,37.0,11.54,63.1,Supplier E,None,366.03,Low Stock
MAT04641,Algae-based Material,Automotive,39.28,58.32,36.6,7.46,87.5,Supplier A,FSC,541.99,Pre-Order
MAT04642,Recycled Metal,Adhesives,311.44,20.0,80.5,14.59,88.0,Supplier A,GOTS,3818.0,In Stock
MAT04643,Cork Composite,Home Decor,314.62,94.08,59.2,6.67,43.5,Supplier A,None,4101.03,Pre-Order
MAT04644,Linen,Flooring,26.87,24.51,44.8,14.52,3.1,Supplier C,None,3609.67,Pre-Order
MAT04645,Mycelium Leather,Sports Equipment,265.2,8.85,76.1,3.41,82.0,Supplier B,FSC,3762.39,Low Stock
MAT04646,Biodegradable Plastic,Home Decor,251.86,20.41,28.2,13.29,12.0,Supplier C,EcoCert,4093.56,Low Stock
MAT04647,Bioplastic,Coatings,73.73,9.12,74.7,9.13,96.9,Supplier E,None,2541.46,In Stock
MAT04648,Bioplastic,Cosmetics,125.12,29.99,59.2,6.54,95.4,Supplier A,GOTS,2432.73,Pre-Order
MAT04649,Recycled Glass,Insulation,320.89,78.83,22.0,8.77,2.7,Supplier A,Cradle to Cradle,3664.45,Pre-Order
MAT04650,Biodegradable Plastic,Textiles,380.6,34.69,98.6,10.09,99.0,Supplier E,Cradle to Cradle,1824.34,Low Stock
MAT04651,Cork,Coatings,156.7,63.54,98.6,10.0,89.5,Supplier B,ISO 14001,2129.78,In Stock
MAT04652,Recycled Aluminum,Sports Equipment,26.35,12.54,35.7,3.42,63.1,Supplier A,GOTS,4048.74,In Stock
MAT04653,Bio-based Polymer,Home Decor,482.96,74.76,94.2,10.32,99.8,Supplier E,None,2344.75,Pre-Order
MAT04654,Corn Plastic,Insulation,18.55,80.15,99.5,7.68,26.5,Supplier C,GOTS,1266.58,Low Stock
MAT04655,Organic Cotton,Office Supplies,289.38,21.82,77.4,0.96,33.3,Supplier D,None,3212.93,Low Stock
MAT04656,Organic Cotton,Cosmetics,456.71,57.01,49.6,8.72,62.7,Supplier E,ISO 14001,1099.75,Pre-Order
MAT04657,Linen,Office Supplies,253.83,69.03,70.0,10.33,36.0,Supplier E,GOTS,454.84,Pre-Order
MAT04658,Mushroom Composite,Office Supplies,270.02,71.9,40.9,14.93,60.6,Supplier A,ISO 14001,741.19,Pre-Order
MAT04659,Wool,Flooring,297.62,15.15,81.9,11.92,82.8,Supplier E,FSC,1458.31,Pre-Order
MAT04660,Flax Fiber,Insulation,32.09,48.35,37.1,7.34,75.2,Supplier C,EcoCert,776.88,Pre-Order
MAT04661,Jute,Adhesives,324.8,31.28,48.4,10.53,45.7,Supplier E,ISO 14001,2239.34,In Stock
MAT04662,Mycelium Leather,Electronics,364.18,35.56,72.3,13.9,1.4,Supplier A,EcoCert,394.25,In Stock
MAT04663,Hemp Fiber,Office Supplies,46.73,87.99,20.2,14.54,51.5,Supplier A,None,1591.94,Pre-Order
MAT04664,Recycled Metal,Furniture,336.07,51.13,28.3,13.18,58.3,Supplier B,GOTS,2868.48,Low Stock
MAT04665,Hemp Fiber,Adhesives,198.74,33.0,48.9,1.64,26.9,Supplier E,EcoCert,3897.68,Low Stock
MAT04666,Recycled Paper,Cosmetics,456.59,6.8,35.3,2.37,33.3,Supplier A,Cradle to Cradle,2511.58,Low Stock
MAT04667,Organic Cotton,Textiles,57.16,85.25,61.2,3.9,25.0,Supplier E,Cradle to Cradle,2968.08,Pre-Order
MAT04668,Natural Rubber,Construction,466.4,41.72,26.1,2.29,81.8,Supplier E,GOTS,1811.06,Pre-Order
MAT04669,Sustainable Bamboo,Food Packaging,10.9,7.36,76.8,3.68,69.6,Supplier D,EcoCert,654.04,Low Stock
MAT04670,Natural Rubber,Home Decor,316.57,39.63,57.2,4.06,22.1,Supplier B,Cradle to Cradle,3062.7,Pre-Order
MAT04671,Recycled Glass,Textiles,153.78,31.42,51.4,2.96,80.2,Supplier D,GOTS,256.47,Pre-Order
MAT04672,Bioplastic,Food Packaging,163.75,20.77,73.9,12.96,57.1,Supplier C,None,2718.25,Pre-Order
MAT04673,Certified Wood,Electronics,311.23,90.45,78.4,4.42,52.5,Supplier E,FSC,439.9,Low Stock
MAT04674,Recycled Metal,Bags & Luggage,476.79,49.69,26.9,10.65,49.0,Supplier A,ISO 14001,2026.03,Low Stock
MAT04675,Recycled Aluminum,Cosmetics,459.02,91.41,79.3,13.63,57.3,Supplier A,GOTS,3144.87,Low Stock
MAT04676,Natural Rubber,Cosmetics,280.39,59.7,77.5,11.96,16.7,Supplier B,None,1855.88,Low Stock
MAT04677,Recycled Metal,Construction,57.05,20.63,64.1,2.55,77.7,Supplier B,EcoCert,2076.66,Pre-Order
MAT04678,Recycled Paper,Automotive,21.02,16.34,26.1,13.97,98.9,Supplier A,None,1695.69,Pre-Order
MAT04679,Hemp Fiber,Household Items,81.35,31.92,46.8,7.61,75.4,Supplier B,ISO 14001,4100.2,Low Stock
MAT04680,Certified Wood,Office Supplies,77.22,37.91,24.8,1.38,13.8,Supplier B,ISO 14001,3551.57,In Stock
MAT04681,Organic Cotton,Textiles,113.36,28.89,44.2,4.96,8.4,Supplier D,EcoCert,1155.36,Pre-Order
MAT04682,Wool,Electronics,482.62,37.76,73.1,9.45,73.9,Supplier D,ISO 14001,3718.4,Pre-Order
MAT04683,Recycled Metal,Sports Equipment,36.01,31.27,57.3,9.53,65.1,Supplier E,Cradle to Cradle,2606.2,Pre-Order
MAT04684,Bio-based Polymer,Home Decor,207.39,59.57,71.8,4.93,6.4,Supplier D,None,1551.27,Low Stock
MAT04685,Seaweed Polymer,Footwear,312.88,38.65,33.4,6.98,40.3,Supplier D,EcoCert,1033.35,In Stock
MAT04686,Recycled Paper,Toys,65.46,11.49,89.1,7.74,4.8,Supplier C,None,3945.82,In Stock
MAT04687,Recycled Metal,Food Packaging,56.62,15.26,87.5,12.56,81.5,Supplier C,FSC,4042.93,In Stock
MAT04688,Flax Fiber,Home Decor,466.65,72.77,38.8,10.91,13.8,Supplier A,GOTS,3209.61,In Stock
MAT04689,Cork,Textiles,209.08,97.71,26.0,14.78,73.9,Supplier D,GOTS,2641.89,Pre-Order
MAT04690,Recycled Glass,Sports Equipment,295.29,4.93,29.2,9.25,52.7,Supplier C,ISO 14001,3024.52,In Stock
MAT04691,Organic Cotton,Home Decor,252.1,90.36,30.3,8.95,91.4,Supplier C,None,2137.25,Low Stock
MAT04692,Mushroom Composite,Office Supplies,15.13,40.83,30.4,6.35,17.8,Supplier C,EcoCert,3515.05,Pre-Order
MAT04693,Recycled Copper,Footwear,358.52,74.34,88.1,6.97,81.2,Supplier E,Cradle to Cradle,2005.28,Low Stock
MAT04694,Biodegradable Plastic,Flooring,338.33,36.34,75.5,9.59,6.7,Supplier D,EcoCert,4050.4,Low Stock
MAT04695,Cellulose,Footwear,146.76,6.98,78.7,12.47,77.4,Supplier B,GOTS,2565.53,Low Stock
MAT04696,Hemp Fiber,Toys,307.64,21.28,51.2,14.37,28.7,Supplier D,None,2312.38,Low Stock
MAT04697,Organic Cotton,Textiles,273.9,8.53,25.4,2.95,49.0,Supplier B,GOTS,1921.45,Low Stock
MAT04698,Recycled PET,Footwear,298.18,44.38,61.4,4.73,70.0,Supplier B,None,2010.26,In Stock
MAT04699,Cellulose,Textiles,323.89,83.12,92.3,2.02,41.5,Supplier C,ISO 14001,1469.1,In Stock
MAT04700,Seaweed Polymer,Bags & Luggage,145.87,76.98,70.6,5.48,43.8,Supplier A,None,1986.19,Low Stock
MAT04701,Bioplastic,Food Packaging,243.33,44.75,24.4,4.98,64.0,Supplier B,ISO 14001,1509.77,In Stock
MAT04702,Sustainable Bamboo,Kitchen Utensils,105.96,77.85,41.0,2.69,17.2,Supplier B,ISO 14001,1566.21,Pre-Order
MAT04703,Bio-based Polymer,Adhesives,316.91,36.38,55.8,2.34,5.2,Supplier B,GOTS,1624.31,In Stock
MAT04704,Cardboard,Kitchen Utensils,151.47,53.65,54.5,2.76,65.0,Supplier B,None,1393.57,Low Stock
MAT04705,Cork,Toys,160.82,51.02,30.8,2.73,18.5,Supplier A,ISO 14001,370.18,Low Stock
MAT04706,Recycled Glass,Adhesives,208.85,46.3,50.1,2.77,6.2,Supplier A,None,3466.91,Low Stock
MAT04707,Mushroom Composite,Toys,215.49,62.67,56.1,3.86,17.0,Supplier E,FSC,299.63,In Stock
MAT04708,Organic Cotton,Adhesives,177.81,72.35,99.2,3.33,17.9,Supplier A,Cradle to Cradle,1658.34,Pre-Order
MAT04709,Certified Wood,Food Packaging,204.51,57.26,92.8,2.15,72.1,Supplier E,EcoCert,4073.64,Low Stock
MAT04710,Mycelium Leather,Home Decor,72.04,40.3,66.4,4.33,10.3,Supplier A,None,3124.95,In Stock
MAT04711,Recycled Paper,Insulation,289.17,49.68,79.7,4.81,94.8,Supplier B,FSC,1806.91,In Stock
MAT04712,Corn Plastic,Home Decor,68.71,96.36,57.3,2.31,37.6,Supplier B,EcoCert,2517.39,Low Stock
MAT04713,Biodegradable Plastic,Bags & Luggage,266.28,36.01,26.4,4.42,79.7,Supplier B,FSC,1243.34,In Stock
MAT04714,Cardboard,Food Packaging,452.02,22.48,83.2,1.16,45.5,Supplier B,EcoCert,836.64,Low Stock
MAT04715,Mycelium Leather,Coatings,466.28,60.15,46.6,7.85,19.2,Supplier C,FSC,1760.43,Pre-Order
MAT04716,Recycled Copper,Office Supplies,26.16,49.13,51.4,13.36,64.1,Supplier E,Cradle to Cradle,2826.15,In Stock
MAT04717,Mushroom Composite,Flooring,38.1,11.28,84.5,0.98,35.0,Supplier E,FSC,2903.34,In Stock
MAT04718,Mushroom Composite,Accessories,188.41,96.54,31.8,7.25,33.5,Supplier E,ISO 14001,1240.85,Low Stock
MAT04719,Cellulose,Accessories,318.3,27.13,64.0,9.34,54.9,Supplier C,ISO 14001,1798.61,Pre-Order
MAT04720,Bio-based Polymer,Sports Equipment,61.37,72.67,49.3,9.65,13.0,Supplier B,None,2499.13,Pre-Order
MAT04721,Recycled Aluminum,Kitchen Utensils,37.29,12.96,90.7,10.22,7.7,Supplier A,GOTS,1702.33,Low Stock
MAT04722,Wool,Office Supplies,45.7,15.73,68.9,6.7,75.8,Supplier C,GOTS,2752.28,Low Stock
MAT04723,Sustainable Bamboo,Adhesives,376.63,76.0,41.2,7.59,86.7,Supplier D,Cradle to Cradle,830.83,In Stock
MAT04724,Natural Rubber,Electronics,110.74,41.94,86.2,2.94,94.9,Supplier C,Cradle to Cradle,3422.92,Pre-Order
MAT04725,Mycelium Leather,Bags & Luggage,491.26,81.04,20.8,8.29,89.7,Supplier A,ISO 14001,1589.45,Pre-Order
MAT04726,Recycled Aluminum,Food Packaging,456.59,32.7,51.4,3.91,86.1,Supplier D,EcoCert,2848.56,In Stock
MAT04727,Cork Composite,Textiles,47.7,49.65,46.9,3.11,60.3,Supplier D,FSC,849.09,Pre-Order
MAT04728,Sustainable Bamboo,Office Supplies,302.46,94.47,81.0,2.4,84.8,Supplier C,FSC,732.06,Pre-Order
MAT04729,Mycelium Leather,Cosmetics,280.46,33.7,88.9,14.52,39.0,Supplier C,None,2118.16,Low Stock
MAT04730,Bio-based Polymer,Automotive,338.25,86.42,94.3,12.69,89.8,Supplier B,Cradle to Cradle,2239.34,Low Stock
MAT04731,Biodegradable Plastic,Kitchen Utensils,296.8,22.41,99.8,4.6,51.4,Supplier B,Cradle to Cradle,3086.77,Pre-Order
MAT04732,Cork,Office Supplies,426.64,12.13,86.7,8.86,85.2,Supplier D,Cradle to Cradle,1817.7,Pre-Order
MAT04733,Mushroom Composite,Electronics,275.63,3.19,67.1,6.55,23.9,Supplier B,FSC,266.43,Low Stock
MAT04734,Certified Wood,Electronics,311.8,69.5,72.7,0.73,47.0,Supplier B,EcoCert,188.41,In Stock
MAT04735,Hemp Fiber,Accessories,231.78,9.61,31.4,2.12,80.4,Supplier B,Cradle to Cradle,1316.38,Pre-Order
MAT04736,Hemp Fiber,Adhesives,95.96,15.24,52.6,10.99,50.3,Supplier E,GOTS,1274.88,Low Stock
MAT04737,Bio-based Polymer,Kitchen Utensils,413.38,74.4,30.1,4.07,72.9,Supplier D,None,1147.89,Pre-Order
MAT04738,Mushroom Composite,Furniture,79.24,31.63,74.3,3.02,91.7,Supplier E,GOTS,506.3,Pre-Order
MAT04739,Mushroom Composite,Textiles,319.01,67.04,93.6,10.14,2.5,Supplier A,EcoCert,3350.71,Pre-Order
MAT04740,Algae-based Material,Food Packaging,138.76,62.87,38.5,10.99,43.8,Supplier C,GOTS,4130.91,In Stock
MAT04741,Bio-based Polymer,Kitchen Utensils,186.1,26.64,51.2,3.87,13.4,Supplier D,FSC,2969.74,In Stock
MAT04742,Recycled Metal,Textiles,402.23,99.67,39.0,5.14,77.7,Supplier E,FSC,1728.89,In Stock
MAT04743,Recycled Aluminum,Toys,134.27,10.56,76.4,6.22,81.5,Supplier A,Cradle to Cradle,4105.18,In Stock
MAT04744,Algae-based Material,Office Supplies,95.01,95.95,86.7,11.86,87.9,Supplier E,Cradle to Cradle,1061.57,Low Stock
MAT04745,Corn Plastic,Electronics,475.18,95.09,86.2,5.19,14.9,Supplier D,None,2456.8,Low Stock
MAT04746,Cardboard,Cosmetics,488.32,10.26,26.9,13.73,13.5,Supplier B,FSC,180.94,Pre-Order
MAT04747,Recycled Aluminum,Textiles,295.65,9.64,41.0,6.29,92.6,Supplier D,FSC,3593.9,Low Stock
MAT04748,Recycled Aluminum,Flooring,176.71,90.67,25.1,5.98,88.2,Supplier C,GOTS,3632.91,Pre-Order
MAT04749,Bioplastic,Adhesives,46.86,95.83,50.3,12.46,58.5,Supplier B,FSC,1783.67,In Stock
MAT04750,Linen,Household Items,491.89,57.64,65.9,12.08,68.6,Supplier B,Cradle to Cradle,3542.44,Pre-Order
MAT04751,Biodegradable Plastic,Household Items,106.58,68.31,97.9,4.8,10.4,Supplier D,FSC,1831.81,In Stock
MAT04752,Cardboard,Toys,239.99,27.89,92.1,2.64,14.5,Supplier C,FSC,3583.94,Pre-Order
MAT04753,Organic Cotton,Adhesives,422.29,19.99,61.1,10.19,87.4,Supplier A,FSC,2885.08,Low Stock
MAT04754,Recycled PET,Furniture,60.94,33.34,22.5,3.06,92.8,Supplier E,GOTS,2319.02,In Stock
MAT04755,Mushroom Composite,Furniture,125.22,47.92,22.0,5.05,73.6,Supplier B,GOTS,1451.67,Pre-Order
MAT04756,Jute,Furniture,492.5,71.19,99.7,1.45,43.9,Supplier A,Cradle to Cradle,476.42,In Stock
MAT04757,Seaweed Polymer,Furniture,382.25,26.86,70.3,10.67,87.2,Supplier B,FSC,3613.82,Pre-Order
MAT04758,Cellulose,Flooring,473.06,17.47,44.2,7.53,41.0,Supplier B,None,2442.69,Pre-Order
MAT04759,Recycled Metal,Food Packaging,205.05,54.4,65.6,9.85,90.2,Supplier E,None,1181.09,In Stock
MAT04760,Bio-based Polymer,Flooring,466.28,35.31,29.5,8.57,57.3,Supplier A,EcoCert,2901.68,Pre-Order
MAT04761,Cellulose,Flooring,486.21,43.29,34.1,14.15,59.7,Supplier C,GOTS,944.54,In Stock
MAT04762,Recycled Copper,Sports Equipment,175.97,20.83,93.7,14.51,11.1,Supplier D,None,1054.93,Low Stock
MAT04763,Linen,Cosmetics,221.23,43.51,20.9,4.45,22.7,Supplier D,None,2882.59,Pre-Order
MAT04764,Corn Plastic,Accessories,197.45,8.74,59.9,4.27,0.4,Supplier C,FSC,2577.98,In Stock
MAT04765,Bio-based Polymer,Textiles,232.18,53.34,81.3,4.89,0.0,Supplier E,Cradle to Cradle,2905.0,In Stock
MAT04766,Bioplastic,Sports Equipment,228.69,14.94,24.2,1.79,43.0,Supplier A,EcoCert,2607.86,In Stock
MAT04767,Cellulose,Office Supplies,445.55,55.64,90.8,7.06,74.3,Supplier D,None,3895.19,Low Stock
MAT04768,Cardboard,Household Items,16.99,78.13,29.4,12.4,63.8,Supplier A,Cradle to Cradle,1538.82,Low Stock
MAT04769,Natural Rubber,Electronics,137.64,83.95,54.8,4.78,23.4,Supplier C,ISO 14001,3534.97,In Stock
MAT04770,Bioplastic,Toys,71.59,38.49,46.9,5.51,41.8,Supplier A,EcoCert,2512.41,Low Stock
MAT04771,Sustainable Bamboo,Household Items,73.47,93.44,80.2,9.44,39.2,Supplier A,FSC,1794.46,Pre-Order
MAT04772,Natural Rubber,Bags & Luggage,88.63,75.82,34.9,2.18,21.0,Supplier D,Cradle to Cradle,2626.95,Pre-Order
MAT04773,Cork,Footwear,109.31,36.53,75.9,10.23,61.8,Supplier E,Cradle to Cradle,596.77,Low Stock
MAT04774,Jute,Accessories,261.0,51.67,51.3,12.11,57.6,Supplier C,FSC,730.4,Low Stock
MAT04775,Flax Fiber,Sports Equipment,106.11,41.12,60.2,1.91,46.1,Supplier D,GOTS,627.48,In Stock
MAT04776,Cellulose,Bags & Luggage,302.51,33.95,98.2,9.28,92.5,Supplier D,None,3380.59,Pre-Order
MAT04777,Mushroom Composite,Coatings,175.07,78.07,30.3,4.32,41.3,Supplier A,EcoCert,3280.99,Pre-Order
MAT04778,Recycled Copper,Toys,354.9,52.53,46.0,9.6,12.1,Supplier E,GOTS,2478.38,In Stock
MAT04779,Sustainable Bamboo,Footwear,449.58,70.78,41.1,13.7,35.6,Supplier A,EcoCert,1401.04,Low Stock
MAT04780,Recycled PET,Office Supplies,82.05,91.07,64.0,14.31,49.5,Supplier A,GOTS,297.14,In Stock
MAT04781,Recycled Copper,Kitchen Utensils,321.94,47.06,94.3,0.79,36.8,Supplier D,Cradle to Cradle,3834.6,In Stock
MAT04782,Recycled Paper,Toys,396.78,66.23,55.3,12.27,48.9,Supplier A,EcoCert,472.27,In Stock
MAT04783,Linen,Home Decor,385.61,96.65,27.9,12.84,2.3,Supplier B,GOTS,841.62,Low Stock
MAT04784,Organic Cotton,Home Decor,365.93,27.92,77.0,1.41,5.0,Supplier B,FSC,775.22,In Stock
MAT04785,Recycled Aluminum,Construction,413.23,9.72,76.0,9.46,0.4,Supplier C,ISO 14001,2497.47,In Stock
MAT04786,Seaweed Polymer,Cosmetics,158.89,26.41,74.0,12.76,17.6,Supplier C,GOTS,2446.01,Low Stock
MAT04787,Recycled Metal,Accessories,245.98,19.59,69.4,4.16,96.0,Supplier D,None,2136.42,Low Stock
MAT04788,Natural Rubber,Office Supplies,464.85,29.04,30.9,6.04,19.6,Supplier B,None,3446.16,Pre-Order
MAT04789,Algae-based Material,Footwear,443.31,86.78,47.4,8.78,4.2,Supplier E,FSC,3006.26,In Stock
MAT04790,Algae-based Material,Construction,154.35,21.64,29.4,12.02,40.6,Supplier C,None,3237.83,Pre-Order
MAT04791,Mycelium Leather,Adhesives,30.1,37.25,79.5,4.02,99.5,Supplier A,Cradle to Cradle,3860.33,Pre-Order
MAT04792,Cardboard,Furniture,109.91,72.11,72.1,14.06,70.9,Supplier D,ISO 14001,335.32,Pre-Order
MAT04793,Recycled Copper,Construction,417.66,10.89,88.1,2.81,80.1,Supplier D,None,2837.77,In Stock
MAT04794,Recycled Aluminum,Automotive,481.18,7.64,94.3,7.19,63.5,Supplier A,None,2241.83,In Stock
MAT04795,Algae-based Material,Food Packaging,85.58,87.14,93.5,8.58,88.7,Supplier D,ISO 14001,4139.21,Pre-Order
MAT04796,Recycled Metal,Home Decor,230.37,88.39,39.2,5.69,31.0,Supplier A,EcoCert,2792.95,Pre-Order
MAT04797,Wool,Furniture,180.85,91.08,56.1,3.18,39.1,Supplier E,None,2524.03,Low Stock
MAT04798,Bio-based Polymer,Footwear,405.55,66.69,38.5,10.68,96.8,Supplier B,ISO 14001,739.53,Low Stock
MAT04799,Cellulose,Home Decor,315.29,26.87,20.8,1.14,64.3,Supplier E,None,2775.52,Low Stock
MAT04800,Cork Composite,Kitchen Utensils,77.84,89.6,69.3,9.42,23.6,Supplier A,ISO 14001,3954.12,Low Stock
MAT04801,Flax Fiber,Kitchen Utensils,120.98,22.09,61.6,6.95,97.0,Supplier B,GOTS,1440.88,Pre-Order
MAT04802,Wool,Food Packaging,430.96,69.53,66.1,6.17,61.6,Supplier B,EcoCert,2972.23,Low Stock
MAT04803,Algae-based Material,Home Decor,365.03,74.17,22.2,0.52,92.3,Supplier C,None,4078.62,Low Stock
MAT04804,Recycled Glass,Footwear,279.78,31.69,67.6,0.56,27.1,Supplier E,Cradle to Cradle,1625.97,In Stock
MAT04805,Cork,Construction,93.33,72.53,56.2,5.26,61.2,Supplier C,None,699.69,Pre-Order
MAT04806,Bioplastic,Flooring,128.14,8.37,96.9,3.53,0.6,Supplier A,FSC,1259.11,Pre-Order
MAT04807,Cardboard,Construction,259.02,7.69,99.0,13.68,88.1,Supplier E,GOTS,1974.57,Low Stock
MAT04808,Natural Rubber,Home Decor,443.46,12.33,54.5,7.22,64.4,Supplier E,Cradle to Cradle,2133.93,Pre-Order
MAT04809,Recycled Copper,Furniture,111.85,3.29,34.5,5.56,46.7,Supplier E,EcoCert,1876.63,Pre-Order
MAT04810,Bio-based Polymer,Textiles,453.99,49.42,53.4,1.93,20.8,Supplier E,None,1372.82,Low Stock
MAT04811,Algae-based Material,Automotive,323.1,94.75,97.0,14.08,39.8,Supplier B,EcoCert,420.81,Pre-Order
MAT04812,Natural Rubber,Coatings,26.11,89.72,65.3,13.18,7.5,Supplier C,FSC,1355.39,Low Stock
MAT04813,Jute,Furniture,380.09,76.32,92.6,14.7,17.5,Supplier C,EcoCert,3995.62,Low Stock
MAT04814,Algae-based Material,Sports Equipment,455.78,99.52,55.0,8.96,89.9,Supplier D,Cradle to Cradle,1454.16,Pre-Order
MAT04815,Biodegradable Plastic,Bags & Luggage,67.63,41.28,49.2,12.56,39.6,Supplier E,Cradle to Cradle,2553.08,Low Stock
MAT04816,Natural Rubber,Cosmetics,58.72,59.0,20.4,9.44,87.4,Supplier D,EcoCert,3525.84,Low Stock
MAT04817,Biodegradable Plastic,Footwear,437.57,43.05,50.2,9.35,61.7,Supplier E,ISO 14001,351.09,Low Stock
MAT04818,Flax Fiber,Office Supplies,209.54,1.67,96.2,6.15,50.7,Supplier B,EcoCert,3282.65,Low Stock
MAT04819,Recycled Paper,Footwear,60.08,15.08,57.2,0.5,79.9,Supplier A,None,2712.44,Pre-Order
MAT04820,Bio-based Polymer,Automotive,173.97,11.88,81.3,12.3,56.1,Supplier C,GOTS,861.54,Pre-Order
MAT04821,Corn Plastic,Office Supplies,489.74,88.01,30.8,7.64,24.3,Supplier A,GOTS,3975.7,Pre-Order
MAT04822,Recycled PET,Household Items,299.15,47.66,27.3,10.22,13.2,Supplier C,GOTS,2545.61,Low Stock
MAT04823,Cork Composite,Insulation,303.16,73.28,63.7,3.74,63.2,Supplier C,EcoCert,3614.65,Pre-Order
MAT04824,Recycled Glass,Adhesives,308.46,83.76,74.6,12.73,6.7,Supplier B,GOTS,2518.22,Pre-Order
MAT04825,Cellulose,Coatings,359.03,15.17,64.0,7.37,68.0,Supplier A,EcoCert,481.4,Pre-Order
MAT04826,Recycled Paper,Cosmetics,278.62,50.16,44.2,8.84,24.9,Supplier A,GOTS,418.32,Pre-Order
MAT04827,Jute,Accessories,112.88,85.21,65.2,9.35,9.6,Supplier C,None,3633.74,In Stock
MAT04828,Recycled Glass,Bags & Luggage,306.53,39.56,88.0,9.47,45.2,Supplier C,ISO 14001,2750.62,In Stock
MAT04829,Flax Fiber,Home Decor,312.33,37.34,61.6,4.3,67.2,Supplier E,None,1324.68,Low Stock
MAT04830,Bio-based Polymer,Cosmetics,18.07,30.67,21.3,7.88,29.4,Supplier E,FSC,523.73,Pre-Order
MAT04831,Cellulose,Sports Equipment,167.06,57.46,86.7,8.43,17.4,Supplier C,GOTS,1476.57,In Stock
MAT04832,Natural Rubber,Textiles,307.05,57.8,56.6,12.61,75.9,Supplier D,EcoCert,4076.13,Low Stock
MAT04833,Wool,Electronics,493.61,68.49,27.4,10.22,58.7,Supplier C,ISO 14001,615.03,In Stock
MAT04834,Corn Plastic,Insulation,138.65,86.36,36.4,12.79,31.3,Supplier C,EcoCert,3259.41,Low Stock
MAT04835,Algae-based Material,Automotive,247.35,73.97,75.5,8.95,84.7,Supplier D,EcoCert,3696.82,Pre-Order
MAT04836,Organic Cotton,Home Decor,200.44,67.61,91.3,9.17,43.5,Supplier E,None,249.0,In Stock
MAT04837,Cardboard,Sports Equipment,70.96,2.07,76.9,5.63,7.7,Supplier E,GOTS,713.8,Low Stock
MAT04838,Recycled Aluminum,Office Supplies,295.93,34.1,82.5,3.48,26.1,Supplier B,EcoCert,1206.82,Low Stock
MAT04839,Cellulose,Sports Equipment,108.21,48.19,65.4,7.92,72.1,Supplier A,FSC,2525.69,Pre-Order
MAT04840,Algae-based Material,Kitchen Utensils,446.39,53.35,89.7,2.14,51.6,Supplier A,ISO 14001,2675.09,Pre-Order
MAT04841,Hemp Fiber,Accessories,400.22,61.4,90.2,14.08,20.8,Supplier B,FSC,539.5,Low Stock
MAT04842,Sustainable Bamboo,Toys,16.1,47.07,80.7,1.93,49.0,Supplier E,Cradle to Cradle,2099.07,In Stock
MAT04843,Hemp Fiber,Flooring,247.8,81.49,71.7,12.7,72.5,Supplier B,FSC,931.26,Pre-Order
MAT04844,Recycled Paper,Flooring,469.73,18.92,24.3,4.59,29.4,Supplier B,GOTS,3409.64,In Stock
MAT04845,Bioplastic,Kitchen Utensils,262.3,87.8,64.9,6.52,25.5,Supplier A,ISO 14001,1573.68,Low Stock
MAT04846,Recycled Metal,Bags & Luggage,495.9,59.53,21.2,11.84,63.2,Supplier B,FSC,2202.82,Low Stock
MAT04847,Cork Composite,Textiles,254.3,70.94,63.1,11.83,82.9,Supplier A,FSC,4088.58,Low Stock
MAT04848,Cardboard,Household Items,112.71,4.46,99.0,13.66,84.0,Supplier D,EcoCert,3110.01,In Stock
MAT04849,Natural Rubber,Cosmetics,254.03,23.07,93.7,8.05,23.3,Supplier B,ISO 14001,2161.32,In Stock
MAT04850,Cellulose,Bags & Luggage,429.77,61.71,94.2,7.55,41.8,Supplier C,Cradle to Cradle,1631.78,In Stock
MAT04851,Sustainable Bamboo,Cosmetics,198.83,45.72,70.7,6.55,4.4,Supplier A,FSC,711.31,Low Stock
MAT04852,Biodegradable Plastic,Toys,421.49,65.99,54.6,10.93,63.6,Supplier B,Cradle to Cradle,2826.98,In Stock
MAT04853,Corn Plastic,Adhesives,72.66,75.88,39.6,10.99,4.4,Supplier A,FSC,3567.34,Low Stock
MAT04854,Mycelium Leather,Coatings,194.72,91.99,98.3,13.29,58.0,Supplier B,EcoCert,273.9,In Stock
MAT04855,Corn Plastic,Flooring,149.8,94.11,94.4,4.22,27.2,Supplier E,GOTS,3797.25,Pre-Order
MAT04856,Bioplastic,Toys,78.99,30.18,87.4,10.05,76.4,Supplier C,GOTS,1316.38,In Stock
MAT04857,Wool,Textiles,229.41,36.71,38.5,4.23,0.2,Supplier D,GOTS,1213.46,In Stock
MAT04858,Recycled Glass,Footwear,136.71,42.64,84.1,7.53,51.7,Supplier C,FSC,3345.73,Low Stock
MAT04859,Recycled Metal,Flooring,380.54,53.88,83.8,4.82,31.8,Supplier E,EcoCert,234.06,In Stock
MAT04860,Biodegradable Plastic,Household Items,126.73,9.14,94.3,4.76,7.6,Supplier A,FSC,3907.64,Low Stock
MAT04861,Flax Fiber,Coatings,312.55,50.43,40.9,3.67,21.5,Supplier B,None,2097.41,Low Stock
MAT04862,Recycled Copper,Textiles,499.33,25.88,32.1,4.23,16.4,Supplier A,None,1430.09,In Stock
MAT04863,Mushroom Composite,Furniture,144.78,10.7,43.0,2.49,23.0,Supplier D,FSC,3612.16,In Stock
MAT04864,Recycled PET,Footwear,457.86,60.32,47.6,12.43,4.9,Supplier D,FSC,2854.37,In Stock
MAT04865,Hemp Fiber,Coatings,459.35,60.81,73.1,8.56,49.0,Supplier B,GOTS,1982.87,In Stock
MAT04866,Organic Cotton,Electronics,270.18,91.69,35.1,9.78,36.6,Supplier E,FSC,2884.25,Low Stock
MAT04867,Hemp Fiber,Automotive,474.27,53.22,42.5,14.82,76.6,Supplier A,EcoCert,3667.77,Pre-Order
MAT04868,Certified Wood,Flooring,286.32,69.22,61.3,10.79,9.3,Supplier A,EcoCert,654.04,Pre-Order
MAT04869,Mycelium Leather,Automotive,285.07,50.19,91.1,8.62,28.5,Supplier A,Cradle to Cradle,3273.52,Low Stock
MAT04870,Cork,Furniture,332.43,59.23,72.5,14.74,33.9,Supplier B,FSC,3396.36,Low Stock
MAT04871,Recycled Aluminum,Toys,359.02,77.1,55.6,9.57,27.0,Supplier E,None,3467.74,In Stock
MAT04872,Bio-based Polymer,Footwear,82.68,77.74,86.2,14.58,83.6,Supplier A,EcoCert,292.99,Pre-Order
MAT04873,Sustainable Bamboo,Toys,120.24,38.24,37.7,4.75,22.7,Supplier D,FSC,2786.31,Low Stock
MAT04874,Mycelium Leather,Kitchen Utensils,256.34,84.06,78.9,13.88,11.9,Supplier B,GOTS,705.5,Low Stock
MAT04875,Bioplastic,Insulation,471.79,43.74,68.0,1.63,14.6,Supplier E,EcoCert,3558.21,Pre-Order
MAT04876,Bio-based Polymer,Kitchen Utensils,384.97,99.64,43.3,9.54,17.6,Supplier D,EcoCert,314.57,Pre-Order
MAT04877,Cellulose,Cosmetics,184.27,81.8,63.2,1.74,93.4,Supplier D,EcoCert,2418.62,Pre-Order
MAT04878,Certified Wood,Textiles,218.85,36.47,93.1,14.0,87.9,Supplier C,GOTS,358.56,Low Stock
MAT04879,Biodegradable Plastic,Construction,238.72,39.6,29.4,13.05,22.2,Supplier C,Cradle to Cradle,1715.61,Low Stock
MAT04880,Sustainable Bamboo,Electronics,491.63,2.92,50.9,6.46,53.7,Supplier C,FSC,2044.29,Pre-Order
MAT04881,Cork Composite,Kitchen Utensils,496.93,24.44,41.6,12.07,97.2,Supplier A,None,3421.26,Pre-Order
MAT04882,Algae-based Material,Household Items,402.95,37.24,26.0,6.13,86.1,Supplier A,FSC,3854.52,Pre-Order
MAT04883,Seaweed Polymer,Cosmetics,272.62,20.01,35.5,12.87,97.2,Supplier A,ISO 14001,1481.55,In Stock
MAT04884,Bioplastic,Flooring,467.77,74.65,36.4,11.44,8.6,Supplier B,FSC,780.2,Low Stock
MAT04885,Biodegradable Plastic,Home Decor,28.16,78.45,73.9,8.58,93.3,Supplier B,FSC,2861.01,Pre-Order
MAT04886,Bio-based Polymer,Bags & Luggage,147.86,89.1,51.5,14.33,75.5,Supplier D,Cradle to Cradle,2845.24,In Stock
MAT04887,Seaweed Polymer,Cosmetics,221.92,10.13,49.6,13.54,95.2,Supplier D,GOTS,379.31,In Stock
MAT04888,Certified Wood,Footwear,87.69,93.2,55.3,14.83,25.6,Supplier D,None,1855.88,In Stock
MAT04889,Bio-based Polymer,Sports Equipment,456.64,48.7,25.9,4.91,44.0,Supplier C,GOTS,213.31,In Stock
MAT04890,Cork Composite,Construction,154.18,75.92,75.4,5.72,78.2,Supplier B,GOTS,1204.33,Low Stock
MAT04891,Bioplastic,Toys,270.88,38.17,38.4,1.71,84.2,Supplier D,ISO 14001,3989.81,Pre-Order
MAT04892,Cellulose,Furniture,152.12,75.32,60.9,7.54,94.5,Supplier D,ISO 14001,441.56,In Stock
MAT04893,Certified Wood,Office Supplies,424.48,24.22,90.7,9.24,18.5,Supplier C,GOTS,532.03,In Stock
MAT04894,Mycelium Leather,Electronics,55.76,3.27,79.3,3.6,63.9,Supplier A,None,2600.39,Pre-Order
MAT04895,Jute,Insulation,23.11,80.66,39.3,8.15,74.8,Supplier E,None,3721.72,In Stock
MAT04896,Jute,Household Items,167.14,63.73,55.9,11.6,44.9,Supplier D,GOTS,2417.79,In Stock
MAT04897,Certified Wood,Footwear,461.77,63.57,71.8,1.34,76.9,Supplier D,EcoCert,1374.48,In Stock
MAT04898,Seaweed Polymer,Kitchen Utensils,170.04,52.0,66.8,7.67,67.2,Supplier D,EcoCert,1471.59,Pre-Order
MAT04899,Jute,Kitchen Utensils,463.94,76.53,38.6,11.51,10.7,Supplier E,Cradle to Cradle,2277.52,Low Stock
MAT04900,Mushroom Composite,Coatings,138.15,11.72,87.7,13.48,90.3,Supplier B,GOTS,2872.63,Low Stock
MAT04901,Cardboard,Cosmetics,326.4,64.61,69.4,2.74,33.6,Supplier A,ISO 14001,1028.37,In Stock
MAT04902,Recycled Copper,Construction,366.81,62.65,83.4,13.09,64.1,Supplier A,EcoCert,925.45,Low Stock
MAT04903,Certified Wood,Toys,37.24,21.19,34.5,8.66,24.6,Supplier A,ISO 14001,469.78,Low Stock
MAT04904,Recycled Glass,Sports Equipment,144.06,96.55,69.7,7.49,71.0,Supplier C,ISO 14001,3477.7,Pre-Order
MAT04905,Recycled Paper,Furniture,219.41,33.48,96.2,6.12,78.1,Supplier E,EcoCert,1050.78,Low Stock
MAT04906,Recycled Paper,Cosmetics,480.54,46.15,86.6,13.33,75.0,Supplier D,ISO 14001,3949.14,Pre-Order
MAT04907,Recycled PET,Textiles,269.22,41.8,56.7,1.33,46.5,Supplier B,Cradle to Cradle,3351.54,In Stock
MAT04908,Cellulose,Textiles,487.6,80.39,83.6,6.99,61.0,Supplier D,ISO 14001,2119.82,In Stock
MAT04909,Recycled Paper,Electronics,485.04,64.09,93.0,12.32,47.1,Supplier E,None,371.01,Low Stock
MAT04910,Recycled Paper,Cosmetics,261.68,14.09,70.4,10.49,39.8,Supplier A,EcoCert,3129.1,In Stock
MAT04911,Linen,Textiles,11.58,91.13,82.9,12.26,4.1,Supplier A,ISO 14001,2156.34,In Stock
MAT04912,Recycled Metal,Construction,74.88,12.56,76.2,8.61,21.8,Supplier E,ISO 14001,4065.34,Low Stock
MAT04913,Organic Cotton,Food Packaging,69.73,96.68,26.1,13.76,54.6,Supplier D,EcoCert,437.41,In Stock
MAT04914,Seaweed Polymer,Household Items,365.88,12.08,82.6,13.78,43.6,Supplier D,ISO 14001,2230.21,In Stock
MAT04915,Corn Plastic,Textiles,147.99,31.19,26.5,12.15,77.7,Supplier B,EcoCert,1861.69,In Stock
MAT04916,Recycled Copper,Construction,187.77,57.17,40.6,2.46,97.0,Supplier C,EcoCert,2516.56,Pre-Order
MAT04917,Linen,Textiles,221.99,15.44,25.0,13.18,2.0,Supplier C,GOTS,3284.31,Low Stock
MAT04918,Seaweed Polymer,Coatings,201.33,33.36,97.8,10.74,92.4,Supplier A,EcoCert,790.16,Pre-Order
MAT04919,Seaweed Polymer,Construction,458.81,83.55,41.1,8.11,33.1,Supplier C,EcoCert,2025.2,Low Stock
MAT04920,Biodegradable Plastic,Automotive,154.26,96.87,72.1,2.51,21.5,Supplier B,FSC,4009.73,In Stock
MAT04921,Wool,Toys,318.38,29.46,55.4,14.17,84.4,Supplier B,ISO 14001,3997.28,In Stock
MAT04922,Biodegradable Plastic,Office Supplies,54.15,21.43,84.2,2.39,23.5,Supplier D,Cradle to Cradle,3266.05,Low Stock
MAT04923,Corn Plastic,Toys,147.24,52.29,33.4,7.9,48.9,Supplier B,EcoCert,209.16,In Stock
MAT04924,Recycled Paper,Footwear,309.95,23.81,75.8,13.76,41.7,Supplier D,FSC,3619.63,Pre-Order
MAT04925,Linen,Food Packaging,320.06,94.78,76.7,12.81,94.5,Supplier E,EcoCert,1408.51,In Stock
MAT04926,Cellulose,Food Packaging,135.94,71.76,29.8,6.52,82.2,Supplier C,GOTS,2538.14,Pre-Order
MAT04927,Mushroom Composite,Household Items,369.13,91.02,47.5,7.2,94.7,Supplier D,ISO 14001,1142.91,Low Stock
MAT04928,Cork,Household Items,91.98,50.7,66.6,9.72,17.5,Supplier D,FSC,3787.29,In Stock
MAT04929,Seaweed Polymer,Automotive,404.85,76.98,54.1,5.15,75.6,Supplier C,FSC,2294.95,Low Stock
MAT04930,Recycled Glass,Coatings,387.52,29.67,54.3,4.93,62.8,Supplier B,None,2746.47,In Stock
MAT04931,Recycled Copper,Electronics,86.11,10.91,44.0,6.08,32.6,Supplier E,GOTS,3557.38,Low Stock
MAT04932,Cork,Insulation,495.13,18.05,98.3,2.48,24.9,Supplier C,None,3310.87,In Stock
MAT04933,Cork,Home Decor,199.92,51.95,33.0,2.42,76.1,Supplier D,GOTS,2551.42,Low Stock
MAT04934,Wool,Home Decor,158.6,90.26,31.9,0.58,78.7,Supplier E,EcoCert,1046.63,In Stock
MAT04935,Organic Cotton,Furniture,124.05,63.92,71.1,1.56,61.1,Supplier D,Cradle to Cradle,3752.43,In Stock
MAT04936,Organic Cotton,Footwear,439.56,12.4,26.3,11.36,52.8,Supplier B,FSC,2702.48,In Stock
MAT04937,Certified Wood,Accessories,308.68,16.89,25.9,5.69,46.3,Supplier D,GOTS,3044.44,In Stock
MAT04938,Recycled Aluminum,Cosmetics,194.42,89.94,55.9,9.75,2.3,Supplier E,FSC,3700.14,In Stock
MAT04939,Seaweed Polymer,Home Decor,41.53,65.9,68.3,12.53,6.2,Supplier C,GOTS,2733.19,In Stock
MAT04940,Biodegradable Plastic,Food Packaging,78.18,49.32,31.1,0.71,37.5,Supplier C,FSC,1747.98,Low Stock
MAT04941,Cellulose,Sports Equipment,317.97,55.81,86.7,8.13,38.3,Supplier B,Cradle to Cradle,953.67,Low Stock
MAT04942,Jute,Accessories,350.54,10.95,44.8,1.65,6.1,Supplier E,EcoCert,1519.73,Low Stock
MAT04943,Sustainable Bamboo,Household Items,63.3,85.2,97.2,6.76,89.5,Supplier B,ISO 14001,699.69,Low Stock
MAT04944,Wool,Household Items,367.96,88.97,42.5,3.38,73.4,Supplier E,None,3487.66,In Stock
MAT04945,Jute,Kitchen Utensils,157.23,72.7,75.2,11.03,83.3,Supplier A,GOTS,3784.8,Pre-Order
MAT04946,Recycled Glass,Kitchen Utensils,137.19,56.21,66.7,7.58,33.6,Supplier E,Cradle to Cradle,3339.09,In Stock
MAT04947,Cellulose,Footwear,173.53,61.11,93.0,8.56,59.0,Supplier C,GOTS,877.31,Low Stock
MAT04948,Flax Fiber,Footwear,22.93,65.47,42.4,2.27,0.9,Supplier E,EcoCert,1362.03,Low Stock
MAT04949,Organic Cotton,Textiles,382.92,83.85,55.6,5.16,28.0,Supplier A,None,997.66,Low Stock
MAT04950,Recycled PET,Coatings,277.73,39.05,30.2,11.29,59.5,Supplier B,FSC,3550.74,Pre-Order
MAT04951,Natural Rubber,Accessories,463.93,73.37,20.7,11.32,62.9,Supplier C,None,675.62,Low Stock
MAT04952,Cork,Coatings,173.99,66.22,89.3,5.85,69.3,Supplier D,None,1976.23,Pre-Order
MAT04953,Cork,Textiles,96.1,36.52,44.9,8.2,84.0,Supplier A,FSC,3379.76,In Stock
MAT04954,Recycled Copper,Textiles,40.63,35.75,59.2,10.17,36.5,Supplier B,GOTS,947.03,Pre-Order
MAT04955,Cellulose,Automotive,70.92,9.57,54.3,4.98,22.0,Supplier E,Cradle to Cradle,2139.74,In Stock
MAT04956,Recycled PET,Cosmetics,123.18,95.14,90.7,3.63,89.6,Supplier E,ISO 14001,2831.13,In Stock
MAT04957,Certified Wood,Household Items,273.87,77.36,99.5,5.3,15.9,Supplier B,EcoCert,3785.63,Low Stock
MAT04958,Seaweed Polymer,Household Items,107.56,78.1,88.5,6.74,76.7,Supplier E,EcoCert,166.83,In Stock
MAT04959,Algae-based Material,Sports Equipment,333.86,66.46,76.3,8.6,15.3,Supplier D,GOTS,2933.22,In Stock
MAT04960,Natural Rubber,Accessories,204.54,44.53,30.9,10.55,44.0,Supplier C,ISO 14001,3926.73,Low Stock
MAT04961,Linen,Coatings,300.46,68.72,71.3,14.95,54.7,Supplier D,EcoCert,4013.88,Low Stock
MAT04962,Recycled Aluminum,Household Items,152.74,42.62,85.7,3.93,9.9,Supplier A,GOTS,3772.35,Low Stock
MAT04963,Cork Composite,Insulation,165.68,96.47,33.6,11.35,12.5,Supplier D,None,2229.38,Pre-Order
MAT04964,Wool,Electronics,360.73,75.27,52.7,2.96,68.5,Supplier E,GOTS,3113.33,In Stock
MAT04965,Recycled Metal,Coatings,333.0,43.33,48.3,1.85,69.5,Supplier D,None,412.51,In Stock
MAT04966,Seaweed Polymer,Coatings,262.62,44.34,71.8,4.72,28.9,Supplier C,GOTS,1445.86,In Stock
MAT04967,Biodegradable Plastic,Electronics,237.46,29.93,47.0,10.29,89.7,Supplier D,Cradle to Cradle,1961.29,Low Stock
MAT04968,Organic Cotton,Footwear,450.36,82.36,79.9,11.98,86.8,Supplier A,Cradle to Cradle,2163.81,In Stock
MAT04969,Cork,Automotive,443.97,22.95,82.8,13.39,70.6,Supplier C,Cradle to Cradle,950.35,Pre-Order
MAT04970,Certified Wood,Toys,346.88,81.55,52.3,1.31,100.0,Supplier C,ISO 14001,910.51,Low Stock
MAT04971,Recycled Copper,Office Supplies,219.56,5.42,50.9,9.79,35.7,Supplier C,None,2220.25,In Stock
MAT04972,Jute,Cosmetics,474.8,42.67,69.3,5.9,86.0,Supplier B,Cradle to Cradle,3095.07,Low Stock
MAT04973,Cardboard,Household Items,434.17,65.2,40.8,3.12,27.2,Supplier C,FSC,2852.71,Pre-Order
MAT04974,Jute,Flooring,148.93,84.53,45.5,11.92,38.8,Supplier A,EcoCert,194.22,Pre-Order
MAT04975,Wool,Construction,13.79,51.85,28.5,9.67,53.1,Supplier E,FSC,2363.01,Pre-Order
MAT04976,Wool,Adhesives,319.39,15.36,26.5,1.88,59.2,Supplier E,ISO 14001,3380.59,Pre-Order
MAT04977,Algae-based Material,Kitchen Utensils,438.87,13.73,53.1,0.54,84.8,Supplier D,None,3970.72,Low Stock
MAT04978,Recycled PET,Sports Equipment,374.79,11.15,22.6,8.04,71.3,Supplier C,None,2890.06,In Stock
MAT04979,Recycled Metal,Sports Equipment,74.27,60.11,26.9,2.37,51.8,Supplier E,ISO 14001,1061.57,Low Stock
MAT04980,Jute,Bags & Luggage,398.88,8.96,95.8,3.41,20.6,Supplier D,GOTS,3535.8,Pre-Order
MAT04981,Hemp Fiber,Textiles,127.25,14.62,97.7,11.29,67.6,Supplier B,GOTS,1865.84,Low Stock
MAT04982,Bioplastic,Accessories,476.7,42.88,49.6,1.85,51.9,Supplier D,Cradle to Cradle,673.96,Pre-Order
MAT04983,Cork Composite,Bags & Luggage,64.02,22.24,28.8,2.96,9.6,Supplier E,None,1479.89,In Stock
MAT04984,Jute,Automotive,272.15,86.98,99.0,3.33,12.1,Supplier A,FSC,3290.12,In Stock
MAT04985,Recycled Glass,Office Supplies,16.06,47.87,99.3,6.53,63.5,Supplier C,Cradle to Cradle,2177.92,Low Stock
MAT04986,Cellulose,Footwear,219.67,32.22,76.7,8.31,11.5,Supplier D,FSC,3541.61,Pre-Order
MAT04987,Algae-based Material,Automotive,61.81,13.58,46.4,5.23,54.3,Supplier D,GOTS,2116.5,In Stock
MAT04988,Cork Composite,Home Decor,38.46,77.18,47.2,3.52,76.4,Supplier A,EcoCert,1676.6,Pre-Order
MAT04989,Wool,Sports Equipment,168.38,42.39,65.0,6.72,74.5,Supplier C,GOTS,2338.94,Low Stock
MAT04990,Cardboard,Cosmetics,121.95,9.59,47.2,3.96,80.2,Supplier B,GOTS,3495.96,In Stock
MAT04991,Biodegradable Plastic,Sports Equipment,190.64,46.41,91.8,9.36,72.5,Supplier D,Cradle to Cradle,4047.91,Low Stock
MAT04992,Certified Wood,Sports Equipment,384.57,94.98,81.9,13.21,81.8,Supplier B,EcoCert,2683.39,In Stock
MAT04993,Cork,Office Supplies,225.89,68.33,56.3,5.02,9.5,Supplier E,GOTS,3601.37,In Stock
MAT04994,Recycled Aluminum,Kitchen Utensils,451.99,75.19,81.0,8.04,98.6,Supplier A,FSC,385.12,Pre-Order
MAT04995,Mycelium Leather,Food Packaging,314.91,25.31,79.0,7.91,47.7,Supplier D,FSC,2891.72,Pre-Order
MAT04996,Recycled Copper,Construction,409.61,91.61,36.9,10.13,43.7,Supplier D,None,1738.02,Low Stock
MAT04997,Organic Cotton,Flooring,466.73,48.01,83.3,7.73,90.6,Supplier E,EcoCert,2645.21,Pre-Order
MAT04998,Recycled Glass,Home Decor,428.24,62.95,78.0,9.48,87.9,Supplier E,Cradle to Cradle,2019.39,In Stock
MAT04999,Organic Cotton,Footwear,438.16,9.57,93.4,9.22,29.4,Supplier E,ISO 14001,433.26,Low Stock
MAT05000,Recycled Aluminum,Automotive,401.96,64.22,65.7,5.64,2.1,Supplier B,FSC,3593.07,Low Stock
MAT05001,Wool,Flooring,481.46,39.86,88.5,8.36,66.0,Supplier E,GOTS,2582.13,In Stock
MAT05002,Biodegradable Plastic,Electronics,122.2,94.26,95.1,5.3,64.1,Supplier C,FSC,4134.23,Low Stock
MAT05003,Organic Cotton,Textiles,143.56,17.67,78.7,14.97,37.4,Supplier B,FSC,545.31,Low Stock
MAT05004,Bio-based Polymer,Adhesives,148.29,37.98,55.0,4.11,99.0,Supplier D,None,3166.45,In Stock
MAT05005,Biodegradable Plastic,Insulation,142.53,97.49,70.6,8.72,75.5,Supplier A,GOTS,2519.05,Low Stock
MAT05006,Cork,Flooring,478.89,54.73,51.9,2.58,75.1,Supplier D,Cradle to Cradle,1952.99,In Stock
MAT05007,Organic Cotton,Furniture,174.28,63.47,52.3,1.49,28.1,Supplier A,GOTS,1069.04,Pre-Order
MAT05008,Cork,Flooring,317.2,68.71,44.3,12.44,64.1,Supplier C,FSC,3622.95,In Stock
MAT05009,Bio-based Polymer,Food Packaging,25.62,76.83,66.2,1.12,4.8,Supplier B,GOTS,3268.54,In Stock
MAT05010,Wool,Toys,25.69,41.04,40.1,13.32,79.8,Supplier B,ISO 14001,3046.1,In Stock
MAT05011,Recycled Glass,Construction,162.55,29.94,70.1,2.3,51.3,Supplier D,FSC,3745.79,In Stock
MAT05012,Cork Composite,Kitchen Utensils,394.0,47.44,88.3,10.06,73.4,Supplier B,None,3941.67,Pre-Order
MAT05013,Bio-based Polymer,Textiles,27.18,11.26,30.9,13.44,54.2,Supplier C,ISO 14001,697.2,Low Stock
MAT05014,Cork Composite,Bags & Luggage,492.44,73.47,59.2,8.73,23.6,Supplier C,None,1062.4,In Stock
MAT05015,Wool,Household Items,297.52,81.83,69.8,6.59,64.4,Supplier A,EcoCert,2688.37,Low Stock
MAT05016,Linen,Automotive,245.9,28.36,58.7,14.84,31.6,Supplier D,EcoCert,2915.79,Low Stock
MAT05017,Bio-based Polymer,Furniture,226.43,37.83,80.1,7.21,67.6,Supplier A,FSC,4039.61,In Stock
MAT05018,Recycled Aluminum,Adhesives,289.66,20.3,75.5,13.14,78.8,Supplier D,ISO 14001,2128.95,Pre-Order
MAT05019,Cork Composite,Kitchen Utensils,322.1,1.14,33.7,6.86,86.2,Supplier C,GOTS,3252.77,Low Stock
MAT05020,Bio-based Polymer,Toys,257.83,84.92,95.9,0.5,96.9,Supplier E,Cradle to Cradle,1039.99,Pre-Order
MAT05021,Cellulose,Food Packaging,215.82,78.53,42.9,13.52,34.0,Supplier E,ISO 14001,2412.81,Pre-Order
MAT05022,Cork Composite,Insulation,213.16,64.91,85.9,4.91,65.1,Supplier C,EcoCert,2104.88,Pre-Order
MAT05023,Cork,Automotive,13.78,72.45,31.3,5.98,85.9,Supplier D,ISO 14001,1770.39,Pre-Order
MAT05024,Wool,Furniture,240.51,37.84,99.1,11.99,53.1,Supplier C,GOTS,3297.59,Low Stock
MAT05025,Flax Fiber,Office Supplies,444.54,22.22,66.4,4.28,95.3,Supplier A,EcoCert,1313.06,In Stock
MAT05026,Hemp Fiber,Construction,83.55,35.26,56.8,0.78,7.6,Supplier D,GOTS,817.55,In Stock
MAT05027,Flax Fiber,Home Decor,368.15,1.3,42.5,13.64,37.0,Supplier D,FSC,3110.84,In Stock
MAT05028,Recycled Glass,Adhesives,83.84,95.76,53.8,2.61,65.8,Supplier D,ISO 14001,2123.14,In Stock
MAT05029,Algae-based Material,Construction,404.68,96.71,24.8,14.45,6.1,Supplier C,EcoCert,742.02,Pre-Order
MAT05030,Mushroom Composite,Sports Equipment,143.69,63.27,72.4,3.97,60.3,Supplier D,EcoCert,1716.44,In Stock
MAT05031,Wool,Accessories,380.37,61.67,36.2,7.83,72.4,Supplier D,EcoCert,2265.9,Pre-Order
MAT05032,Cork,Insulation,362.66,40.46,66.5,8.18,34.5,Supplier D,FSC,654.87,Pre-Order
MAT05033,Recycled Copper,Sports Equipment,483.71,11.15,99.8,5.55,74.3,Supplier A,Cradle to Cradle,1159.51,Pre-Order
MAT05034,Bioplastic,Coatings,125.46,54.8,59.2,11.12,36.0,Supplier E,EcoCert,620.01,In Stock
MAT05035,Linen,Flooring,135.27,91.56,52.3,10.17,93.0,Supplier B,EcoCert,3867.8,Pre-Order
MAT05036,Recycled Copper,Home Decor,38.18,40.07,32.3,10.93,40.8,Supplier B,EcoCert,2680.9,In Stock
MAT05037,Recycled Paper,Toys,208.04,46.23,98.5,12.19,53.8,Supplier D,None,1812.72,Pre-Order
MAT05038,Hemp Fiber,Coatings,246.25,53.74,25.4,9.33,35.9,Supplier C,Cradle to Cradle,2461.78,Pre-Order
MAT05039,Seaweed Polymer,Adhesives,448.4,23.54,22.6,3.63,48.6,Supplier D,FSC,336.98,Low Stock
MAT05040,Recycled Metal,Office Supplies,67.5,71.21,39.3,4.55,55.6,Supplier B,Cradle to Cradle,2047.61,Low Stock
MAT05041,Organic Cotton,Flooring,272.91,78.21,28.9,8.28,40.9,Supplier B,FSC,1733.87,Pre-Order
MAT05042,Recycled Glass,Electronics,206.11,94.5,97.7,3.15,46.7,Supplier E,EcoCert,3546.59,Low Stock
MAT05043,Cardboard,Construction,405.92,66.39,61.9,1.0,46.5,Supplier C,FSC,2367.99,Pre-Order
MAT05044,Cellulose,Home Decor,267.09,87.43,20.7,8.89,81.2,Supplier D,Cradle to Cradle,3803.06,Pre-Order
MAT05045,Flax Fiber,Adhesives,88.91,70.03,41.4,12.06,98.9,Supplier C,ISO 14001,2914.96,Low Stock
MAT05046,Bioplastic,Electronics,162.13,75.8,79.8,5.5,60.7,Supplier B,GOTS,1659.17,Low Stock
MAT05047,Hemp Fiber,Office Supplies,422.03,62.24,51.3,10.88,48.7,Supplier E,EcoCert,3041.12,Pre-Order
MAT05048,Recycled PET,Toys,79.79,16.91,75.8,4.96,90.7,Supplier A,GOTS,3075.98,In Stock
MAT05049,Hemp Fiber,Food Packaging,15.13,50.18,30.9,11.74,74.2,Supplier D,Cradle to Cradle,3576.47,Pre-Order
MAT05050,Cardboard,Sports Equipment,349.96,25.08,63.0,1.06,31.9,Supplier B,EcoCert,1170.3,Low Stock
MAT05051,Cellulose,Coatings,341.97,12.58,54.8,13.42,7.0,Supplier A,Cradle to Cradle,3200.48,Low Stock
MAT05052,Biodegradable Plastic,Food Packaging,22.4,61.57,81.6,9.46,8.1,Supplier E,GOTS,1552.1,Pre-Order
MAT05053,Hemp Fiber,Adhesives,447.91,16.52,31.5,4.25,31.9,Supplier C,FSC,3926.73,In Stock
MAT05054,Bio-based Polymer,Construction,57.0,74.56,62.9,9.42,28.0,Supplier E,EcoCert,500.49,Pre-Order
MAT05055,Certified Wood,Cosmetics,455.87,40.8,68.0,3.52,5.2,Supplier C,Cradle to Cradle,2363.84,Pre-Order
MAT05056,Natural Rubber,Adhesives,456.96,48.68,47.9,10.06,76.4,Supplier A,ISO 14001,2547.27,Low Stock
MAT05057,Corn Plastic,Furniture,211.49,12.09,82.8,12.21,51.9,Supplier A,None,2096.58,Pre-Order
MAT05058,Cellulose,Textiles,41.28,82.92,98.5,10.46,57.8,Supplier E,FSC,2560.55,In Stock
MAT05059,Mycelium Leather,Bags & Luggage,74.84,44.64,99.9,8.03,60.2,Supplier E,Cradle to Cradle,2478.38,In Stock
MAT05060,Mushroom Composite,Adhesives,481.27,24.22,82.5,3.21,28.7,Supplier A,EcoCert,1602.73,Low Stock
MAT05061,Recycled Paper,Bags & Luggage,197.83,6.17,94.9,11.29,57.1,Supplier D,ISO 14001,762.77,Low Stock
MAT05062,Flax Fiber,Insulation,183.4,99.88,65.4,5.23,61.3,Supplier E,GOTS,2363.84,Low Stock
MAT05063,Biodegradable Plastic,Coatings,438.21,54.82,95.2,6.7,99.0,Supplier E,FSC,1994.49,Low Stock
MAT05064,Cellulose,Food Packaging,346.79,37.9,60.8,4.94,47.2,Supplier D,FSC,1505.62,In Stock
MAT05065,Biodegradable Plastic,Food Packaging,418.51,39.86,20.5,9.91,30.9,Supplier A,GOTS,2660.98,In Stock
MAT05066,Organic Cotton,Construction,421.63,90.88,73.8,11.02,91.7,Supplier D,None,375.99,Low Stock
MAT05067,Linen,Sports Equipment,419.8,84.8,86.4,0.92,34.9,Supplier E,GOTS,249.0,Pre-Order
MAT05068,Certified Wood,Toys,219.82,48.99,91.3,3.59,80.4,Supplier B,EcoCert,2448.5,In Stock
MAT05069,Bioplastic,Footwear,248.88,23.35,32.2,8.72,59.4,Supplier C,FSC,2974.72,In Stock
MAT05070,Flax Fiber,Adhesives,368.64,93.24,84.6,0.77,12.5,Supplier D,GOTS,716.29,Low Stock
MAT05071,Sustainable Bamboo,Footwear,101.77,67.88,38.2,1.67,7.4,Supplier A,FSC,2685.05,Low Stock
MAT05072,Cellulose,Sports Equipment,383.34,14.23,58.8,3.29,63.2,Supplier B,FSC,2366.33,In Stock
MAT05073,Bioplastic,Insulation,129.25,99.67,49.6,2.86,49.1,Supplier A,FSC,3837.09,Low Stock
MAT05074,Linen,Furniture,402.1,74.04,34.5,6.92,63.3,Supplier D,GOTS,3365.65,Low Stock
MAT05075,Algae-based Material,Office Supplies,212.83,53.62,79.8,14.4,92.0,Supplier A,None,328.68,Low Stock
MAT05076,Algae-based Material,Adhesives,332.22,92.15,76.0,3.62,11.6,Supplier C,ISO 14001,2035.16,In Stock
MAT05077,Natural Rubber,Household Items,118.23,54.81,75.1,12.17,33.3,Supplier E,None,2319.02,In Stock
MAT05078,Cardboard,Toys,314.29,91.17,84.0,9.48,72.4,Supplier C,EcoCert,590.96,Pre-Order
MAT05079,Seaweed Polymer,Textiles,180.3,76.01,70.8,11.91,11.4,Supplier D,Cradle to Cradle,1341.28,In Stock
MAT05080,Bioplastic,Coatings,177.15,11.94,27.5,0.55,83.6,Supplier D,FSC,3826.3,Low Stock
MAT05081,Linen,Sports Equipment,272.8,36.84,88.5,5.05,33.3,Supplier D,FSC,3262.73,Low Stock
MAT05082,Seaweed Polymer,Kitchen Utensils,218.52,36.7,69.7,5.61,60.0,Supplier B,GOTS,838.3,Low Stock
MAT05083,Cork Composite,Construction,124.17,80.41,28.2,6.7,18.5,Supplier C,EcoCert,1874.97,Low Stock
MAT05084,Bioplastic,Textiles,267.98,39.82,45.0,13.35,54.9,Supplier B,None,1097.26,Low Stock
MAT05085,Algae-based Material,Food Packaging,333.01,75.43,36.1,10.04,8.2,Supplier B,GOTS,961.14,Low Stock
MAT05086,Organic Cotton,Textiles,473.66,89.77,33.1,7.85,47.5,Supplier D,EcoCert,1349.58,In Stock
MAT05087,Recycled PET,Automotive,376.59,23.44,69.6,12.19,11.0,Supplier A,EcoCert,3208.78,Pre-Order
MAT05088,Jute,Insulation,88.63,17.85,61.8,5.45,94.7,Supplier C,None,4106.84,In Stock
MAT05089,Organic Cotton,Furniture,320.95,75.38,75.7,10.37,30.4,Supplier C,Cradle to Cradle,2268.39,Low Stock
MAT05090,Biodegradable Plastic,Toys,105.7,48.19,66.0,6.59,74.6,Supplier C,Cradle to Cradle,1549.61,Low Stock
MAT05091,Recycled Aluminum,Adhesives,406.91,6.5,30.0,13.52,74.1,Supplier C,ISO 14001,1211.8,In Stock
MAT05092,Mushroom Composite,Food Packaging,302.69,26.81,45.1,8.98,94.9,Supplier A,GOTS,668.15,In Stock
MAT05093,Mushroom Composite,Sports Equipment,126.08,55.17,20.5,14.46,84.5,Supplier D,ISO 14001,512.94,Pre-Order
MAT05094,Wool,Office Supplies,133.44,91.1,44.3,5.22,99.9,Supplier C,FSC,2127.29,In Stock
MAT05095,Organic Cotton,Home Decor,196.77,10.47,54.8,10.26,38.0,Supplier A,GOTS,3930.88,Low Stock
MAT05096,Hemp Fiber,Furniture,242.83,89.66,61.4,0.6,61.9,Supplier A,None,969.44,Low Stock
MAT05097,Mushroom Composite,Cosmetics,17.64,1.57,28.9,5.93,64.2,Supplier C,GOTS,2783.82,In Stock
MAT05098,Recycled Glass,Adhesives,185.63,28.7,88.6,9.95,32.7,Supplier E,Cradle to Cradle,3252.77,In Stock
MAT05099,Linen,Insulation,27.78,87.33,34.0,6.21,72.6,Supplier E,ISO 14001,3532.48,Pre-Order
MAT05100,Mycelium Leather,Accessories,448.45,52.34,25.5,12.5,31.1,Supplier D,None,723.76,In Stock
MAT05101,Cork,Electronics,413.36,60.81,56.5,0.75,31.2,Supplier C,GOTS,3899.34,Low Stock
MAT05102,Biodegradable Plastic,Accessories,20.73,1.68,73.7,4.29,71.3,Supplier E,EcoCert,661.51,In Stock
MAT05103,Mushroom Composite,Cosmetics,420.93,48.46,36.9,0.91,49.3,Supplier B,None,3449.48,In Stock
MAT05104,Seaweed Polymer,Toys,99.84,21.47,59.7,12.57,61.3,Supplier C,FSC,1456.65,In Stock
MAT05105,Cellulose,Office Supplies,446.4,33.86,23.8,7.23,35.7,Supplier B,FSC,1469.93,Low Stock
MAT05106,Cork Composite,Home Decor,137.49,21.4,97.2,12.33,34.4,Supplier E,Cradle to Cradle,999.32,In Stock
MAT05107,Cork Composite,Footwear,423.3,10.56,74.2,5.53,61.5,Supplier B,Cradle to Cradle,1896.55,In Stock
MAT05108,Cellulose,Office Supplies,413.74,71.79,68.8,9.52,45.8,Supplier A,None,2026.86,Low Stock
MAT05109,Sustainable Bamboo,Household Items,330.82,24.99,93.3,6.11,9.1,Supplier E,ISO 14001,440.73,Pre-Order
MAT05110,Cork,Sports Equipment,189.92,31.74,24.0,9.79,76.1,Supplier C,FSC,2947.33,Low Stock
MAT05111,Recycled Paper,Food Packaging,212.24,54.46,71.7,10.05,16.7,Supplier B,GOTS,2240.17,Low Stock
MAT05112,Bioplastic,Coatings,101.94,64.98,45.5,8.81,36.7,Supplier E,FSC,3770.69,In Stock
MAT05113,Natural Rubber,Cosmetics,324.07,28.59,58.9,3.05,27.1,Supplier C,Cradle to Cradle,1939.71,Low Stock
MAT05114,Natural Rubber,Textiles,89.57,84.75,84.8,10.26,61.8,Supplier D,FSC,1493.17,Pre-Order
MAT05115,Cork,Sports Equipment,250.32,42.92,81.8,1.34,8.0,Supplier B,FSC,179.28,Pre-Order
MAT05116,Sustainable Bamboo,Accessories,120.0,76.26,76.0,7.98,35.6,Supplier C,FSC,1003.47,In Stock
MAT05117,Recycled Glass,Footwear,371.18,22.23,83.4,4.68,77.6,Supplier D,GOTS,1486.53,Pre-Order
MAT05118,Mushroom Composite,Flooring,358.96,23.88,54.0,8.04,20.0,Supplier C,FSC,2927.41,Low Stock
MAT05119,Recycled Glass,Furniture,27.6,85.85,95.1,10.49,93.2,Supplier A,GOTS,1518.9,In Stock
MAT05120,Cardboard,Furniture,343.34,29.37,50.4,14.21,2.1,Supplier E,None,3298.42,Pre-Order
MAT05121,Cellulose,Adhesives,406.5,73.75,32.1,11.36,47.0,Supplier D,GOTS,4000.6,Low Stock
MAT05122,Organic Cotton,Electronics,277.32,66.78,26.1,12.11,81.9,Supplier A,None,812.57,In Stock
MAT05123,Cork,Adhesives,175.74,36.98,34.3,12.97,41.8,Supplier B,FSC,2206.14,In Stock
MAT05124,Algae-based Material,Home Decor,456.5,10.77,98.1,14.06,40.9,Supplier B,Cradle to Cradle,1084.81,Pre-Order
MAT05125,Recycled Copper,Construction,65.76,27.14,36.2,7.38,33.6,Supplier C,ISO 14001,310.42,Pre-Order
MAT05126,Linen,Kitchen Utensils,276.34,44.62,64.0,12.24,76.6,Supplier A,None,3990.64,Low Stock
MAT05127,Cork Composite,Coatings,59.21,18.68,62.9,3.2,90.6,Supplier D,FSC,2979.7,Low Stock
MAT05128,Certified Wood,Household Items,213.12,68.37,36.6,10.9,82.2,Supplier B,ISO 14001,2407.83,In Stock
MAT05129,Natural Rubber,Toys,50.6,46.04,34.1,10.7,10.0,Supplier C,FSC,1334.64,Low Stock
MAT05130,Algae-based Material,Kitchen Utensils,224.15,78.04,70.4,0.6,18.2,Supplier D,GOTS,1023.39,In Stock
MAT05131,Wool,Adhesives,124.03,62.63,80.8,8.24,50.9,Supplier E,None,4062.85,Low Stock
MAT05132,Biodegradable Plastic,Kitchen Utensils,350.97,44.23,95.0,14.87,57.0,Supplier B,None,2582.96,Pre-Order
MAT05133,Organic Cotton,Adhesives,499.11,13.21,91.6,8.74,56.2,Supplier D,GOTS,3425.41,Low Stock
MAT05134,Organic Cotton,Automotive,124.9,66.28,67.9,10.1,3.6,Supplier C,GOTS,1318.04,In Stock
MAT05135,Cardboard,Bags & Luggage,264.66,40.25,37.4,13.87,45.3,Supplier B,FSC,1494.0,Low Stock
MAT05136,Recycled Paper,Construction,257.3,81.68,68.4,6.42,43.4,Supplier E,GOTS,1889.91,Pre-Order
MAT05137,Corn Plastic,Household Items,114.14,9.8,32.9,1.47,71.2,Supplier C,ISO 14001,2930.73,Low Stock
MAT05138,Flax Fiber,Coatings,134.0,46.7,83.0,14.06,73.4,Supplier C,None,2892.55,In Stock
MAT05139,Sustainable Bamboo,Electronics,176.56,44.46,25.3,1.16,20.5,Supplier B,Cradle to Cradle,385.12,Low Stock
MAT05140,Recycled Aluminum,Sports Equipment,30.33,92.15,63.7,8.88,33.1,Supplier D,EcoCert,1692.37,In Stock
MAT05141,Natural Rubber,Flooring,156.7,26.33,32.9,1.95,56.7,Supplier B,None,3230.36,In Stock
MAT05142,Bio-based Polymer,Home Decor,356.53,96.56,63.9,1.16,13.9,Supplier A,EcoCert,4026.33,Pre-Order
MAT05143,Organic Cotton,Insulation,31.81,27.98,72.3,13.16,72.1,Supplier E,EcoCert,3067.68,In Stock
MAT05144,Natural Rubber,Textiles,401.11,30.9,28.3,0.53,78.8,Supplier A,None,2390.4,In Stock
MAT05145,Flax Fiber,Accessories,340.51,48.44,41.8,2.84,60.1,Supplier B,Cradle to Cradle,1765.41,Low Stock
MAT05146,Sustainable Bamboo,Automotive,94.16,41.78,56.2,5.14,26.7,Supplier E,None,1039.16,In Stock
MAT05147,Recycled Glass,Bags & Luggage,113.82,92.89,51.8,12.79,12.6,Supplier A,Cradle to Cradle,270.58,Low Stock
MAT05148,Flax Fiber,Household Items,77.73,67.6,94.3,10.64,82.3,Supplier D,EcoCert,3373.95,Pre-Order
MAT05149,Natural Rubber,Automotive,231.58,81.49,99.6,7.8,17.7,Supplier E,None,2430.24,Pre-Order
MAT05150,Organic Cotton,Automotive,84.68,78.55,81.5,6.15,93.6,Supplier E,ISO 14001,3686.86,Pre-Order
MAT05151,Seaweed Polymer,Kitchen Utensils,10.78,1.79,80.9,7.29,70.6,Supplier B,GOTS,2585.45,In Stock
MAT05152,Corn Plastic,Bags & Luggage,315.15,8.41,47.3,3.59,11.7,Supplier C,FSC,384.29,In Stock
MAT05153,Cardboard,Coatings,242.24,53.61,24.1,13.52,23.6,Supplier C,EcoCert,3207.12,Low Stock
MAT05154,Bio-based Polymer,Home Decor,107.17,9.56,31.1,10.43,32.3,Supplier A,ISO 14001,1122.99,In Stock
MAT05155,Bio-based Polymer,Bags & Luggage,476.02,57.96,84.6,4.44,76.3,Supplier A,FSC,3816.34,In Stock
MAT05156,Sustainable Bamboo,Textiles,184.82,59.89,60.3,9.35,98.7,Supplier C,FSC,3156.49,In Stock
MAT05157,Jute,Sports Equipment,106.77,37.43,90.7,0.76,88.1,Supplier B,None,2615.33,Pre-Order
MAT05158,Recycled Glass,Adhesives,67.57,8.53,85.7,9.79,19.6,Supplier D,Cradle to Cradle,3432.05,Low Stock
MAT05159,Sustainable Bamboo,Furniture,206.46,42.45,92.6,3.34,8.3,Supplier C,FSC,3861.99,In Stock
MAT05160,Mushroom Composite,Construction,114.15,88.25,75.0,12.55,51.2,Supplier B,None,1445.03,Pre-Order
MAT05161,Recycled PET,Coatings,288.38,71.49,67.7,6.39,97.4,Supplier E,FSC,1982.87,Pre-Order
MAT05162,Hemp Fiber,Home Decor,96.38,67.23,59.7,14.7,38.8,Supplier D,GOTS,191.73,In Stock
MAT05163,Recycled Metal,Furniture,465.52,94.58,79.0,1.61,28.1,Supplier C,Cradle to Cradle,786.01,Pre-Order
MAT05164,Cork,Electronics,442.92,45.8,46.7,2.05,19.7,Supplier A,FSC,2148.04,Pre-Order
MAT05165,Mycelium Leather,Adhesives,66.36,11.12,21.3,5.52,38.0,Supplier D,FSC,2577.15,Low Stock
MAT05166,Recycled Glass,Automotive,237.58,16.13,25.9,13.71,40.6,Supplier C,GOTS,3937.52,In Stock
MAT05167,Linen,Kitchen Utensils,214.91,65.14,81.4,9.36,43.3,Supplier D,Cradle to Cradle,2792.12,Pre-Order
MAT05168,Bio-based Polymer,Office Supplies,301.97,41.43,35.6,13.44,8.9,Supplier B,FSC,1092.28,Low Stock
MAT05169,Bioplastic,Insulation,370.96,94.46,64.0,2.46,9.5,Supplier B,None,1967.93,Low Stock
MAT05170,Wool,Kitchen Utensils,69.11,57.1,25.6,12.92,28.3,Supplier E,GOTS,540.33,In Stock
MAT05171,Recycled Glass,Toys,183.8,95.14,98.0,11.22,79.6,Supplier E,GOTS,2336.45,Pre-Order
MAT05172,Recycled Metal,Office Supplies,24.33,42.45,90.5,12.69,97.1,Supplier C,None,1992.0,Low Stock
MAT05173,Sustainable Bamboo,Footwear,391.55,75.58,65.2,6.02,7.0,Supplier E,FSC,3893.53,Pre-Order
MAT05174,Cork,Automotive,368.54,95.37,56.1,9.19,91.1,Supplier A,Cradle to Cradle,2176.26,Pre-Order
MAT05175,Biodegradable Plastic,Furniture,36.87,70.64,81.6,4.64,74.8,Supplier A,ISO 14001,2089.11,In Stock
MAT05176,Recycled Paper,Construction,239.69,3.43,87.4,2.52,23.4,Supplier C,None,2270.05,Pre-Order
MAT05177,Corn Plastic,Bags & Luggage,354.09,82.26,75.5,2.52,62.6,Supplier A,Cradle to Cradle,4076.13,In Stock
MAT05178,Recycled Metal,Furniture,32.4,21.26,49.7,8.53,22.3,Supplier E,None,2461.78,Low Stock
MAT05179,Sustainable Bamboo,Textiles,352.38,95.77,70.1,14.88,58.3,Supplier D,FSC,3206.29,Pre-Order
MAT05180,Corn Plastic,Toys,304.79,44.46,99.3,6.16,43.8,Supplier B,FSC,2291.63,Low Stock
MAT05181,Biodegradable Plastic,Insulation,360.0,19.05,67.5,6.06,87.3,Supplier D,GOTS,3544.1,In Stock
MAT05182,Recycled Glass,Household Items,346.29,79.83,50.1,7.16,19.8,Supplier B,ISO 14001,3744.96,Low Stock
MAT05183,Mushroom Composite,Cosmetics,161.62,67.95,87.5,9.72,80.9,Supplier A,EcoCert,2613.67,Pre-Order
MAT05184,Flax Fiber,Toys,79.2,18.14,67.2,1.65,20.8,Supplier E,GOTS,3190.52,In Stock
MAT05185,Cellulose,Furniture,296.66,99.97,91.9,8.9,55.0,Supplier A,None,3173.09,Pre-Order
MAT05186,Recycled PET,Adhesives,211.0,89.39,21.7,5.4,0.1,Supplier C,EcoCert,1977.06,Low Stock
MAT05187,Recycled Paper,Footwear,148.61,84.84,33.7,1.9,84.0,Supplier E,None,827.51,In Stock
MAT05188,Recycled Metal,Flooring,147.68,95.21,41.1,13.93,79.6,Supplier D,EcoCert,1796.95,In Stock
MAT05189,Wool,Sports Equipment,406.37,28.03,24.7,11.24,76.7,Supplier A,None,4076.96,Pre-Order
MAT05190,Jute,Accessories,75.03,51.09,35.7,0.7,90.0,Supplier C,ISO 14001,1441.71,In Stock
MAT05191,Hemp Fiber,Kitchen Utensils,211.35,16.71,53.2,11.08,60.1,Supplier C,FSC,652.38,Low Stock
MAT05192,Seaweed Polymer,Insulation,113.06,35.64,84.2,3.9,49.3,Supplier A,Cradle to Cradle,458.16,Low Stock
MAT05193,Seaweed Polymer,Household Items,360.13,41.64,60.0,12.19,10.6,Supplier E,ISO 14001,922.96,In Stock
MAT05194,Cork Composite,Food Packaging,444.81,83.37,71.9,14.13,52.1,Supplier C,None,3588.92,In Stock
MAT05195,Corn Plastic,Textiles,279.95,53.04,93.3,12.49,5.3,Supplier A,FSC,1302.27,In Stock
MAT05196,Cork Composite,Home Decor,132.49,34.45,82.8,14.59,50.9,Supplier A,ISO 14001,2198.67,Low Stock
MAT05197,Recycled Paper,Insulation,65.71,14.92,39.4,6.72,81.2,Supplier D,Cradle to Cradle,1756.28,In Stock
MAT05198,Recycled Metal,Toys,56.59,56.54,34.4,8.17,63.3,Supplier D,EcoCert,2381.27,Pre-Order
MAT05199,Seaweed Polymer,Toys,479.58,54.98,88.3,3.38,95.4,Supplier D,None,1080.66,Low Stock
MAT05200,Recycled Copper,Food Packaging,180.56,9.78,71.9,11.56,71.7,Supplier A,None,2055.91,Pre-Order
MAT05201,Biodegradable Plastic,Automotive,498.95,17.3,27.5,2.15,7.9,Supplier E,FSC,1353.73,Low Stock
MAT05202,Cellulose,Cosmetics,417.19,30.79,38.7,4.47,29.6,Supplier D,EcoCert,1687.39,Pre-Order
MAT05203,Recycled Aluminum,Footwear,81.88,33.44,53.0,4.85,93.2,Supplier A,ISO 14001,3156.49,Pre-Order
MAT05204,Recycled PET,Sports Equipment,267.72,73.31,38.1,4.51,0.7,Supplier E,GOTS,1195.2,In Stock
MAT05205,Wool,Cosmetics,107.07,5.33,22.1,11.75,85.9,Supplier A,Cradle to Cradle,447.37,Pre-Order
MAT05206,Organic Cotton,Office Supplies,345.79,40.79,78.7,12.89,31.1,Supplier B,None,2915.79,In Stock
MAT05207,Bioplastic,Flooring,249.49,53.56,81.5,13.82,88.5,Supplier E,Cradle to Cradle,2205.31,Pre-Order
MAT05208,Linen,Coatings,78.45,78.29,40.4,4.21,32.7,Supplier C,Cradle to Cradle,1918.96,Low Stock
MAT05209,Bio-based Polymer,Cosmetics,397.53,78.27,52.8,3.34,96.5,Supplier E,ISO 14001,774.39,Low Stock
MAT05210,Biodegradable Plastic,Household Items,296.26,92.22,96.2,7.42,70.1,Supplier A,EcoCert,3608.84,In Stock
MAT05211,Sustainable Bamboo,Toys,37.39,80.38,53.9,12.45,92.2,Supplier D,FSC,1132.95,In Stock
MAT05212,Flax Fiber,Insulation,398.95,78.88,66.1,12.71,51.4,Supplier A,GOTS,1162.83,Low Stock
MAT05213,Recycled Paper,Home Decor,349.98,9.75,91.7,2.8,41.7,Supplier C,Cradle to Cradle,1713.12,Pre-Order
MAT05214,Mycelium Leather,Textiles,343.49,32.24,51.2,7.13,33.5,Supplier A,ISO 14001,3246.13,In Stock
MAT05215,Recycled Metal,Food Packaging,469.23,2.78,61.8,10.03,69.3,Supplier E,FSC,2660.15,Low Stock
MAT05216,Recycled Aluminum,Sports Equipment,250.36,59.38,34.9,14.25,40.9,Supplier C,FSC,1606.05,Low Stock
MAT05217,Recycled PET,Sports Equipment,48.31,3.8,77.0,12.78,87.7,Supplier E,None,913.0,Pre-Order
MAT05218,Cellulose,Household Items,272.4,84.21,53.4,7.81,67.2,Supplier E,None,2831.96,In Stock
MAT05219,Cork Composite,Electronics,411.37,21.21,96.3,2.84,60.3,Supplier D,EcoCert,2817.02,Low Stock
MAT05220,Cork,Construction,414.83,13.26,75.2,1.44,24.0,Supplier E,EcoCert,3755.75,In Stock
MAT05221,Biodegradable Plastic,Adhesives,16.71,1.73,39.8,14.02,87.5,Supplier C,None,1539.65,Pre-Order
MAT05222,Recycled Aluminum,Electronics,61.96,31.1,90.1,6.77,73.6,Supplier C,Cradle to Cradle,756.13,Pre-Order
MAT05223,Cardboard,Food Packaging,339.56,81.87,67.8,9.36,61.1,Supplier D,None,735.38,Pre-Order
MAT05224,Recycled Aluminum,Electronics,142.9,20.1,68.4,1.49,59.5,Supplier A,EcoCert,2458.46,In Stock
MAT05225,Cork Composite,Flooring,215.79,27.41,80.3,3.22,13.3,Supplier D,ISO 14001,2503.28,Low Stock
MAT05226,Flax Fiber,Furniture,200.54,45.06,97.3,13.34,45.5,Supplier C,FSC,2992.15,Pre-Order
MAT05227,Jute,Adhesives,356.24,93.4,83.1,10.49,62.3,Supplier C,None,1590.28,Pre-Order
MAT05228,Cellulose,Coatings,236.45,54.45,78.3,10.24,26.5,Supplier C,GOTS,2915.79,In Stock
MAT05229,Seaweed Polymer,Toys,378.6,47.76,48.9,11.99,80.5,Supplier C,ISO 14001,2048.44,Low Stock
MAT05230,Jute,Automotive,140.1,84.42,62.7,8.38,95.2,Supplier E,EcoCert,3627.93,Pre-Order
MAT05231,Corn Plastic,Office Supplies,226.53,96.13,77.3,13.03,10.1,Supplier A,EcoCert,3700.14,In Stock
MAT05232,Mushroom Composite,Toys,40.5,92.17,87.0,1.67,87.6,Supplier B,GOTS,253.15,Pre-Order
MAT05233,Corn Plastic,Insulation,430.65,21.97,98.8,11.33,54.6,Supplier A,GOTS,3210.44,In Stock
MAT05234,Recycled Glass,Office Supplies,96.68,48.0,55.0,11.05,79.5,Supplier B,FSC,3515.05,Low Stock
MAT05235,Wool,Automotive,245.95,23.5,23.8,10.08,1.2,Supplier C,GOTS,1384.44,Low Stock
MAT05236,Cellulose,Flooring,148.82,90.39,97.1,3.09,6.3,Supplier A,EcoCert,3143.21,Low Stock
MAT05237,Recycled Glass,Coatings,199.65,42.44,59.0,12.13,66.5,Supplier D,EcoCert,394.25,In Stock
MAT05238,Recycled Aluminum,Coatings,47.23,87.17,65.7,9.79,97.2,Supplier E,GOTS,2763.9,Low Stock
MAT05239,Recycled PET,Sports Equipment,43.39,2.9,65.9,2.21,75.2,Supplier C,Cradle to Cradle,1024.22,Pre-Order
MAT05240,Bio-based Polymer,Bags & Luggage,246.39,40.39,25.5,14.7,72.6,Supplier B,EcoCert,2536.48,In Stock
MAT05241,Certified Wood,Toys,381.47,86.22,97.9,5.48,2.3,Supplier C,GOTS,3369.8,Low Stock
MAT05242,Sustainable Bamboo,Home Decor,218.95,84.44,81.5,10.36,4.1,Supplier D,FSC,3781.48,Low Stock
MAT05243,Certified Wood,Sports Equipment,85.83,88.54,89.6,0.82,11.4,Supplier E,FSC,1438.39,Pre-Order
MAT05244,Cork,Adhesives,353.26,32.72,56.8,2.2,22.7,Supplier D,None,2070.85,Pre-Order
MAT05245,Biodegradable Plastic,Toys,100.52,67.51,37.3,13.42,27.9,Supplier B,FSC,4071.98,In Stock
MAT05246,Cellulose,Toys,446.67,48.68,49.3,7.63,61.1,Supplier D,Cradle to Cradle,1245.83,Pre-Order
MAT05247,Natural Rubber,Furniture,417.07,28.45,97.4,4.76,28.3,Supplier E,EcoCert,1833.47,Pre-Order
MAT05248,Algae-based Material,Food Packaging,444.88,44.69,58.1,9.69,28.6,Supplier E,GOTS,3325.81,Pre-Order
MAT05249,Recycled Copper,Toys,279.08,40.05,43.9,1.77,69.6,Supplier B,Cradle to Cradle,881.46,Pre-Order
MAT05250,Hemp Fiber,Household Items,199.1,68.46,87.8,9.45,55.9,Supplier D,GOTS,1612.69,In Stock
MAT05251,Bio-based Polymer,Flooring,250.36,88.6,46.1,1.75,46.7,Supplier B,GOTS,2278.35,Pre-Order
MAT05252,Sustainable Bamboo,Household Items,149.48,90.33,73.2,6.9,44.5,Supplier B,EcoCert,1789.48,Low Stock
MAT05253,Wool,Cosmetics,477.47,99.77,35.5,8.1,43.9,Supplier B,Cradle to Cradle,3257.75,Low Stock
MAT05254,Recycled Aluminum,Sports Equipment,484.63,87.61,73.4,7.83,52.2,Supplier C,None,1688.22,In Stock
MAT05255,Biodegradable Plastic,Bags & Luggage,346.16,4.01,85.6,5.2,53.5,Supplier B,FSC,1345.43,In Stock
MAT05256,Linen,Furniture,138.31,41.29,27.4,10.96,85.8,Supplier C,FSC,3241.15,In Stock
MAT05257,Recycled Metal,Cosmetics,153.61,8.1,88.7,10.83,12.5,Supplier D,EcoCert,2619.48,In Stock
MAT05258,Algae-based Material,Sports Equipment,333.86,43.29,83.0,13.85,25.3,Supplier A,ISO 14001,3505.09,Low Stock
MAT05259,Biodegradable Plastic,Home Decor,287.67,61.79,57.0,2.05,89.7,Supplier C,None,2905.83,In Stock
MAT05260,Bio-based Polymer,Office Supplies,161.04,74.06,41.0,6.09,90.1,Supplier E,GOTS,1499.81,Pre-Order
MAT05261,Cardboard,Insulation,231.65,79.6,94.6,13.83,11.5,Supplier B,ISO 14001,2328.98,In Stock
MAT05262,Bio-based Polymer,Toys,361.13,9.17,72.2,7.76,6.0,Supplier C,EcoCert,493.85,Pre-Order
MAT05263,Recycled Paper,Food Packaging,362.71,97.57,40.3,14.62,31.5,Supplier C,Cradle to Cradle,3567.34,Pre-Order
MAT05264,Cardboard,Accessories,152.16,64.87,32.0,3.12,88.3,Supplier B,None,438.24,Pre-Order
MAT05265,Sustainable Bamboo,Insulation,398.09,63.82,53.3,8.91,72.6,Supplier E,FSC,1212.63,Low Stock
MAT05266,Recycled Aluminum,Flooring,324.16,52.91,51.2,7.98,75.4,Supplier E,Cradle to Cradle,987.7,Low Stock
MAT05267,Mushroom Composite,Household Items,380.9,43.27,57.9,13.56,19.0,Supplier B,GOTS,378.48,Low Stock
MAT05268,Linen,Coatings,267.36,35.42,63.3,9.41,2.9,Supplier D,ISO 14001,410.02,Pre-Order
MAT05269,Recycled Glass,Toys,266.98,97.39,85.3,2.63,84.5,Supplier C,EcoCert,1325.51,Pre-Order
MAT05270,Recycled Aluminum,Adhesives,281.16,18.57,41.4,11.51,38.9,Supplier B,ISO 14001,3985.66,In Stock
MAT05271,Recycled Copper,Flooring,345.32,79.87,75.0,1.12,94.7,Supplier E,FSC,1992.83,Pre-Order
MAT05272,Recycled Aluminum,Food Packaging,298.56,10.11,26.4,2.51,18.2,Supplier C,None,3161.47,In Stock
MAT05273,Recycled Metal,Flooring,183.44,21.81,60.8,0.96,29.1,Supplier D,None,596.77,Low Stock
MAT05274,Bio-based Polymer,Accessories,249.39,1.12,63.0,13.64,49.8,Supplier E,ISO 14001,1647.55,In Stock
MAT05275,Cork,Automotive,87.63,72.81,22.1,4.01,76.0,Supplier C,FSC,2016.07,In Stock
MAT05276,Jute,Toys,478.01,88.18,44.8,4.45,63.6,Supplier A,FSC,475.59,In Stock
MAT05277,Cork,Accessories,276.93,66.74,48.3,4.23,44.7,Supplier D,FSC,1897.38,In Stock
MAT05278,Recycled Copper,Home Decor,278.51,54.27,26.2,6.63,74.4,Supplier E,EcoCert,3202.14,Low Stock
MAT05279,Algae-based Material,Construction,77.91,21.4,92.9,10.37,87.9,Supplier C,EcoCert,760.28,Pre-Order
MAT05280,Bioplastic,Flooring,105.77,62.06,75.1,0.8,54.3,Supplier B,GOTS,1230.89,Low Stock
MAT05281,Biodegradable Plastic,Sports Equipment,230.76,6.79,59.9,9.49,67.5,Supplier B,GOTS,4040.44,Low Stock
MAT05282,Flax Fiber,Bags & Luggage,157.22,82.75,57.5,9.98,96.4,Supplier B,ISO 14001,442.39,Low Stock
MAT05283,Seaweed Polymer,Sports Equipment,402.2,83.55,36.9,10.27,13.1,Supplier C,GOTS,792.65,Pre-Order
MAT05284,Recycled Copper,Sports Equipment,444.16,57.62,42.4,6.7,28.7,Supplier A,ISO 14001,2211.95,Pre-Order
MAT05285,Biodegradable Plastic,Furniture,429.88,55.92,47.6,10.82,13.5,Supplier B,None,924.62,Low Stock
MAT05286,Certified Wood,Food Packaging,420.84,49.6,25.7,2.74,30.6,Supplier A,FSC,605.9,In Stock
MAT05287,Algae-based Material,Toys,408.91,93.01,61.3,12.7,3.1,Supplier D,None,1159.51,Pre-Order
MAT05288,Cellulose,Footwear,288.86,49.87,50.3,9.56,31.3,Supplier A,None,2996.3,Pre-Order
MAT05289,Wool,Textiles,285.97,41.06,70.4,4.37,74.5,Supplier B,GOTS,4130.08,Low Stock
MAT05290,Recycled Metal,Furniture,294.76,79.03,33.8,13.4,86.2,Supplier E,Cradle to Cradle,3682.71,In Stock
MAT05291,Wool,Food Packaging,480.66,4.97,89.8,3.09,98.8,Supplier B,None,1596.09,In Stock
MAT05292,Recycled Paper,Insulation,297.35,58.01,48.7,14.8,4.9,Supplier A,GOTS,2441.86,Low Stock
MAT05293,Linen,Cosmetics,426.15,12.54,87.9,13.04,28.6,Supplier B,GOTS,3605.52,Low Stock
MAT05294,Corn Plastic,Home Decor,449.49,61.77,28.0,2.27,48.7,Supplier D,Cradle to Cradle,2427.75,Low Stock
MAT05295,Recycled Paper,Office Supplies,262.3,63.33,60.2,7.2,43.0,Supplier D,FSC,320.38,In Stock
MAT05296,Jute,Electronics,126.93,98.75,24.3,10.49,90.0,Supplier D,FSC,1521.39,In Stock
MAT05297,Recycled Copper,Toys,394.45,95.17,94.7,10.58,34.9,Supplier C,ISO 14001,3529.99,Pre-Order
MAT05298,Jute,Coatings,408.69,78.01,70.9,5.05,89.7,Supplier D,Cradle to Cradle,1686.56,Low Stock
MAT05299,Linen,Household Items,211.75,85.83,29.6,2.9,50.5,Supplier A,ISO 14001,199.2,Pre-Order
MAT05300,Organic Cotton,Furniture,382.42,96.36,41.0,6.99,27.1,Supplier A,Cradle to Cradle,3080.96,In Stock
MAT05301,Mushroom Composite,Automotive,103.33,18.86,46.0,10.99,66.3,Supplier B,FSC,2326.49,Low Stock
MAT05302,Jute,Automotive,324.68,14.99,99.7,10.95,26.9,Supplier C,GOTS,342.79,In Stock
MAT05303,Cardboard,Kitchen Utensils,208.39,46.72,99.9,14.98,43.7,Supplier A,ISO 14001,334.49,In Stock
MAT05304,Certified Wood,Coatings,52.28,98.73,62.4,6.03,64.4,Supplier E,FSC,1234.21,Pre-Order
MAT05305,Cork,Furniture,478.96,51.31,66.2,4.63,12.8,Supplier D,FSC,4032.14,In Stock
MAT05306,Natural Rubber,Home Decor,320.35,67.93,23.8,0.77,48.1,Supplier C,Cradle to Cradle,2151.36,Low Stock
MAT05307,Organic Cotton,Furniture,63.73,92.97,37.9,11.01,13.6,Supplier A,None,932.92,Pre-Order
MAT05308,Algae-based Material,Household Items,144.56,39.43,94.6,5.14,10.5,Supplier E,ISO 14001,955.33,In Stock
MAT05309,Mushroom Composite,Home Decor,360.31,90.68,43.9,2.08,94.1,Supplier B,FSC,870.67,Low Stock
MAT05310,Recycled Copper,Household Items,495.5,45.9,25.3,13.0,95.9,Supplier B,FSC,3996.45,Low Stock
MAT05311,Wool,Food Packaging,42.72,42.8,35.4,1.14,29.5,Supplier E,Cradle to Cradle,3051.91,In Stock
MAT05312,Bio-based Polymer,Kitchen Utensils,293.03,8.82,23.0,2.76,38.8,Supplier D,Cradle to Cradle,2744.81,Low Stock
MAT05313,Jute,Coatings,306.68,61.8,20.0,10.58,30.1,Supplier E,Cradle to Cradle,2179.58,In Stock
MAT05314,Bioplastic,Home Decor,198.27,86.52,28.0,12.39,86.0,Supplier E,FSC,910.51,In Stock
MAT05315,Flax Fiber,Electronics,493.63,32.01,54.5,3.68,56.2,Supplier E,Cradle to Cradle,1112.2,Low Stock
MAT05316,Hemp Fiber,Furniture,348.62,20.62,96.6,8.88,98.2,Supplier E,Cradle to Cradle,702.18,Pre-Order
MAT05317,Organic Cotton,Flooring,346.16,12.89,58.0,9.88,54.5,Supplier C,None,1034.18,Low Stock
MAT05318,Seaweed Polymer,Adhesives,480.1,93.69,73.4,2.96,2.9,Supplier E,EcoCert,3389.72,Pre-Order
MAT05319,Recycled Metal,Bags & Luggage,389.14,53.34,39.2,0.66,80.0,Supplier A,None,1559.57,Pre-Order
MAT05320,Flax Fiber,Insulation,390.78,37.46,70.1,14.33,25.4,Supplier A,None,1320.53,In Stock
MAT05321,Mushroom Composite,Flooring,180.51,24.02,98.5,13.76,24.0,Supplier E,FSC,506.3,Low Stock
MAT05322,Recycled Copper,Automotive,468.53,84.72,84.8,6.92,78.3,Supplier D,EcoCert,1315.55,Pre-Order
MAT05323,Cellulose,Furniture,77.47,95.77,26.3,8.58,38.6,Supplier D,Cradle to Cradle,2053.42,Pre-Order
MAT05324,Organic Cotton,Textiles,13.32,29.16,34.0,14.48,49.1,Supplier A,Cradle to Cradle,1037.5,Low Stock
MAT05325,Natural Rubber,Toys,380.86,26.91,57.9,9.39,50.2,Supplier A,ISO 14001,2710.78,In Stock
MAT05326,Biodegradable Plastic,Electronics,439.47,9.93,39.1,12.59,68.7,Supplier A,GOTS,837.47,Pre-Order
MAT05327,Recycled Aluminum,Electronics,135.08,1.79,27.5,12.4,24.7,Supplier E,FSC,3302.57,In Stock
MAT05328,Certified Wood,Insulation,433.56,88.1,66.4,7.26,49.2,Supplier C,FSC,752.81,Pre-Order
MAT05329,Recycled PET,Sports Equipment,475.78,32.91,26.0,11.11,74.2,Supplier D,EcoCert,3831.28,Pre-Order
MAT05330,Organic Cotton,Home Decor,452.88,63.89,79.5,3.34,91.2,Supplier E,Cradle to Cradle,3926.73,Low Stock
MAT05331,Cardboard,Food Packaging,465.93,63.32,67.2,4.73,46.1,Supplier A,EcoCert,4131.74,In Stock
MAT05332,Flax Fiber,Coatings,379.4,86.71,83.1,3.73,52.2,Supplier D,GOTS,688.9,Low Stock
MAT05333,Organic Cotton,Adhesives,240.35,63.87,82.3,5.99,88.7,Supplier D,Cradle to Cradle,706.33,Pre-Order
MAT05334,Bioplastic,Adhesives,67.91,73.24,65.9,8.71,15.8,Supplier D,Cradle to Cradle,3022.86,Pre-Order
MAT05335,Biodegradable Plastic,Flooring,407.79,43.01,82.8,5.65,92.0,Supplier E,None,3318.34,Low Stock
MAT05336,Certified Wood,Coatings,230.46,66.7,45.6,13.67,46.4,Supplier B,None,1894.06,Pre-Order
MAT05337,Seaweed Polymer,Flooring,17.68,90.34,45.4,11.12,41.1,Supplier B,Cradle to Cradle,696.37,In Stock
MAT05338,Corn Plastic,Accessories,287.31,28.63,81.8,10.52,92.7,Supplier D,Cradle to Cradle,3030.33,Pre-Order
MAT05339,Mushroom Composite,Office Supplies,409.8,45.43,55.7,9.85,54.5,Supplier C,Cradle to Cradle,3908.47,In Stock
MAT05340,Recycled Copper,Home Decor,86.15,97.33,99.6,14.11,13.5,Supplier A,None,1156.19,Low Stock
MAT05341,Mushroom Composite,Toys,343.42,58.79,83.9,7.86,88.7,Supplier B,EcoCert,4082.77,Pre-Order
MAT05342,Corn Plastic,Home Decor,173.5,75.43,85.4,6.28,75.7,Supplier E,EcoCert,385.95,In Stock
MAT05343,Cardboard,Food Packaging,224.93,73.46,78.0,12.57,67.2,Supplier A,Cradle to Cradle,3288.46,In Stock
MAT05344,Cork,Cosmetics,179.44,28.92,81.8,4.76,7.9,Supplier C,Cradle to Cradle,3459.44,In Stock
MAT05345,Cellulose,Insulation,486.07,29.24,79.4,7.58,11.2,Supplier B,GOTS,1918.13,Pre-Order
MAT05346,Mushroom Composite,Bags & Luggage,416.08,38.34,40.5,6.63,83.0,Supplier A,EcoCert,4046.25,Low Stock
MAT05347,Organic Cotton,Sports Equipment,467.41,63.48,82.3,11.7,96.4,Supplier A,EcoCert,877.31,Pre-Order
MAT05348,Linen,Automotive,284.23,49.76,26.7,10.84,14.3,Supplier D,Cradle to Cradle,568.55,Low Stock
MAT05349,Recycled Paper,Cosmetics,341.69,62.35,60.9,2.22,11.1,Supplier C,None,1232.55,Pre-Order
MAT05350,Recycled Aluminum,Coatings,87.76,89.15,58.1,1.64,51.6,Supplier A,FSC,2589.6,In Stock
MAT05351,Sustainable Bamboo,Accessories,61.27,55.97,71.8,0.97,3.5,Supplier D,ISO 14001,3826.3,Pre-Order
MAT05352,Sustainable Bamboo,Kitchen Utensils,126.58,9.9,98.1,13.54,25.7,Supplier D,GOTS,516.26,Low Stock
MAT05353,Recycled Glass,Bags & Luggage,52.09,98.62,96.7,12.96,93.4,Supplier E,ISO 14001,1521.39,Low Stock
MAT05354,Seaweed Polymer,Footwear,375.54,9.63,72.5,6.39,2.4,Supplier B,FSC,948.69,Pre-Order
MAT05355,Jute,Footwear,259.4,33.94,24.4,14.09,26.2,Supplier C,None,1463.29,In Stock
MAT05356,Sustainable Bamboo,Adhesives,52.94,37.22,51.8,7.18,80.7,Supplier E,Cradle to Cradle,2760.58,Pre-Order
MAT05357,Cork Composite,Kitchen Utensils,247.87,62.88,85.8,3.52,6.5,Supplier B,GOTS,3339.92,Low Stock
MAT05358,Algae-based Material,Sports Equipment,144.61,58.81,74.8,5.09,34.6,Supplier A,None,263.94,Low Stock
MAT05359,Cork,Home Decor,370.09,8.51,61.7,1.07,88.7,Supplier E,FSC,3903.49,Pre-Order
MAT05360,Flax Fiber,Household Items,322.12,41.0,27.9,13.61,14.5,Supplier A,ISO 14001,1982.04,Low Stock
MAT05361,Bioplastic,Adhesives,60.82,18.12,81.3,14.9,77.8,Supplier B,EcoCert,4067.0,Low Stock
MAT05362,Cork Composite,Kitchen Utensils,358.55,73.56,64.9,8.85,15.8,Supplier A,EcoCert,234.89,In Stock
MAT05363,Linen,Furniture,127.18,67.94,95.4,10.05,81.8,Supplier B,GOTS,3355.69,Pre-Order
MAT05364,Hemp Fiber,Construction,436.88,43.42,59.2,11.89,11.1,Supplier E,FSC,2932.39,Pre-Order
MAT05365,Recycled Glass,Adhesives,374.2,14.86,81.5,13.7,21.2,Supplier D,FSC,3686.86,In Stock
MAT05366,Cork Composite,Insulation,65.21,21.97,93.9,10.01,17.0,Supplier D,Cradle to Cradle,1616.01,Pre-Order
MAT05367,Sustainable Bamboo,Kitchen Utensils,230.57,13.11,77.2,6.83,49.1,Supplier A,Cradle to Cradle,3392.21,In Stock
MAT05368,Bioplastic,Construction,126.2,94.65,76.3,8.69,24.9,Supplier B,ISO 14001,1000.98,Low Stock
MAT05369,Hemp Fiber,Home Decor,221.57,71.47,63.5,7.18,13.7,Supplier C,None,1405.19,Pre-Order
MAT05370,Biodegradable Plastic,Household Items,362.18,99.74,75.4,8.83,10.4,Supplier D,ISO 14001,3326.64,Low Stock
MAT05371,Algae-based Material,Automotive,270.61,61.38,33.9,8.27,12.9,Supplier E,FSC,1303.1,In Stock
MAT05372,Linen,Furniture,193.94,60.19,20.3,8.09,85.3,Supplier D,FSC,1300.61,In Stock
MAT05373,Flax Fiber,Automotive,116.67,14.77,31.1,2.8,43.3,Supplier E,None,1970.42,In Stock
MAT05374,Linen,Flooring,375.6,16.7,40.1,4.76,99.9,Supplier D,EcoCert,3886.89,Low Stock
MAT05375,Cardboard,Home Decor,309.4,28.48,57.2,10.6,44.3,Supplier C,GOTS,1409.34,In Stock
MAT05376,Biodegradable Plastic,Home Decor,234.54,30.66,78.6,6.11,32.2,Supplier B,FSC,3176.41,Pre-Order
MAT05377,Hemp Fiber,Construction,141.36,83.75,73.0,11.44,27.8,Supplier E,EcoCert,1656.68,Low Stock
MAT05378,Natural Rubber,Electronics,379.21,65.56,68.3,7.5,92.2,Supplier B,None,1216.78,Pre-Order
MAT05379,Seaweed Polymer,Textiles,374.51,67.21,22.2,6.71,17.8,Supplier A,ISO 14001,3320.0,Pre-Order
MAT05380,Jute,Automotive,101.73,30.77,72.8,7.0,98.9,Supplier C,EcoCert,1197.69,Low Stock
MAT05381,Bio-based Polymer,Footwear,263.82,58.86,30.3,2.2,17.2,Supplier B,ISO 14001,2232.7,Low Stock
MAT05382,Cork Composite,Sports Equipment,279.28,73.09,88.8,8.62,4.7,Supplier D,None,865.69,Pre-Order
MAT05383,Biodegradable Plastic,Coatings,255.75,89.87,33.7,1.02,82.7,Supplier A,ISO 14001,1586.13,Pre-Order
MAT05384,Flax Fiber,Adhesives,144.13,15.28,70.8,10.34,49.1,Supplier A,None,493.02,In Stock
MAT05385,Cardboard,Adhesives,74.04,84.74,66.4,2.93,8.7,Supplier B,FSC,227.42,Low Stock
MAT05386,Bioplastic,Insulation,463.0,14.48,48.9,7.22,97.6,Supplier E,EcoCert,2439.37,In Stock
MAT05387,Natural Rubber,Coatings,348.74,74.18,40.1,3.57,43.1,Supplier B,FSC,301.29,Low Stock
MAT05388,Recycled Paper,Insulation,12.18,65.23,57.9,0.97,23.3,Supplier A,Cradle to Cradle,3242.81,In Stock
MAT05389,Seaweed Polymer,Home Decor,34.12,38.6,46.2,4.76,1.4,Supplier E,EcoCert,2197.84,Low Stock
MAT05390,Corn Plastic,Adhesives,89.21,67.79,63.3,2.2,35.8,Supplier B,None,3276.01,Pre-Order
MAT05391,Jute,Office Supplies,481.55,3.13,65.8,9.54,45.7,Supplier E,GOTS,2913.3,In Stock
MAT05392,Organic Cotton,Toys,63.89,99.25,91.8,3.9,29.6,Supplier D,FSC,3835.43,Low Stock
MAT05393,Recycled Metal,Home Decor,310.7,80.37,82.2,11.45,14.6,Supplier D,EcoCert,2565.53,Low Stock
MAT05394,Mushroom Composite,Furniture,141.85,23.7,30.8,8.68,68.5,Supplier D,None,1925.6,Low Stock
MAT05395,Sustainable Bamboo,Bags & Luggage,163.0,94.02,72.6,3.17,82.3,Supplier C,None,3440.35,Pre-Order
MAT05396,Bioplastic,Bags & Luggage,403.57,9.09,66.5,6.87,87.0,Supplier A,Cradle to Cradle,2144.72,In Stock
MAT05397,Bioplastic,Cosmetics,373.44,70.77,93.7,3.87,18.9,Supplier B,GOTS,1766.24,Pre-Order
MAT05398,Recycled Metal,Textiles,316.5,47.55,36.2,0.66,33.8,Supplier C,GOTS,2680.9,Pre-Order
MAT05399,Recycled Copper,Insulation,326.4,43.96,39.8,13.98,98.3,Supplier B,EcoCert,2751.45,Low Stock
MAT05400,Recycled Paper,Office Supplies,63.86,34.94,31.7,13.57,11.6,Supplier E,EcoCert,3529.16,Pre-Order
MAT05401,Seaweed Polymer,Bags & Luggage,309.79,60.14,91.6,9.55,72.5,Supplier E,GOTS,1705.65,In Stock
MAT05402,Cardboard,Furniture,124.06,65.76,53.8,8.46,27.9,Supplier D,GOTS,517.09,In Stock
MAT05403,Cork Composite,Electronics,352.97,57.12,24.6,2.2,10.8,Supplier B,EcoCert,3739.98,In Stock
MAT05404,Bio-based Polymer,Household Items,420.5,24.29,50.8,11.71,96.5,Supplier C,ISO 14001,2431.07,Pre-Order
MAT05405,Mushroom Composite,Coatings,316.43,50.61,71.3,7.56,65.4,Supplier C,ISO 14001,1482.38,Low Stock
MAT05406,Bioplastic,Textiles,179.71,87.38,52.1,8.59,79.0,Supplier B,GOTS,3721.72,Low Stock
MAT05407,Bioplastic,Household Items,271.58,59.85,22.3,14.93,61.7,Supplier A,EcoCert,362.71,In Stock
MAT05408,Recycled Paper,Electronics,214.04,33.26,69.1,1.85,53.6,Supplier B,ISO 14001,1026.71,Low Stock
MAT05409,Cardboard,Adhesives,480.13,17.68,83.9,4.68,76.2,Supplier B,None,3496.79,In Stock
MAT05410,Recycled PET,Home Decor,11.43,56.83,66.0,0.89,94.6,Supplier E,ISO 14001,1274.05,In Stock
MAT05411,Linen,Toys,64.03,57.95,55.3,5.95,9.8,Supplier C,EcoCert,3371.46,In Stock
MAT05412,Corn Plastic,Electronics,274.75,33.49,77.9,4.69,27.2,Supplier E,FSC,2917.45,Pre-Order
MAT05413,Cork,Cosmetics,267.36,86.9,78.5,6.09,71.7,Supplier E,FSC,1186.07,Low Stock
MAT05414,Recycled PET,Flooring,61.94,15.63,99.2,8.0,51.4,Supplier D,None,660.68,Pre-Order
MAT05415,Recycled Copper,Insulation,437.86,99.33,76.4,10.24,17.6,Supplier D,ISO 14001,488.04,Pre-Order
MAT05416,Corn Plastic,Furniture,21.21,63.12,62.0,7.23,42.4,Supplier B,GOTS,1160.34,Low Stock
MAT05417,Mushroom Composite,Insulation,65.85,65.04,77.3,9.52,11.6,Supplier D,Cradle to Cradle,3105.03,In Stock
MAT05418,Certified Wood,Textiles,277.3,45.53,60.2,4.36,12.7,Supplier D,None,1715.61,In Stock
MAT05419,Recycled Paper,Household Items,436.21,94.34,84.4,5.51,44.4,Supplier D,ISO 14001,1804.42,In Stock
MAT05420,Natural Rubber,Household Items,156.15,35.66,44.1,14.78,56.8,Supplier C,ISO 14001,4062.85,Pre-Order
MAT05421,Linen,Cosmetics,134.59,85.52,69.2,14.57,6.7,Supplier C,ISO 14001,3472.72,Pre-Order
MAT05422,Recycled Aluminum,Electronics,174.02,93.15,44.1,12.91,42.3,Supplier C,FSC,2752.28,In Stock
MAT05423,Jute,Home Decor,130.62,90.42,69.2,12.34,95.1,Supplier E,None,3115.82,In Stock
MAT05424,Recycled PET,Office Supplies,201.28,40.83,48.5,2.7,25.7,Supplier A,FSC,1351.24,In Stock
MAT05425,Corn Plastic,Bags & Luggage,245.6,59.78,20.7,13.86,34.7,Supplier A,FSC,2387.08,Low Stock
MAT05426,Certified Wood,Food Packaging,399.89,44.33,38.7,3.74,4.3,Supplier D,None,3343.24,Pre-Order
MAT05427,Recycled Paper,Textiles,288.72,99.19,56.8,11.58,41.8,Supplier E,None,848.26,In Stock
MAT05428,Certified Wood,Automotive,452.79,1.12,56.9,9.62,44.7,Supplier C,GOTS,3588.92,Pre-Order
MAT05429,Sustainable Bamboo,Furniture,72.32,97.02,27.9,5.36,79.4,Supplier D,ISO 14001,3901.83,In Stock
MAT05430,Wool,Insulation,72.73,21.02,82.0,2.42,62.8,Supplier B,GOTS,395.08,Pre-Order
MAT05431,Hemp Fiber,Food Packaging,144.95,99.75,77.8,7.33,30.9,Supplier A,EcoCert,3276.84,Pre-Order
MAT05432,Seaweed Polymer,Home Decor,117.84,12.21,26.2,6.35,69.7,Supplier D,FSC,1042.48,Pre-Order
MAT05433,Algae-based Material,Toys,176.35,68.96,82.1,4.25,93.4,Supplier B,Cradle to Cradle,3546.59,Low Stock
MAT05434,Recycled Aluminum,Construction,64.27,15.86,76.3,14.05,41.5,Supplier E,Cradle to Cradle,1615.18,In Stock
MAT05435,Linen,Office Supplies,105.11,61.54,77.5,3.51,13.3,Supplier E,None,548.63,Pre-Order
MAT05436,Recycled Paper,Toys,11.53,51.68,89.5,1.71,70.1,Supplier C,GOTS,3743.3,Low Stock
MAT05437,Mycelium Leather,Cosmetics,449.87,94.84,80.3,1.96,10.4,Supplier B,GOTS,2341.43,In Stock
MAT05438,Cellulose,Cosmetics,239.89,71.62,67.4,4.91,99.4,Supplier C,Cradle to Cradle,2991.32,Low Stock
MAT05439,Recycled Copper,Office Supplies,464.69,75.77,50.1,5.49,41.1,Supplier A,Cradle to Cradle,3486.0,In Stock
MAT05440,Recycled Copper,Construction,31.17,31.2,49.3,14.59,69.2,Supplier D,GOTS,652.38,Low Stock
MAT05441,Certified Wood,Coatings,363.35,18.1,99.6,1.19,13.0,Supplier B,FSC,1331.32,In Stock
MAT05442,Recycled PET,Cosmetics,207.19,39.12,38.2,3.65,73.0,Supplier C,ISO 14001,3098.39,Pre-Order
MAT05443,Bioplastic,Coatings,231.31,74.63,93.4,1.46,31.7,Supplier E,FSC,3984.83,Low Stock
MAT05444,Cork Composite,Electronics,420.83,97.36,94.5,8.89,72.5,Supplier D,Cradle to Cradle,1845.92,Pre-Order
MAT05445,Mycelium Leather,Construction,33.26,95.17,75.9,2.19,77.3,Supplier B,ISO 14001,2153.02,In Stock
MAT05446,Sustainable Bamboo,Food Packaging,310.15,12.36,96.5,11.61,39.2,Supplier C,FSC,357.73,Pre-Order
MAT05447,Recycled Paper,Footwear,296.85,82.98,91.9,8.26,40.1,Supplier A,FSC,1546.29,Pre-Order
MAT05448,Corn Plastic,Coatings,185.58,47.75,70.6,2.46,77.3,Supplier B,EcoCert,3269.37,In Stock
MAT05449,Recycled Copper,Coatings,14.0,34.71,37.2,4.96,52.9,Supplier A,Cradle to Cradle,2334.79,Low Stock
MAT05450,Bioplastic,Sports Equipment,184.88,47.84,51.9,5.02,57.2,Supplier B,EcoCert,4000.6,Pre-Order
MAT05451,Organic Cotton,Household Items,217.62,76.49,33.3,10.01,29.5,Supplier C,Cradle to Cradle,2890.06,Low Stock
MAT05452,Recycled Aluminum,Cosmetics,475.08,41.21,78.2,4.35,80.6,Supplier A,EcoCert,2333.96,In Stock
MAT05453,Recycled Metal,Automotive,114.61,71.65,74.3,9.7,79.8,Supplier C,EcoCert,1274.88,Low Stock
MAT05454,Mushroom Composite,Home Decor,394.73,40.11,69.5,13.14,31.0,Supplier A,None,4032.97,Low Stock
MAT05455,Bio-based Polymer,Textiles,318.37,46.88,69.7,9.0,25.7,Supplier A,Cradle to Cradle,1677.43,In Stock
MAT05456,Hemp Fiber,Furniture,396.76,9.45,38.7,8.26,44.1,Supplier D,ISO 14001,3296.76,In Stock
MAT05457,Cork,Coatings,182.28,27.13,79.2,14.29,92.1,Supplier E,ISO 14001,3736.66,In Stock
MAT05458,Recycled PET,Automotive,421.04,2.04,53.1,7.29,63.9,Supplier A,EcoCert,2824.49,Pre-Order
MAT05459,Recycled PET,Insulation,22.93,85.44,68.9,3.6,40.0,Supplier A,None,1740.51,Low Stock
MAT05460,Natural Rubber,Furniture,285.95,81.86,27.0,10.06,64.1,Supplier E,FSC,3958.27,Pre-Order
MAT05461,Wool,Adhesives,413.34,51.5,77.7,13.31,72.3,Supplier B,EcoCert,218.29,Pre-Order
MAT05462,Recycled Glass,Insulation,322.9,32.86,20.9,1.03,50.9,Supplier A,GOTS,1542.97,Low Stock
MAT05463,Recycled Metal,Toys,484.9,34.03,81.6,9.7,16.1,Supplier D,FSC,2035.99,Pre-Order
MAT05464,Recycled PET,Automotive,161.78,81.98,86.3,14.4,30.5,Supplier D,GOTS,3638.72,In Stock
MAT05465,Flax Fiber,Household Items,300.46,45.79,36.3,1.01,29.6,Supplier B,FSC,1699.84,Pre-Order
MAT05466,Mycelium Leather,Bags & Luggage,168.92,34.03,20.3,2.31,14.2,Supplier E,None,458.16,Pre-Order
MAT05467,Cellulose,Flooring,155.49,10.91,26.3,14.59,96.0,Supplier B,ISO 14001,3656.15,Pre-Order
MAT05468,Recycled Aluminum,Flooring,312.64,24.19,99.8,10.67,65.4,Supplier A,FSC,904.7,Pre-Order
MAT05469,Recycled Glass,Cosmetics,406.61,43.25,93.2,9.09,4.6,Supplier D,EcoCert,3348.22,In Stock
MAT05470,Flax Fiber,Insulation,87.86,17.3,76.6,7.0,6.0,Supplier A,EcoCert,3871.95,Pre-Order
MAT05471,Cardboard,Kitchen Utensils,118.48,69.39,43.5,10.05,18.5,Supplier E,GOTS,2818.68,Pre-Order
MAT05472,Biodegradable Plastic,Textiles,79.15,22.52,46.6,3.24,11.8,Supplier C,None,1513.09,In Stock
MAT05473,Jute,Household Items,200.53,58.57,57.2,6.68,63.5,Supplier C,GOTS,3813.85,In Stock
MAT05474,Cork,Cosmetics,141.26,18.37,29.6,9.48,26.0,Supplier D,FSC,3361.5,In Stock
MAT05475,Certified Wood,Home Decor,166.93,23.48,28.1,12.25,93.7,Supplier E,GOTS,3103.37,Low Stock
MAT05476,Natural Rubber,Electronics,85.52,82.56,67.7,12.08,1.4,Supplier B,None,4018.86,Low Stock
MAT05477,Recycled Paper,Toys,87.9,98.54,60.2,11.83,57.7,Supplier E,FSC,3993.96,Pre-Order
MAT05478,Corn Plastic,Insulation,320.79,56.35,76.9,6.39,38.8,Supplier A,ISO 14001,2470.91,In Stock
MAT05479,Linen,Bags & Luggage,470.89,89.04,77.9,8.19,28.5,Supplier B,ISO 14001,1407.68,Low Stock
MAT05480,Bio-based Polymer,Furniture,375.93,43.1,95.9,13.09,76.5,Supplier B,None,1887.42,Low Stock
MAT05481,Biodegradable Plastic,Toys,322.61,50.16,40.9,2.52,2.9,Supplier C,ISO 14001,3652.0,In Stock
MAT05482,Cellulose,Coatings,153.96,78.86,90.9,6.92,61.4,Supplier D,Cradle to Cradle,1069.87,Pre-Order
MAT05483,Algae-based Material,Flooring,423.95,5.67,41.0,5.86,10.0,Supplier E,ISO 14001,1552.93,Pre-Order
MAT05484,Certified Wood,Household Items,93.62,82.6,64.5,6.98,28.3,Supplier A,GOTS,341.13,Low Stock
MAT05485,Organic Cotton,Household Items,13.11,51.71,80.6,11.86,46.3,Supplier C,ISO 14001,3412.13,Low Stock
MAT05486,Flax Fiber,Office Supplies,308.84,83.18,30.7,2.16,64.6,Supplier E,ISO 14001,1982.87,Pre-Order
MAT05487,Sustainable Bamboo,Office Supplies,281.79,28.91,21.1,10.63,84.7,Supplier B,ISO 14001,2913.3,Pre-Order
MAT05488,Flax Fiber,Adhesives,161.83,77.67,67.7,4.92,90.4,Supplier E,FSC,2773.03,Pre-Order
MAT05489,Recycled Glass,Construction,238.96,94.52,50.4,12.41,45.7,Supplier C,FSC,574.36,Low Stock
MAT05490,Mycelium Leather,Sports Equipment,370.14,76.57,55.3,5.48,41.9,Supplier A,Cradle to Cradle,2890.89,Low Stock
MAT05491,Hemp Fiber,Office Supplies,43.35,98.35,29.1,14.38,80.5,Supplier C,FSC,1635.93,Low Stock
MAT05492,Sustainable Bamboo,Kitchen Utensils,67.66,52.69,44.1,8.44,31.5,Supplier C,None,2708.29,Pre-Order
MAT05493,Cork,Automotive,169.08,2.0,88.2,0.89,65.8,Supplier E,EcoCert,3368.97,In Stock
MAT05494,Flax Fiber,Textiles,394.62,57.59,81.9,4.41,5.3,Supplier B,ISO 14001,523.73,In Stock
MAT05495,Cellulose,Toys,408.0,47.27,76.0,1.85,31.3,Supplier D,ISO 14001,2058.4,Pre-Order
MAT05496,Seaweed Polymer,Household Items,444.2,19.69,60.1,3.2,6.8,Supplier E,FSC,1191.88,Low Stock
MAT05497,Cork Composite,Kitchen Utensils,377.27,51.38,22.0,7.72,58.5,Supplier C,Cradle to Cradle,2003.62,Low Stock
MAT05498,Recycled Copper,Furniture,210.76,29.52,46.4,3.09,31.0,Supplier B,Cradle to Cradle,2006.11,Pre-Order
MAT05499,Organic Cotton,Bags & Luggage,413.71,66.5,51.9,6.83,62.6,Supplier A,Cradle to Cradle,3838.75,Pre-Order
MAT05500,Bio-based Polymer,Adhesives,234.97,14.02,80.3,3.91,11.6,Supplier D,ISO 14001,3879.42,Pre-Order
MAT05501,Jute,Accessories,111.96,97.42,80.4,4.51,23.1,Supplier C,ISO 14001,1916.47,Pre-Order
MAT05502,Bio-based Polymer,Adhesives,447.85,3.02,36.1,7.95,99.7,Supplier E,EcoCert,1717.27,In Stock
MAT05503,Recycled Metal,Insulation,158.55,1.19,93.9,7.04,20.0,Supplier D,EcoCert,2924.09,Pre-Order
MAT05504,Mycelium Leather,Coatings,449.44,11.77,90.0,13.28,80.8,Supplier A,GOTS,1989.51,Low Stock
MAT05505,Recycled PET,Bags & Luggage,50.15,24.21,59.2,9.28,40.1,Supplier D,ISO 14001,2707.46,Pre-Order
MAT05506,Cork Composite,Construction,132.07,52.24,20.9,10.4,1.4,Supplier E,Cradle to Cradle,2701.65,Pre-Order
MAT05507,Biodegradable Plastic,Sports Equipment,322.55,73.34,64.2,9.58,42.2,Supplier B,ISO 14001,2681.73,Pre-Order
MAT05508,Recycled Metal,Construction,98.68,17.83,30.2,8.44,39.9,Supplier C,EcoCert,249.0,In Stock
MAT05509,Cork Composite,Automotive,361.28,15.8,33.3,2.58,30.5,Supplier A,Cradle to Cradle,716.29,In Stock
MAT05510,Mushroom Composite,Furniture,282.54,93.48,73.4,4.19,54.3,Supplier C,EcoCert,2748.13,Pre-Order
MAT05511,Bio-based Polymer,Automotive,115.16,95.6,30.2,7.78,72.7,Supplier D,ISO 14001,1859.2,Pre-Order
MAT05512,Recycled Aluminum,Adhesives,227.91,5.49,76.6,11.61,40.0,Supplier A,FSC,750.32,Pre-Order
MAT05513,Hemp Fiber,Toys,469.02,69.59,77.3,10.37,17.9,Supplier C,None,3270.2,Low Stock
MAT05514,Corn Plastic,Footwear,136.1,13.99,58.2,10.86,87.3,Supplier E,None,4112.65,Pre-Order
MAT05515,Bioplastic,Kitchen Utensils,403.05,77.45,33.2,3.04,34.3,Supplier D,FSC,2886.74,In Stock
MAT05516,Cork,Kitchen Utensils,134.0,86.11,49.2,1.26,21.2,Supplier C,FSC,4063.68,In Stock
MAT05517,Recycled Copper,Food Packaging,378.36,88.96,99.2,6.3,0.4,Supplier E,FSC,2748.13,In Stock
MAT05518,Cellulose,Toys,248.88,95.54,79.7,6.04,76.0,Supplier C,EcoCert,3968.23,Pre-Order
MAT05519,Recycled PET,Kitchen Utensils,477.94,72.99,92.9,5.1,84.0,Supplier C,FSC,1067.38,Pre-Order
MAT05520,Cork,Kitchen Utensils,385.27,59.39,23.0,4.08,72.3,Supplier E,GOTS,4118.46,Pre-Order
MAT05521,Recycled Paper,Bags & Luggage,224.04,73.41,74.3,7.15,76.2,Supplier B,Cradle to Cradle,3958.27,Pre-Order
MAT05522,Mushroom Composite,Textiles,85.16,67.98,23.5,9.28,40.1,Supplier A,EcoCert,1280.69,Pre-Order
MAT05523,Certified Wood,Automotive,88.35,66.05,80.3,5.25,11.6,Supplier B,Cradle to Cradle,1957.97,In Stock
MAT05524,Recycled Paper,Cosmetics,243.19,72.96,86.4,0.83,11.2,Supplier C,GOTS,1445.86,Pre-Order
MAT05525,Linen,Toys,235.22,30.13,39.8,2.12,89.0,Supplier C,GOTS,1972.08,Low Stock
MAT05526,Flax Fiber,Coatings,396.86,79.23,65.1,1.12,70.9,Supplier D,Cradle to Cradle,3947.48,Pre-Order
MAT05527,Cardboard,Flooring,449.13,74.12,61.2,3.91,81.0,Supplier E,FSC,4058.7,In Stock
MAT05528,Wool,Electronics,489.36,1.96,37.2,4.89,89.8,Supplier A,GOTS,2077.49,Pre-Order
MAT05529,Natural Rubber,Electronics,496.37,20.4,70.0,1.29,84.0,Supplier A,FSC,2196.18,Low Stock
MAT05530,Mycelium Leather,Furniture,61.66,92.24,55.3,3.69,15.1,Supplier C,None,2999.62,In Stock
MAT05531,Seaweed Polymer,Household Items,279.91,51.97,88.7,13.67,54.5,Supplier E,Cradle to Cradle,3238.66,Pre-Order
MAT05532,Certified Wood,Adhesives,425.4,57.04,38.3,10.57,64.2,Supplier D,EcoCert,696.37,In Stock
MAT05533,Bioplastic,Adhesives,80.19,52.67,90.6,10.66,57.5,Supplier B,EcoCert,2315.7,In Stock
MAT05534,Cellulose,Food Packaging,215.58,4.09,96.1,12.54,56.2,Supplier A,FSC,3793.93,Pre-Order
MAT05535,Sustainable Bamboo,Office Supplies,293.61,91.42,80.4,8.41,48.0,Supplier D,None,2029.35,Pre-Order
MAT05536,Algae-based Material,Sports Equipment,424.9,82.11,41.8,4.47,6.4,Supplier A,ISO 14001,2339.77,In Stock
MAT05537,Natural Rubber,Household Items,337.76,44.59,97.8,5.18,88.8,Supplier A,EcoCert,1076.51,Pre-Order
MAT05538,Recycled Paper,Flooring,252.22,34.41,44.1,12.89,1.7,Supplier D,FSC,809.25,Low Stock
MAT05539,Flax Fiber,Home Decor,87.53,69.04,87.4,2.94,77.9,Supplier B,FSC,3073.49,In Stock
MAT05540,Organic Cotton,Household Items,118.59,7.71,50.9,14.39,23.4,Supplier D,Cradle to Cradle,798.46,Low Stock
MAT05541,Seaweed Polymer,Adhesives,225.19,47.05,57.3,9.98,50.9,Supplier A,GOTS,1262.43,In Stock
MAT05542,Flax Fiber,Footwear,476.8,91.94,46.5,13.64,28.6,Supplier A,EcoCert,3192.18,Low Stock
MAT05543,Seaweed Polymer,Insulation,123.81,69.38,62.7,6.83,62.6,Supplier A,Cradle to Cradle,2173.77,Pre-Order
MAT05544,Recycled Glass,Office Supplies,396.43,61.81,65.2,11.57,48.0,Supplier A,GOTS,935.41,In Stock
MAT05545,Cork Composite,Coatings,10.99,92.05,63.5,1.43,78.2,Supplier D,None,258.96,Low Stock
MAT05546,Algae-based Material,Accessories,486.62,12.57,86.9,12.56,15.6,Supplier D,None,1793.63,Low Stock
MAT05547,Sustainable Bamboo,Adhesives,274.6,68.21,23.8,13.72,18.6,Supplier E,ISO 14001,390.93,Pre-Order
MAT05548,Cork,Accessories,316.24,15.86,58.0,13.18,64.8,Supplier C,None,3646.19,Pre-Order
MAT05549,Certified Wood,Footwear,386.67,91.31,95.8,6.93,91.4,Supplier B,GOTS,2990.49,Low Stock
MAT05550,Seaweed Polymer,Toys,410.06,73.16,56.8,12.33,45.6,Supplier D,EcoCert,260.62,Low Stock
MAT05551,Recycled PET,Adhesives,387.65,74.82,30.1,0.58,77.2,Supplier D,Cradle to Cradle,646.57,Pre-Order
MAT05552,Algae-based Material,Automotive,103.63,38.21,85.8,2.4,97.7,Supplier B,ISO 14001,2576.32,Pre-Order
MAT05553,Cardboard,Flooring,431.18,49.88,22.3,1.51,50.0,Supplier A,FSC,471.44,Low Stock
MAT05554,Cork,Bags & Luggage,401.03,96.43,83.0,2.12,43.4,Supplier B,Cradle to Cradle,464.8,In Stock
MAT05555,Bio-based Polymer,Bags & Luggage,380.41,73.88,68.6,3.28,41.9,Supplier E,GOTS,3341.58,Low Stock
MAT05556,Hemp Fiber,Kitchen Utensils,339.5,79.96,34.7,13.74,25.4,Supplier A,FSC,3050.25,Low Stock
MAT05557,Flax Fiber,Construction,38.6,27.27,34.9,8.66,7.0,Supplier A,FSC,790.16,Low Stock
MAT05558,Cardboard,Coatings,204.7,42.47,92.9,10.08,51.3,Supplier A,Cradle to Cradle,269.75,In Stock
MAT05559,Bioplastic,Household Items,34.6,61.33,90.0,7.4,8.0,Supplier E,GOTS,2105.71,Pre-Order
MAT05560,Organic Cotton,Footwear,371.02,11.07,67.6,6.02,56.3,Supplier A,EcoCert,3584.77,Low Stock
MAT05561,Corn Plastic,Bags & Luggage,43.46,16.18,60.7,14.72,99.2,Supplier C,FSC,3151.51,Pre-Order
MAT05562,Natural Rubber,Cosmetics,454.24,26.97,49.9,6.35,29.0,Supplier E,FSC,2888.4,Pre-Order
MAT05563,Mycelium Leather,Food Packaging,468.53,10.82,86.9,5.77,17.5,Supplier E,EcoCert,1969.59,Low Stock
MAT05564,Bio-based Polymer,Construction,433.23,88.99,57.8,11.07,70.7,Supplier B,GOTS,354.41,Pre-Order
MAT05565,Hemp Fiber,Textiles,334.42,88.73,34.8,7.39,37.3,Supplier E,GOTS,3672.75,Low Stock
MAT05566,Cellulose,Electronics,131.16,2.32,66.1,8.41,33.0,Supplier D,Cradle to Cradle,3280.16,In Stock
MAT05567,Hemp Fiber,Coatings,193.83,67.03,61.6,8.67,96.0,Supplier A,Cradle to Cradle,1438.39,In Stock
MAT05568,Algae-based Material,Electronics,206.32,18.92,80.4,9.51,29.9,Supplier E,ISO 14001,2592.09,Low Stock
MAT05569,Cork,Toys,362.92,17.81,97.0,2.11,39.0,Supplier B,Cradle to Cradle,2288.31,In Stock
MAT05570,Recycled Glass,Home Decor,158.82,3.51,77.4,9.13,91.3,Supplier D,GOTS,2602.05,In Stock
MAT05571,Wool,Bags & Luggage,376.25,28.8,44.1,14.72,27.1,Supplier B,EcoCert,881.46,In Stock
MAT05572,Corn Plastic,Bags & Luggage,359.43,4.36,30.7,12.64,23.4,Supplier A,ISO 14001,1586.13,Pre-Order
MAT05573,Cardboard,Footwear,440.29,99.2,70.8,3.25,62.2,Supplier A,GOTS,3853.69,Pre-Order
MAT05574,Mycelium Leather,Office Supplies,482.16,47.98,72.9,12.01,26.3,Supplier A,Cradle to Cradle,1509.77,Low Stock
MAT05575,Bioplastic,Furniture,49.39,16.89,94.3,1.45,96.8,Supplier C,GOTS,2321.51,Low Stock
MAT05576,Cork,Cosmetics,380.2,25.84,74.6,14.62,10.4,Supplier C,ISO 14001,881.46,Pre-Order
MAT05577,Algae-based Material,Coatings,306.65,36.66,46.8,12.31,19.5,Supplier E,None,2049.27,Low Stock
MAT05578,Algae-based Material,Flooring,421.18,43.16,53.5,9.71,62.4,Supplier A,EcoCert,1480.72,Pre-Order
MAT05579,Cork Composite,Flooring,281.31,29.3,44.2,7.38,79.1,Supplier D,EcoCert,498.83,Low Stock
MAT05580,Recycled Glass,Bags & Luggage,236.07,89.64,93.9,7.2,39.7,Supplier C,None,2241.0,Low Stock
MAT05581,Algae-based Material,Flooring,338.22,31.89,83.3,13.0,28.4,Supplier B,FSC,3927.56,Low Stock
MAT05582,Flax Fiber,Home Decor,161.01,97.44,25.7,12.45,42.6,Supplier D,ISO 14001,765.26,In Stock
MAT05583,Cellulose,Home Decor,410.16,98.53,32.9,6.31,75.6,Supplier A,EcoCert,2415.3,In Stock
MAT05584,Corn Plastic,Home Decor,71.63,98.72,67.0,0.88,55.8,Supplier B,ISO 14001,1181.09,Low Stock
MAT05585,Recycled Copper,Household Items,466.82,92.7,23.1,14.64,40.2,Supplier B,FSC,1397.72,In Stock
MAT05586,Cardboard,Bags & Luggage,171.18,82.22,36.8,8.05,72.6,Supplier A,GOTS,1061.57,Pre-Order
MAT05587,Hemp Fiber,Construction,185.25,29.28,46.0,8.88,16.5,Supplier B,None,3358.18,In Stock
MAT05588,Seaweed Polymer,Office Supplies,220.52,32.87,40.7,9.35,91.6,Supplier A,EcoCert,3229.53,In Stock
MAT05589,Biodegradable Plastic,Construction,423.68,93.35,20.0,0.78,89.6,Supplier D,Cradle to Cradle,3144.04,In Stock
MAT05590,Recycled PET,Insulation,16.41,72.04,86.0,12.04,30.8,Supplier E,ISO 14001,2656.0,Low Stock
MAT05591,Recycled Metal,Kitchen Utensils,350.44,78.04,47.7,2.64,73.2,Supplier B,GOTS,3206.29,In Stock
MAT05592,Cork Composite,Cosmetics,85.52,81.49,65.9,5.74,20.1,Supplier C,EcoCert,973.59,In Stock
MAT05593,Cardboard,Cosmetics,479.89,46.94,51.6,6.22,11.6,Supplier B,EcoCert,832.49,In Stock
MAT05594,Cork,Flooring,22.19,82.2,23.9,11.39,88.3,Supplier D,Cradle to Cradle,342.79,Low Stock
MAT05595,Recycled Glass,Office Supplies,19.67,22.88,99.2,13.7,26.5,Supplier C,ISO 14001,632.46,Low Stock
MAT05596,Algae-based Material,Furniture,56.63,14.07,36.4,2.17,31.9,Supplier C,EcoCert,2885.08,Low Stock
MAT05597,Linen,Automotive,60.5,49.51,25.7,0.93,75.4,Supplier D,GOTS,2704.97,In Stock
MAT05598,Recycled Glass,Textiles,196.09,56.55,78.9,10.57,52.8,Supplier B,FSC,2467.59,Pre-Order
MAT05599,Flax Fiber,Toys,340.24,87.93,96.3,2.39,52.9,Supplier E,GOTS,293.82,Pre-Order
MAT05600,Bioplastic,Sports Equipment,115.57,36.62,93.7,10.01,98.3,Supplier A,None,437.41,Pre-Order
MAT05601,Wool,Adhesives,406.42,26.99,74.1,10.87,34.8,Supplier C,EcoCert,1447.52,Low Stock
MAT05602,Hemp Fiber,Electronics,51.15,57.66,49.2,8.75,48.8,Supplier E,GOTS,1507.28,Low Stock
MAT05603,Certified Wood,Adhesives,288.12,26.72,31.8,13.98,0.5,Supplier B,EcoCert,315.4,Pre-Order
MAT05604,Wool,Kitchen Utensils,10.81,45.75,39.8,11.31,43.0,Supplier B,ISO 14001,3543.27,In Stock
MAT05605,Organic Cotton,Electronics,26.61,41.32,58.8,7.34,14.4,Supplier A,EcoCert,327.02,Low Stock
MAT05606,Algae-based Material,Sports Equipment,163.72,18.35,74.2,5.3,43.3,Supplier D,FSC,2973.06,In Stock
MAT05607,Bio-based Polymer,Coatings,37.03,74.89,45.8,4.36,80.6,Supplier A,GOTS,1998.64,Low Stock
MAT05608,Cardboard,Furniture,304.27,15.21,37.3,13.08,64.5,Supplier A,Cradle to Cradle,3169.77,In Stock
MAT05609,Corn Plastic,Office Supplies,133.08,52.12,59.4,10.87,33.4,Supplier B,EcoCert,2255.11,Pre-Order
MAT05610,Recycled Aluminum,Bags & Luggage,50.48,87.77,70.9,1.29,46.5,Supplier C,EcoCert,258.13,In Stock
MAT05611,Flax Fiber,Electronics,346.68,45.22,30.4,13.19,87.8,Supplier B,EcoCert,1607.71,In Stock
MAT05612,Recycled PET,Footwear,115.84,24.19,75.7,6.22,79.7,Supplier C,ISO 14001,3616.31,Low Stock
MAT05613,Seaweed Polymer,Furniture,159.0,21.88,38.9,11.32,74.0,Supplier B,ISO 14001,3733.34,In Stock
MAT05614,Mycelium Leather,Sports Equipment,135.74,48.79,94.2,14.26,24.9,Supplier E,GOTS,390.1,Pre-Order
MAT05615,Recycled Glass,Cosmetics,275.3,69.82,24.9,8.98,10.5,Supplier A,None,339.47,In Stock
MAT05616,Mycelium Leather,Household Items,116.03,4.55,81.1,8.97,5.3,Supplier B,GOTS,2480.04,In Stock
MAT05617,Wool,Adhesives,421.01,69.99,24.4,8.17,48.1,Supplier E,GOTS,3978.19,Pre-Order
MAT05618,Mushroom Composite,Office Supplies,193.03,52.62,44.3,2.86,18.5,Supplier D,EcoCert,2016.07,Low Stock
MAT05619,Recycled PET,Bags & Luggage,189.44,44.04,81.5,4.75,96.9,Supplier D,Cradle to Cradle,2481.7,Low Stock
MAT05620,Biodegradable Plastic,Cosmetics,305.47,15.5,48.8,10.77,82.5,Supplier C,FSC,1409.34,In Stock
MAT05621,Cork Composite,Automotive,54.18,39.15,69.0,13.42,17.5,Supplier A,GOTS,2194.52,Pre-Order
MAT05622,Algae-based Material,Toys,47.1,29.49,79.7,11.1,70.0,Supplier D,Cradle to Cradle,2813.7,Low Stock
MAT05623,Bioplastic,Accessories,68.9,26.09,43.2,4.06,38.3,Supplier D,FSC,4011.39,In Stock
MAT05624,Sustainable Bamboo,Kitchen Utensils,175.59,35.77,37.4,7.27,63.2,Supplier D,None,3803.06,Low Stock
MAT05625,Cork,Food Packaging,437.91,71.99,54.8,14.66,35.6,Supplier D,GOTS,735.38,Low Stock
MAT05626,Seaweed Polymer,Office Supplies,429.66,90.94,66.9,1.48,67.6,Supplier E,Cradle to Cradle,3673.58,In Stock
MAT05627,Cellulose,Electronics,323.72,71.53,80.3,13.94,99.9,Supplier C,None,3874.44,Pre-Order
MAT05628,Flax Fiber,Footwear,322.4,13.56,65.3,12.89,19.9,Supplier D,ISO 14001,2285.82,Pre-Order
MAT05629,Biodegradable Plastic,Toys,163.49,32.37,26.3,13.98,34.7,Supplier C,ISO 14001,3242.81,In Stock
MAT05630,Cardboard,Footwear,405.23,62.93,29.8,8.06,79.5,Supplier D,ISO 14001,2579.64,In Stock
MAT05631,Certified Wood,Insulation,268.6,3.72,59.0,11.14,43.8,Supplier D,ISO 14001,668.15,In Stock
MAT05632,Recycled Copper,Automotive,442.28,51.19,71.3,5.66,40.6,Supplier C,FSC,2748.13,In Stock
MAT05633,Linen,Food Packaging,193.4,87.76,25.5,1.9,62.5,Supplier D,EcoCert,4090.24,In Stock
MAT05634,Natural Rubber,Household Items,130.92,76.62,88.3,13.21,78.7,Supplier A,EcoCert,3091.75,Low Stock
MAT05635,Flax Fiber,Toys,50.95,73.69,75.4,10.16,17.3,Supplier A,None,2979.7,Low Stock
MAT05636,Seaweed Polymer,Accessories,71.74,95.06,49.2,12.56,12.0,Supplier A,FSC,887.27,Low Stock
MAT05637,Mushroom Composite,Coatings,286.21,82.52,24.9,6.44,25.1,Supplier A,Cradle to Cradle,3352.37,In Stock
MAT05638,Cork Composite,Cosmetics,371.2,64.96,42.4,14.79,21.0,Supplier A,EcoCert,3404.66,Pre-Order
MAT05639,Linen,Toys,437.06,65.54,65.3,7.68,94.0,Supplier A,None,999.32,Low Stock
MAT05640,Recycled Glass,Footwear,187.2,19.77,63.8,3.72,9.5,Supplier D,ISO 14001,1596.09,Pre-Order
MAT05641,Recycled Aluminum,Kitchen Utensils,104.61,82.49,38.9,9.94,80.1,Supplier C,None,3881.08,In Stock
MAT05642,Recycled PET,Sports Equipment,134.54,88.62,28.8,8.57,68.2,Supplier E,GOTS,2922.43,In Stock
MAT05643,Jute,Insulation,348.08,19.76,43.6,5.33,93.5,Supplier E,GOTS,1098.09,Pre-Order
MAT05644,Cellulose,Electronics,391.56,83.23,82.5,12.37,44.1,Supplier C,None,2284.99,Low Stock
MAT05645,Wool,Flooring,145.74,54.03,24.3,2.42,44.3,Supplier D,None,2092.43,In Stock
MAT05646,Recycled Metal,Textiles,281.46,6.38,80.6,13.18,12.6,Supplier E,FSC,870.67,Pre-Order
MAT05647,Recycled Copper,Footwear,134.67,27.83,91.1,2.28,80.5,Supplier D,Cradle to Cradle,318.72,Low Stock
MAT05648,Cellulose,Construction,42.02,83.61,88.1,14.51,19.2,Supplier C,GOTS,1822.68,In Stock
MAT05649,Corn Plastic,Kitchen Utensils,60.39,68.61,61.5,2.92,44.4,Supplier C,GOTS,3061.87,In Stock
MAT05650,Seaweed Polymer,Accessories,235.5,24.59,36.9,4.24,85.3,Supplier C,EcoCert,666.49,Low Stock
MAT05651,Mushroom Composite,Coatings,483.43,84.08,72.1,11.36,90.1,Supplier C,FSC,826.68,Low Stock
MAT05652,Biodegradable Plastic,Automotive,478.99,19.01,94.7,4.29,39.6,Supplier B,FSC,2473.4,Pre-Order
MAT05653,Mycelium Leather,Kitchen Utensils,438.42,22.75,58.1,0.64,52.8,Supplier D,None,2134.76,Low Stock
MAT05654,Recycled Metal,Automotive,99.39,9.17,74.6,9.59,16.0,Supplier A,ISO 14001,3048.59,Pre-Order
MAT05655,Recycled Glass,Electronics,320.61,22.26,97.7,2.43,92.9,Supplier B,None,354.41,Pre-Order
MAT05656,Cardboard,Furniture,280.98,37.92,81.5,3.55,83.6,Supplier B,ISO 14001,3328.3,Low Stock
MAT05657,Wool,Sports Equipment,127.54,20.63,50.2,8.7,64.0,Supplier C,EcoCert,917.98,Low Stock
MAT05658,Recycled Copper,Coatings,460.93,62.02,68.5,7.45,69.5,Supplier A,FSC,1445.03,Pre-Order
MAT05659,Cellulose,Footwear,153.94,32.2,45.7,10.6,59.6,Supplier B,Cradle to Cradle,2149.7,Low Stock
MAT05660,Recycled Aluminum,Footwear,437.13,16.46,36.7,7.8,54.4,Supplier A,Cradle to Cradle,2784.65,Low Stock
MAT05661,Linen,Accessories,129.49,30.64,83.4,12.25,60.3,Supplier C,None,554.44,In Stock
MAT05662,Linen,Flooring,94.4,60.95,57.2,0.58,35.6,Supplier E,ISO 14001,4096.05,In Stock
MAT05663,Wool,Household Items,443.08,94.42,54.3,9.82,98.7,Supplier A,FSC,1746.32,Low Stock
MAT05664,Cardboard,Household Items,488.3,89.23,56.6,12.15,34.8,Supplier B,GOTS,963.63,Low Stock
MAT05665,Jute,Automotive,412.55,22.4,44.2,9.21,42.2,Supplier C,None,1483.21,Pre-Order
MAT05666,Recycled Metal,Construction,355.43,88.63,87.7,9.11,98.8,Supplier A,GOTS,2105.71,Pre-Order
MAT05667,Jute,Toys,210.06,74.22,49.1,11.56,8.4,Supplier E,None,1254.13,In Stock
MAT05668,Hemp Fiber,Footwear,136.54,31.91,58.9,8.91,38.4,Supplier B,EcoCert,3082.62,Pre-Order
MAT05669,Recycled Metal,Home Decor,339.4,84.92,28.1,4.65,59.5,Supplier B,GOTS,3854.52,Pre-Order
MAT05670,Cellulose,Automotive,310.43,52.41,38.0,11.53,8.0,Supplier E,Cradle to Cradle,1723.08,Low Stock
MAT05671,Flax Fiber,Household Items,444.03,27.1,85.6,8.1,43.7,Supplier D,FSC,2260.92,In Stock
MAT05672,Biodegradable Plastic,Toys,41.02,9.58,27.8,9.45,25.1,Supplier E,FSC,622.5,Low Stock
MAT05673,Cork Composite,Coatings,254.07,95.19,26.6,10.87,46.7,Supplier A,GOTS,392.59,In Stock
MAT05674,Recycled Copper,Adhesives,282.49,46.77,96.2,0.8,75.2,Supplier A,EcoCert,473.93,Pre-Order
MAT05675,Recycled Aluminum,Footwear,361.72,70.13,62.7,5.12,78.9,Supplier D,GOTS,3538.29,In Stock
MAT05676,Linen,Cosmetics,162.64,15.04,55.5,0.91,35.8,Supplier B,EcoCert,4091.9,Pre-Order
MAT05677,Natural Rubber,Flooring,287.2,77.95,37.5,7.17,56.0,Supplier B,GOTS,362.71,Low Stock
MAT05678,Wool,Household Items,119.65,9.65,65.3,2.19,3.0,Supplier E,FSC,2739.83,Low Stock
MAT05679,Linen,Food Packaging,418.72,12.93,89.0,2.69,62.7,Supplier E,EcoCert,1200.18,Pre-Order
MAT05680,Seaweed Polymer,Toys,451.54,40.63,89.8,1.95,33.5,Supplier A,EcoCert,2206.14,Low Stock
MAT05681,Jute,Toys,421.96,27.59,74.1,2.37,57.8,Supplier D,EcoCert,3454.46,In Stock
MAT05682,Cork,Bags & Luggage,146.56,5.56,86.8,4.43,74.6,Supplier B,GOTS,2270.88,Pre-Order
MAT05683,Mushroom Composite,Household Items,406.09,50.77,58.8,14.25,66.3,Supplier D,GOTS,2308.23,Pre-Order
MAT05684,Flax Fiber,Footwear,47.17,18.4,31.9,4.58,38.0,Supplier B,Cradle to Cradle,1561.23,In Stock
MAT05685,Flax Fiber,Office Supplies,81.65,15.18,46.7,6.17,71.2,Supplier D,ISO 14001,3316.68,In Stock
MAT05686,Hemp Fiber,Flooring,399.72,53.84,24.6,5.14,10.3,Supplier B,EcoCert,3529.99,Pre-Order
MAT05687,Mycelium Leather,Kitchen Utensils,369.08,91.71,60.3,14.48,73.8,Supplier D,GOTS,375.99,Low Stock
MAT05688,Organic Cotton,Household Items,193.92,61.38,61.2,14.77,79.2,Supplier C,Cradle to Cradle,3632.91,Pre-Order
MAT05689,Recycled Paper,Textiles,222.97,42.85,47.1,13.81,41.4,Supplier D,EcoCert,4068.66,Pre-Order
MAT05690,Natural Rubber,Accessories,369.32,31.38,56.0,5.37,21.5,Supplier B,None,999.32,Low Stock
MAT05691,Sustainable Bamboo,Coatings,289.62,21.65,50.2,0.81,78.5,Supplier D,ISO 14001,3852.86,Pre-Order
MAT05692,Certified Wood,Toys,440.69,79.59,42.8,2.42,97.2,Supplier B,Cradle to Cradle,3935.86,Pre-Order
MAT05693,Cork,Toys,370.89,1.85,37.5,1.65,7.3,Supplier E,EcoCert,1892.4,In Stock
MAT05694,Recycled PET,Footwear,478.45,78.51,75.2,1.07,83.7,Supplier C,Cradle to Cradle,1512.26,Low Stock
MAT05695,Jute,Office Supplies,118.33,39.16,80.3,6.17,97.5,Supplier A,FSC,2364.67,Pre-Order
MAT05696,Recycled Metal,Construction,443.43,21.87,24.6,4.62,75.5,Supplier B,Cradle to Cradle,551.95,Pre-Order
MAT05697,Recycled Copper,Adhesives,279.0,19.41,22.5,9.82,44.6,Supplier B,Cradle to Cradle,3903.49,Pre-Order
MAT05698,Recycled Paper,Cosmetics,95.47,20.89,81.8,12.59,56.9,Supplier B,None,3877.76,Low Stock
MAT05699,Cellulose,Kitchen Utensils,357.08,35.36,20.5,3.09,13.0,Supplier E,FSC,3484.34,Pre-Order
MAT05700,Recycled Metal,Electronics,43.28,21.7,21.2,4.64,88.3,Supplier A,None,3681.05,Pre-Order
MAT05701,Natural Rubber,Food Packaging,462.76,93.75,76.5,9.23,7.8,Supplier B,EcoCert,4024.67,In Stock
MAT05702,Algae-based Material,Construction,106.19,98.32,66.4,11.36,62.3,Supplier B,Cradle to Cradle,2341.43,Pre-Order
MAT05703,Hemp Fiber,Cosmetics,126.91,2.37,21.5,10.44,94.0,Supplier B,Cradle to Cradle,2405.34,Pre-Order
MAT05704,Recycled PET,Furniture,472.71,41.05,43.9,14.16,28.4,Supplier A,EcoCert,2847.73,Low Stock
MAT05705,Certified Wood,Sports Equipment,52.74,67.29,45.6,2.06,11.1,Supplier D,None,463.97,Pre-Order
MAT05706,Bioplastic,Footwear,334.12,15.96,96.0,12.0,18.4,Supplier A,None,3874.44,Pre-Order
MAT05707,Cardboard,Flooring,293.92,91.24,47.4,10.31,99.0,Supplier B,ISO 14001,1004.3,In Stock
MAT05708,Seaweed Polymer,Food Packaging,497.89,56.39,83.5,10.48,91.9,Supplier B,FSC,2081.64,Pre-Order
MAT05709,Seaweed Polymer,Construction,330.41,88.31,73.8,12.35,30.0,Supplier E,FSC,3115.82,In Stock
MAT05710,Sustainable Bamboo,Coatings,446.21,31.59,29.9,7.88,53.6,Supplier C,GOTS,1389.42,In Stock
MAT05711,Natural Rubber,Accessories,248.02,14.73,67.9,4.85,80.7,Supplier E,GOTS,2162.98,Low Stock
MAT05712,Recycled Copper,Kitchen Utensils,31.23,22.3,30.4,10.22,19.0,Supplier A,GOTS,385.95,Low Stock
MAT05713,Sustainable Bamboo,Coatings,434.39,2.05,71.3,11.21,44.5,Supplier B,FSC,2469.25,Low Stock
MAT05714,Sustainable Bamboo,Electronics,338.06,86.64,98.6,4.86,34.8,Supplier D,FSC,1449.18,In Stock
MAT05715,Recycled Paper,Office Supplies,383.66,42.96,64.8,4.58,6.6,Supplier D,Cradle to Cradle,2349.73,Pre-Order
MAT05716,Algae-based Material,Coatings,213.36,69.29,94.1,9.69,43.8,Supplier D,FSC,910.51,Pre-Order
MAT05717,Biodegradable Plastic,Footwear,93.37,59.08,49.4,10.79,62.8,Supplier A,None,397.57,Low Stock
MAT05718,Sustainable Bamboo,Food Packaging,363.98,53.18,95.8,5.49,59.2,Supplier A,Cradle to Cradle,878.97,Low Stock
MAT05719,Organic Cotton,Textiles,244.59,56.2,87.6,5.21,11.9,Supplier E,EcoCert,3701.8,In Stock
MAT05720,Recycled Paper,Footwear,308.35,42.24,22.0,5.79,41.9,Supplier A,EcoCert,261.45,Low Stock
MAT05721,Cellulose,Adhesives,372.87,66.16,27.0,11.35,1.4,Supplier A,GOTS,1198.52,Low Stock
MAT05722,Cork,Electronics,445.96,83.05,64.7,12.42,33.1,Supplier B,FSC,671.47,In Stock
MAT05723,Recycled Copper,Flooring,437.6,30.26,38.6,10.34,32.2,Supplier B,None,2763.9,In Stock
MAT05724,Recycled Paper,Furniture,245.36,48.18,22.2,3.96,21.5,Supplier B,GOTS,2328.15,In Stock
MAT05725,Jute,Automotive,239.54,67.25,79.3,12.57,37.0,Supplier E,EcoCert,3740.81,In Stock
MAT05726,Bio-based Polymer,Flooring,497.69,85.44,41.1,6.02,31.2,Supplier C,FSC,1527.2,Pre-Order
MAT05727,Recycled Glass,Adhesives,455.89,71.8,71.8,7.79,15.1,Supplier C,None,1390.25,Low Stock
MAT05728,Recycled PET,Footwear,328.98,62.99,77.9,3.34,23.1,Supplier A,FSC,1250.81,In Stock
MAT05729,Wool,Bags & Luggage,278.29,9.05,29.5,10.11,98.6,Supplier A,Cradle to Cradle,1107.22,In Stock
MAT05730,Bioplastic,Construction,186.73,83.99,73.1,11.14,59.7,Supplier E,ISO 14001,2544.78,Pre-Order
MAT05731,Cellulose,Household Items,389.08,44.88,35.7,3.6,17.6,Supplier E,FSC,4107.67,Pre-Order
MAT05732,Mushroom Composite,Office Supplies,373.14,85.75,46.9,11.75,34.1,Supplier B,FSC,2786.31,In Stock
MAT05733,Cellulose,Insulation,18.84,19.81,76.5,11.45,95.4,Supplier E,None,2851.88,In Stock
MAT05734,Recycled PET,Coatings,191.09,22.02,34.7,11.78,28.0,Supplier E,FSC,1461.63,Pre-Order
MAT05735,Certified Wood,Coatings,58.71,44.04,70.4,1.15,73.0,Supplier D,EcoCert,327.85,Pre-Order
MAT05736,Hemp Fiber,Household Items,18.93,45.52,55.6,1.59,68.7,Supplier A,ISO 14001,1844.26,Pre-Order
MAT05737,Biodegradable Plastic,Insulation,365.34,73.52,82.0,12.89,44.1,Supplier E,None,1128.8,Pre-Order
MAT05738,Jute,Furniture,95.8,37.44,37.7,11.54,85.0,Supplier C,FSC,3298.42,In Stock
MAT05739,Cardboard,Bags & Luggage,74.32,98.45,86.0,5.95,79.6,Supplier B,GOTS,3892.7,In Stock
MAT05740,Cellulose,Food Packaging,26.12,31.97,35.8,12.67,33.4,Supplier E,FSC,2316.53,Low Stock
MAT05741,Recycled Paper,Food Packaging,100.67,56.5,96.3,4.38,97.6,Supplier D,GOTS,2279.18,Pre-Order
MAT05742,Cardboard,Flooring,364.03,87.11,93.2,5.52,62.8,Supplier A,None,3899.34,In Stock
MAT05743,Seaweed Polymer,Sports Equipment,162.29,11.94,44.1,2.52,53.2,Supplier A,Cradle to Cradle,2200.33,Pre-Order
MAT05744,Hemp Fiber,Household Items,438.91,49.63,72.0,13.98,48.5,Supplier E,None,2641.89,In Stock
MAT05745,Bioplastic,Construction,12.81,37.5,26.4,14.64,36.7,Supplier A,GOTS,2755.6,Low Stock
MAT05746,Flax Fiber,Furniture,371.03,23.87,43.2,4.13,27.2,Supplier E,EcoCert,610.88,Pre-Order
MAT05747,Corn Plastic,Construction,348.41,52.13,43.4,3.7,67.3,Supplier B,ISO 14001,3777.33,Low Stock
MAT05748,Cellulose,Electronics,79.96,3.09,98.4,1.23,10.6,Supplier A,FSC,2903.34,Pre-Order
MAT05749,Sustainable Bamboo,Cosmetics,66.92,30.67,59.3,5.92,57.1,Supplier D,FSC,2307.4,In Stock
MAT05750,Jute,Furniture,133.65,31.26,78.9,4.68,93.9,Supplier C,GOTS,1494.83,Pre-Order
MAT05751,Cardboard,Bags & Luggage,447.32,3.08,61.2,13.48,55.5,Supplier E,EcoCert,2270.88,In Stock
MAT05752,Linen,Cosmetics,124.17,46.26,26.8,13.33,68.4,Supplier A,Cradle to Cradle,2299.1,In Stock
MAT05753,Seaweed Polymer,Construction,455.66,13.08,50.5,5.56,29.4,Supplier D,EcoCert,2293.29,Low Stock
MAT05754,Cork,Insulation,227.51,6.2,96.6,2.92,52.5,Supplier B,Cradle to Cradle,3211.27,In Stock
MAT05755,Recycled Glass,Coatings,138.18,87.79,31.2,14.52,29.3,Supplier C,GOTS,803.44,Pre-Order
MAT05756,Natural Rubber,Coatings,98.47,37.3,94.2,2.9,72.1,Supplier A,EcoCert,1153.7,In Stock
MAT05757,Mushroom Composite,Home Decor,327.38,72.36,78.4,12.36,74.6,Supplier C,FSC,3301.74,Pre-Order
MAT05758,Mushroom Composite,Flooring,358.09,47.9,59.0,11.73,26.7,Supplier E,EcoCert,2469.25,Low Stock
MAT05759,Wool,Household Items,253.7,10.02,89.4,13.69,77.7,Supplier A,None,3940.01,In Stock
MAT05760,Corn Plastic,Construction,155.13,4.78,32.0,1.54,28.5,Supplier B,FSC,1796.12,Low Stock
MAT05761,Mycelium Leather,Toys,102.68,72.66,57.8,2.95,76.8,Supplier D,FSC,1449.18,Low Stock
MAT05762,Cellulose,Insulation,68.64,27.25,88.4,9.88,46.3,Supplier A,EcoCert,1976.23,In Stock
MAT05763,Recycled Copper,Toys,458.47,56.89,31.5,10.1,92.9,Supplier E,Cradle to Cradle,3683.54,Low Stock
MAT05764,Certified Wood,Construction,270.9,37.2,28.4,4.26,59.3,Supplier B,Cradle to Cradle,2207.8,Low Stock
MAT05765,Natural Rubber,Toys,144.83,41.74,88.5,8.93,75.4,Supplier C,ISO 14001,764.43,Low Stock
MAT05766,Jute,Furniture,491.73,48.03,75.2,3.84,28.8,Supplier C,FSC,3250.28,Low Stock
MAT05767,Organic Cotton,Automotive,58.07,40.02,24.2,1.37,86.4,Supplier C,EcoCert,2587.11,In Stock
MAT05768,Seaweed Polymer,Electronics,136.09,77.38,90.8,13.89,39.3,Supplier A,ISO 14001,760.28,In Stock
MAT05769,Linen,Home Decor,347.12,94.31,59.8,7.42,68.3,Supplier D,Cradle to Cradle,2568.85,Low Stock
MAT05770,Hemp Fiber,Bags & Luggage,473.36,10.84,21.3,4.08,4.6,Supplier E,EcoCert,3798.08,Low Stock
MAT05771,Seaweed Polymer,Household Items,392.45,62.15,81.2,10.45,20.4,Supplier E,None,3790.61,Pre-Order
MAT05772,Linen,Household Items,242.97,79.12,95.0,5.78,62.1,Supplier C,Cradle to Cradle,3388.06,In Stock
MAT05773,Seaweed Polymer,Textiles,373.52,29.81,76.4,6.54,83.1,Supplier A,EcoCert,1977.06,Pre-Order
MAT05774,Bioplastic,Automotive,465.6,73.73,24.9,3.52,6.5,Supplier D,Cradle to Cradle,533.69,In Stock
MAT05775,Bio-based Polymer,Construction,68.97,73.9,56.6,11.66,44.8,Supplier C,ISO 14001,1555.42,Low Stock
MAT05776,Mycelium Leather,Kitchen Utensils,244.78,18.65,81.4,5.45,89.2,Supplier D,None,4047.08,Low Stock
MAT05777,Recycled Aluminum,Toys,303.12,69.9,31.0,6.28,79.2,Supplier E,Cradle to Cradle,1254.13,Pre-Order
MAT05778,Recycled Paper,Office Supplies,118.18,4.82,57.3,8.19,94.9,Supplier B,None,993.51,Pre-Order
MAT05779,Algae-based Material,Adhesives,438.92,47.91,59.3,3.47,62.7,Supplier B,EcoCert,3607.18,In Stock
MAT05780,Sustainable Bamboo,Textiles,256.77,45.93,91.8,2.0,38.4,Supplier E,EcoCert,1692.37,Low Stock
MAT05781,Recycled PET,Accessories,170.9,67.55,94.3,5.62,68.6,Supplier E,Cradle to Cradle,3403.0,In Stock
MAT05782,Recycled Glass,Footwear,392.58,41.78,47.5,14.89,3.7,Supplier E,None,1337.96,Low Stock
MAT05783,Recycled PET,Adhesives,90.21,24.17,71.8,11.75,93.4,Supplier D,Cradle to Cradle,2759.75,In Stock
MAT05784,Recycled Copper,Coatings,473.09,54.92,65.9,13.25,57.0,Supplier D,FSC,2315.7,Pre-Order
MAT05785,Seaweed Polymer,Sports Equipment,368.86,49.5,86.2,3.84,37.5,Supplier C,FSC,1083.15,Low Stock
MAT05786,Hemp Fiber,Office Supplies,15.62,79.25,56.2,5.83,25.7,Supplier C,ISO 14001,2759.75,Pre-Order
MAT05787,Cork,Flooring,123.4,50.55,24.1,1.46,31.7,Supplier E,None,760.28,In Stock
MAT05788,Biodegradable Plastic,Kitchen Utensils,302.65,98.54,58.7,9.8,58.1,Supplier E,None,2167.96,Low Stock
MAT05789,Organic Cotton,Flooring,95.35,42.01,25.5,6.68,4.0,Supplier A,FSC,847.43,Pre-Order
MAT05790,Biodegradable Plastic,Construction,93.73,96.44,74.4,4.77,38.8,Supplier D,GOTS,498.0,In Stock
MAT05791,Cardboard,Home Decor,285.15,40.4,99.4,12.81,35.5,Supplier A,GOTS,2149.7,In Stock
MAT05792,Algae-based Material,Flooring,108.54,75.66,34.0,14.79,67.4,Supplier A,EcoCert,2245.98,Pre-Order
MAT05793,Flax Fiber,Textiles,101.75,40.14,67.9,7.1,76.6,Supplier C,Cradle to Cradle,2460.95,Low Stock
MAT05794,Recycled Glass,Automotive,227.68,83.98,65.4,14.35,95.1,Supplier D,ISO 14001,2871.8,Pre-Order
MAT05795,Corn Plastic,Bags & Luggage,156.98,16.28,80.2,2.43,26.8,Supplier C,FSC,3650.34,Pre-Order
MAT05796,Jute,Toys,361.25,82.42,92.2,2.11,60.4,Supplier D,Cradle to Cradle,3899.34,Pre-Order
MAT05797,Recycled Paper,Kitchen Utensils,123.83,71.77,78.1,1.17,92.5,Supplier E,Cradle to Cradle,3822.15,Low Stock
MAT05798,Linen,Office Supplies,471.31,5.6,34.3,0.7,64.8,Supplier D,GOTS,1162.0,In Stock
MAT05799,Cork,Flooring,91.71,25.58,45.6,2.54,60.2,Supplier C,GOTS,570.21,Pre-Order
MAT05800,Flax Fiber,Office Supplies,101.11,62.95,31.8,13.29,2.3,Supplier A,EcoCert,1604.39,Low Stock
MAT05801,Organic Cotton,Cosmetics,443.17,57.35,52.2,4.28,15.9,Supplier A,Cradle to Cradle,2933.22,Low Stock
MAT05802,Natural Rubber,Sports Equipment,361.05,56.49,53.7,12.8,94.0,Supplier E,None,269.75,In Stock
MAT05803,Jute,Construction,260.51,61.98,58.6,10.31,49.1,Supplier B,None,402.55,In Stock
MAT05804,Recycled Glass,Furniture,429.04,41.13,44.0,12.27,51.0,Supplier E,EcoCert,3939.18,Pre-Order
MAT05805,Recycled Glass,Toys,29.16,66.24,85.1,0.81,59.8,Supplier E,ISO 14001,3071.0,Pre-Order
MAT05806,Recycled Aluminum,Construction,119.28,84.49,25.7,4.24,57.8,Supplier A,FSC,2138.08,Pre-Order
MAT05807,Jute,Household Items,217.71,95.68,24.3,14.42,71.0,Supplier D,EcoCert,3749.11,Low Stock
MAT05808,Algae-based Material,Electronics,102.8,10.95,71.6,7.18,84.7,Supplier A,GOTS,2627.78,In Stock
MAT05809,Wool,Insulation,374.12,33.96,77.5,7.85,83.2,Supplier C,FSC,1523.88,Pre-Order
MAT05810,Recycled PET,Food Packaging,122.64,74.65,57.0,11.54,49.4,Supplier E,ISO 14001,1090.62,In Stock
MAT05811,Mycelium Leather,Cosmetics,135.53,95.45,35.5,9.97,90.1,Supplier E,GOTS,2929.07,Pre-Order
MAT05812,Recycled Glass,Textiles,394.72,82.42,81.3,14.17,81.4,Supplier A,None,3878.59,Pre-Order
MAT05813,Algae-based Material,Office Supplies,188.49,38.14,75.7,10.57,93.9,Supplier D,EcoCert,1200.18,In Stock
MAT05814,Bioplastic,Accessories,156.2,17.55,27.5,13.54,43.8,Supplier D,GOTS,1292.31,Low Stock
MAT05815,Hemp Fiber,Automotive,353.87,9.37,70.2,2.08,88.3,Supplier B,ISO 14001,444.88,In Stock
MAT05816,Mycelium Leather,Accessories,83.32,73.2,56.7,14.35,25.3,Supplier D,ISO 14001,2053.42,Low Stock
MAT05817,Mycelium Leather,Food Packaging,121.93,64.03,36.3,1.04,76.9,Supplier E,GOTS,3790.61,In Stock
MAT05818,Recycled PET,Construction,249.79,27.83,51.3,12.63,49.0,Supplier A,FSC,1479.89,In Stock
MAT05819,Linen,Furniture,362.02,1.55,88.3,10.19,10.3,Supplier C,ISO 14001,3310.87,Pre-Order
MAT05820,Cellulose,Adhesives,74.6,61.72,36.2,9.06,14.5,Supplier B,Cradle to Cradle,3212.93,In Stock
MAT05821,Mycelium Leather,Bags & Luggage,396.13,5.11,71.9,7.96,97.2,Supplier E,GOTS,2143.06,In Stock
MAT05822,Recycled Paper,Sports Equipment,78.36,46.29,81.7,5.36,13.8,Supplier A,EcoCert,1636.76,Low Stock
MAT05823,Wool,Construction,273.12,34.25,63.4,7.74,72.1,Supplier A,None,641.59,In Stock
MAT05824,Cardboard,Flooring,218.32,96.99,77.3,8.25,44.1,Supplier C,None,1835.96,Low Stock
MAT05825,Recycled Copper,Textiles,75.32,84.19,99.4,14.05,60.6,Supplier C,FSC,3725.87,In Stock
MAT05826,Organic Cotton,Food Packaging,351.33,60.07,46.5,1.65,85.7,Supplier D,Cradle to Cradle,1497.32,Pre-Order
MAT05827,Algae-based Material,Bags & Luggage,310.55,75.69,36.9,1.55,99.7,Supplier E,FSC,3470.23,Pre-Order
MAT05828,Algae-based Material,Flooring,42.88,27.73,88.1,8.49,67.0,Supplier C,Cradle to Cradle,2662.64,Pre-Order
MAT05829,Linen,Bags & Luggage,347.56,36.41,97.2,1.12,50.1,Supplier E,EcoCert,1453.33,Low Stock
MAT05830,Bioplastic,Flooring,429.34,95.1,95.5,11.72,85.9,Supplier A,GOTS,1708.14,In Stock
MAT05831,Recycled Aluminum,Insulation,242.78,53.28,96.8,8.89,28.9,Supplier E,GOTS,2717.42,Low Stock
MAT05832,Biodegradable Plastic,Office Supplies,29.0,79.05,66.4,14.0,57.1,Supplier C,ISO 14001,1623.48,Low Stock
MAT05833,Wool,Construction,61.59,57.0,65.9,0.77,91.5,Supplier D,Cradle to Cradle,3334.11,Low Stock
MAT05834,Cork,Food Packaging,271.24,89.69,90.3,5.28,2.0,Supplier B,FSC,4029.65,In Stock
MAT05835,Linen,Toys,229.92,35.22,65.1,8.88,35.3,Supplier A,None,2320.68,In Stock
MAT05836,Corn Plastic,Toys,298.09,11.29,37.9,5.92,92.1,Supplier C,EcoCert,723.76,Pre-Order
MAT05837,Mushroom Composite,Household Items,387.55,78.26,75.2,4.91,7.9,Supplier C,FSC,854.07,In Stock
MAT05838,Organic Cotton,Construction,339.15,12.1,79.6,11.56,92.0,Supplier C,GOTS,1365.35,Pre-Order
MAT05839,Mushroom Composite,Home Decor,17.54,68.05,80.5,10.62,1.8,Supplier D,EcoCert,2919.94,In Stock
MAT05840,Biodegradable Plastic,Kitchen Utensils,60.12,89.11,58.8,8.92,74.4,Supplier E,None,1088.13,Pre-Order
MAT05841,Natural Rubber,Textiles,355.72,63.79,83.1,0.65,19.0,Supplier A,GOTS,2131.44,In Stock
MAT05842,Hemp Fiber,Automotive,470.98,79.08,20.7,4.9,2.1,Supplier D,EcoCert,795.97,Low Stock
MAT05843,Jute,Furniture,451.01,75.89,36.0,1.51,33.7,Supplier A,FSC,3449.48,Pre-Order
MAT05844,Biodegradable Plastic,Household Items,127.02,91.31,62.3,6.8,87.2,Supplier D,GOTS,1870.82,Low Stock
MAT05845,Recycled Glass,Office Supplies,448.7,96.74,85.3,11.69,20.1,Supplier B,ISO 14001,1130.46,Pre-Order
MAT05846,Recycled Glass,Flooring,374.59,41.24,87.1,3.26,88.4,Supplier E,ISO 14001,3745.79,Pre-Order
MAT05847,Mushroom Composite,Kitchen Utensils,473.78,81.47,25.4,4.91,11.3,Supplier A,None,2218.59,Pre-Order
MAT05848,Bio-based Polymer,Kitchen Utensils,351.75,23.61,69.7,4.36,39.0,Supplier B,ISO 14001,2309.89,Low Stock
MAT05849,Flax Fiber,Office Supplies,147.29,34.05,22.3,12.24,73.4,Supplier C,None,1113.03,In Stock
MAT05850,Bioplastic,Sports Equipment,418.79,43.75,70.1,4.92,71.9,Supplier D,FSC,1949.67,In Stock
MAT05851,Hemp Fiber,Kitchen Utensils,86.92,86.63,67.3,10.87,60.4,Supplier B,FSC,2752.28,In Stock
MAT05852,Recycled Glass,Electronics,464.01,8.12,52.2,9.41,28.9,Supplier D,EcoCert,245.68,In Stock
MAT05853,Recycled PET,Household Items,462.2,3.67,49.3,10.68,61.8,Supplier B,Cradle to Cradle,2820.34,In Stock
MAT05854,Jute,Adhesives,56.44,28.38,37.8,11.51,67.5,Supplier C,EcoCert,447.37,In Stock
MAT05855,Bio-based Polymer,Bags & Luggage,433.71,17.75,68.0,4.42,43.6,Supplier C,ISO 14001,1360.37,Low Stock
MAT05856,Recycled Metal,Household Items,63.19,15.5,74.2,5.07,15.5,Supplier D,ISO 14001,446.54,Low Stock
MAT05857,Linen,Footwear,130.68,87.99,22.2,2.82,46.3,Supplier D,None,1733.04,In Stock
MAT05858,Certified Wood,Furniture,45.17,22.56,76.3,11.47,21.0,Supplier D,Cradle to Cradle,1297.29,Pre-Order
MAT05859,Bioplastic,Accessories,251.55,73.06,92.9,3.19,77.2,Supplier C,FSC,868.18,Low Stock
MAT05860,Mushroom Composite,Footwear,393.47,8.14,87.7,10.17,64.0,Supplier A,FSC,3235.34,Pre-Order
MAT05861,Mushroom Composite,Construction,219.06,11.46,42.4,10.85,61.3,Supplier D,Cradle to Cradle,3509.24,Pre-Order
MAT05862,Recycled Aluminum,Coatings,423.49,66.21,86.5,7.82,58.3,Supplier A,Cradle to Cradle,2927.41,Pre-Order
MAT05863,Algae-based Material,Textiles,96.98,46.35,52.1,1.81,1.1,Supplier E,Cradle to Cradle,3803.06,Low Stock
MAT05864,Corn Plastic,Furniture,80.17,79.33,94.9,7.8,26.6,Supplier D,FSC,451.52,Low Stock
MAT05865,Recycled PET,Cosmetics,471.68,39.33,93.3,9.43,62.9,Supplier E,None,3180.56,Low Stock
MAT05866,Natural Rubber,Cosmetics,465.66,3.54,41.0,5.65,12.9,Supplier D,EcoCert,270.58,Low Stock
MAT05867,Cork Composite,Footwear,237.64,48.86,29.1,14.21,37.5,Supplier A,None,717.95,In Stock
MAT05868,Wool,Accessories,104.62,13.42,99.4,6.3,76.8,Supplier A,FSC,2849.39,Low Stock
MAT05869,Algae-based Material,Adhesives,172.22,39.32,31.0,3.42,29.5,Supplier A,FSC,1065.72,Pre-Order
MAT05870,Biodegradable Plastic,Footwear,186.1,80.18,85.0,3.68,55.1,Supplier C,FSC,3508.41,Low Stock
MAT05871,Corn Plastic,Food Packaging,176.38,4.87,42.2,5.08,8.8,Supplier A,None,3331.62,Low Stock
MAT05872,Cellulose,Office Supplies,384.42,2.26,64.5,1.14,31.6,Supplier C,FSC,789.33,Pre-Order
MAT05873,Cellulose,Flooring,51.76,99.45,70.1,4.07,15.5,Supplier D,ISO 14001,1658.34,In Stock
MAT05874,Organic Cotton,Textiles,211.74,75.15,52.2,10.13,4.3,Supplier E,None,3425.41,Pre-Order
MAT05875,Bio-based Polymer,Flooring,440.53,10.28,69.2,9.29,91.2,Supplier E,None,3705.95,In Stock
MAT05876,Corn Plastic,Kitchen Utensils,280.45,95.51,94.8,13.86,99.1,Supplier E,None,2858.52,In Stock
MAT05877,Linen,Cosmetics,372.78,7.83,39.3,3.7,94.9,Supplier C,GOTS,1713.95,Pre-Order
MAT05878,Cork,Footwear,238.5,28.92,24.2,4.77,14.2,Supplier D,EcoCert,3921.75,Pre-Order
MAT05879,Cork Composite,Household Items,408.01,80.33,54.7,14.53,6.5,Supplier C,Cradle to Cradle,3223.72,Pre-Order
MAT05880,Cellulose,Cosmetics,448.06,92.08,67.7,6.05,67.2,Supplier E,Cradle to Cradle,1640.08,Low Stock
MAT05881,Jute,Electronics,383.59,73.47,26.1,14.02,15.8,Supplier D,ISO 14001,3951.63,Low Stock
MAT05882,Recycled Copper,Kitchen Utensils,121.49,45.79,93.7,10.93,14.9,Supplier B,Cradle to Cradle,2550.59,In Stock
MAT05883,Biodegradable Plastic,Textiles,413.65,89.87,54.2,11.96,58.5,Supplier C,FSC,1740.51,In Stock
MAT05884,Cardboard,Footwear,438.63,65.59,45.1,8.94,69.3,Supplier B,EcoCert,2299.93,Low Stock
MAT05885,Algae-based Material,Footwear,415.14,84.41,75.1,0.83,39.2,Supplier A,GOTS,2247.64,Low Stock
MAT05886,Recycled PET,Adhesives,183.31,35.38,78.9,12.99,79.8,Supplier E,ISO 14001,1977.06,Low Stock
MAT05887,Cellulose,Sports Equipment,361.37,58.23,67.6,7.3,13.1,Supplier D,ISO 14001,486.38,In Stock
MAT05888,Cellulose,Electronics,71.31,79.18,38.1,2.84,48.1,Supplier B,EcoCert,4006.41,In Stock
MAT05889,Linen,Coatings,149.19,60.62,36.5,11.68,57.8,Supplier D,None,1733.04,Pre-Order
MAT05890,Linen,Home Decor,295.83,41.44,98.8,7.74,53.3,Supplier D,GOTS,3517.54,In Stock
MAT05891,Mycelium Leather,Food Packaging,294.66,11.66,70.7,13.62,61.8,Supplier C,ISO 14001,3242.81,In Stock
MAT05892,Seaweed Polymer,Kitchen Utensils,164.87,95.11,85.7,4.61,27.9,Supplier B,ISO 14001,1809.4,In Stock
MAT05893,Recycled Aluminum,Textiles,444.33,81.53,89.3,6.78,41.5,Supplier D,FSC,3996.45,Low Stock
MAT05894,Seaweed Polymer,Flooring,351.39,83.45,39.1,3.04,81.1,Supplier B,Cradle to Cradle,1677.43,In Stock
MAT05895,Sustainable Bamboo,Adhesives,212.39,52.14,44.4,6.6,50.0,Supplier B,ISO 14001,449.86,In Stock
MAT05896,Jute,Kitchen Utensils,282.6,61.9,32.6,7.15,99.1,Supplier E,ISO 14001,4010.56,Pre-Order
MAT05897,Recycled Glass,Toys,404.82,2.47,32.6,12.49,54.3,Supplier E,None,3959.1,Low Stock
MAT05898,Wool,Home Decor,153.41,87.97,50.5,6.11,48.7,Supplier A,ISO 14001,594.28,Low Stock
MAT05899,Cellulose,Office Supplies,180.16,17.42,46.5,3.4,3.2,Supplier D,None,1471.59,Pre-Order
MAT05900,Mushroom Composite,Office Supplies,271.64,80.24,69.5,2.68,86.2,Supplier A,ISO 14001,3614.65,Low Stock
MAT05901,Seaweed Polymer,Home Decor,363.31,62.77,58.3,7.05,64.2,Supplier B,None,1348.75,In Stock
MAT05902,Sustainable Bamboo,Flooring,332.56,1.25,93.6,14.21,0.1,Supplier E,Cradle to Cradle,1674.11,In Stock
MAT05903,Sustainable Bamboo,Kitchen Utensils,23.45,83.63,54.3,8.11,47.3,Supplier E,ISO 14001,3318.34,Low Stock
MAT05904,Bioplastic,Office Supplies,79.41,8.98,54.7,2.08,23.5,Supplier C,EcoCert,1222.59,In Stock
MAT05905,Linen,Home Decor,305.9,54.4,79.8,10.28,72.2,Supplier D,GOTS,1785.33,Pre-Order
MAT05906,Corn Plastic,Textiles,417.53,42.77,52.6,2.87,76.1,Supplier A,EcoCert,776.05,Low Stock
MAT05907,Sustainable Bamboo,Electronics,78.29,24.52,21.7,10.62,2.4,Supplier D,FSC,2440.2,Pre-Order
MAT05908,Recycled Aluminum,Household Items,247.58,20.22,43.6,8.43,69.5,Supplier E,FSC,1745.49,Low Stock
MAT05909,Flax Fiber,Toys,157.97,99.1,57.5,10.51,30.2,Supplier C,GOTS,993.51,In Stock
MAT05910,Wool,Toys,413.12,38.29,87.8,1.8,96.2,Supplier A,FSC,1752.96,In Stock
MAT05911,Hemp Fiber,Adhesives,468.63,62.43,20.8,13.8,95.1,Supplier D,ISO 14001,2505.77,In Stock
MAT05912,Cork Composite,Furniture,75.96,11.13,47.2,12.17,70.6,Supplier D,FSC,4044.59,Low Stock
MAT05913,Wool,Kitchen Utensils,342.55,87.39,46.6,1.6,11.4,Supplier E,EcoCert,1059.91,In Stock
MAT05914,Wool,Food Packaging,305.32,27.79,70.1,1.77,66.5,Supplier B,EcoCert,2039.31,In Stock
MAT05915,Bioplastic,Accessories,14.81,13.78,98.8,1.77,56.1,Supplier C,FSC,2499.13,Low Stock
MAT05916,Hemp Fiber,Textiles,48.32,55.44,90.2,5.59,41.1,Supplier B,GOTS,3842.07,In Stock
MAT05917,Bio-based Polymer,Flooring,200.89,34.2,21.9,4.1,84.6,Supplier A,ISO 14001,1410.17,Pre-Order
MAT05918,Recycled Aluminum,Home Decor,404.49,58.52,68.4,10.82,16.0,Supplier B,None,1220.1,Low Stock
MAT05919,Mycelium Leather,Household Items,23.41,74.49,54.6,13.61,8.6,Supplier B,None,1542.97,In Stock
MAT05920,Recycled Metal,Food Packaging,439.09,49.58,50.8,10.29,81.9,Supplier E,FSC,1706.48,Pre-Order
MAT05921,Algae-based Material,Automotive,180.75,88.15,75.1,2.22,21.9,Supplier A,None,3373.12,Low Stock
MAT05922,Bio-based Polymer,Household Items,181.52,73.86,82.4,1.62,17.5,Supplier A,EcoCert,2265.9,Low Stock
MAT05923,Organic Cotton,Toys,470.48,1.21,59.6,2.11,34.0,Supplier C,Cradle to Cradle,3996.45,In Stock
MAT05924,Recycled Metal,Household Items,85.94,6.89,91.3,14.89,46.4,Supplier D,GOTS,3141.55,Pre-Order
MAT05925,Cork Composite,Home Decor,294.42,32.28,22.1,11.05,78.9,Supplier E,FSC,2075.83,Pre-Order
MAT05926,Biodegradable Plastic,Household Items,357.12,74.84,96.2,9.42,75.6,Supplier A,ISO 14001,3388.89,Pre-Order
MAT05927,Recycled PET,Construction,457.94,65.29,38.2,1.24,70.2,Supplier D,Cradle to Cradle,3050.25,In Stock
MAT05928,Linen,Kitchen Utensils,98.64,50.26,32.1,11.09,7.9,Supplier D,FSC,3296.76,In Stock
MAT05929,Biodegradable Plastic,Insulation,111.17,55.41,86.8,0.77,78.5,Supplier A,GOTS,3830.45,Pre-Order
MAT05930,Hemp Fiber,Textiles,420.24,24.54,84.6,13.53,84.3,Supplier B,ISO 14001,3281.82,Pre-Order
MAT05931,Sustainable Bamboo,Flooring,301.11,23.75,58.5,3.85,23.0,Supplier E,EcoCert,2009.43,Pre-Order
MAT05932,Cardboard,Automotive,269.27,93.05,25.8,13.76,97.3,Supplier B,FSC,328.68,Pre-Order
MAT05933,Cardboard,Office Supplies,257.12,3.23,67.0,0.7,93.8,Supplier D,EcoCert,3406.32,Low Stock
MAT05934,Recycled Glass,Automotive,361.83,87.75,79.0,9.29,46.3,Supplier B,GOTS,3285.14,In Stock
MAT05935,Corn Plastic,Adhesives,312.69,7.5,93.2,5.18,30.8,Supplier A,None,437.41,Low Stock
MAT05936,Cellulose,Household Items,132.63,67.59,46.8,10.63,79.5,Supplier C,FSC,1594.43,Pre-Order
MAT05937,Hemp Fiber,Furniture,137.5,5.1,49.8,8.57,50.6,Supplier C,ISO 14001,1610.2,In Stock
MAT05938,Mushroom Composite,Flooring,307.1,63.71,28.3,1.89,0.1,Supplier D,GOTS,2250.96,Pre-Order
MAT05939,Natural Rubber,Accessories,49.29,60.58,70.5,11.9,74.9,Supplier D,None,1892.4,In Stock
MAT05940,Algae-based Material,Toys,343.42,82.61,47.1,7.74,49.6,Supplier B,EcoCert,2151.36,Pre-Order
MAT05941,Organic Cotton,Toys,399.01,54.15,49.5,2.38,47.2,Supplier A,ISO 14001,483.89,Pre-Order
MAT05942,Organic Cotton,Sports Equipment,84.07,97.48,61.6,13.12,48.0,Supplier C,Cradle to Cradle,3276.84,Pre-Order
MAT05943,Cork Composite,Furniture,54.11,56.42,27.1,14.55,88.4,Supplier A,Cradle to Cradle,2938.2,Low Stock
MAT05944,Bioplastic,Textiles,359.52,2.87,23.8,4.43,27.8,Supplier D,GOTS,628.31,Pre-Order
MAT05945,Bio-based Polymer,Accessories,377.33,38.66,96.4,1.45,80.3,Supplier A,Cradle to Cradle,2623.63,Pre-Order
MAT05946,Mycelium Leather,Flooring,479.49,86.83,43.5,14.57,16.1,Supplier D,ISO 14001,3585.6,Pre-Order
MAT05947,Cork,Food Packaging,197.53,91.44,72.1,4.8,99.8,Supplier E,ISO 14001,3800.57,Pre-Order
MAT05948,Cardboard,Home Decor,104.39,53.81,65.1,3.45,72.6,Supplier C,None,4005.58,Pre-Order
MAT05949,Recycled Copper,Home Decor,458.7,97.57,29.1,3.27,6.9,Supplier D,None,3017.05,Pre-Order
MAT05950,Certified Wood,Household Items,106.22,25.23,42.1,8.72,35.1,Supplier E,Cradle to Cradle,657.36,Pre-Order
MAT05951,Mushroom Composite,Furniture,331.9,50.18,85.9,7.49,15.8,Supplier B,EcoCert,379.31,Low Stock
MAT05952,Organic Cotton,Flooring,261.28,68.22,31.3,12.76,73.7,Supplier D,GOTS,3051.91,Low Stock
MAT05953,Recycled Glass,Home Decor,186.09,22.58,67.9,14.93,52.1,Supplier B,GOTS,239.87,Low Stock
MAT05954,Jute,Coatings,206.71,74.38,75.5,13.99,30.6,Supplier E,EcoCert,1830.98,Pre-Order
MAT05955,Recycled Copper,Footwear,83.25,22.46,61.2,6.25,23.2,Supplier E,ISO 14001,3625.44,In Stock
MAT05956,Organic Cotton,Insulation,249.78,12.23,35.2,8.38,18.9,Supplier B,ISO 14001,234.06,Pre-Order
MAT05957,Biodegradable Plastic,Home Decor,483.48,63.09,47.3,13.35,16.4,Supplier D,None,974.42,In Stock
MAT05958,Jute,Food Packaging,47.35,82.33,25.6,2.07,85.2,Supplier D,None,3920.92,Low Stock
MAT05959,Recycled Paper,Sports Equipment,300.39,94.63,22.6,14.5,74.5,Supplier C,ISO 14001,466.46,Low Stock
MAT05960,Cellulose,Kitchen Utensils,455.08,24.89,22.9,12.21,51.3,Supplier E,Cradle to Cradle,2273.37,Low Stock
MAT05961,Sustainable Bamboo,Office Supplies,119.62,17.34,62.1,5.64,85.7,Supplier B,Cradle to Cradle,3796.42,Low Stock
MAT05962,Corn Plastic,Electronics,477.54,87.79,37.8,2.63,90.0,Supplier D,None,3304.23,Pre-Order
MAT05963,Wool,Construction,499.87,11.46,88.3,3.03,53.5,Supplier A,None,442.39,Low Stock
MAT05964,Sustainable Bamboo,Electronics,85.97,9.5,21.4,13.56,52.1,Supplier E,Cradle to Cradle,1222.59,Pre-Order
MAT05965,Recycled Paper,Bags & Luggage,194.72,25.08,92.2,1.01,25.6,Supplier D,Cradle to Cradle,2463.44,Pre-Order
MAT05966,Mushroom Composite,Bags & Luggage,365.8,20.55,83.3,6.09,86.0,Supplier E,FSC,1256.62,Pre-Order
MAT05967,Natural Rubber,Household Items,207.42,21.38,89.2,7.41,24.8,Supplier A,FSC,3899.34,Pre-Order
MAT05968,Biodegradable Plastic,Household Items,233.59,38.73,52.4,13.28,23.6,Supplier B,GOTS,4140.04,In Stock
MAT05969,Recycled Copper,Food Packaging,491.07,90.97,70.7,12.21,80.4,Supplier A,ISO 14001,2528.18,In Stock
MAT05970,Sustainable Bamboo,Construction,297.96,14.29,59.0,10.98,10.2,Supplier C,ISO 14001,2138.08,Low Stock
MAT05971,Linen,Home Decor,213.89,42.34,38.9,1.14,3.7,Supplier B,None,1204.33,Pre-Order
MAT05972,Cardboard,Furniture,385.08,46.14,49.4,4.2,37.4,Supplier C,GOTS,1119.67,Pre-Order
MAT05973,Mycelium Leather,Sports Equipment,372.83,13.48,74.5,13.33,30.1,Supplier D,Cradle to Cradle,3205.46,In Stock
MAT05974,Recycled Paper,Coatings,248.61,78.45,92.2,8.87,57.6,Supplier A,None,3808.04,In Stock
MAT05975,Linen,Textiles,307.17,37.98,27.9,1.97,9.7,Supplier C,EcoCert,3298.42,Low Stock
MAT05976,Recycled Paper,Food Packaging,162.3,51.45,68.4,6.32,43.5,Supplier D,EcoCert,2365.5,Low Stock
MAT05977,Mycelium Leather,Household Items,302.79,32.08,50.2,10.67,56.6,Supplier D,GOTS,2026.03,Low Stock
MAT05978,Jute,Cosmetics,88.62,29.88,23.6,1.69,69.8,Supplier E,ISO 14001,698.03,Low Stock
MAT05979,Biodegradable Plastic,Cosmetics,185.08,48.79,33.2,10.91,27.0,Supplier B,None,258.96,In Stock
MAT05980,Recycled PET,Construction,390.74,5.17,44.0,4.21,18.7,Supplier B,GOTS,2228.55,In Stock
MAT05981,Wool,Coatings,278.3,36.59,56.4,7.93,21.1,Supplier B,Cradle to Cradle,605.9,In Stock
MAT05982,Cork,Food Packaging,361.58,46.24,45.2,1.94,21.2,Supplier E,Cradle to Cradle,3095.9,Low Stock
MAT05983,Mycelium Leather,Adhesives,253.71,91.08,67.4,3.53,86.7,Supplier B,GOTS,2885.91,Pre-Order
MAT05984,Natural Rubber,Accessories,406.25,33.04,79.0,8.77,12.0,Supplier C,FSC,1242.51,Low Stock
MAT05985,Recycled Paper,Footwear,127.55,49.81,91.2,3.91,98.5,Supplier E,Cradle to Cradle,2208.63,Pre-Order
MAT05986,Recycled Paper,Sports Equipment,427.04,65.38,94.3,4.83,73.8,Supplier A,EcoCert,1611.03,Pre-Order
MAT05987,Linen,Adhesives,104.13,78.34,46.6,7.54,68.3,Supplier C,ISO 14001,567.72,Pre-Order
MAT05988,Algae-based Material,Electronics,435.28,21.01,47.2,4.68,27.2,Supplier C,None,192.56,Pre-Order
MAT05989,Cellulose,Automotive,484.8,60.7,47.5,7.5,84.6,Supplier D,Cradle to Cradle,3832.94,Pre-Order
MAT05990,Mushroom Composite,Food Packaging,308.04,36.06,88.8,8.45,91.0,Supplier A,EcoCert,381.8,In Stock
MAT05991,Mycelium Leather,Footwear,499.53,19.04,49.0,4.3,49.0,Supplier C,FSC,376.82,Pre-Order
MAT05992,Natural Rubber,Electronics,127.74,20.92,66.1,6.02,22.5,Supplier A,ISO 14001,307.1,In Stock
MAT05993,Mycelium Leather,Home Decor,156.06,57.49,23.3,9.59,94.3,Supplier D,ISO 14001,2681.73,Low Stock
MAT05994,Certified Wood,Furniture,454.32,63.83,37.0,9.49,41.1,Supplier B,GOTS,1907.34,Pre-Order
MAT05995,Organic Cotton,Sports Equipment,194.22,6.33,79.4,7.65,96.3,Supplier E,ISO 14001,3551.57,Low Stock
MAT05996,Certified Wood,Bags & Luggage,322.44,20.01,100.0,12.18,19.3,Supplier B,ISO 14001,2558.89,Pre-Order
MAT05997,Recycled Metal,Cosmetics,362.03,55.98,29.4,14.48,4.1,Supplier D,FSC,2328.15,Pre-Order
MAT05998,Algae-based Material,Electronics,445.21,94.77,79.3,11.85,55.9,Supplier E,ISO 14001,3290.95,Pre-Order
MAT05999,Flax Fiber,Office Supplies,280.47,92.45,93.4,10.56,41.6,Supplier D,EcoCert,1702.33,Pre-Order
MAT06000,Mushroom Composite,Footwear,466.16,82.46,95.1,6.79,3.2,Supplier B,EcoCert,2328.98,In Stock
MAT06001,Wool,Automotive,250.29,79.06,68.5,1.15,84.5,Supplier C,GOTS,1239.19,In Stock
MAT06002,Bioplastic,Accessories,146.91,96.34,61.3,8.06,47.8,Supplier C,FSC,1142.91,Pre-Order
MAT06003,Natural Rubber,Furniture,430.11,18.62,49.4,8.0,9.0,Supplier B,None,3806.38,Low Stock
MAT06004,Mushroom Composite,Footwear,289.82,16.13,21.4,3.46,84.0,Supplier A,ISO 14001,306.27,Pre-Order
MAT06005,Bioplastic,Construction,196.02,54.06,92.4,6.28,84.5,Supplier E,GOTS,2123.14,Low Stock
MAT06006,Flax Fiber,Home Decor,188.1,5.88,27.6,8.39,82.5,Supplier D,None,3880.25,Low Stock
MAT06007,Sustainable Bamboo,Footwear,88.02,79.34,31.1,4.93,41.2,Supplier A,GOTS,2068.36,Pre-Order
MAT06008,Cork Composite,Cosmetics,52.54,50.63,24.3,13.37,64.4,Supplier C,EcoCert,1732.21,In Stock
MAT06009,Cork,Bags & Luggage,331.62,48.18,87.6,14.96,59.3,Supplier C,FSC,3926.73,Low Stock
MAT06010,Recycled Metal,Kitchen Utensils,176.0,22.26,55.5,11.43,93.5,Supplier B,Cradle to Cradle,192.56,In Stock
MAT06011,Certified Wood,Sports Equipment,178.59,23.18,36.7,3.37,25.7,Supplier E,EcoCert,3544.93,Pre-Order
MAT06012,Sustainable Bamboo,Coatings,39.66,76.24,85.4,0.95,2.4,Supplier A,ISO 14001,1165.32,In Stock
MAT06013,Recycled PET,Toys,194.0,3.78,96.9,14.87,13.3,Supplier C,Cradle to Cradle,2834.45,Pre-Order
MAT06014,Cardboard,Footwear,156.18,10.62,78.6,5.0,28.7,Supplier B,Cradle to Cradle,538.67,Low Stock
MAT06015,Cork Composite,Construction,48.12,71.27,40.5,10.06,88.7,Supplier D,EcoCert,4081.11,Pre-Order
MAT06016,Recycled Aluminum,Cosmetics,109.27,48.51,54.9,9.64,52.5,Supplier E,None,1339.62,Pre-Order
MAT06017,Cellulose,Adhesives,303.64,8.46,32.2,13.16,69.0,Supplier B,Cradle to Cradle,2906.66,Pre-Order
MAT06018,Recycled Glass,Cosmetics,160.17,64.89,83.2,0.55,46.6,Supplier B,FSC,3646.19,In Stock
MAT06019,Bioplastic,Flooring,243.53,22.96,93.7,2.84,27.4,Supplier E,EcoCert,843.28,Low Stock
MAT06020,Recycled Copper,Construction,253.15,29.92,55.7,10.15,27.8,Supplier D,FSC,3789.78,Pre-Order
MAT06021,Recycled Glass,Office Supplies,137.84,26.49,54.7,5.4,12.1,Supplier A,ISO 14001,558.59,Low Stock
MAT06022,Recycled Metal,Automotive,362.45,97.89,70.0,1.85,88.3,Supplier E,EcoCert,2495.81,In Stock
MAT06023,Bio-based Polymer,Furniture,218.57,97.48,64.9,6.47,3.3,Supplier B,FSC,2783.82,In Stock
MAT06024,Hemp Fiber,Home Decor,59.55,25.39,66.9,10.8,17.3,Supplier E,None,3034.48,Low Stock
MAT06025,Certified Wood,Toys,19.44,8.92,52.2,10.06,5.6,Supplier A,None,3485.17,In Stock
MAT06026,Corn Plastic,Automotive,146.32,6.33,58.5,1.32,9.9,Supplier B,FSC,479.74,Low Stock
MAT06027,Certified Wood,Toys,475.5,71.15,74.4,14.88,75.9,Supplier A,Cradle to Cradle,3605.52,In Stock
MAT06028,Cork Composite,Furniture,12.48,41.24,75.8,4.3,50.8,Supplier D,EcoCert,1728.06,In Stock
MAT06029,Corn Plastic,Home Decor,370.97,8.28,51.3,14.6,89.3,Supplier A,Cradle to Cradle,1572.85,In Stock
MAT06030,Seaweed Polymer,Insulation,199.58,16.26,81.5,6.8,89.1,Supplier A,GOTS,2079.15,Low Stock
MAT06031,Corn Plastic,Automotive,441.17,18.18,74.0,9.31,98.5,Supplier C,GOTS,2918.28,In Stock
MAT06032,Organic Cotton,Adhesives,208.67,80.78,26.5,4.59,29.1,Supplier E,None,3461.1,In Stock
MAT06033,Seaweed Polymer,Bags & Luggage,141.36,2.04,61.5,11.03,51.8,Supplier A,None,3385.57,Pre-Order
MAT06034,Bioplastic,Household Items,386.95,2.88,98.6,7.26,61.6,Supplier E,EcoCert,2927.41,In Stock
MAT06035,Cellulose,Coatings,236.89,54.65,67.3,5.27,57.6,Supplier A,ISO 14001,483.89,Pre-Order
MAT06036,Cardboard,Electronics,488.47,66.69,61.9,8.03,7.6,Supplier C,None,1949.67,Pre-Order
MAT06037,Wool,Textiles,216.91,49.11,53.9,5.15,47.2,Supplier E,Cradle to Cradle,2856.86,Low Stock
MAT06038,Cardboard,Insulation,272.13,12.71,54.0,3.08,20.1,Supplier C,FSC,2383.76,Pre-Order
MAT06039,Mushroom Composite,Home Decor,239.37,30.59,24.8,13.11,33.7,Supplier A,None,3831.28,Low Stock
MAT06040,Biodegradable Plastic,Office Supplies,261.96,58.93,47.2,2.03,55.3,Supplier D,None,528.71,Low Stock
MAT06041,Algae-based Material,Kitchen Utensils,107.86,51.62,24.4,11.73,11.7,Supplier D,Cradle to Cradle,1171.13,Low Stock
MAT06042,Certified Wood,Toys,332.84,69.89,50.5,5.09,2.4,Supplier B,None,931.26,Low Stock
MAT06043,Bio-based Polymer,Office Supplies,284.49,61.69,82.3,6.05,61.9,Supplier B,None,2006.11,Pre-Order
MAT06044,Bioplastic,Home Decor,237.35,5.5,53.8,14.69,34.8,Supplier B,None,2658.49,Low Stock
MAT06045,Cellulose,Food Packaging,95.33,52.4,55.6,14.05,61.4,Supplier A,FSC,3974.04,Pre-Order
MAT06046,Organic Cotton,Footwear,367.93,39.85,86.0,4.49,57.4,Supplier B,None,3649.51,Low Stock
MAT06047,Recycled Metal,Adhesives,481.04,15.91,82.5,8.73,99.7,Supplier D,Cradle to Cradle,1587.79,In Stock
MAT06048,Organic Cotton,Electronics,364.89,55.43,48.8,3.13,44.5,Supplier B,ISO 14001,1916.47,Low Stock
MAT06049,Linen,Toys,190.61,28.14,66.6,0.72,93.8,Supplier A,FSC,2148.87,Low Stock
MAT06050,Natural Rubber,Accessories,241.6,26.29,98.6,12.48,89.8,Supplier E,FSC,3943.33,In Stock
MAT06051,Flax Fiber,Office Supplies,284.75,14.74,40.8,2.28,44.2,Supplier C,EcoCert,3699.31,Pre-Order
MAT06052,Jute,Kitchen Utensils,82.99,30.56,55.7,9.49,8.4,Supplier A,Cradle to Cradle,2494.15,In Stock
MAT06053,Recycled PET,Coatings,266.28,94.0,22.9,11.45,44.7,Supplier E,EcoCert,171.81,Pre-Order
MAT06054,Flax Fiber,Automotive,494.65,58.25,65.0,13.04,48.8,Supplier D,Cradle to Cradle,3222.06,In Stock
MAT06055,Sustainable Bamboo,Bags & Luggage,337.11,89.45,44.0,3.01,26.7,Supplier A,FSC,1157.02,Pre-Order
MAT06056,Recycled Aluminum,Furniture,407.51,10.37,91.6,14.95,47.2,Supplier A,ISO 14001,3565.68,Pre-Order
MAT06057,Bio-based Polymer,Bags & Luggage,413.25,66.99,41.1,7.71,79.3,Supplier A,None,2217.76,Pre-Order
MAT06058,Organic Cotton,Insulation,39.71,77.86,35.0,13.76,10.5,Supplier E,None,3444.5,In Stock
MAT06059,Recycled Paper,Bags & Luggage,375.9,31.41,22.0,13.03,54.9,Supplier C,None,3848.71,Pre-Order
MAT06060,Algae-based Material,Office Supplies,264.04,99.93,27.7,14.42,28.0,Supplier C,Cradle to Cradle,2363.84,Pre-Order
MAT06061,Recycled PET,Household Items,277.91,16.47,35.2,11.97,39.9,Supplier B,GOTS,4128.42,In Stock
MAT06062,Recycled Glass,Sports Equipment,146.54,46.71,94.5,14.95,73.8,Supplier C,FSC,3280.99,Low Stock
MAT06063,Certified Wood,Insulation,276.98,80.31,93.2,14.53,40.7,Supplier B,GOTS,3327.47,Low Stock
MAT06064,Biodegradable Plastic,Cosmetics,44.39,67.17,84.8,2.78,63.7,Supplier A,EcoCert,2970.57,In Stock
MAT06065,Organic Cotton,Sports Equipment,35.86,40.33,79.2,0.83,93.8,Supplier B,Cradle to Cradle,1758.77,Pre-Order
MAT06066,Bio-based Polymer,Cosmetics,194.56,27.85,34.4,0.77,4.7,Supplier C,ISO 14001,942.88,In Stock
MAT06067,Recycled Aluminum,Construction,147.81,22.22,66.8,11.33,99.3,Supplier C,Cradle to Cradle,182.6,Pre-Order
MAT06068,Flax Fiber,Office Supplies,149.84,94.99,84.7,11.3,70.8,Supplier C,Cradle to Cradle,2123.97,In Stock
MAT06069,Seaweed Polymer,Kitchen Utensils,340.73,7.76,88.9,8.76,3.7,Supplier C,GOTS,3808.87,Low Stock
MAT06070,Recycled Metal,Electronics,113.28,28.88,43.0,5.63,7.3,Supplier D,None,2654.34,Low Stock
MAT06071,Cork,Footwear,352.18,85.45,25.9,2.6,9.2,Supplier D,None,1274.88,Pre-Order
MAT06072,Cork Composite,Cosmetics,433.09,96.6,73.1,12.41,59.8,Supplier A,Cradle to Cradle,3456.12,In Stock
MAT06073,Cork,Flooring,408.08,85.03,43.4,7.2,85.1,Supplier C,FSC,1043.31,Low Stock
MAT06074,Cardboard,Food Packaging,213.88,90.07,73.2,8.75,12.8,Supplier D,ISO 14001,675.62,Low Stock
MAT06075,Recycled Copper,Footwear,34.29,3.8,88.0,13.63,70.6,Supplier B,GOTS,1600.24,In Stock
MAT06076,Mycelium Leather,Accessories,322.21,78.88,91.7,10.85,36.4,Supplier D,FSC,1391.91,Pre-Order
MAT06077,Cardboard,Cosmetics,408.78,5.16,27.2,11.12,4.5,Supplier C,Cradle to Cradle,991.85,Low Stock
MAT06078,Cellulose,Adhesives,310.09,48.25,41.9,7.28,89.5,Supplier D,GOTS,2001.13,Low Stock
MAT06079,Wool,Sports Equipment,253.06,40.28,55.3,4.21,57.5,Supplier C,None,535.35,Pre-Order
MAT06080,Organic Cotton,Office Supplies,459.28,76.68,82.8,14.35,91.0,Supplier C,FSC,1012.6,In Stock
MAT06081,Organic Cotton,Sports Equipment,496.91,26.33,48.3,10.68,87.2,Supplier C,None,1296.46,Pre-Order
MAT06082,Recycled Metal,Textiles,160.02,10.41,21.3,8.8,19.2,Supplier A,ISO 14001,3928.39,Low Stock
MAT06083,Corn Plastic,Flooring,59.12,62.2,64.8,6.63,7.6,Supplier E,ISO 14001,1332.98,Low Stock
MAT06084,Bioplastic,Cosmetics,273.1,23.46,53.0,3.47,45.7,Supplier A,GOTS,3160.64,Low Stock
MAT06085,Algae-based Material,Furniture,385.15,10.03,63.4,7.72,3.6,Supplier C,ISO 14001,3759.07,Pre-Order
MAT06086,Cork,Bags & Luggage,143.47,96.27,29.0,13.71,97.7,Supplier E,GOTS,314.57,In Stock
MAT06087,Recycled Copper,Construction,347.33,5.32,74.2,5.32,32.1,Supplier A,FSC,3923.41,Pre-Order
MAT06088,Corn Plastic,Textiles,186.34,91.13,48.5,9.41,91.3,Supplier B,GOTS,1633.44,In Stock
MAT06089,Bioplastic,Toys,64.49,39.75,45.8,12.12,37.9,Supplier E,ISO 14001,349.43,In Stock
MAT06090,Cellulose,Kitchen Utensils,385.9,21.26,63.8,10.22,15.1,Supplier E,FSC,1581.15,Low Stock
MAT06091,Sustainable Bamboo,Footwear,141.08,82.82,76.7,2.26,58.0,Supplier D,GOTS,3445.33,In Stock
MAT06092,Recycled Glass,Insulation,69.12,7.26,89.2,12.96,89.8,Supplier D,FSC,1792.8,Low Stock
MAT06093,Organic Cotton,Textiles,251.88,48.34,33.8,5.94,54.5,Supplier C,GOTS,3209.61,In Stock
MAT06094,Cork,Home Decor,169.62,58.82,51.8,7.19,8.8,Supplier B,ISO 14001,2812.04,In Stock
MAT06095,Seaweed Polymer,Cosmetics,485.43,89.86,34.8,3.37,70.8,Supplier D,FSC,1684.9,Pre-Order
MAT06096,Organic Cotton,Furniture,461.82,80.74,97.8,1.63,22.7,Supplier C,ISO 14001,1265.75,Low Stock
MAT06097,Biodegradable Plastic,Cosmetics,421.39,29.85,78.2,10.59,0.9,Supplier E,GOTS,3029.5,Pre-Order
MAT06098,Algae-based Material,Footwear,136.32,45.72,37.6,3.4,90.8,Supplier C,EcoCert,277.22,In Stock
MAT06099,Cork,Furniture,191.04,21.9,75.5,14.31,90.9,Supplier D,GOTS,1263.26,In Stock
MAT06100,Mushroom Composite,Electronics,340.08,45.39,48.0,5.83,14.2,Supplier C,EcoCert,3984.83,Pre-Order
MAT06101,Hemp Fiber,Flooring,218.64,74.86,92.7,12.95,37.6,Supplier C,EcoCert,727.08,Low Stock
MAT06102,Bioplastic,Electronics,462.03,1.45,85.0,1.11,73.8,Supplier B,EcoCert,412.51,Low Stock
MAT06103,Wool,Flooring,163.74,97.85,39.9,6.68,44.2,Supplier B,EcoCert,556.1,Pre-Order
MAT06104,Linen,Automotive,348.03,40.26,36.3,8.87,33.4,Supplier A,None,2115.67,In Stock
MAT06105,Bio-based Polymer,Cosmetics,150.8,84.92,48.7,12.46,74.2,Supplier B,EcoCert,3734.17,Low Stock
MAT06106,Bio-based Polymer,Toys,492.97,51.66,79.6,2.66,79.5,Supplier A,GOTS,3699.31,Low Stock
MAT06107,Certified Wood,Coatings,382.19,38.81,43.5,3.05,65.8,Supplier D,Cradle to Cradle,1288.16,In Stock
MAT06108,Linen,Household Items,276.05,21.36,47.0,8.08,93.4,Supplier E,FSC,2627.78,Low Stock
MAT06109,Recycled Copper,Footwear,465.53,23.95,46.0,1.14,54.6,Supplier E,FSC,1410.17,Pre-Order
MAT06110,Seaweed Polymer,Accessories,336.54,81.82,83.8,6.15,39.2,Supplier D,FSC,743.68,Pre-Order
MAT06111,Flax Fiber,Construction,122.76,11.86,31.0,4.79,92.2,Supplier D,GOTS,3134.08,Low Stock
MAT06112,Seaweed Polymer,Household Items,404.29,42.54,74.4,12.18,86.0,Supplier E,Cradle to Cradle,2810.38,Pre-Order
MAT06113,Corn Plastic,Office Supplies,186.69,19.11,67.8,9.16,31.1,Supplier B,EcoCert,2222.74,Pre-Order
MAT06114,Jute,Footwear,167.85,91.03,61.6,14.83,13.0,Supplier E,None,2139.74,Pre-Order
MAT06115,Certified Wood,Coatings,49.52,63.77,69.9,9.02,11.1,Supplier D,GOTS,3048.59,Low Stock
MAT06116,Wool,Toys,240.66,58.27,29.5,7.79,28.3,Supplier A,GOTS,1402.7,Low Stock
MAT06117,Cork Composite,Electronics,282.73,96.82,27.0,9.08,37.7,Supplier B,GOTS,2045.95,Pre-Order
MAT06118,Algae-based Material,Construction,344.52,52.1,75.0,13.77,17.1,Supplier A,None,1927.26,Pre-Order
MAT06119,Biodegradable Plastic,Household Items,186.93,61.57,27.3,3.05,54.3,Supplier E,GOTS,3857.84,In Stock
MAT06120,Bio-based Polymer,Textiles,321.64,67.76,58.2,4.93,91.3,Supplier D,GOTS,3798.08,Low Stock
MAT06121,Cork Composite,Accessories,201.85,13.29,60.3,11.86,46.9,Supplier A,None,1373.65,In Stock
MAT06122,Cork,Toys,384.2,65.94,33.0,0.83,78.6,Supplier B,ISO 14001,903.87,In Stock
MAT06123,Certified Wood,Flooring,68.71,24.78,81.6,9.45,65.8,Supplier E,None,4096.05,Low Stock
MAT06124,Sustainable Bamboo,Coatings,398.86,99.57,74.6,6.77,18.2,Supplier B,GOTS,1217.61,In Stock
MAT06125,Certified Wood,Home Decor,258.15,47.12,38.6,11.6,59.5,Supplier E,None,3313.36,Pre-Order
MAT06126,Mushroom Composite,Flooring,484.0,77.77,48.6,12.81,60.0,Supplier D,ISO 14001,2602.05,In Stock
MAT06127,Certified Wood,Adhesives,398.68,29.06,64.8,5.14,31.4,Supplier B,ISO 14001,1300.61,Low Stock
MAT06128,Recycled Glass,Flooring,365.3,45.77,34.2,11.88,79.7,Supplier E,EcoCert,606.73,Pre-Order
MAT06129,Flax Fiber,Adhesives,207.05,24.59,72.2,10.3,68.7,Supplier D,None,1982.87,In Stock
MAT06130,Recycled Metal,Furniture,35.07,63.01,55.2,9.32,85.9,Supplier C,Cradle to Cradle,1575.34,Low Stock
MAT06131,Cork,Construction,301.75,38.04,86.4,6.2,41.4,Supplier C,None,447.37,Low Stock
MAT06132,Cellulose,Kitchen Utensils,142.27,56.19,50.1,7.7,81.7,Supplier A,FSC,368.52,Low Stock
MAT06133,Linen,Accessories,478.33,52.13,73.4,1.28,38.6,Supplier A,None,2203.65,Low Stock
MAT06134,Natural Rubber,Flooring,136.34,96.33,46.7,14.53,6.7,Supplier D,GOTS,2663.47,Pre-Order
MAT06135,Natural Rubber,Automotive,101.33,51.91,57.5,11.14,44.6,Supplier D,ISO 14001,2006.94,In Stock
MAT06136,Hemp Fiber,Footwear,54.04,76.49,89.3,14.16,55.7,Supplier D,ISO 14001,3369.8,In Stock
MAT06137,Certified Wood,Cosmetics,243.63,59.3,41.5,11.36,56.6,Supplier A,ISO 14001,1193.54,Pre-Order
MAT06138,Cardboard,Food Packaging,219.35,94.91,99.8,1.23,96.5,Supplier A,None,2049.27,In Stock
MAT06139,Wool,Bags & Luggage,122.08,29.5,53.4,1.91,84.6,Supplier C,FSC,1474.91,Low Stock
MAT06140,Cellulose,Electronics,397.63,94.81,64.8,10.35,18.5,Supplier E,ISO 14001,618.35,In Stock
MAT06141,Hemp Fiber,Electronics,447.96,97.46,91.5,9.12,19.1,Supplier D,None,463.14,Pre-Order
MAT06142,Natural Rubber,Textiles,182.66,13.61,90.8,14.71,20.5,Supplier A,EcoCert,1470.76,Pre-Order
MAT06143,Jute,Electronics,346.79,93.4,82.8,13.61,85.9,Supplier D,Cradle to Cradle,2111.52,Low Stock
MAT06144,Biodegradable Plastic,Insulation,438.8,39.02,20.8,1.27,34.3,Supplier D,GOTS,3656.98,In Stock
MAT06145,Certified Wood,Textiles,53.17,23.68,64.1,4.49,82.8,Supplier C,None,3135.74,Low Stock
MAT06146,Recycled Paper,Toys,313.95,28.07,93.0,14.89,88.8,Supplier C,FSC,3422.09,In Stock
MAT06147,Recycled PET,Furniture,371.95,86.56,54.7,5.59,67.0,Supplier C,None,788.5,Pre-Order
MAT06148,Sustainable Bamboo,Cosmetics,131.6,26.79,43.5,8.51,93.4,Supplier E,EcoCert,717.12,In Stock
MAT06149,Corn Plastic,Office Supplies,191.26,69.87,46.2,9.72,47.2,Supplier E,Cradle to Cradle,2304.91,Pre-Order
MAT06150,Algae-based Material,Bags & Luggage,209.86,71.87,52.7,13.65,61.1,Supplier D,EcoCert,1460.8,Pre-Order
MAT06151,Mycelium Leather,Toys,35.3,61.1,37.2,1.67,37.5,Supplier E,Cradle to Cradle,2427.75,Low Stock
MAT06152,Recycled Aluminum,Textiles,98.41,63.58,67.6,4.17,25.7,Supplier E,GOTS,3369.8,Pre-Order
MAT06153,Cork,Electronics,236.82,69.79,44.7,7.09,83.1,Supplier E,None,1210.97,Pre-Order
MAT06154,Recycled Paper,Automotive,406.45,24.15,58.4,13.19,11.5,Supplier C,None,4134.23,Low Stock
MAT06155,Corn Plastic,Bags & Luggage,461.13,4.13,99.9,13.99,55.6,Supplier A,ISO 14001,218.29,Pre-Order
MAT06156,Hemp Fiber,Toys,210.21,62.0,25.4,7.9,78.5,Supplier E,EcoCert,3732.51,In Stock
MAT06157,Flax Fiber,Accessories,241.66,6.45,28.9,4.63,0.3,Supplier C,GOTS,2773.86,Pre-Order
MAT06158,Seaweed Polymer,Household Items,135.08,85.86,38.4,14.87,67.4,Supplier D,FSC,1557.08,In Stock
MAT06159,Corn Plastic,Cosmetics,285.79,78.77,26.1,13.28,0.8,Supplier B,Cradle to Cradle,1251.64,Low Stock
MAT06160,Cork Composite,Flooring,323.47,14.14,52.5,5.67,30.0,Supplier A,ISO 14001,1893.23,In Stock
MAT06161,Algae-based Material,Flooring,275.66,52.59,97.9,7.34,42.1,Supplier A,GOTS,3133.25,In Stock
MAT06162,Recycled PET,Toys,91.13,18.7,49.5,14.16,43.0,Supplier B,ISO 14001,2474.23,Low Stock
MAT06163,Recycled Aluminum,Accessories,183.96,54.09,25.7,1.15,93.1,Supplier D,Cradle to Cradle,966.12,Pre-Order
MAT06164,Sustainable Bamboo,Adhesives,340.88,61.14,23.3,6.99,47.2,Supplier A,ISO 14001,1150.38,In Stock
MAT06165,Corn Plastic,Bags & Luggage,348.27,20.13,56.4,10.06,85.8,Supplier B,GOTS,2479.21,Pre-Order
MAT06166,Natural Rubber,Textiles,350.37,35.35,25.4,4.79,27.4,Supplier D,GOTS,2812.87,Low Stock
MAT06167,Cardboard,Construction,121.38,46.35,69.8,12.58,92.5,Supplier A,ISO 14001,2303.25,Pre-Order
MAT06168,Mushroom Composite,Construction,57.17,93.26,80.1,6.87,85.5,Supplier A,GOTS,3207.12,Pre-Order
MAT06169,Cork Composite,Adhesives,461.08,89.31,62.8,9.69,68.4,Supplier A,GOTS,4126.76,In Stock
MAT06170,Certified Wood,Accessories,349.22,90.98,52.5,10.88,40.6,Supplier B,GOTS,3015.39,Low Stock
MAT06171,Recycled Aluminum,Office Supplies,197.23,90.05,94.0,11.88,17.6,Supplier B,Cradle to Cradle,2692.52,In Stock
MAT06172,Cork,Insulation,23.94,46.12,98.1,2.18,85.2,Supplier D,FSC,3114.99,Pre-Order
MAT06173,Linen,Office Supplies,266.0,77.06,34.5,3.82,16.9,Supplier A,None,2411.98,Low Stock
MAT06174,Bio-based Polymer,Office Supplies,275.66,74.09,43.3,6.21,0.3,Supplier D,EcoCert,2773.03,Pre-Order
MAT06175,Recycled Aluminum,Bags & Luggage,469.34,97.19,68.7,13.16,98.4,Supplier A,None,446.54,Pre-Order
MAT06176,Hemp Fiber,Furniture,369.54,92.19,43.8,1.88,60.5,Supplier C,None,4132.57,Pre-Order
MAT06177,Cork Composite,Home Decor,213.99,87.13,79.8,4.61,41.5,Supplier C,None,1194.37,Pre-Order
MAT06178,Recycled Glass,Textiles,208.32,22.36,54.0,10.07,72.0,Supplier C,ISO 14001,1706.48,Low Stock
MAT06179,Recycled Paper,Food Packaging,40.58,22.68,66.9,4.23,83.6,Supplier B,ISO 14001,1921.45,In Stock
MAT06180,Recycled Copper,Food Packaging,218.59,87.49,51.6,5.94,67.4,Supplier E,GOTS,2160.49,Low Stock
MAT06181,Recycled Aluminum,Electronics,378.8,72.72,73.3,1.9,49.8,Supplier E,EcoCert,2161.32,In Stock
MAT06182,Recycled PET,Construction,145.0,95.14,58.2,3.91,96.2,Supplier D,Cradle to Cradle,2402.85,In Stock
MAT06183,Recycled Metal,Office Supplies,418.95,42.95,99.5,6.18,44.5,Supplier C,EcoCert,1277.37,Pre-Order
MAT06184,Seaweed Polymer,Sports Equipment,487.16,9.84,46.0,1.02,52.9,Supplier C,GOTS,3307.55,Pre-Order
MAT06185,Sustainable Bamboo,Footwear,347.99,35.66,54.9,7.7,84.4,Supplier A,FSC,837.47,Low Stock
MAT06186,Sustainable Bamboo,Coatings,477.96,32.69,52.5,7.51,51.3,Supplier E,Cradle to Cradle,2040.14,Pre-Order
MAT06187,Hemp Fiber,Kitchen Utensils,78.76,3.68,25.4,6.84,54.1,Supplier C,Cradle to Cradle,3657.81,In Stock
MAT06188,Hemp Fiber,Accessories,75.7,33.29,27.3,8.98,40.8,Supplier A,FSC,1176.94,In Stock
MAT06189,Corn Plastic,Food Packaging,158.81,96.87,39.3,6.07,14.4,Supplier D,EcoCert,1648.38,In Stock
MAT06190,Wool,Bags & Luggage,130.42,75.0,78.2,13.02,24.0,Supplier A,EcoCert,1534.67,Low Stock
MAT06191,Flax Fiber,Office Supplies,90.99,28.93,42.5,6.71,9.2,Supplier A,Cradle to Cradle,3510.07,Pre-Order
MAT06192,Flax Fiber,Cosmetics,290.62,74.59,88.6,12.0,9.2,Supplier B,EcoCert,2605.37,Pre-Order
MAT06193,Algae-based Material,Sports Equipment,168.87,99.75,99.3,11.72,29.9,Supplier A,EcoCert,234.89,In Stock
MAT06194,Algae-based Material,Kitchen Utensils,283.95,87.61,96.9,12.31,30.1,Supplier D,None,3007.92,In Stock
MAT06195,Bio-based Polymer,Bags & Luggage,42.15,17.44,72.9,12.49,38.7,Supplier E,EcoCert,554.44,Pre-Order
MAT06196,Sustainable Bamboo,Construction,162.66,33.46,77.1,1.47,8.1,Supplier E,FSC,2765.56,In Stock
MAT06197,Algae-based Material,Toys,111.34,5.47,50.9,12.05,65.0,Supplier E,EcoCert,3419.6,Low Stock
MAT06198,Bioplastic,Home Decor,474.14,23.49,79.4,7.19,43.6,Supplier C,None,3122.46,In Stock
MAT06199,Biodegradable Plastic,Insulation,299.25,31.49,31.0,7.44,96.8,Supplier C,None,1510.6,In Stock
MAT06200,Cork,Kitchen Utensils,198.78,58.86,75.5,3.3,23.7,Supplier E,EcoCert,258.96,Low Stock
MAT06201,Recycled Copper,Bags & Luggage,186.9,71.7,30.8,5.93,29.0,Supplier C,FSC,3616.31,In Stock
MAT06202,Mushroom Composite,Bags & Luggage,499.06,92.27,40.7,13.44,75.2,Supplier B,GOTS,3100.05,Low Stock
MAT06203,Mushroom Composite,Sports Equipment,429.81,24.28,78.8,13.95,21.4,Supplier A,None,1551.27,In Stock
MAT06204,Organic Cotton,Cosmetics,70.68,65.97,39.5,2.53,20.7,Supplier D,Cradle to Cradle,4091.07,Pre-Order
MAT06205,Flax Fiber,Coatings,36.52,18.86,96.1,14.21,74.1,Supplier B,None,1641.74,In Stock
MAT06206,Sustainable Bamboo,Textiles,47.53,52.14,22.4,8.8,21.6,Supplier E,Cradle to Cradle,3077.64,Pre-Order
MAT06207,Recycled Aluminum,Furniture,443.69,21.45,68.1,12.43,18.8,Supplier E,ISO 14001,3374.78,Pre-Order
MAT06208,Cellulose,Coatings,285.51,99.21,53.8,13.97,16.2,Supplier E,FSC,3585.6,Pre-Order
MAT06209,Recycled Aluminum,Sports Equipment,332.0,66.73,60.5,2.21,11.9,Supplier C,None,1107.22,Pre-Order
MAT06210,Jute,Automotive,492.29,25.57,95.4,7.83,56.1,Supplier E,EcoCert,1609.37,Low Stock
MAT06211,Cardboard,Adhesives,223.46,4.58,52.6,7.68,5.1,Supplier D,GOTS,1279.03,Low Stock
MAT06212,Bio-based Polymer,Furniture,331.48,93.57,62.4,14.78,72.2,Supplier C,ISO 14001,1249.15,Pre-Order
MAT06213,Recycled Copper,Adhesives,101.02,77.48,22.3,2.61,4.0,Supplier C,GOTS,2096.58,In Stock
MAT06214,Seaweed Polymer,Construction,464.0,64.41,64.4,8.51,9.1,Supplier E,EcoCert,2012.75,Pre-Order
MAT06215,Cork Composite,Furniture,414.17,19.83,73.9,11.44,33.6,Supplier C,EcoCert,2647.7,Low Stock
MAT06216,Jute,Flooring,363.01,11.56,24.3,4.07,27.1,Supplier C,GOTS,3553.23,Low Stock
MAT06217,Hemp Fiber,Sports Equipment,232.79,81.87,87.4,9.95,17.2,Supplier B,GOTS,1826.0,Low Stock
MAT06218,Wool,Toys,38.52,67.28,25.7,7.37,98.0,Supplier D,Cradle to Cradle,3684.37,In Stock
MAT06219,Flax Fiber,Footwear,159.89,42.97,49.9,10.18,93.4,Supplier E,None,400.06,Low Stock
MAT06220,Cardboard,Textiles,34.08,5.28,29.3,4.22,1.4,Supplier B,None,866.52,Low Stock
MAT06221,Corn Plastic,Adhesives,214.72,38.32,48.1,5.35,35.2,Supplier E,GOTS,873.99,In Stock
MAT06222,Bioplastic,Footwear,151.46,44.06,84.2,4.43,51.4,Supplier E,None,4086.92,Pre-Order
MAT06223,Flax Fiber,Office Supplies,362.75,7.57,28.7,4.62,44.0,Supplier D,EcoCert,1425.94,In Stock
MAT06224,Jute,Furniture,399.99,60.24,74.3,9.71,91.1,Supplier D,FSC,2480.87,Pre-Order
MAT06225,Seaweed Polymer,Food Packaging,118.17,36.16,69.3,12.98,3.5,Supplier D,Cradle to Cradle,2031.84,Low Stock
MAT06226,Cork,Furniture,155.75,1.64,76.5,7.12,32.0,Supplier A,ISO 14001,1509.77,Pre-Order
MAT06227,Wool,Furniture,111.23,81.73,95.5,4.72,88.8,Supplier A,Cradle to Cradle,1071.53,Pre-Order
MAT06228,Recycled Metal,Kitchen Utensils,352.82,62.62,53.8,3.75,50.1,Supplier B,None,2184.56,Low Stock
MAT06229,Biodegradable Plastic,Construction,201.7,13.3,74.3,2.27,74.5,Supplier B,Cradle to Cradle,3530.82,In Stock
MAT06230,Bio-based Polymer,Furniture,460.75,5.55,76.2,11.97,84.8,Supplier C,Cradle to Cradle,2663.47,Low Stock
MAT06231,Mushroom Composite,Insulation,147.85,14.96,22.6,12.67,13.4,Supplier A,ISO 14001,3153.17,Pre-Order
MAT06232,Jute,Office Supplies,438.67,18.13,33.2,3.79,30.3,Supplier E,EcoCert,483.06,In Stock
MAT06233,Recycled Glass,Adhesives,224.82,71.95,77.8,2.07,91.1,Supplier B,Cradle to Cradle,3439.52,In Stock
MAT06234,Cellulose,Home Decor,477.68,79.34,90.8,11.73,75.0,Supplier E,FSC,2516.56,Pre-Order
MAT06235,Algae-based Material,Insulation,384.46,47.22,75.9,4.42,79.5,Supplier B,GOTS,1214.29,Low Stock
MAT06236,Recycled Copper,Textiles,270.68,69.55,62.3,9.73,75.9,Supplier C,Cradle to Cradle,1430.09,In Stock
MAT06237,Corn Plastic,Toys,149.92,46.62,44.9,10.54,79.2,Supplier C,None,903.04,Pre-Order
MAT06238,Recycled PET,Coatings,462.46,13.27,75.0,12.38,54.0,Supplier B,FSC,1928.09,In Stock
MAT06239,Jute,Toys,261.25,68.69,77.9,5.31,27.0,Supplier B,FSC,3344.07,Low Stock
MAT06240,Hemp Fiber,Adhesives,344.87,45.73,73.1,14.12,27.1,Supplier C,EcoCert,576.02,Pre-Order
MAT06241,Jute,Cosmetics,116.12,27.73,32.1,5.83,75.2,Supplier A,Cradle to Cradle,3832.94,In Stock
MAT06242,Recycled Metal,Flooring,234.25,32.75,47.1,4.27,99.4,Supplier A,GOTS,1305.59,In Stock
MAT06243,Sustainable Bamboo,Electronics,488.5,78.49,67.8,7.55,69.6,Supplier D,Cradle to Cradle,2230.21,Pre-Order
MAT06244,Biodegradable Plastic,Cosmetics,342.66,41.19,53.4,10.06,39.0,Supplier B,EcoCert,1928.09,Pre-Order
MAT06245,Recycled Copper,Automotive,251.77,54.21,94.9,6.13,71.5,Supplier D,EcoCert,3623.78,Pre-Order
MAT06246,Bioplastic,Food Packaging,360.14,57.13,78.9,14.07,94.7,Supplier A,Cradle to Cradle,2671.77,Pre-Order
MAT06247,Recycled Copper,Adhesives,260.66,24.22,98.0,4.03,7.0,Supplier B,Cradle to Cradle,218.29,In Stock
MAT06248,Mycelium Leather,Electronics,258.48,19.9,68.8,11.96,15.0,Supplier D,GOTS,4018.03,Low Stock
MAT06249,Cardboard,Footwear,438.67,92.69,52.9,13.33,72.7,Supplier B,None,3510.9,Pre-Order
MAT06250,Natural Rubber,Electronics,189.08,65.22,57.3,8.07,52.1,Supplier E,EcoCert,2797.93,In Stock
MAT06251,Cork Composite,Home Decor,293.28,26.94,42.9,0.61,12.8,Supplier B,FSC,4129.25,Low Stock
MAT06252,Seaweed Polymer,Accessories,334.29,86.69,27.5,4.79,17.6,Supplier B,None,2986.34,Pre-Order
MAT06253,Wool,Flooring,39.47,13.15,92.8,7.19,91.9,Supplier E,FSC,2795.44,Pre-Order
MAT06254,Algae-based Material,Footwear,415.16,78.46,83.5,6.34,77.0,Supplier B,EcoCert,1426.77,Pre-Order
MAT06255,Natural Rubber,Accessories,317.4,32.17,95.2,3.05,15.1,Supplier A,GOTS,2097.41,Pre-Order
MAT06256,Wool,Insulation,320.38,5.72,50.7,3.07,18.4,Supplier A,FSC,1238.36,In Stock
MAT06257,Cellulose,Cosmetics,126.04,84.68,88.6,7.23,87.6,Supplier D,EcoCert,233.23,Low Stock
MAT06258,Biodegradable Plastic,Coatings,346.82,28.5,99.9,8.8,23.1,Supplier C,GOTS,3970.72,Low Stock
MAT06259,Recycled Paper,Toys,317.38,19.7,82.4,13.06,0.7,Supplier E,FSC,2909.98,Pre-Order
MAT06260,Recycled Metal,Footwear,141.01,78.85,67.4,3.69,62.8,Supplier A,EcoCert,3526.67,Low Stock
MAT06261,Natural Rubber,Kitchen Utensils,36.82,13.0,35.1,4.19,81.0,Supplier C,ISO 14001,3676.9,Low Stock
MAT06262,Corn Plastic,Textiles,484.48,13.26,30.9,2.97,11.3,Supplier B,None,2837.77,Pre-Order
MAT06263,Recycled Aluminum,Home Decor,40.25,3.53,39.6,3.32,73.9,Supplier A,FSC,3039.46,Pre-Order
MAT06264,Recycled Aluminum,Construction,463.91,54.48,94.1,12.64,89.4,Supplier B,Cradle to Cradle,1293.97,In Stock
MAT06265,Natural Rubber,Food Packaging,94.31,10.89,41.5,14.08,61.8,Supplier A,ISO 14001,1729.72,Pre-Order
MAT06266,Cork Composite,Cosmetics,303.86,84.87,47.2,10.4,96.4,Supplier E,Cradle to Cradle,166.0,Pre-Order
MAT06267,Cellulose,Footwear,499.99,79.25,85.0,12.91,66.2,Supplier C,None,519.58,In Stock
MAT06268,Cellulose,Bags & Luggage,421.93,71.46,69.5,4.92,70.6,Supplier E,Cradle to Cradle,2655.17,Pre-Order
MAT06269,Seaweed Polymer,Insulation,435.72,49.07,39.3,10.14,59.5,Supplier A,ISO 14001,2777.18,Low Stock
MAT06270,Mycelium Leather,Furniture,368.49,81.57,75.3,14.99,7.8,Supplier A,GOTS,1330.49,Pre-Order
MAT06271,Corn Plastic,Insulation,265.69,81.7,52.5,10.14,38.0,Supplier A,None,746.17,In Stock
MAT06272,Bioplastic,Insulation,102.32,18.47,59.6,6.78,36.8,Supplier E,FSC,2748.13,Pre-Order
MAT06273,Recycled PET,Construction,192.89,64.17,76.2,1.24,99.9,Supplier C,Cradle to Cradle,1422.62,Pre-Order
MAT06274,Recycled Copper,Toys,313.24,10.36,81.0,6.95,84.1,Supplier B,Cradle to Cradle,3725.87,Pre-Order
MAT06275,Recycled Glass,Household Items,355.5,10.6,21.7,14.67,45.1,Supplier B,FSC,1445.86,Pre-Order
MAT06276,Recycled Copper,Automotive,161.65,63.38,56.4,1.13,66.8,Supplier E,Cradle to Cradle,230.74,Pre-Order
MAT06277,Mushroom Composite,Kitchen Utensils,482.41,84.15,86.2,8.83,94.2,Supplier B,None,3454.46,In Stock
MAT06278,Algae-based Material,Home Decor,151.57,27.54,31.3,11.38,42.9,Supplier E,None,1720.59,Low Stock
MAT06279,Natural Rubber,Food Packaging,59.14,79.87,79.9,2.38,34.2,Supplier E,ISO 14001,2319.85,Pre-Order
MAT06280,Cork Composite,Electronics,209.66,29.75,86.3,11.35,54.3,Supplier E,ISO 14001,2980.53,Low Stock
MAT06281,Cardboard,Food Packaging,177.34,74.49,44.1,11.75,67.7,Supplier B,EcoCert,3525.84,In Stock
MAT06282,Bio-based Polymer,Office Supplies,286.06,10.43,85.9,3.73,95.4,Supplier B,EcoCert,1597.75,Low Stock
MAT06283,Corn Plastic,Furniture,20.25,64.05,53.4,7.08,51.0,Supplier A,ISO 14001,952.01,Pre-Order
MAT06284,Bio-based Polymer,Food Packaging,256.66,69.07,23.5,5.77,25.9,Supplier A,FSC,2613.67,Low Stock
MAT06285,Mycelium Leather,Food Packaging,176.94,80.96,55.0,11.15,81.4,Supplier D,None,480.57,Low Stock
MAT06286,Flax Fiber,Accessories,390.37,77.28,95.4,4.14,87.6,Supplier C,None,3163.13,Pre-Order
MAT06287,Recycled Aluminum,Construction,379.92,2.73,49.8,5.14,27.0,Supplier B,EcoCert,2566.36,In Stock
MAT06288,Sustainable Bamboo,Textiles,405.04,88.99,65.6,4.63,89.1,Supplier C,FSC,1337.13,In Stock
MAT06289,Corn Plastic,Flooring,125.93,62.78,65.9,10.17,89.0,Supplier C,FSC,4109.33,Low Stock
MAT06290,Bioplastic,Sports Equipment,373.3,1.35,42.3,12.94,82.4,Supplier E,GOTS,1524.71,Low Stock
MAT06291,Algae-based Material,Office Supplies,357.98,7.65,54.7,8.42,83.2,Supplier A,ISO 14001,2182.9,Pre-Order
MAT06292,Natural Rubber,Adhesives,381.91,35.43,33.1,2.24,91.0,Supplier C,Cradle to Cradle,2520.71,In Stock
MAT06293,Hemp Fiber,Textiles,481.2,43.97,91.4,5.85,89.8,Supplier B,None,1635.1,Low Stock
MAT06294,Hemp Fiber,Electronics,33.7,68.32,85.6,12.28,20.3,Supplier A,ISO 14001,2480.87,Low Stock
MAT06295,Linen,Footwear,16.22,66.96,70.4,12.64,75.7,Supplier E,GOTS,3027.84,In Stock
MAT06296,Mycelium Leather,Office Supplies,488.1,91.01,99.8,5.43,95.5,Supplier E,FSC,746.17,Pre-Order
MAT06297,Wool,Coatings,197.72,15.72,80.4,13.12,26.2,Supplier D,ISO 14001,570.21,Low Stock
MAT06298,Corn Plastic,Home Decor,213.92,39.94,45.2,7.21,31.0,Supplier B,Cradle to Cradle,1749.64,Low Stock
MAT06299,Natural Rubber,Flooring,202.09,45.31,26.7,6.63,82.4,Supplier D,EcoCert,1996.98,In Stock
MAT06300,Bioplastic,Automotive,147.54,58.88,52.5,2.74,31.1,Supplier E,FSC,966.12,Pre-Order
MAT06301,Natural Rubber,Cosmetics,178.88,19.38,62.1,14.99,59.8,Supplier D,None,1298.95,Low Stock
MAT06302,Sustainable Bamboo,Kitchen Utensils,371.06,23.12,39.8,11.22,5.6,Supplier D,EcoCert,377.65,Low Stock
MAT06303,Cardboard,Office Supplies,388.53,5.47,37.2,11.32,33.5,Supplier E,None,982.72,In Stock
MAT06304,Jute,Home Decor,461.1,61.49,90.9,9.6,63.8,Supplier D,ISO 14001,2666.79,Pre-Order
MAT06305,Recycled Glass,Office Supplies,157.74,79.05,59.5,0.59,52.3,Supplier D,Cradle to Cradle,3979.02,Low Stock
MAT06306,Jute,Electronics,109.82,38.21,90.3,10.09,88.1,Supplier D,Cradle to Cradle,684.75,In Stock
MAT06307,Recycled Metal,Kitchen Utensils,58.26,62.54,70.2,1.76,22.4,Supplier C,Cradle to Cradle,1708.97,Low Stock
MAT06308,Recycled PET,Accessories,500.0,6.53,93.0,11.75,4.4,Supplier B,Cradle to Cradle,2112.35,Pre-Order
MAT06309,Cardboard,Automotive,464.27,66.96,53.1,10.83,41.2,Supplier D,None,3920.92,Low Stock
MAT06310,Jute,Home Decor,349.51,74.59,96.5,9.62,41.7,Supplier B,FSC,277.22,Low Stock
MAT06311,Organic Cotton,Construction,410.67,26.28,93.2,10.73,81.4,Supplier D,FSC,1518.07,Low Stock
MAT06312,Flax Fiber,Household Items,301.38,9.65,54.4,8.3,90.8,Supplier C,EcoCert,1850.07,Pre-Order
MAT06313,Sustainable Bamboo,Electronics,293.36,90.58,47.2,9.86,51.3,Supplier E,FSC,449.03,In Stock
MAT06314,Mushroom Composite,Electronics,250.64,2.24,70.6,11.36,35.1,Supplier D,ISO 14001,3210.44,Low Stock
MAT06315,Cork,Accessories,327.21,83.66,23.2,11.83,8.7,Supplier E,None,2299.93,Low Stock
MAT06316,Recycled Paper,Office Supplies,288.64,69.28,44.6,9.46,95.0,Supplier E,ISO 14001,1616.84,In Stock
MAT06317,Recycled Paper,Furniture,16.59,54.71,92.8,6.89,35.8,Supplier E,None,1699.84,Pre-Order
MAT06318,Cork Composite,Electronics,467.29,6.44,43.7,4.38,93.2,Supplier D,None,462.31,Pre-Order
MAT06319,Wool,Textiles,108.59,1.35,36.1,4.62,34.9,Supplier D,ISO 14001,2450.16,Pre-Order
MAT06320,Seaweed Polymer,Electronics,152.47,51.98,21.6,8.65,0.6,Supplier D,GOTS,3532.48,Pre-Order
MAT06321,Recycled Aluminum,Flooring,357.46,48.99,62.4,14.92,78.2,Supplier B,GOTS,3550.74,Pre-Order
MAT06322,Hemp Fiber,Flooring,235.3,82.85,63.1,9.18,14.2,Supplier B,GOTS,2429.41,Pre-Order
MAT06323,Recycled Glass,Household Items,346.27,34.33,93.3,13.63,87.9,Supplier C,None,2626.95,Low Stock
MAT06324,Seaweed Polymer,Furniture,329.48,96.19,67.3,9.21,13.2,Supplier C,None,464.8,Low Stock
MAT06325,Seaweed Polymer,Toys,323.64,17.87,43.6,11.13,40.2,Supplier B,ISO 14001,1075.68,Low Stock
MAT06326,Organic Cotton,Construction,263.27,9.3,35.6,6.85,58.5,Supplier A,Cradle to Cradle,1076.51,In Stock
MAT06327,Cork,Furniture,497.0,56.43,48.2,8.49,25.0,Supplier C,Cradle to Cradle,2441.03,In Stock
MAT06328,Recycled Copper,Food Packaging,398.73,33.6,22.7,10.73,27.0,Supplier D,FSC,641.59,Pre-Order
MAT06329,Bio-based Polymer,Furniture,366.2,41.11,29.9,3.96,81.5,Supplier D,ISO 14001,1119.67,In Stock
MAT06330,Biodegradable Plastic,Bags & Luggage,248.83,62.08,85.6,3.68,53.5,Supplier E,FSC,176.79,Pre-Order
MAT06331,Bioplastic,Toys,385.59,79.01,73.1,7.01,14.2,Supplier D,GOTS,1171.13,Pre-Order
MAT06332,Natural Rubber,Accessories,446.42,67.89,24.0,6.28,58.5,Supplier A,ISO 14001,387.61,Pre-Order
MAT06333,Recycled Aluminum,Office Supplies,29.93,57.83,57.2,4.33,64.4,Supplier E,FSC,1452.5,Low Stock
MAT06334,Certified Wood,Kitchen Utensils,460.83,41.24,73.8,14.13,36.3,Supplier D,FSC,2756.43,In Stock
MAT06335,Linen,Electronics,209.82,95.83,21.4,10.6,7.9,Supplier B,FSC,1132.12,In Stock
MAT06336,Bio-based Polymer,Furniture,20.55,89.15,59.8,6.7,28.3,Supplier A,EcoCert,1077.34,In Stock
MAT06337,Jute,Coatings,489.52,20.57,22.3,11.01,27.2,Supplier D,FSC,675.62,Pre-Order
MAT06338,Recycled Copper,Coatings,178.28,53.2,20.7,2.48,89.3,Supplier A,None,2374.63,In Stock
MAT06339,Wool,Sports Equipment,267.45,56.27,37.8,2.82,81.3,Supplier B,None,3660.3,Low Stock
MAT06340,Cardboard,Insulation,179.62,45.71,35.5,12.14,68.1,Supplier D,Cradle to Cradle,1219.27,Low Stock
MAT06341,Recycled Copper,Office Supplies,270.17,61.96,24.4,0.88,48.8,Supplier B,EcoCert,2045.95,Low Stock
MAT06342,Seaweed Polymer,Kitchen Utensils,152.41,43.82,97.7,3.87,66.4,Supplier E,FSC,233.23,Low Stock
MAT06343,Wool,Toys,25.0,27.3,78.8,5.39,34.8,Supplier B,GOTS,818.38,Pre-Order
MAT06344,Mushroom Composite,Insulation,475.62,63.24,33.8,1.18,26.7,Supplier A,GOTS,3582.28,Low Stock
MAT06345,Wool,Toys,422.56,59.46,78.2,11.3,59.0,Supplier A,EcoCert,1091.45,Low Stock
MAT06346,Corn Plastic,Food Packaging,456.06,3.84,77.2,5.83,71.5,Supplier E,FSC,1042.48,Pre-Order
MAT06347,Flax Fiber,Adhesives,280.71,36.71,50.1,11.56,95.5,Supplier A,None,3287.63,Low Stock
MAT06348,Bio-based Polymer,Kitchen Utensils,29.51,51.96,68.2,6.46,97.6,Supplier E,None,1328.0,Pre-Order
MAT06349,Recycled Glass,Furniture,344.13,22.4,81.1,9.86,0.8,Supplier B,Cradle to Cradle,3079.3,In Stock
MAT06350,Mycelium Leather,Toys,397.15,63.42,94.9,10.49,49.5,Supplier D,None,327.85,Pre-Order
MAT06351,Seaweed Polymer,Insulation,40.29,63.39,84.2,5.0,34.8,Supplier B,GOTS,688.07,Pre-Order
MAT06352,Bio-based Polymer,Household Items,294.37,29.41,20.5,7.0,32.6,Supplier E,EcoCert,854.9,In Stock
MAT06353,Organic Cotton,Food Packaging,179.82,88.99,51.1,8.05,80.8,Supplier D,ISO 14001,3071.83,Pre-Order
MAT06354,Mycelium Leather,Cosmetics,198.24,73.59,25.0,2.0,49.9,Supplier D,GOTS,2363.84,Pre-Order
MAT06355,Flax Fiber,Textiles,24.66,40.71,35.5,2.38,90.4,Supplier D,FSC,3528.33,In Stock
MAT06356,Bio-based Polymer,Bags & Luggage,454.64,73.71,71.0,7.65,73.7,Supplier B,GOTS,1508.94,Low Stock
MAT06357,Algae-based Material,Office Supplies,215.35,46.56,37.1,12.66,2.8,Supplier A,ISO 14001,3834.6,Pre-Order
MAT06358,Wool,Automotive,145.87,56.61,26.6,13.26,48.2,Supplier E,GOTS,2468.42,Low Stock
MAT06359,Flax Fiber,Textiles,276.96,35.46,67.8,6.46,20.3,Supplier D,FSC,798.46,Pre-Order
MAT06360,Recycled Aluminum,Food Packaging,260.41,91.68,58.8,0.9,59.2,Supplier B,FSC,210.82,In Stock
MAT06361,Flax Fiber,Coatings,259.7,28.37,76.6,4.06,92.4,Supplier B,FSC,3300.08,Low Stock
MAT06362,Cork,Kitchen Utensils,462.28,96.05,79.5,10.91,10.3,Supplier E,Cradle to Cradle,699.69,Pre-Order
MAT06363,Bioplastic,Toys,471.26,50.85,25.6,4.39,90.7,Supplier D,ISO 14001,1925.6,Low Stock
MAT06364,Cork,Textiles,347.06,61.93,35.9,1.23,79.4,Supplier D,EcoCert,732.89,Low Stock
MAT06365,Cork Composite,Textiles,55.78,74.97,25.2,2.89,23.1,Supplier C,ISO 14001,3014.56,In Stock
MAT06366,Jute,Food Packaging,337.39,88.8,38.0,10.09,89.8,Supplier E,Cradle to Cradle,2325.66,Low Stock
MAT06367,Cellulose,Furniture,193.6,31.23,88.1,13.97,50.9,Supplier E,GOTS,1420.96,In Stock
MAT06368,Biodegradable Plastic,Footwear,309.38,36.88,40.1,9.44,50.4,Supplier D,None,1713.95,Low Stock
MAT06369,Jute,Toys,164.76,75.25,52.7,8.63,7.6,Supplier B,EcoCert,4027.99,In Stock
MAT06370,Wool,Footwear,410.01,98.52,99.7,3.4,88.8,Supplier B,FSC,2111.52,Low Stock
MAT06371,Wool,Footwear,421.31,52.52,68.1,4.84,28.7,Supplier A,FSC,2439.37,In Stock
MAT06372,Mushroom Composite,Footwear,78.83,47.29,48.5,8.93,57.2,Supplier C,Cradle to Cradle,674.79,Pre-Order
MAT06373,Mushroom Composite,Sports Equipment,410.39,26.46,42.1,8.2,75.1,Supplier D,ISO 14001,2411.15,In Stock
MAT06374,Biodegradable Plastic,Bags & Luggage,82.62,88.66,55.8,1.02,57.5,Supplier C,Cradle to Cradle,1666.64,Low Stock
MAT06375,Recycled Metal,Cosmetics,317.87,78.78,89.7,5.61,15.4,Supplier D,Cradle to Cradle,1323.02,In Stock
MAT06376,Corn Plastic,Coatings,476.74,72.59,93.4,6.65,92.3,Supplier D,None,1203.5,Pre-Order
MAT06377,Jute,Kitchen Utensils,36.4,19.77,97.7,6.88,6.7,Supplier C,None,369.35,Low Stock
MAT06378,Cardboard,Home Decor,124.48,51.26,62.3,11.03,98.3,Supplier D,EcoCert,3254.43,Low Stock
MAT06379,Flax Fiber,Furniture,234.88,97.56,58.0,11.67,84.3,Supplier E,GOTS,2909.98,Pre-Order
MAT06380,Cellulose,Office Supplies,312.7,69.12,77.4,7.35,82.1,Supplier E,Cradle to Cradle,488.04,Low Stock
MAT06381,Seaweed Polymer,Flooring,383.04,36.58,67.2,2.23,63.1,Supplier B,EcoCert,1876.63,In Stock
MAT06382,Recycled PET,Flooring,140.99,50.84,57.0,8.84,47.7,Supplier D,FSC,1539.65,In Stock
MAT06383,Biodegradable Plastic,Food Packaging,415.96,26.58,59.0,11.88,78.9,Supplier A,Cradle to Cradle,3173.92,Pre-Order
MAT06384,Natural Rubber,Sports Equipment,262.8,80.55,23.1,1.3,90.1,Supplier E,Cradle to Cradle,3837.09,In Stock
MAT06385,Recycled Glass,Sports Equipment,424.9,59.32,24.3,11.96,46.0,Supplier B,Cradle to Cradle,1334.64,Pre-Order
MAT06386,Cork,Toys,492.85,42.93,92.1,2.1,86.8,Supplier A,ISO 14001,1261.6,In Stock
MAT06387,Linen,Electronics,376.32,88.44,92.3,10.67,98.2,Supplier B,Cradle to Cradle,4142.53,Low Stock
MAT06388,Recycled Aluminum,Automotive,448.4,39.38,24.2,1.86,99.8,Supplier A,GOTS,1318.04,Pre-Order
MAT06389,Mushroom Composite,Kitchen Utensils,224.2,4.08,76.4,7.76,100.0,Supplier A,ISO 14001,4128.42,Pre-Order
MAT06390,Biodegradable Plastic,Furniture,68.64,39.67,61.7,5.28,36.5,Supplier C,EcoCert,440.73,In Stock
MAT06391,Wool,Sports Equipment,132.32,90.94,78.7,6.98,91.9,Supplier E,FSC,3598.88,Low Stock
MAT06392,Natural Rubber,Coatings,447.92,61.18,59.9,2.14,21.7,Supplier D,FSC,2429.41,In Stock
MAT06393,Cork Composite,Construction,281.28,16.62,81.0,9.47,70.4,Supplier C,GOTS,3522.52,In Stock
MAT06394,Cork Composite,Furniture,442.07,47.76,49.8,5.12,80.6,Supplier C,None,273.07,Low Stock
MAT06395,Cardboard,Bags & Luggage,182.42,19.11,98.4,13.85,42.1,Supplier A,Cradle to Cradle,3489.32,In Stock
MAT06396,Seaweed Polymer,Automotive,365.15,30.64,69.1,2.2,67.4,Supplier D,ISO 14001,215.8,Low Stock
MAT06397,Corn Plastic,Insulation,234.97,56.93,59.7,5.67,20.4,Supplier A,ISO 14001,1690.71,Low Stock
MAT06398,Corn Plastic,Bags & Luggage,377.92,31.08,59.8,4.59,49.6,Supplier D,FSC,1639.25,Low Stock
MAT06399,Cork,Automotive,452.35,85.05,75.1,13.17,20.1,Supplier C,GOTS,752.81,Pre-Order
MAT06400,Cardboard,Textiles,90.08,16.74,92.6,5.06,7.3,Supplier B,Cradle to Cradle,2752.28,Pre-Order
MAT06401,Bio-based Polymer,Food Packaging,39.46,10.54,31.5,5.52,80.7,Supplier C,None,1655.02,In Stock
MAT06402,Recycled Metal,Coatings,247.39,2.67,93.8,5.64,50.8,Supplier E,Cradle to Cradle,3291.78,In Stock
MAT06403,Jute,Household Items,27.21,21.33,88.9,4.41,57.5,Supplier E,FSC,3486.0,Low Stock
MAT06404,Corn Plastic,Accessories,453.52,38.64,30.1,6.27,0.6,Supplier E,None,3035.31,Pre-Order
MAT06405,Cellulose,Accessories,64.72,90.88,43.6,4.85,48.4,Supplier A,GOTS,1301.44,In Stock
MAT06406,Seaweed Polymer,Bags & Luggage,394.28,34.01,41.9,0.69,76.1,Supplier C,Cradle to Cradle,1132.12,Pre-Order
MAT06407,Seaweed Polymer,Automotive,236.04,2.06,50.8,0.76,36.2,Supplier E,ISO 14001,397.57,Low Stock
MAT06408,Seaweed Polymer,Textiles,486.93,62.39,49.1,6.89,55.6,Supplier D,None,548.63,Low Stock
MAT06409,Biodegradable Plastic,Insulation,311.45,52.92,57.9,6.9,65.7,Supplier A,GOTS,464.8,Pre-Order
MAT06410,Recycled Glass,Bags & Luggage,472.79,75.04,53.7,3.61,24.4,Supplier E,FSC,2719.91,Pre-Order
MAT06411,Algae-based Material,Accessories,199.01,79.2,56.9,0.52,59.3,Supplier A,EcoCert,1170.3,Pre-Order
MAT06412,Jute,Insulation,394.67,77.17,75.0,10.8,92.6,Supplier D,ISO 14001,3075.15,Pre-Order
MAT06413,Wool,Insulation,277.95,82.47,70.7,10.44,5.2,Supplier C,Cradle to Cradle,1915.64,Pre-Order
MAT06414,Jute,Textiles,195.98,86.11,40.2,11.28,19.7,Supplier E,FSC,192.56,In Stock
MAT06415,Bio-based Polymer,Electronics,209.82,40.78,21.7,9.94,48.8,Supplier E,FSC,2620.31,Low Stock
MAT06416,Cork Composite,Cosmetics,300.18,31.22,26.6,12.98,18.2,Supplier B,EcoCert,2170.45,Low Stock
MAT06417,Cork,Flooring,346.71,18.49,45.0,9.15,65.5,Supplier E,ISO 14001,778.54,In Stock
MAT06418,Sustainable Bamboo,Home Decor,62.58,89.12,33.6,6.75,64.2,Supplier D,Cradle to Cradle,2262.58,In Stock
MAT06419,Recycled Aluminum,Automotive,179.03,53.59,53.9,14.7,53.1,Supplier A,GOTS,673.96,Pre-Order
MAT06420,Hemp Fiber,Construction,422.56,14.7,23.9,1.49,8.9,Supplier B,FSC,2710.78,In Stock
MAT06421,Cardboard,Furniture,267.21,93.9,94.6,10.03,93.4,Supplier B,FSC,470.61,In Stock
MAT06422,Recycled Metal,Household Items,316.52,74.89,80.6,11.98,41.5,Supplier A,ISO 14001,3927.56,In Stock
MAT06423,Recycled Paper,Toys,403.29,28.0,34.3,13.02,72.5,Supplier A,EcoCert,2970.57,Pre-Order
MAT06424,Sustainable Bamboo,Cosmetics,307.81,72.65,29.3,7.81,51.1,Supplier A,ISO 14001,1645.89,Pre-Order
MAT06425,Sustainable Bamboo,Bags & Luggage,21.39,70.31,28.6,12.48,72.5,Supplier A,ISO 14001,1534.67,In Stock
MAT06426,Mushroom Composite,Toys,390.91,93.35,24.8,8.06,39.5,Supplier B,EcoCert,3361.5,In Stock
MAT06427,Recycled Aluminum,Kitchen Utensils,130.68,1.82,69.3,1.87,60.5,Supplier A,EcoCert,1124.65,In Stock
MAT06428,Recycled Paper,Household Items,191.24,31.0,40.5,10.71,50.2,Supplier D,GOTS,4148.34,Low Stock
MAT06429,Sustainable Bamboo,Food Packaging,287.35,56.0,83.5,4.79,72.3,Supplier E,ISO 14001,1518.07,In Stock
MAT06430,Recycled PET,Bags & Luggage,439.19,96.09,79.6,4.87,86.7,Supplier E,None,2612.84,In Stock
MAT06431,Certified Wood,Automotive,384.87,68.6,95.3,10.08,30.8,Supplier E,ISO 14001,1510.6,Low Stock
MAT06432,Algae-based Material,Furniture,184.46,42.75,93.5,5.97,84.1,Supplier C,EcoCert,3526.67,Low Stock
MAT06433,Mushroom Composite,Insulation,45.8,54.99,48.0,7.39,47.1,Supplier D,GOTS,258.96,Low Stock
MAT06434,Jute,Sports Equipment,455.6,98.66,57.0,1.35,81.2,Supplier A,GOTS,1719.76,In Stock
MAT06435,Cork Composite,Food Packaging,132.44,47.8,93.7,11.14,23.4,Supplier B,EcoCert,1722.25,In Stock
MAT06436,Natural Rubber,Coatings,416.49,47.22,21.7,10.96,93.1,Supplier E,Cradle to Cradle,2763.07,In Stock
MAT06437,Jute,Coatings,10.33,82.33,45.4,4.28,46.6,Supplier D,GOTS,1419.3,Pre-Order
MAT06438,Organic Cotton,Household Items,156.58,31.26,81.0,4.3,41.1,Supplier D,Cradle to Cradle,2564.7,In Stock
MAT06439,Jute,Furniture,302.47,35.04,66.8,10.6,10.8,Supplier E,FSC,3450.31,In Stock
MAT06440,Mycelium Leather,Coatings,325.98,94.98,45.5,5.39,18.0,Supplier E,FSC,3117.48,Low Stock
MAT06441,Recycled PET,Kitchen Utensils,496.87,45.93,35.2,8.23,60.5,Supplier D,ISO 14001,3461.1,Low Stock
MAT06442,Biodegradable Plastic,Food Packaging,49.64,11.34,39.4,14.54,91.2,Supplier D,EcoCert,2847.73,Low Stock
MAT06443,Sustainable Bamboo,Insulation,241.06,60.96,56.9,10.77,64.1,Supplier E,FSC,2473.4,In Stock
MAT06444,Recycled Aluminum,Food Packaging,462.1,45.62,57.8,12.38,55.4,Supplier A,EcoCert,359.39,Pre-Order
MAT06445,Biodegradable Plastic,Sports Equipment,472.66,63.71,22.1,14.96,27.2,Supplier D,ISO 14001,2973.89,Low Stock
MAT06446,Biodegradable Plastic,Sports Equipment,263.28,3.6,84.3,3.15,36.3,Supplier B,EcoCert,1638.42,Pre-Order
MAT06447,Cork Composite,Coatings,233.02,46.55,64.7,0.87,65.9,Supplier A,EcoCert,1214.29,In Stock
MAT06448,Bio-based Polymer,Household Items,412.83,41.62,74.3,14.24,49.6,Supplier B,Cradle to Cradle,4145.02,Pre-Order
MAT06449,Cellulose,Toys,383.0,4.18,87.7,5.27,22.4,Supplier A,ISO 14001,3515.05,Pre-Order
MAT06450,Recycled Aluminum,Automotive,171.56,84.95,62.1,6.7,44.8,Supplier C,None,1195.2,Low Stock
MAT06451,Recycled Paper,Automotive,110.04,25.6,56.0,13.77,77.2,Supplier C,Cradle to Cradle,1336.3,In Stock
MAT06452,Certified Wood,Office Supplies,185.5,22.61,57.9,5.19,73.7,Supplier A,Cradle to Cradle,3781.48,Low Stock
MAT06453,Algae-based Material,Flooring,118.58,51.55,54.9,2.6,5.5,Supplier B,None,736.21,In Stock
MAT06454,Natural Rubber,Construction,208.22,85.76,23.8,10.06,68.0,Supplier D,EcoCert,1861.69,Low Stock
MAT06455,Flax Fiber,Kitchen Utensils,163.39,46.78,78.4,7.83,88.5,Supplier D,FSC,3294.27,Low Stock
MAT06456,Biodegradable Plastic,Electronics,223.75,59.93,39.6,5.47,78.8,Supplier E,GOTS,1952.16,Pre-Order
MAT06457,Flax Fiber,Construction,427.29,66.23,29.6,5.53,11.0,Supplier E,ISO 14001,3657.81,Low Stock
MAT06458,Mushroom Composite,Furniture,48.38,23.58,87.7,1.53,61.9,Supplier B,None,2520.71,Low Stock
MAT06459,Jute,Textiles,247.13,41.54,60.6,7.86,52.6,Supplier B,Cradle to Cradle,2197.84,Low Stock
MAT06460,Biodegradable Plastic,Sports Equipment,43.17,70.55,26.2,14.3,34.1,Supplier D,GOTS,386.78,Pre-Order
MAT06461,Mycelium Leather,Adhesives,105.9,12.55,73.6,14.37,16.0,Supplier D,GOTS,3500.11,In Stock
MAT06462,Seaweed Polymer,Insulation,478.73,27.7,72.9,4.95,27.5,Supplier E,EcoCert,895.57,Low Stock
MAT06463,Flax Fiber,Bags & Luggage,300.86,96.04,24.5,7.12,10.8,Supplier D,Cradle to Cradle,1415.98,Pre-Order
MAT06464,Wool,Accessories,163.59,58.6,87.4,12.51,50.8,Supplier E,FSC,2313.21,In Stock
MAT06465,Recycled Paper,Electronics,239.17,73.32,64.3,10.43,32.9,Supplier D,ISO 14001,1320.53,In Stock
MAT06466,Organic Cotton,Construction,482.46,81.43,66.8,8.11,45.9,Supplier C,EcoCert,709.65,Low Stock
MAT06467,Jute,Cosmetics,477.06,78.17,37.5,12.33,49.4,Supplier D,ISO 14001,2729.87,In Stock
MAT06468,Hemp Fiber,Textiles,20.91,62.87,93.8,2.41,36.4,Supplier A,GOTS,482.23,Low Stock
MAT06469,Organic Cotton,Insulation,472.9,77.43,46.8,3.12,45.6,Supplier D,EcoCert,2922.43,Low Stock
MAT06470,Jute,Sports Equipment,422.43,88.55,48.6,6.55,54.2,Supplier B,None,295.48,Pre-Order
MAT06471,Corn Plastic,Adhesives,51.1,7.15,86.0,4.37,94.1,Supplier C,GOTS,937.07,Low Stock
MAT06472,Cardboard,Cosmetics,88.2,8.79,32.9,9.32,72.9,Supplier C,ISO 14001,1942.2,Low Stock
MAT06473,Certified Wood,Kitchen Utensils,416.25,89.14,85.5,2.47,67.8,Supplier A,None,3982.34,Pre-Order
MAT06474,Sustainable Bamboo,Accessories,295.5,38.47,93.4,12.14,87.1,Supplier B,EcoCert,3697.65,In Stock
MAT06475,Recycled Aluminum,Toys,222.18,72.76,34.3,0.74,81.0,Supplier A,FSC,501.32,Low Stock
MAT06476,Biodegradable Plastic,Accessories,102.57,41.86,80.1,9.06,81.9,Supplier B,Cradle to Cradle,1313.06,Pre-Order
MAT06477,Cork,Sports Equipment,243.06,28.64,59.2,2.95,29.0,Supplier E,GOTS,1964.61,Low Stock
MAT06478,Mycelium Leather,Adhesives,382.54,44.08,40.2,2.78,45.7,Supplier C,ISO 14001,1767.07,Pre-Order
MAT06479,Bio-based Polymer,Insulation,55.46,50.49,58.9,6.09,58.6,Supplier C,GOTS,4042.93,Low Stock
MAT06480,Bio-based Polymer,Insulation,102.2,38.47,95.2,3.02,49.3,Supplier C,FSC,3763.22,Pre-Order
MAT06481,Wool,Home Decor,484.63,94.02,77.9,4.43,97.8,Supplier B,ISO 14001,3950.8,In Stock
MAT06482,Recycled PET,Accessories,489.91,9.73,64.4,8.28,38.1,Supplier C,FSC,2399.53,In Stock
MAT06483,Bioplastic,Coatings,242.25,44.35,75.5,14.53,19.8,Supplier E,EcoCert,3911.79,Pre-Order
MAT06484,Hemp Fiber,Adhesives,59.56,48.56,98.4,9.3,5.1,Supplier C,ISO 14001,2166.3,Pre-Order
MAT06485,Cork Composite,Footwear,261.24,28.29,86.1,10.4,88.6,Supplier E,EcoCert,624.99,In Stock
MAT06486,Corn Plastic,Accessories,365.44,40.73,23.7,0.76,10.7,Supplier B,EcoCert,1849.24,Low Stock
MAT06487,Cardboard,Accessories,260.48,3.9,75.3,4.06,85.0,Supplier D,FSC,3871.95,In Stock
MAT06488,Algae-based Material,Home Decor,27.94,13.64,51.5,6.3,30.7,Supplier D,GOTS,1535.5,Pre-Order
MAT06489,Mushroom Composite,Bags & Luggage,495.19,61.87,80.4,7.4,97.4,Supplier A,None,3435.37,In Stock
MAT06490,Sustainable Bamboo,Toys,189.39,3.43,67.4,3.95,45.0,Supplier A,FSC,624.99,Low Stock
MAT06491,Cardboard,Electronics,47.09,79.67,48.9,3.31,87.8,Supplier B,None,2137.25,Pre-Order
MAT06492,Hemp Fiber,Adhesives,92.53,13.31,32.3,3.99,67.2,Supplier A,None,3089.26,Pre-Order
MAT06493,Cardboard,Household Items,446.54,79.78,24.4,7.69,22.3,Supplier B,EcoCert,737.04,Pre-Order
MAT06494,Cellulose,Household Items,113.87,95.95,72.8,6.07,95.7,Supplier B,GOTS,2680.9,Low Stock
MAT06495,Cardboard,Construction,300.48,28.07,31.6,12.37,17.2,Supplier D,GOTS,717.12,Low Stock
MAT06496,Recycled Metal,Flooring,433.51,64.53,37.5,11.33,15.9,Supplier B,FSC,1674.94,In Stock
MAT06497,Recycled Metal,Toys,171.86,10.93,72.0,13.9,93.3,Supplier C,None,2268.39,Low Stock
MAT06498,Wool,Cosmetics,411.74,22.68,69.9,12.17,80.2,Supplier E,ISO 14001,2936.54,Pre-Order
MAT06499,Recycled Copper,Adhesives,357.74,93.79,43.1,13.7,66.0,Supplier B,EcoCert,1281.52,Low Stock
MAT06500,Hemp Fiber,Home Decor,407.17,49.74,32.9,7.93,50.8,Supplier E,FSC,759.45,Pre-Order
MAT06501,Cardboard,Household Items,312.73,4.57,22.1,11.94,17.6,Supplier D,Cradle to Cradle,1083.98,Pre-Order
MAT06502,Certified Wood,Cosmetics,145.04,35.6,41.6,11.16,31.2,Supplier C,FSC,1254.96,Pre-Order
MAT06503,Cellulose,Toys,461.49,49.44,54.3,3.23,79.2,Supplier C,EcoCert,979.4,In Stock
MAT06504,Cork,Kitchen Utensils,339.97,37.82,75.2,9.75,85.0,Supplier D,EcoCert,3616.31,Low Stock
MAT06505,Sustainable Bamboo,Accessories,484.87,20.39,92.1,2.05,90.9,Supplier B,ISO 14001,1717.27,In Stock
MAT06506,Jute,Household Items,179.71,38.74,79.4,5.98,91.0,Supplier A,GOTS,3509.24,Low Stock
MAT06507,Organic Cotton,Kitchen Utensils,55.87,62.59,26.9,8.33,90.8,Supplier B,FSC,3310.04,Low Stock
MAT06508,Linen,Automotive,388.49,65.69,49.8,0.75,20.6,Supplier C,ISO 14001,3202.97,In Stock
MAT06509,Flax Fiber,Accessories,367.07,9.23,91.6,6.9,82.2,Supplier B,FSC,719.61,In Stock
MAT06510,Sustainable Bamboo,Toys,121.97,82.08,99.9,12.83,63.1,Supplier A,Cradle to Cradle,3251.94,Pre-Order
MAT06511,Linen,Insulation,350.9,64.62,53.7,0.51,48.1,Supplier D,GOTS,2654.34,Pre-Order
MAT06512,Algae-based Material,Sports Equipment,403.18,92.31,79.9,7.89,45.3,Supplier E,ISO 14001,3967.4,Pre-Order
MAT06513,Bio-based Polymer,Coatings,288.96,33.87,82.5,1.67,97.0,Supplier E,GOTS,678.94,Pre-Order
MAT06514,Cellulose,Furniture,267.75,19.81,21.1,8.74,14.6,Supplier B,FSC,1932.24,Pre-Order
MAT06515,Recycled Copper,Office Supplies,307.24,84.97,79.5,3.27,68.7,Supplier A,FSC,666.49,Pre-Order
MAT06516,Cork Composite,Electronics,425.28,83.85,82.4,3.42,23.7,Supplier D,EcoCert,2919.11,In Stock
MAT06517,Corn Plastic,Textiles,334.07,38.35,44.7,10.4,11.1,Supplier A,None,460.65,Low Stock
MAT06518,Recycled Glass,Household Items,462.94,79.9,68.4,2.63,62.2,Supplier E,Cradle to Cradle,3261.07,Pre-Order
MAT06519,Recycled Metal,Sports Equipment,296.5,6.13,21.2,4.59,0.3,Supplier D,ISO 14001,912.17,Pre-Order
MAT06520,Biodegradable Plastic,Flooring,256.94,86.2,44.5,14.06,19.0,Supplier B,None,2409.49,Low Stock
MAT06521,Bioplastic,Toys,130.13,88.22,86.1,14.52,21.3,Supplier E,FSC,2228.55,In Stock
MAT06522,Cork Composite,Automotive,315.35,1.81,89.9,11.17,16.1,Supplier B,FSC,3661.13,Pre-Order
MAT06523,Jute,Textiles,221.37,76.64,21.7,14.56,90.7,Supplier E,EcoCert,756.96,Pre-Order
MAT06524,Cork,Insulation,93.99,13.51,79.8,9.78,3.9,Supplier A,ISO 14001,4018.03,Low Stock
MAT06525,Recycled Paper,Coatings,250.17,51.96,65.1,10.31,28.2,Supplier B,None,2851.88,In Stock
MAT06526,Recycled Aluminum,Toys,339.87,95.17,86.7,6.38,90.9,Supplier B,ISO 14001,2837.77,In Stock
MAT06527,Recycled Paper,Coatings,477.95,34.07,26.1,11.05,79.0,Supplier C,FSC,2989.66,In Stock
MAT06528,Cork,Office Supplies,170.25,81.03,33.2,1.65,88.9,Supplier B,None,2084.96,Pre-Order
MAT06529,Certified Wood,Electronics,246.11,38.42,32.2,3.81,12.7,Supplier C,ISO 14001,3262.73,Pre-Order
MAT06530,Wool,Household Items,454.59,81.97,93.6,7.96,8.3,Supplier C,None,3886.89,Pre-Order
MAT06531,Cork,Sports Equipment,14.45,98.97,51.9,6.83,51.2,Supplier D,FSC,3935.03,Pre-Order
MAT06532,Biodegradable Plastic,Kitchen Utensils,108.05,17.1,87.3,10.04,48.1,Supplier E,FSC,2338.11,Low Stock
MAT06533,Cork,Coatings,68.28,82.61,28.2,3.57,51.3,Supplier A,ISO 14001,2386.25,In Stock
MAT06534,Recycled Aluminum,Bags & Luggage,413.59,55.96,30.1,14.84,20.9,Supplier C,EcoCert,4076.96,Low Stock
MAT06535,Recycled Metal,Furniture,144.05,86.49,72.5,3.8,29.2,Supplier B,Cradle to Cradle,3199.65,Low Stock
MAT06536,Sustainable Bamboo,Electronics,69.59,63.95,96.2,2.55,89.4,Supplier D,GOTS,1613.52,Low Stock
MAT06537,Recycled PET,Sports Equipment,16.16,76.73,28.6,9.75,35.7,Supplier C,FSC,660.68,Low Stock
MAT06538,Bio-based Polymer,Textiles,23.74,31.81,99.6,8.28,51.2,Supplier B,None,2408.66,Pre-Order
MAT06539,Biodegradable Plastic,Accessories,355.47,44.09,53.0,6.15,94.7,Supplier B,Cradle to Cradle,207.5,Pre-Order
MAT06540,Recycled Copper,Insulation,242.98,74.54,47.6,9.63,10.3,Supplier D,None,3460.27,Pre-Order
MAT06541,Flax Fiber,Sports Equipment,66.12,28.75,96.5,12.06,37.6,Supplier E,GOTS,2724.06,Pre-Order
MAT06542,Recycled Aluminum,Toys,195.24,30.91,54.2,2.79,43.3,Supplier A,FSC,2548.93,Pre-Order
MAT06543,Bio-based Polymer,Kitchen Utensils,422.42,46.04,43.8,9.41,75.3,Supplier E,FSC,4123.44,Low Stock
MAT06544,Flax Fiber,Footwear,403.67,47.31,39.5,4.78,45.2,Supplier B,ISO 14001,2391.23,In Stock
MAT06545,Organic Cotton,Furniture,250.28,39.25,39.8,13.92,86.3,Supplier E,ISO 14001,4032.97,In Stock
MAT06546,Cardboard,Construction,340.9,18.11,80.2,14.25,42.0,Supplier C,FSC,1626.8,In Stock
MAT06547,Cellulose,Kitchen Utensils,321.76,98.07,84.8,12.47,13.5,Supplier D,EcoCert,3334.11,Pre-Order
MAT06548,Cork,Food Packaging,405.46,5.7,77.7,1.21,3.9,Supplier A,Cradle to Cradle,926.28,Low Stock
MAT06549,Recycled Aluminum,Electronics,363.92,64.04,30.4,1.79,36.0,Supplier B,EcoCert,942.88,Pre-Order
MAT06550,Recycled Glass,Food Packaging,429.35,61.58,49.6,0.64,80.2,Supplier D,ISO 14001,3487.66,Pre-Order
MAT06551,Organic Cotton,Food Packaging,198.27,8.01,62.8,4.63,74.6,Supplier D,Cradle to Cradle,380.14,Pre-Order
MAT06552,Linen,Household Items,355.96,43.86,70.9,12.03,96.3,Supplier D,GOTS,2816.19,In Stock
MAT06553,Linen,Home Decor,51.84,99.57,45.5,13.09,91.4,Supplier D,ISO 14001,3517.54,Low Stock
MAT06554,Bio-based Polymer,Cosmetics,395.13,12.81,31.6,8.55,43.9,Supplier E,Cradle to Cradle,3359.01,In Stock
MAT06555,Cork Composite,Electronics,13.06,53.44,41.7,5.52,40.7,Supplier C,None,2545.61,Low Stock
MAT06556,Linen,Accessories,337.46,51.98,72.4,3.2,88.7,Supplier B,None,3477.7,In Stock
MAT06557,Jute,Food Packaging,482.25,16.3,36.5,14.67,5.6,Supplier A,None,2707.46,Low Stock
MAT06558,Recycled Paper,Toys,130.78,24.49,51.6,12.5,4.3,Supplier E,None,527.05,Low Stock
MAT06559,Jute,Electronics,229.93,61.02,41.5,6.07,43.2,Supplier C,EcoCert,342.79,In Stock
MAT06560,Recycled Copper,Cosmetics,296.12,28.58,98.4,14.7,26.8,Supplier A,None,2992.98,Pre-Order
MAT06561,Linen,Cosmetics,188.36,5.32,83.2,6.86,69.9,Supplier D,None,3678.56,In Stock
MAT06562,Recycled Metal,Bags & Luggage,174.8,33.98,91.1,13.28,10.7,Supplier C,None,3798.08,In Stock
MAT06563,Mushroom Composite,Coatings,28.71,39.0,38.6,3.88,1.3,Supplier D,ISO 14001,2736.51,Low Stock
MAT06564,Recycled Aluminum,Furniture,70.43,92.97,89.3,4.1,20.1,Supplier B,EcoCert,1452.5,In Stock
MAT06565,Mycelium Leather,Accessories,102.54,74.33,50.9,4.52,81.4,Supplier A,Cradle to Cradle,3288.46,Low Stock
MAT06566,Recycled Aluminum,Household Items,213.75,10.5,46.3,2.79,50.4,Supplier C,EcoCert,2363.84,In Stock
MAT06567,Certified Wood,Sports Equipment,238.5,65.5,21.5,7.56,82.7,Supplier A,Cradle to Cradle,1171.13,Pre-Order
MAT06568,Flax Fiber,Coatings,489.29,3.89,21.3,11.14,54.3,Supplier B,GOTS,4071.15,Low Stock
MAT06569,Recycled Paper,Office Supplies,25.02,69.91,62.5,2.9,14.8,Supplier E,None,3803.06,Low Stock
MAT06570,Sustainable Bamboo,Footwear,243.22,99.14,59.1,9.33,81.6,Supplier A,None,297.14,Pre-Order
MAT06571,Biodegradable Plastic,Automotive,422.56,68.26,79.6,9.5,91.8,Supplier D,GOTS,3173.09,Pre-Order
MAT06572,Recycled PET,Electronics,329.2,69.27,52.8,0.92,40.4,Supplier B,GOTS,1752.96,Low Stock
MAT06573,Jute,Construction,172.8,99.76,47.7,2.54,37.2,Supplier B,EcoCert,1847.58,Pre-Order
MAT06574,Cellulose,Electronics,95.76,90.81,82.9,12.32,27.5,Supplier E,None,3824.64,Low Stock
MAT06575,Cardboard,Footwear,198.42,49.18,47.5,2.27,42.2,Supplier E,GOTS,2267.56,Pre-Order
MAT06576,Biodegradable Plastic,Household Items,140.62,38.24,92.7,10.44,96.1,Supplier B,Cradle to Cradle,3427.9,In Stock
MAT06577,Bioplastic,Cosmetics,228.84,27.4,28.4,2.08,18.1,Supplier C,EcoCert,327.85,Pre-Order
MAT06578,Recycled Copper,Flooring,152.75,58.77,35.7,6.17,63.3,Supplier D,None,3857.84,Pre-Order
MAT06579,Cork,Cosmetics,389.2,99.08,44.1,4.2,2.7,Supplier E,FSC,2206.14,Pre-Order
MAT06580,Natural Rubber,Construction,63.15,59.36,38.9,14.35,16.4,Supplier E,FSC,827.51,In Stock
MAT06581,Sustainable Bamboo,Footwear,468.14,85.0,26.3,5.76,98.3,Supplier E,None,2090.77,Low Stock
MAT06582,Cellulose,Electronics,136.22,62.76,70.1,8.79,53.3,Supplier B,ISO 14001,2198.67,Pre-Order
MAT06583,Bio-based Polymer,Electronics,195.59,4.53,86.1,8.95,87.2,Supplier B,EcoCert,1401.04,Low Stock
MAT06584,Certified Wood,Cosmetics,465.36,83.56,73.2,8.67,53.6,Supplier E,GOTS,2939.86,In Stock
MAT06585,Sustainable Bamboo,Electronics,224.72,57.62,26.4,14.46,52.7,Supplier C,FSC,1817.7,Low Stock
MAT06586,Cork,Electronics,439.78,58.91,24.2,11.42,53.3,Supplier A,Cradle to Cradle,3663.62,Pre-Order
MAT06587,Corn Plastic,Coatings,375.42,54.87,31.8,8.78,81.4,Supplier A,Cradle to Cradle,388.44,In Stock
MAT06588,Corn Plastic,Flooring,466.18,9.69,53.2,12.03,93.7,Supplier B,EcoCert,2016.07,In Stock
MAT06589,Corn Plastic,Adhesives,237.23,37.31,71.7,10.95,45.5,Supplier E,EcoCert,764.43,Pre-Order
MAT06590,Biodegradable Plastic,Sports Equipment,215.41,89.86,71.4,10.13,42.6,Supplier B,GOTS,3687.69,In Stock
MAT06591,Recycled Paper,Construction,223.37,89.07,26.6,1.5,13.5,Supplier C,FSC,1987.85,Pre-Order
MAT06592,Bioplastic,Adhesives,465.33,26.65,36.8,1.86,62.7,Supplier A,ISO 14001,2763.9,Pre-Order
MAT06593,Jute,Adhesives,263.42,88.49,82.2,13.56,65.2,Supplier C,EcoCert,626.65,In Stock
MAT06594,Recycled Aluminum,Accessories,35.26,3.47,43.6,14.21,60.6,Supplier E,GOTS,790.99,Low Stock
MAT06595,Seaweed Polymer,Insulation,316.22,40.7,28.2,12.42,77.6,Supplier C,Cradle to Cradle,629.97,In Stock
MAT06596,Recycled Copper,Food Packaging,55.83,3.01,65.9,1.37,84.3,Supplier D,EcoCert,2059.23,Pre-Order
MAT06597,Jute,Office Supplies,167.59,67.18,84.2,13.42,60.8,Supplier C,Cradle to Cradle,4091.07,In Stock
MAT06598,Recycled Aluminum,Food Packaging,103.55,7.85,38.4,6.56,31.4,Supplier D,None,2014.41,Pre-Order
MAT06599,Cellulose,Accessories,327.85,15.71,58.8,5.5,58.9,Supplier D,FSC,3011.24,Low Stock
MAT06600,Bioplastic,Accessories,69.28,77.41,75.8,1.58,92.9,Supplier E,EcoCert,287.18,In Stock
MAT06601,Bio-based Polymer,Coatings,432.13,53.18,98.7,12.31,52.3,Supplier A,FSC,3966.57,Pre-Order
MAT06602,Sustainable Bamboo,Textiles,10.05,88.39,92.7,0.88,46.5,Supplier A,EcoCert,2905.83,In Stock
MAT06603,Bio-based Polymer,Food Packaging,469.26,26.12,47.3,10.25,23.0,Supplier C,EcoCert,2061.72,Low Stock
MAT06604,Hemp Fiber,Flooring,332.13,32.9,46.1,4.5,39.1,Supplier E,Cradle to Cradle,3865.31,Low Stock
MAT06605,Bio-based Polymer,Furniture,446.87,72.53,23.8,3.26,44.4,Supplier D,None,1723.91,Low Stock
MAT06606,Cardboard,Food Packaging,263.88,33.79,75.6,12.52,71.0,Supplier D,Cradle to Cradle,3913.45,Pre-Order
MAT06607,Hemp Fiber,Furniture,387.75,53.12,52.8,4.71,83.8,Supplier C,GOTS,1372.82,Low Stock
MAT06608,Recycled PET,Home Decor,447.26,7.59,91.2,14.04,99.1,Supplier E,EcoCert,3617.14,Pre-Order
MAT06609,Recycled PET,Footwear,425.65,19.08,45.5,14.06,27.3,Supplier A,FSC,2538.14,Low Stock
MAT06610,Certified Wood,Construction,313.69,68.25,47.6,11.84,81.9,Supplier C,Cradle to Cradle,2426.92,Low Stock
MAT06611,Biodegradable Plastic,Cosmetics,336.79,72.34,46.7,9.88,81.9,Supplier C,EcoCert,1827.66,In Stock
MAT06612,Recycled PET,Automotive,186.74,33.77,82.1,13.14,18.9,Supplier B,GOTS,3402.17,In Stock
MAT06613,Corn Plastic,Construction,102.28,97.63,78.8,13.61,72.1,Supplier E,GOTS,709.65,In Stock
MAT06614,Bioplastic,Toys,61.54,74.95,45.0,1.03,4.8,Supplier B,EcoCert,3505.92,Low Stock
MAT06615,Organic Cotton,Footwear,334.83,67.6,67.1,1.4,56.8,Supplier D,Cradle to Cradle,327.02,Pre-Order
MAT06616,Mycelium Leather,Coatings,320.68,10.66,34.0,7.89,14.0,Supplier A,ISO 14001,2421.94,In Stock
MAT06617,Recycled Aluminum,Sports Equipment,444.39,83.94,56.1,10.4,17.7,Supplier A,ISO 14001,1345.43,Low Stock
MAT06618,Recycled Aluminum,Coatings,119.4,30.55,56.6,8.58,45.3,Supplier E,Cradle to Cradle,1816.04,Low Stock
MAT06619,Recycled Copper,Office Supplies,226.06,21.69,20.2,13.42,14.7,Supplier D,EcoCert,3890.21,In Stock
MAT06620,Sustainable Bamboo,Adhesives,353.36,94.35,58.7,11.89,71.4,Supplier E,None,387.61,Low Stock
MAT06621,Linen,Footwear,97.07,50.46,39.8,5.8,44.2,Supplier C,EcoCert,1708.14,Pre-Order
MAT06622,Recycled PET,Furniture,57.6,9.46,37.2,4.68,61.2,Supplier D,Cradle to Cradle,1415.15,Low Stock
MAT06623,Natural Rubber,Sports Equipment,398.74,91.77,45.0,3.75,20.6,Supplier A,None,3787.29,Low Stock
MAT06624,Linen,Cosmetics,109.43,50.51,37.5,3.92,66.2,Supplier A,None,744.51,Low Stock
MAT06625,Jute,Electronics,428.89,97.13,50.9,13.89,44.2,Supplier D,FSC,1350.41,Low Stock
MAT06626,Corn Plastic,Flooring,465.57,82.41,80.6,2.08,47.8,Supplier D,ISO 14001,2641.89,Low Stock
MAT06627,Bioplastic,Electronics,274.95,26.15,26.5,14.03,98.9,Supplier A,ISO 14001,2118.99,Low Stock
MAT06628,Recycled Copper,Automotive,251.77,70.53,57.3,11.13,20.4,Supplier A,FSC,3184.71,In Stock
MAT06629,Recycled Paper,Footwear,37.77,87.18,51.8,4.12,16.3,Supplier D,FSC,846.6,Pre-Order
MAT06630,Mushroom Composite,Textiles,324.68,71.44,95.1,12.2,45.6,Supplier A,ISO 14001,2647.7,In Stock
MAT06631,Cork,Electronics,242.68,99.08,51.0,12.07,77.5,Supplier D,ISO 14001,2971.4,Pre-Order
MAT06632,Recycled PET,Adhesives,478.46,43.73,97.7,6.86,6.7,Supplier D,Cradle to Cradle,855.73,In Stock
MAT06633,Cork Composite,Household Items,41.42,79.71,33.9,10.13,36.4,Supplier A,Cradle to Cradle,2129.78,In Stock
MAT06634,Bio-based Polymer,Textiles,499.3,14.67,25.9,11.03,14.1,Supplier A,EcoCert,3399.68,Low Stock
MAT06635,Cellulose,Electronics,307.3,40.91,32.3,3.67,79.5,Supplier C,EcoCert,2057.57,Pre-Order
MAT06636,Recycled Metal,Insulation,421.02,15.31,59.1,6.51,9.2,Supplier C,ISO 14001,1948.84,Low Stock
MAT06637,Recycled Glass,Insulation,180.81,98.08,29.0,0.75,10.6,Supplier E,Cradle to Cradle,3100.05,In Stock
MAT06638,Cardboard,Electronics,62.13,27.35,74.2,14.62,50.2,Supplier C,EcoCert,2094.09,Pre-Order
MAT06639,Bioplastic,Construction,382.08,91.11,96.5,8.54,9.8,Supplier C,EcoCert,3071.0,Pre-Order
MAT06640,Hemp Fiber,Furniture,361.86,56.77,65.0,9.07,88.7,Supplier B,Cradle to Cradle,2817.02,Pre-Order
MAT06641,Jute,Household Items,87.8,32.29,26.5,11.06,70.7,Supplier A,EcoCert,1723.08,Pre-Order
MAT06642,Sustainable Bamboo,Construction,268.45,15.94,59.0,5.97,91.2,Supplier E,EcoCert,927.11,Pre-Order
MAT06643,Cork,Kitchen Utensils,219.65,63.02,57.4,14.1,15.7,Supplier C,FSC,3171.43,Low Stock
MAT06644,Wool,Sports Equipment,387.96,44.82,22.2,4.3,13.3,Supplier B,Cradle to Cradle,971.1,Pre-Order
MAT06645,Bioplastic,Household Items,127.28,4.7,94.1,1.55,74.2,Supplier B,None,3145.7,Low Stock
MAT06646,Linen,Sports Equipment,137.11,53.32,89.0,4.96,43.4,Supplier D,GOTS,2719.08,In Stock
MAT06647,Hemp Fiber,Cosmetics,357.07,40.68,51.5,11.79,72.4,Supplier D,FSC,2607.86,Pre-Order
MAT06648,Recycled Glass,Bags & Luggage,67.65,98.18,48.4,6.45,60.1,Supplier C,EcoCert,373.5,In Stock
MAT06649,Linen,Insulation,45.15,88.52,70.1,13.05,83.3,Supplier A,FSC,1617.67,Pre-Order
MAT06650,Linen,Furniture,344.27,15.57,33.7,3.79,32.2,Supplier C,FSC,1502.3,In Stock
MAT06651,Bio-based Polymer,Sports Equipment,14.93,16.68,64.8,13.52,94.4,Supplier C,ISO 14001,3838.75,Low Stock
MAT06652,Flax Fiber,Flooring,110.28,45.74,46.9,11.36,25.9,Supplier D,None,1586.13,In Stock
MAT06653,Seaweed Polymer,Construction,114.69,2.8,71.1,1.44,75.0,Supplier A,None,1667.47,In Stock
MAT06654,Jute,Toys,471.47,11.49,62.0,7.68,31.8,Supplier A,None,688.07,Pre-Order
MAT06655,Cardboard,Household Items,419.81,32.29,88.3,14.57,64.3,Supplier A,Cradle to Cradle,4106.01,Low Stock
MAT06656,Cardboard,Sports Equipment,136.76,58.22,70.1,13.05,57.2,Supplier E,ISO 14001,547.8,Pre-Order
MAT06657,Linen,Footwear,91.43,28.27,91.3,12.93,76.6,Supplier C,None,1762.09,Low Stock
MAT06658,Sustainable Bamboo,Adhesives,499.57,71.52,87.5,1.23,64.1,Supplier B,Cradle to Cradle,2988.0,Pre-Order
MAT06659,Natural Rubber,Sports Equipment,251.56,60.04,32.5,5.94,30.2,Supplier A,Cradle to Cradle,3577.3,Pre-Order
MAT06660,Wool,Cosmetics,426.08,52.77,78.9,8.29,70.5,Supplier E,Cradle to Cradle,1716.44,In Stock
MAT06661,Recycled Glass,Sports Equipment,310.34,66.04,97.4,13.78,69.2,Supplier B,None,3543.27,Low Stock
MAT06662,Algae-based Material,Toys,377.79,48.41,98.9,2.97,17.4,Supplier D,Cradle to Cradle,2191.2,In Stock
MAT06663,Wool,Household Items,140.84,92.76,84.2,8.31,56.5,Supplier B,EcoCert,2792.95,In Stock
MAT06664,Mycelium Leather,Food Packaging,274.52,51.24,52.6,10.84,52.1,Supplier B,GOTS,3364.82,Pre-Order
MAT06665,Flax Fiber,Bags & Luggage,320.84,11.0,34.7,0.96,21.8,Supplier A,None,499.66,In Stock
MAT06666,Flax Fiber,Cosmetics,83.8,78.8,66.6,5.36,95.0,Supplier B,None,1020.07,Low Stock
MAT06667,Organic Cotton,Automotive,432.96,42.04,75.7,14.36,4.5,Supplier C,Cradle to Cradle,2403.68,Low Stock
MAT06668,Seaweed Polymer,Food Packaging,422.88,75.49,20.3,2.71,54.8,Supplier A,ISO 14001,3334.94,In Stock
MAT06669,Flax Fiber,Textiles,321.81,3.85,48.7,2.74,37.6,Supplier C,GOTS,524.56,Low Stock
MAT06670,Recycled Copper,Construction,237.22,92.78,55.7,13.37,64.6,Supplier A,GOTS,423.3,Low Stock
MAT06671,Recycled Metal,Flooring,272.7,41.22,78.5,7.85,51.1,Supplier E,ISO 14001,3378.1,Pre-Order
MAT06672,Wool,Household Items,464.85,69.65,32.5,0.9,70.4,Supplier E,GOTS,601.75,Low Stock
MAT06673,Recycled Copper,Office Supplies,145.5,10.29,36.2,2.61,76.6,Supplier B,FSC,593.45,In Stock
MAT06674,Sustainable Bamboo,Footwear,138.44,53.79,95.7,6.52,50.4,Supplier C,GOTS,864.03,Low Stock
MAT06675,Algae-based Material,Bags & Luggage,380.13,96.29,76.3,11.28,76.9,Supplier D,GOTS,3847.88,In Stock
MAT06676,Jute,Home Decor,438.55,76.53,23.0,1.32,41.1,Supplier C,GOTS,2252.62,In Stock
MAT06677,Seaweed Polymer,Construction,314.64,4.22,94.5,8.35,70.6,Supplier E,Cradle to Cradle,1863.35,In Stock
MAT06678,Bioplastic,Accessories,287.04,33.33,82.7,11.35,43.4,Supplier A,GOTS,942.05,In Stock
MAT06679,Biodegradable Plastic,Electronics,109.76,26.53,70.8,8.79,14.8,Supplier A,EcoCert,3346.56,Low Stock
MAT06680,Bioplastic,Flooring,391.51,4.6,75.5,7.69,84.4,Supplier A,GOTS,1472.42,Low Stock
MAT06681,Seaweed Polymer,Bags & Luggage,199.01,99.47,35.1,10.41,49.7,Supplier D,None,1396.06,Pre-Order
MAT06682,Sustainable Bamboo,Footwear,419.02,46.2,83.6,9.48,69.9,Supplier A,EcoCert,4126.76,Low Stock
MAT06683,Organic Cotton,Coatings,365.95,92.42,22.3,5.04,61.9,Supplier C,Cradle to Cradle,4106.84,In Stock
MAT06684,Cork,Construction,200.98,86.71,52.5,12.45,72.8,Supplier A,ISO 14001,1520.56,In Stock
MAT06685,Organic Cotton,Home Decor,427.85,3.5,57.5,0.99,22.7,Supplier B,GOTS,3545.76,Low Stock
MAT06686,Cardboard,Kitchen Utensils,215.27,62.81,53.6,9.96,92.1,Supplier A,Cradle to Cradle,1942.2,Low Stock
MAT06687,Sustainable Bamboo,Food Packaging,258.9,98.37,69.8,14.24,0.8,Supplier E,EcoCert,2778.84,Pre-Order
MAT06688,Jute,Kitchen Utensils,93.84,29.09,99.2,5.41,11.5,Supplier D,ISO 14001,3529.16,In Stock
MAT06689,Mycelium Leather,Furniture,494.24,79.5,27.4,12.2,7.7,Supplier B,None,365.2,Pre-Order
MAT06690,Natural Rubber,Kitchen Utensils,482.69,5.04,90.6,3.79,21.9,Supplier C,EcoCert,3882.74,Low Stock
MAT06691,Hemp Fiber,Kitchen Utensils,149.34,38.11,54.4,6.33,55.9,Supplier E,EcoCert,1508.94,Pre-Order
MAT06692,Bio-based Polymer,Flooring,205.5,21.3,94.8,9.96,91.6,Supplier A,ISO 14001,1092.28,Low Stock
MAT06693,Recycled Metal,Home Decor,215.09,79.29,72.0,5.63,4.9,Supplier C,FSC,3948.31,Pre-Order
MAT06694,Hemp Fiber,Electronics,179.18,7.04,77.9,8.76,37.0,Supplier B,Cradle to Cradle,1265.75,Pre-Order
MAT06695,Bio-based Polymer,Toys,79.21,41.23,98.5,12.72,91.7,Supplier A,EcoCert,1152.87,Pre-Order
MAT06696,Recycled Metal,Construction,146.46,77.67,27.3,7.37,36.8,Supplier D,Cradle to Cradle,2968.91,In Stock
MAT06697,Organic Cotton,Kitchen Utensils,398.85,94.64,82.8,2.01,13.2,Supplier E,None,3217.91,In Stock
MAT06698,Corn Plastic,Sports Equipment,375.43,88.65,53.6,8.88,49.5,Supplier E,EcoCert,2038.48,Low Stock
MAT06699,Certified Wood,Textiles,123.98,3.33,39.2,12.82,53.9,Supplier E,Cradle to Cradle,3232.85,In Stock
MAT06700,Natural Rubber,Coatings,154.52,14.93,20.8,12.04,86.8,Supplier D,GOTS,1674.94,Low Stock
MAT06701,Hemp Fiber,Toys,474.72,49.46,68.6,4.18,15.6,Supplier B,EcoCert,1628.46,Low Stock
MAT06702,Sustainable Bamboo,Sports Equipment,23.99,20.64,32.3,11.75,99.9,Supplier B,None,1361.2,In Stock
MAT06703,Algae-based Material,Cosmetics,162.71,84.26,24.5,2.5,71.5,Supplier C,Cradle to Cradle,575.19,Low Stock
MAT06704,Bio-based Polymer,Construction,188.34,57.25,89.7,7.74,90.1,Supplier A,Cradle to Cradle,896.4,Low Stock
MAT06705,Mycelium Leather,Cosmetics,338.69,30.07,61.4,2.87,82.5,Supplier E,FSC,3018.71,In Stock
MAT06706,Cellulose,Flooring,444.47,32.99,61.7,11.49,76.4,Supplier D,Cradle to Cradle,3111.67,In Stock
MAT06707,Mycelium Leather,Electronics,449.67,86.95,84.4,0.9,58.0,Supplier B,None,2494.15,Low Stock
MAT06708,Algae-based Material,Toys,30.53,47.54,26.1,5.83,8.7,Supplier D,GOTS,3598.05,Low Stock
MAT06709,Seaweed Polymer,Food Packaging,40.42,32.46,75.0,4.12,9.0,Supplier B,FSC,3973.21,In Stock
MAT06710,Flax Fiber,Sports Equipment,156.58,96.87,37.7,6.91,29.7,Supplier C,ISO 14001,1393.57,In Stock
MAT06711,Mushroom Composite,Adhesives,450.06,31.16,54.0,4.56,62.2,Supplier B,FSC,1443.37,Low Stock
MAT06712,Cork,Kitchen Utensils,242.93,30.3,34.5,9.79,75.9,Supplier C,EcoCert,417.49,Low Stock
MAT06713,Hemp Fiber,Home Decor,69.7,36.58,42.9,10.26,13.4,Supplier C,FSC,325.36,Pre-Order
MAT06714,Certified Wood,Home Decor,181.4,50.52,98.8,9.05,73.4,Supplier E,EcoCert,3533.31,In Stock
MAT06715,Hemp Fiber,Household Items,241.15,68.72,40.2,11.3,57.7,Supplier E,GOTS,3295.93,In Stock
MAT06716,Flax Fiber,Coatings,381.85,81.74,29.9,13.02,83.7,Supplier A,EcoCert,1054.93,In Stock
MAT06717,Recycled Metal,Cosmetics,450.67,11.36,86.8,6.69,89.3,Supplier D,Cradle to Cradle,3776.5,In Stock
MAT06718,Certified Wood,Cosmetics,382.27,57.89,36.6,10.34,63.9,Supplier E,EcoCert,755.3,Pre-Order
MAT06719,Corn Plastic,Accessories,117.06,10.33,55.0,14.01,14.1,Supplier A,ISO 14001,2160.49,Low Stock
MAT06720,Recycled Glass,Coatings,277.78,66.44,63.1,1.6,1.0,Supplier C,ISO 14001,1185.24,Low Stock
MAT06721,Seaweed Polymer,Accessories,437.51,81.07,90.3,1.33,93.2,Supplier C,EcoCert,1796.12,Pre-Order
MAT06722,Sustainable Bamboo,Bags & Luggage,425.67,62.59,96.1,5.98,14.6,Supplier B,EcoCert,3655.32,In Stock
MAT06723,Linen,Household Items,389.13,57.73,41.4,10.36,43.1,Supplier E,FSC,1599.41,In Stock
MAT06724,Certified Wood,Footwear,266.27,52.88,24.1,13.58,15.0,Supplier A,Cradle to Cradle,2011.92,In Stock
MAT06725,Wool,Coatings,344.15,87.01,92.0,2.9,60.6,Supplier B,FSC,1617.67,In Stock
MAT06726,Bioplastic,Coatings,328.93,42.37,56.2,13.44,13.3,Supplier D,ISO 14001,3310.04,In Stock
MAT06727,Recycled Metal,Food Packaging,16.13,55.43,23.7,5.8,90.8,Supplier B,FSC,2205.31,Low Stock
MAT06728,Recycled Metal,Footwear,261.17,59.68,37.9,1.42,51.4,Supplier D,EcoCert,1498.15,Pre-Order
MAT06729,Cardboard,Furniture,143.82,99.83,38.6,6.24,47.9,Supplier D,Cradle to Cradle,2929.9,In Stock
MAT06730,Wool,Furniture,438.75,89.05,85.4,6.91,81.7,Supplier B,EcoCert,3899.34,In Stock
MAT06731,Cork,Sports Equipment,227.25,13.13,95.0,13.91,57.7,Supplier C,ISO 14001,2892.55,In Stock
MAT06732,Bio-based Polymer,Furniture,495.76,48.83,31.7,3.03,64.0,Supplier E,None,1249.15,Low Stock
MAT06733,Recycled Paper,Insulation,117.88,5.82,32.1,2.54,36.9,Supplier C,GOTS,1088.96,In Stock
MAT06734,Mycelium Leather,Insulation,428.44,79.67,55.2,9.69,33.9,Supplier C,ISO 14001,3083.45,Pre-Order
MAT06735,Algae-based Material,Accessories,195.75,75.99,20.4,8.91,52.6,Supplier A,EcoCert,4067.0,In Stock
MAT06736,Bio-based Polymer,Electronics,225.04,39.61,43.4,8.14,86.8,Supplier C,GOTS,2061.72,In Stock
MAT06737,Corn Plastic,Bags & Luggage,419.11,23.78,97.2,9.58,76.4,Supplier C,FSC,3920.92,Low Stock
MAT06738,Biodegradable Plastic,Electronics,381.98,20.05,63.5,10.49,46.6,Supplier D,Cradle to Cradle,964.46,In Stock
MAT06739,Wool,Automotive,240.49,52.32,24.5,3.38,86.4,Supplier A,None,697.2,Low Stock
MAT06740,Mushroom Composite,Furniture,318.4,21.61,35.8,13.07,12.6,Supplier E,None,3450.31,Low Stock
MAT06741,Recycled PET,Household Items,119.68,63.29,21.8,7.81,61.9,Supplier B,Cradle to Cradle,2240.17,In Stock
MAT06742,Recycled Copper,Insulation,346.15,12.3,99.4,11.12,31.7,Supplier A,None,1892.4,Pre-Order
MAT06743,Recycled Glass,Toys,488.63,7.45,84.3,8.0,67.5,Supplier E,None,1718.93,Pre-Order
MAT06744,Certified Wood,Cosmetics,424.63,24.01,66.8,13.34,27.6,Supplier D,FSC,2416.96,In Stock
MAT06745,Recycled PET,Household Items,201.62,80.96,78.2,11.23,53.9,Supplier D,ISO 14001,1669.96,In Stock
MAT06746,Recycled Copper,Toys,278.77,75.99,33.7,7.12,60.1,Supplier D,Cradle to Cradle,2635.25,Low Stock
MAT06747,Natural Rubber,Flooring,447.03,55.71,30.4,13.43,6.5,Supplier D,ISO 14001,3024.52,Low Stock
MAT06748,Bioplastic,Textiles,149.5,64.45,61.7,11.54,36.3,Supplier B,FSC,3539.95,In Stock
MAT06749,Algae-based Material,Accessories,63.84,50.38,66.5,1.0,45.2,Supplier C,None,3835.43,Low Stock
MAT06750,Recycled Paper,Adhesives,334.86,12.79,68.9,5.69,8.6,Supplier C,GOTS,375.16,Low Stock
MAT06751,Recycled Metal,Coatings,26.94,1.8,48.1,13.09,64.0,Supplier D,None,3975.7,In Stock
MAT06752,Algae-based Material,Furniture,294.9,14.01,72.7,6.53,79.7,Supplier B,ISO 14001,174.3,Low Stock
MAT06753,Mushroom Composite,Accessories,317.01,7.56,71.4,11.91,14.8,Supplier D,ISO 14001,2582.13,In Stock
MAT06754,Cellulose,Home Decor,326.64,49.36,90.2,10.12,12.3,Supplier B,FSC,2934.05,In Stock
MAT06755,Wool,Sports Equipment,489.84,82.77,24.1,10.84,60.1,Supplier C,Cradle to Cradle,2870.97,In Stock
MAT06756,Wool,Cosmetics,492.66,29.9,21.7,2.97,9.4,Supplier A,EcoCert,1001.81,In Stock
MAT06757,Seaweed Polymer,Footwear,37.1,46.44,53.0,7.27,48.9,Supplier B,None,3921.75,Pre-Order
MAT06758,Recycled Aluminum,Accessories,130.24,22.7,95.0,4.22,66.2,Supplier B,None,3186.37,Pre-Order
MAT06759,Sustainable Bamboo,Kitchen Utensils,343.39,52.17,94.1,3.08,11.2,Supplier B,Cradle to Cradle,1258.28,Low Stock
MAT06760,Certified Wood,Sports Equipment,175.91,83.3,58.2,2.69,68.9,Supplier D,FSC,3680.22,Low Stock
MAT06761,Recycled Paper,Construction,41.44,19.54,92.6,5.97,12.0,Supplier A,ISO 14001,3561.53,Pre-Order
MAT06762,Linen,Footwear,167.59,95.05,34.9,0.86,57.3,Supplier B,GOTS,3179.73,Low Stock
MAT06763,Certified Wood,Textiles,193.91,98.74,44.6,6.41,24.7,Supplier E,FSC,2017.73,In Stock
MAT06764,Recycled Copper,Flooring,337.56,61.2,61.5,3.9,94.9,Supplier B,None,2656.83,In Stock
MAT06765,Flax Fiber,Office Supplies,487.65,44.51,22.0,8.49,82.0,Supplier C,FSC,977.74,Low Stock
MAT06766,Flax Fiber,Cosmetics,253.16,13.06,84.8,5.09,53.4,Supplier B,ISO 14001,529.54,Low Stock
MAT06767,Certified Wood,Home Decor,498.2,27.15,66.1,4.12,0.1,Supplier D,ISO 14001,3159.81,In Stock
MAT06768,Biodegradable Plastic,Textiles,208.08,87.56,61.8,0.89,77.0,Supplier A,ISO 14001,3170.6,Pre-Order
MAT06769,Bio-based Polymer,Cosmetics,333.68,39.12,24.0,10.22,63.9,Supplier A,ISO 14001,1860.03,Pre-Order
MAT06770,Seaweed Polymer,Construction,365.5,77.97,51.2,4.38,41.8,Supplier D,Cradle to Cradle,2972.23,Pre-Order
MAT06771,Biodegradable Plastic,Furniture,149.25,78.47,28.4,12.08,72.2,Supplier C,EcoCert,4057.87,In Stock
MAT06772,Certified Wood,Home Decor,226.43,58.04,63.3,6.88,98.7,Supplier D,Cradle to Cradle,2109.03,In Stock
MAT06773,Natural Rubber,Bags & Luggage,210.87,52.64,75.2,4.16,15.3,Supplier D,EcoCert,3007.92,Low Stock
MAT06774,Hemp Fiber,Textiles,406.89,94.06,28.1,13.85,59.5,Supplier E,EcoCert,1840.94,In Stock
MAT06775,Flax Fiber,Automotive,200.09,25.9,24.2,2.67,15.7,Supplier E,FSC,3404.66,Low Stock
MAT06776,Biodegradable Plastic,Textiles,404.79,35.38,25.6,11.62,54.0,Supplier E,EcoCert,367.69,Low Stock
MAT06777,Hemp Fiber,Furniture,350.23,19.09,83.1,1.93,66.0,Supplier E,EcoCert,1527.2,Pre-Order
MAT06778,Flax Fiber,Office Supplies,385.95,88.09,38.7,1.38,10.3,Supplier D,FSC,1710.63,Pre-Order
MAT06779,Organic Cotton,Insulation,389.32,51.5,71.6,8.25,3.7,Supplier C,FSC,1129.63,In Stock
MAT06780,Recycled Aluminum,Electronics,456.44,78.88,63.9,9.6,70.0,Supplier E,EcoCert,1266.58,Pre-Order
MAT06781,Jute,Toys,176.46,55.44,67.6,1.38,98.4,Supplier C,FSC,3017.05,Pre-Order
MAT06782,Recycled Metal,Kitchen Utensils,29.39,96.05,77.8,5.83,47.6,Supplier B,ISO 14001,3661.13,In Stock
MAT06783,Recycled Copper,Bags & Luggage,350.46,42.09,63.9,8.11,77.8,Supplier E,Cradle to Cradle,374.33,Low Stock
MAT06784,Hemp Fiber,Bags & Luggage,457.43,75.46,39.7,8.4,3.2,Supplier D,Cradle to Cradle,2314.87,Low Stock
MAT06785,Flax Fiber,Cosmetics,90.22,78.72,41.5,9.95,25.2,Supplier A,GOTS,473.1,In Stock
MAT06786,Cellulose,Electronics,483.87,11.66,76.2,11.01,80.5,Supplier D,Cradle to Cradle,936.24,In Stock
MAT06787,Recycled Paper,Sports Equipment,326.33,77.04,32.1,2.31,95.7,Supplier A,EcoCert,1275.71,Pre-Order
MAT06788,Cork Composite,Sports Equipment,240.58,37.1,56.3,6.76,23.3,Supplier C,FSC,784.35,Low Stock
MAT06789,Wool,Home Decor,340.39,37.09,75.3,6.94,33.9,Supplier E,ISO 14001,1934.73,In Stock
MAT06790,Bio-based Polymer,Electronics,27.77,36.41,87.2,10.45,34.6,Supplier C,ISO 14001,1137.1,Low Stock
MAT06791,Seaweed Polymer,Household Items,107.61,88.71,36.3,7.15,88.6,Supplier A,Cradle to Cradle,1956.31,Pre-Order
MAT06792,Certified Wood,Coatings,361.68,23.5,69.5,12.29,28.6,Supplier C,GOTS,942.88,Pre-Order
MAT06793,Recycled Metal,Accessories,347.26,54.93,21.0,11.29,6.3,Supplier D,EcoCert,1745.49,In Stock
MAT06794,Flax Fiber,Textiles,277.3,52.69,67.0,4.02,21.1,Supplier C,GOTS,2895.87,In Stock
MAT06795,Mycelium Leather,Bags & Luggage,471.23,50.42,75.2,2.44,55.9,Supplier B,EcoCert,386.78,Low Stock
MAT06796,Cork Composite,Food Packaging,435.63,55.71,62.4,11.85,25.2,Supplier A,EcoCert,2609.52,In Stock
MAT06797,Seaweed Polymer,Textiles,278.03,46.67,30.4,11.23,32.7,Supplier C,ISO 14001,2425.26,Pre-Order
MAT06798,Jute,Construction,102.61,25.39,41.9,10.29,96.7,Supplier E,None,3146.53,Pre-Order
MAT06799,Recycled Copper,Accessories,472.47,55.74,69.2,3.9,96.7,Supplier E,Cradle to Cradle,1002.64,In Stock
MAT06800,Wool,Accessories,169.97,52.91,46.1,13.59,16.2,Supplier E,EcoCert,2671.77,Pre-Order
MAT06801,Flax Fiber,Bags & Luggage,288.56,50.87,42.7,8.0,1.2,Supplier C,ISO 14001,3930.05,Low Stock
MAT06802,Natural Rubber,Sports Equipment,249.19,40.93,30.7,14.91,18.3,Supplier A,Cradle to Cradle,958.65,In Stock
MAT06803,Linen,Footwear,236.97,28.51,61.9,1.37,83.5,Supplier A,GOTS,2279.18,Pre-Order
MAT06804,Algae-based Material,Coatings,63.29,14.95,43.3,9.63,44.3,Supplier D,Cradle to Cradle,1020.9,Pre-Order
MAT06805,Recycled Aluminum,Accessories,260.05,93.05,82.4,11.87,11.3,Supplier B,Cradle to Cradle,3512.56,Low Stock
MAT06806,Biodegradable Plastic,Household Items,300.14,59.04,27.8,7.65,56.5,Supplier C,Cradle to Cradle,250.66,Pre-Order
MAT06807,Wool,Toys,116.08,3.03,24.2,3.01,74.4,Supplier D,FSC,4062.02,In Stock
MAT06808,Natural Rubber,Home Decor,248.22,28.95,100.0,0.63,14.9,Supplier A,FSC,698.86,Pre-Order
MAT06809,Mushroom Composite,Flooring,219.02,64.43,79.7,8.55,43.3,Supplier D,ISO 14001,286.35,Pre-Order
MAT06810,Seaweed Polymer,Footwear,49.11,75.61,45.7,14.8,15.9,Supplier D,EcoCert,1172.79,Low Stock
MAT06811,Recycled Copper,Flooring,478.29,64.05,48.0,12.03,72.6,Supplier E,None,2422.77,In Stock
MAT06812,Cellulose,Food Packaging,486.16,35.58,78.4,4.98,36.4,Supplier C,EcoCert,1337.13,In Stock
MAT06813,Corn Plastic,Furniture,30.38,54.43,81.5,7.33,62.2,Supplier B,GOTS,3759.07,Low Stock
MAT06814,Linen,Home Decor,45.05,23.21,73.3,12.65,96.4,Supplier D,GOTS,837.47,Pre-Order
MAT06815,Corn Plastic,Bags & Luggage,424.34,73.48,69.2,2.41,72.7,Supplier A,Cradle to Cradle,2529.84,Pre-Order
MAT06816,Corn Plastic,Electronics,330.13,90.2,58.5,5.1,87.2,Supplier D,None,1968.76,In Stock
MAT06817,Recycled Copper,Construction,456.27,20.76,81.0,8.16,42.2,Supplier D,ISO 14001,3891.04,Low Stock
MAT06818,Algae-based Material,Cosmetics,104.5,98.43,86.7,5.42,10.4,Supplier A,ISO 14001,2127.29,Low Stock
MAT06819,Recycled Metal,Footwear,325.48,32.75,35.0,7.08,64.3,Supplier C,FSC,1009.28,In Stock
MAT06820,Cork Composite,Textiles,468.14,87.58,90.5,9.95,63.0,Supplier D,ISO 14001,2052.59,Low Stock
MAT06821,Mycelium Leather,Footwear,21.33,33.55,66.7,7.57,54.9,Supplier C,FSC,1044.97,In Stock
MAT06822,Cardboard,Coatings,51.31,2.29,57.3,6.81,34.1,Supplier C,FSC,327.02,In Stock
MAT06823,Bio-based Polymer,Electronics,22.5,54.2,52.4,5.53,16.3,Supplier C,FSC,789.33,In Stock
MAT06824,Cellulose,Footwear,88.26,88.68,57.2,12.46,26.2,Supplier C,EcoCert,2245.15,Low Stock
MAT06825,Recycled Paper,Cosmetics,108.57,48.77,43.7,0.79,61.5,Supplier A,ISO 14001,727.08,Pre-Order
MAT06826,Natural Rubber,Insulation,343.06,88.83,45.8,1.44,56.9,Supplier E,GOTS,803.44,Low Stock
MAT06827,Wool,Office Supplies,160.14,10.8,30.1,2.18,88.2,Supplier E,Cradle to Cradle,702.18,Low Stock
MAT06828,Cellulose,Bags & Luggage,460.05,22.19,48.7,2.15,70.2,Supplier D,EcoCert,4006.41,Low Stock
MAT06829,Recycled Metal,Electronics,265.24,59.88,56.6,8.86,61.6,Supplier B,FSC,1165.32,Pre-Order
MAT06830,Mycelium Leather,Flooring,18.08,27.25,52.2,9.56,11.9,Supplier A,Cradle to Cradle,1569.53,Low Stock
MAT06831,Certified Wood,Household Items,231.2,35.43,37.6,1.6,41.8,Supplier E,ISO 14001,2686.71,Low Stock
MAT06832,Recycled PET,Furniture,219.43,31.79,21.1,14.86,73.8,Supplier A,FSC,2397.04,In Stock
MAT06833,Biodegradable Plastic,Furniture,287.45,96.21,62.4,14.1,70.2,Supplier A,None,2001.13,Low Stock
MAT06834,Recycled PET,Office Supplies,175.96,62.63,43.7,14.31,89.5,Supplier E,EcoCert,2391.23,Low Stock
MAT06835,Biodegradable Plastic,Furniture,403.29,17.09,93.3,8.81,2.7,Supplier E,ISO 14001,3603.86,Pre-Order
MAT06836,Cellulose,Footwear,283.19,59.03,52.6,10.84,28.5,Supplier E,Cradle to Cradle,790.16,In Stock
MAT06837,Algae-based Material,Footwear,118.07,17.63,49.3,6.17,78.9,Supplier B,EcoCert,1347.09,Pre-Order
MAT06838,Cardboard,Sports Equipment,426.47,15.12,48.0,12.43,50.7,Supplier C,Cradle to Cradle,1532.18,Low Stock
MAT06839,Cork,Automotive,396.8,61.06,48.5,5.22,44.8,Supplier E,FSC,1412.66,Low Stock
MAT06840,Biodegradable Plastic,Sports Equipment,455.99,69.78,40.2,3.24,57.5,Supplier D,None,286.35,Low Stock
MAT06841,Mycelium Leather,Accessories,72.48,49.01,30.6,11.69,18.6,Supplier B,FSC,3168.94,In Stock
MAT06842,Cork Composite,Construction,125.12,74.72,91.4,0.62,23.0,Supplier B,EcoCert,2694.18,Pre-Order
MAT06843,Algae-based Material,Coatings,365.36,79.75,74.2,14.93,73.7,Supplier C,FSC,287.18,In Stock
MAT06844,Jute,Textiles,24.94,83.83,43.0,13.24,80.9,Supplier E,None,1703.16,Pre-Order
MAT06845,Cardboard,Kitchen Utensils,346.62,46.74,35.1,2.52,54.9,Supplier D,Cradle to Cradle,929.6,In Stock
MAT06846,Linen,Footwear,81.24,44.78,46.8,14.84,85.5,Supplier B,EcoCert,2043.46,Pre-Order
MAT06847,Wool,Electronics,408.56,27.42,75.7,6.24,9.0,Supplier C,FSC,4013.88,Pre-Order
MAT06848,Cork,Insulation,455.11,76.08,71.9,6.82,88.3,Supplier A,EcoCert,2481.7,In Stock
MAT06849,Recycled Aluminum,Insulation,60.94,47.98,45.5,10.68,71.4,Supplier B,Cradle to Cradle,3241.98,In Stock
MAT06850,Biodegradable Plastic,Household Items,465.37,91.77,33.9,3.41,84.6,Supplier E,Cradle to Cradle,3246.13,Low Stock
MAT06851,Sustainable Bamboo,Cosmetics,202.13,60.79,59.3,9.95,24.4,Supplier B,None,2364.67,Pre-Order
MAT06852,Sustainable Bamboo,Accessories,476.05,66.37,97.4,10.01,58.2,Supplier D,None,3374.78,Low Stock
MAT06853,Recycled PET,Cosmetics,217.48,52.42,59.2,9.05,22.2,Supplier A,ISO 14001,2559.72,In Stock
MAT06854,Algae-based Material,Home Decor,480.39,27.88,50.0,7.53,25.9,Supplier A,FSC,2221.91,Pre-Order
MAT06855,Sustainable Bamboo,Kitchen Utensils,57.78,81.79,58.7,9.21,90.9,Supplier D,EcoCert,3337.43,In Stock
MAT06856,Hemp Fiber,Construction,267.7,21.08,91.2,4.1,14.6,Supplier C,Cradle to Cradle,264.77,Low Stock
MAT06857,Recycled Metal,Food Packaging,354.47,46.75,50.9,6.39,91.0,Supplier E,None,1132.12,Low Stock
MAT06858,Seaweed Polymer,Flooring,389.21,18.15,76.3,1.97,52.1,Supplier B,EcoCert,732.06,Low Stock
MAT06859,Linen,Furniture,294.69,94.22,63.0,4.59,13.4,Supplier C,EcoCert,977.74,In Stock
MAT06860,Recycled Aluminum,Furniture,401.35,15.11,80.4,8.98,15.6,Supplier C,GOTS,1049.12,Low Stock
MAT06861,Algae-based Material,Furniture,13.14,12.04,21.5,5.87,30.8,Supplier E,EcoCert,2778.01,Low Stock
MAT06862,Biodegradable Plastic,Cosmetics,301.84,64.05,59.2,13.2,55.1,Supplier C,None,4104.35,Low Stock
MAT06863,Linen,Insulation,499.92,79.16,35.6,5.41,68.8,Supplier A,ISO 14001,3791.44,Low Stock
MAT06864,Organic Cotton,Toys,261.28,41.42,48.1,12.77,17.2,Supplier B,FSC,1374.48,In Stock
MAT06865,Sustainable Bamboo,Household Items,444.29,68.41,83.2,1.17,1.3,Supplier C,Cradle to Cradle,1943.03,Pre-Order
MAT06866,Jute,Office Supplies,380.4,35.56,26.5,3.5,22.8,Supplier C,Cradle to Cradle,1346.26,Low Stock
MAT06867,Corn Plastic,Office Supplies,375.94,23.96,76.5,8.75,40.8,Supplier E,Cradle to Cradle,1152.87,In Stock
MAT06868,Bio-based Polymer,Electronics,421.3,95.92,98.8,7.66,77.4,Supplier C,ISO 14001,2085.79,Low Stock
MAT06869,Bioplastic,Home Decor,458.36,4.02,83.1,13.9,59.8,Supplier A,None,1556.25,Pre-Order
MAT06870,Wool,Textiles,52.56,66.37,54.3,14.57,80.2,Supplier B,Cradle to Cradle,873.16,Pre-Order
MAT06871,Algae-based Material,Textiles,318.81,41.12,40.7,8.46,77.2,Supplier D,Cradle to Cradle,1226.74,Pre-Order
MAT06872,Hemp Fiber,Furniture,282.51,58.73,83.0,1.28,62.5,Supplier D,None,2013.58,In Stock
MAT06873,Wool,Office Supplies,108.86,67.93,28.7,13.75,22.9,Supplier A,FSC,3127.44,Pre-Order
MAT06874,Corn Plastic,Coatings,230.86,97.36,45.1,4.85,7.1,Supplier A,ISO 14001,229.08,Pre-Order
MAT06875,Biodegradable Plastic,Office Supplies,251.9,49.16,90.0,8.4,17.5,Supplier C,Cradle to Cradle,1103.9,Low Stock
MAT06876,Organic Cotton,Textiles,173.77,53.61,42.6,14.37,76.1,Supplier E,GOTS,3227.04,In Stock
MAT06877,Biodegradable Plastic,Flooring,64.46,82.99,48.5,2.55,16.8,Supplier D,Cradle to Cradle,249.0,Pre-Order
MAT06878,Jute,Kitchen Utensils,266.2,70.45,28.1,8.21,76.0,Supplier C,FSC,1684.9,In Stock
MAT06879,Mushroom Composite,Furniture,233.33,21.2,23.7,6.86,62.9,Supplier D,ISO 14001,1367.84,In Stock
MAT06880,Sustainable Bamboo,Food Packaging,240.13,46.33,71.6,4.07,57.8,Supplier C,GOTS,1216.78,In Stock
MAT06881,Bio-based Polymer,Kitchen Utensils,397.5,37.57,85.3,8.75,55.2,Supplier B,ISO 14001,864.86,Pre-Order
MAT06882,Bioplastic,Furniture,172.22,90.32,25.7,0.51,61.8,Supplier C,GOTS,1973.74,Low Stock
MAT06883,Recycled Copper,Office Supplies,254.31,72.1,20.8,7.38,68.4,Supplier A,FSC,1996.98,Pre-Order
MAT06884,Mushroom Composite,Electronics,492.3,46.42,35.3,1.95,99.4,Supplier B,EcoCert,645.74,Low Stock
MAT06885,Sustainable Bamboo,Food Packaging,54.62,53.46,24.3,5.89,34.3,Supplier B,Cradle to Cradle,3879.42,Pre-Order
MAT06886,Biodegradable Plastic,Food Packaging,405.21,33.36,91.4,7.88,40.8,Supplier C,ISO 14001,3298.42,Pre-Order
MAT06887,Linen,Construction,435.79,31.87,28.5,9.18,26.3,Supplier E,ISO 14001,1288.16,Pre-Order
MAT06888,Certified Wood,Kitchen Utensils,293.87,25.62,73.0,1.41,54.2,Supplier D,Cradle to Cradle,2441.86,Pre-Order
MAT06889,Algae-based Material,Home Decor,106.24,61.0,35.2,5.94,69.9,Supplier C,ISO 14001,614.2,Low Stock
MAT06890,Cork Composite,Insulation,206.83,10.82,72.0,13.88,46.3,Supplier E,None,1679.92,Low Stock
MAT06891,Jute,Flooring,239.74,85.98,50.7,10.56,70.2,Supplier E,None,2019.39,Pre-Order
MAT06892,Certified Wood,Office Supplies,271.88,81.0,78.5,8.01,73.9,Supplier D,Cradle to Cradle,2548.93,Low Stock
MAT06893,Recycled Metal,Textiles,469.27,85.56,37.5,10.48,63.1,Supplier E,Cradle to Cradle,2260.09,Pre-Order
MAT06894,Mycelium Leather,Flooring,21.67,6.09,94.2,9.92,50.6,Supplier B,None,3353.2,Pre-Order
MAT06895,Seaweed Polymer,Office Supplies,462.28,13.24,20.4,2.62,88.4,Supplier B,GOTS,1622.65,Pre-Order
MAT06896,Corn Plastic,Bags & Luggage,321.59,77.41,61.9,10.59,22.3,Supplier B,None,700.52,Low Stock
MAT06897,Hemp Fiber,Insulation,98.31,40.25,86.1,6.83,69.4,Supplier B,GOTS,309.59,In Stock
MAT06898,Bioplastic,Cosmetics,438.72,47.67,72.3,2.93,40.3,Supplier E,None,557.76,Pre-Order
MAT06899,Flax Fiber,Food Packaging,308.43,33.27,55.0,1.37,37.6,Supplier B,None,2448.5,In Stock
MAT06900,Hemp Fiber,Construction,370.32,43.69,75.5,3.98,69.6,Supplier A,ISO 14001,2901.68,Pre-Order
MAT06901,Recycled Copper,Kitchen Utensils,114.87,7.9,81.6,0.83,73.2,Supplier B,FSC,3637.06,In Stock
MAT06902,Linen,Accessories,477.71,49.36,73.5,9.58,61.8,Supplier E,EcoCert,3558.21,In Stock
MAT06903,Wool,Toys,128.86,98.65,92.6,0.73,71.2,Supplier B,GOTS,2313.21,Low Stock
MAT06904,Jute,Adhesives,100.74,78.42,50.7,12.06,42.9,Supplier E,None,1192.71,Pre-Order
MAT06905,Recycled Copper,Sports Equipment,489.1,97.2,85.6,9.07,86.8,Supplier B,None,1952.16,Low Stock
MAT06906,Jute,Furniture,113.32,92.74,69.9,3.03,52.8,Supplier A,FSC,4144.19,In Stock
MAT06907,Cellulose,Kitchen Utensils,37.01,77.72,80.2,11.08,41.0,Supplier B,ISO 14001,2652.68,Low Stock
MAT06908,Sustainable Bamboo,Toys,337.96,69.35,39.9,2.13,23.4,Supplier E,ISO 14001,1032.52,Pre-Order
MAT06909,Recycled Aluminum,Household Items,178.22,63.53,73.4,13.54,93.0,Supplier A,None,1565.38,Pre-Order
MAT06910,Natural Rubber,Automotive,128.19,53.47,47.3,8.84,15.1,Supplier D,Cradle to Cradle,249.83,Pre-Order
MAT06911,Sustainable Bamboo,Accessories,79.44,86.84,80.8,7.03,92.7,Supplier A,EcoCert,3125.78,In Stock
MAT06912,Hemp Fiber,Textiles,127.51,92.96,45.0,13.76,60.4,Supplier C,None,2964.76,In Stock
MAT06913,Hemp Fiber,Adhesives,447.55,56.49,87.1,14.06,69.2,Supplier D,GOTS,3405.49,In Stock
MAT06914,Corn Plastic,Coatings,16.4,18.27,62.2,7.83,65.2,Supplier B,None,2290.8,Low Stock
MAT06915,Recycled Glass,Bags & Luggage,304.37,80.98,39.7,12.85,5.2,Supplier D,EcoCert,394.25,Pre-Order
MAT06916,Sustainable Bamboo,Furniture,149.17,56.34,23.2,9.6,2.8,Supplier A,FSC,1547.95,In Stock
MAT06917,Wool,Kitchen Utensils,422.37,47.72,99.8,7.53,21.2,Supplier D,EcoCert,3548.25,Pre-Order
MAT06918,Flax Fiber,Toys,253.12,48.66,90.1,13.86,64.0,Supplier D,EcoCert,2349.73,Pre-Order
MAT06919,Flax Fiber,Kitchen Utensils,356.68,98.66,36.7,11.07,64.7,Supplier E,ISO 14001,664.83,Pre-Order
MAT06920,Cork Composite,Flooring,310.62,88.4,28.7,13.86,60.5,Supplier B,None,703.01,Low Stock
MAT06921,Recycled Aluminum,Adhesives,373.93,25.19,77.2,2.44,63.5,Supplier D,Cradle to Cradle,282.2,Pre-Order
MAT06922,Biodegradable Plastic,Toys,119.86,36.48,86.1,6.24,31.7,Supplier B,EcoCert,1713.95,Pre-Order
MAT06923,Flax Fiber,Insulation,466.34,38.05,72.0,13.96,79.9,Supplier A,ISO 14001,1748.81,Low Stock
MAT06924,Cellulose,Sports Equipment,470.21,93.25,86.1,5.32,0.2,Supplier E,None,257.3,Pre-Order
MAT06925,Natural Rubber,Electronics,32.77,80.59,64.6,7.31,39.5,Supplier B,Cradle to Cradle,3639.55,In Stock
MAT06926,Jute,Toys,181.99,13.86,20.8,8.82,92.2,Supplier C,GOTS,4143.36,In Stock
MAT06927,Certified Wood,Kitchen Utensils,368.27,24.26,59.7,3.18,79.5,Supplier B,None,4121.78,Low Stock
MAT06928,Algae-based Material,Adhesives,57.0,85.91,76.6,9.41,88.2,Supplier D,GOTS,3170.6,In Stock
MAT06929,Recycled Aluminum,Insulation,155.26,68.45,49.9,3.56,74.4,Supplier A,FSC,3299.25,In Stock
MAT06930,Cellulose,Insulation,334.2,51.63,92.1,10.23,95.9,Supplier E,GOTS,2092.43,In Stock
MAT06931,Flax Fiber,Kitchen Utensils,71.93,76.75,75.3,5.67,51.9,Supplier E,ISO 14001,713.8,Pre-Order
MAT06932,Wool,Flooring,88.72,22.26,45.0,14.89,87.2,Supplier B,GOTS,317.89,In Stock
MAT06933,Recycled Paper,Electronics,330.07,77.77,66.0,10.52,51.7,Supplier B,None,287.18,Low Stock
MAT06934,Recycled Aluminum,Insulation,32.24,48.35,33.9,5.08,26.1,Supplier A,EcoCert,2138.91,Pre-Order
MAT06935,Recycled PET,Flooring,376.79,65.38,80.3,1.53,6.7,Supplier B,ISO 14001,634.95,Low Stock
MAT06936,Mushroom Composite,Insulation,334.53,82.37,77.5,10.26,62.7,Supplier B,Cradle to Cradle,1897.38,Low Stock
MAT06937,Linen,Coatings,258.92,27.59,91.0,2.82,23.6,Supplier B,EcoCert,3834.6,Low Stock
MAT06938,Recycled Glass,Footwear,205.88,10.03,65.4,11.49,31.7,Supplier C,None,2532.33,Low Stock
MAT06939,Corn Plastic,Cosmetics,343.43,82.51,55.3,0.65,61.6,Supplier C,None,1186.07,Pre-Order
MAT06940,Sustainable Bamboo,Home Decor,466.86,39.23,29.7,5.36,7.2,Supplier E,FSC,2815.36,In Stock
MAT06941,Corn Plastic,Accessories,84.05,83.96,62.1,10.65,80.3,Supplier C,EcoCert,3384.74,In Stock
MAT06942,Certified Wood,Office Supplies,419.21,2.11,24.7,7.56,43.2,Supplier D,EcoCert,2023.54,Pre-Order
MAT06943,Certified Wood,Cosmetics,216.25,94.38,99.7,13.35,5.7,Supplier C,ISO 14001,3508.41,In Stock
MAT06944,Natural Rubber,Insulation,384.65,74.65,77.1,14.37,34.7,Supplier B,EcoCert,3046.93,In Stock
MAT06945,Cardboard,Construction,314.81,79.53,91.5,9.51,7.5,Supplier D,GOTS,3530.82,Pre-Order
MAT06946,Cardboard,Automotive,338.66,52.95,39.7,2.75,79.6,Supplier C,None,1447.52,Pre-Order
MAT06947,Certified Wood,Coatings,63.19,96.51,37.5,13.77,35.2,Supplier B,FSC,2470.91,Low Stock
MAT06948,Certified Wood,Insulation,101.64,97.34,63.9,1.78,48.9,Supplier C,Cradle to Cradle,1748.81,Pre-Order
MAT06949,Recycled PET,Home Decor,221.87,88.77,69.1,11.4,75.0,Supplier B,GOTS,2669.28,Pre-Order
MAT06950,Seaweed Polymer,Toys,209.19,4.17,30.9,7.3,57.1,Supplier A,FSC,1586.13,In Stock
MAT06951,Natural Rubber,Household Items,214.95,42.9,72.4,14.35,10.4,Supplier A,Cradle to Cradle,2897.53,In Stock
MAT06952,Bioplastic,Footwear,412.32,59.42,94.8,7.24,95.1,Supplier B,GOTS,3305.89,Low Stock
MAT06953,Natural Rubber,Kitchen Utensils,201.0,59.14,62.7,13.72,31.3,Supplier C,EcoCert,582.66,Pre-Order
MAT06954,Hemp Fiber,Furniture,361.61,40.35,91.1,3.54,56.6,Supplier A,ISO 14001,3598.05,Low Stock
MAT06955,Mycelium Leather,Kitchen Utensils,65.51,95.37,79.2,8.82,45.8,Supplier A,EcoCert,2788.8,Low Stock
MAT06956,Cellulose,Household Items,170.87,37.02,75.7,6.19,26.3,Supplier D,Cradle to Cradle,3658.64,Low Stock
MAT06957,Sustainable Bamboo,Flooring,147.93,83.11,31.4,6.02,82.2,Supplier B,GOTS,1463.29,In Stock
MAT06958,Bioplastic,Accessories,422.91,14.35,57.0,9.01,48.6,Supplier A,GOTS,2938.2,Low Stock
MAT06959,Bio-based Polymer,Textiles,259.94,28.62,85.2,13.3,22.1,Supplier A,Cradle to Cradle,2785.48,Pre-Order
MAT06960,Sustainable Bamboo,Toys,490.8,26.51,65.2,9.77,61.0,Supplier B,FSC,1541.31,Low Stock
MAT06961,Flax Fiber,Adhesives,399.66,52.21,20.9,5.05,26.4,Supplier A,None,2123.97,Low Stock
MAT06962,Corn Plastic,Insulation,269.31,96.25,84.2,0.57,14.1,Supplier B,ISO 14001,2407.83,Low Stock
MAT06963,Recycled Copper,Sports Equipment,327.27,24.02,51.3,4.26,77.2,Supplier B,EcoCert,1968.76,In Stock
MAT06964,Recycled PET,Cosmetics,463.83,16.77,83.4,8.47,92.6,Supplier D,FSC,3463.59,In Stock
MAT06965,Biodegradable Plastic,Adhesives,208.91,55.06,92.6,5.92,99.5,Supplier D,None,351.09,Low Stock
MAT06966,Algae-based Material,Flooring,364.07,84.62,96.9,13.42,41.5,Supplier A,GOTS,2188.71,In Stock
MAT06967,Bio-based Polymer,Flooring,54.92,99.92,58.8,2.14,45.5,Supplier B,None,2013.58,Low Stock
MAT06968,Algae-based Material,Coatings,488.5,76.88,35.1,8.4,55.8,Supplier B,Cradle to Cradle,803.44,Low Stock
MAT06969,Mushroom Composite,Cosmetics,143.68,69.66,46.2,1.33,33.2,Supplier E,None,198.37,Low Stock
MAT06970,Cork,Textiles,219.53,30.48,23.8,9.36,63.3,Supplier E,Cradle to Cradle,2357.2,Low Stock
MAT06971,Cork,Household Items,27.59,64.87,70.0,3.64,53.8,Supplier D,EcoCert,1346.26,Pre-Order
MAT06972,Wool,Adhesives,125.24,14.72,99.5,1.45,90.9,Supplier A,EcoCert,512.94,In Stock
MAT06973,Recycled Metal,Insulation,68.67,27.52,37.2,4.22,69.8,Supplier E,FSC,1988.68,In Stock
MAT06974,Linen,Toys,391.56,23.92,61.1,12.83,34.1,Supplier E,Cradle to Cradle,2481.7,Low Stock
MAT06975,Cellulose,Flooring,56.23,50.84,84.2,2.54,23.2,Supplier A,EcoCert,2915.79,Low Stock
MAT06976,Seaweed Polymer,Kitchen Utensils,390.66,40.35,42.5,5.07,52.1,Supplier B,FSC,3586.43,Low Stock
MAT06977,Linen,Office Supplies,130.65,52.05,92.0,11.59,90.5,Supplier D,ISO 14001,825.02,Low Stock
MAT06978,Wool,Adhesives,453.83,50.41,58.9,0.98,81.4,Supplier E,EcoCert,4061.19,Low Stock
MAT06979,Recycled Paper,Toys,417.08,4.86,31.2,6.77,8.9,Supplier C,Cradle to Cradle,379.31,In Stock
MAT06980,Linen,Accessories,79.32,2.89,90.9,5.49,29.9,Supplier A,GOTS,449.86,Pre-Order
MAT06981,Recycled Aluminum,Cosmetics,369.59,64.35,62.9,9.97,41.5,Supplier A,None,1944.69,Pre-Order
MAT06982,Mycelium Leather,Textiles,419.67,65.83,89.8,12.31,95.8,Supplier C,None,2734.02,In Stock
MAT06983,Organic Cotton,Insulation,172.26,94.12,60.3,12.69,0.6,Supplier A,GOTS,2753.11,Pre-Order
MAT06984,Cork Composite,Automotive,59.74,70.49,71.5,0.69,93.6,Supplier C,EcoCert,444.05,In Stock
MAT06985,Recycled Paper,Textiles,279.19,81.46,43.8,3.86,73.4,Supplier B,ISO 14001,2535.65,Pre-Order
MAT06986,Mushroom Composite,Food Packaging,210.82,47.61,58.6,3.23,4.8,Supplier C,EcoCert,1824.34,Low Stock
MAT06987,Certified Wood,Sports Equipment,105.19,68.62,86.7,4.68,0.7,Supplier D,ISO 14001,1597.75,Low Stock
MAT06988,Natural Rubber,Sports Equipment,258.23,75.51,40.9,0.62,60.1,Supplier C,None,4032.97,In Stock
MAT06989,Organic Cotton,Toys,354.6,19.01,87.7,6.83,92.9,Supplier B,None,2470.08,Pre-Order
MAT06990,Recycled Glass,Sports Equipment,245.51,54.4,41.8,1.58,44.0,Supplier C,FSC,725.42,In Stock
MAT06991,Wool,Toys,203.24,67.42,72.9,6.07,84.8,Supplier A,ISO 14001,1170.3,In Stock
MAT06992,Cellulose,Flooring,362.73,71.71,57.1,10.2,64.7,Supplier E,EcoCert,3793.93,Pre-Order
MAT06993,Certified Wood,Furniture,178.76,38.2,55.5,1.77,27.4,Supplier A,EcoCert,3890.21,Low Stock
MAT06994,Wool,Kitchen Utensils,197.48,70.36,90.3,11.62,34.7,Supplier C,Cradle to Cradle,859.88,In Stock
MAT06995,Algae-based Material,Food Packaging,101.88,64.09,82.8,8.15,7.0,Supplier C,None,2670.94,In Stock
MAT06996,Recycled PET,Textiles,39.48,29.37,90.8,9.82,18.7,Supplier D,None,405.04,In Stock
MAT06997,Biodegradable Plastic,Toys,164.54,46.51,82.0,7.08,77.7,Supplier B,ISO 14001,3952.46,Low Stock
MAT06998,Mushroom Composite,Electronics,212.24,49.89,86.2,12.84,7.0,Supplier B,ISO 14001,2469.25,Pre-Order
MAT06999,Cellulose,Cosmetics,205.42,69.28,99.2,12.18,43.1,Supplier C,FSC,3969.06,Low Stock
MAT07000,Hemp Fiber,Furniture,224.16,55.16,66.9,14.63,31.7,Supplier D,GOTS,3737.49,Low Stock
MAT07001,Bio-based Polymer,Toys,80.91,49.75,64.2,10.03,50.4,Supplier A,None,3762.39,Low Stock
MAT07002,Recycled PET,Office Supplies,100.6,78.88,39.0,1.03,39.3,Supplier A,EcoCert,3202.97,Low Stock
MAT07003,Jute,Cosmetics,283.02,46.76,58.7,13.24,40.7,Supplier A,EcoCert,3215.42,In Stock
MAT07004,Mycelium Leather,Sports Equipment,35.46,88.51,73.9,8.89,15.1,Supplier B,Cradle to Cradle,2798.76,In Stock
MAT07005,Cork Composite,Construction,82.09,3.92,79.0,2.93,44.8,Supplier A,ISO 14001,3377.27,In Stock
MAT07006,Cork Composite,Footwear,248.03,75.0,23.4,8.69,49.0,Supplier D,Cradle to Cradle,1139.59,Low Stock
MAT07007,Certified Wood,Cosmetics,315.61,38.06,55.5,6.12,45.7,Supplier E,None,266.43,In Stock
MAT07008,Cardboard,Footwear,314.2,59.95,43.8,14.12,23.7,Supplier C,ISO 14001,3967.4,Low Stock
MAT07009,Hemp Fiber,Electronics,279.71,62.89,37.0,5.95,99.2,Supplier A,GOTS,4027.99,Low Stock
MAT07010,Corn Plastic,Kitchen Utensils,460.02,35.69,26.6,9.72,67.7,Supplier B,Cradle to Cradle,2222.74,In Stock
MAT07011,Hemp Fiber,Automotive,373.24,17.8,77.8,9.38,23.7,Supplier B,Cradle to Cradle,321.21,Low Stock
MAT07012,Certified Wood,Home Decor,230.03,40.11,82.1,13.85,24.7,Supplier A,EcoCert,3590.58,In Stock
MAT07013,Recycled Aluminum,Construction,253.43,98.76,82.9,4.47,52.1,Supplier D,GOTS,791.82,Pre-Order
MAT07014,Recycled Glass,Toys,305.76,85.11,57.1,13.32,5.2,Supplier B,GOTS,4008.07,Pre-Order
MAT07015,Linen,Toys,183.96,32.15,86.8,9.65,20.6,Supplier A,EcoCert,2056.74,In Stock
MAT07016,Natural Rubber,Textiles,434.96,4.04,64.2,13.69,41.6,Supplier A,Cradle to Cradle,376.82,In Stock
MAT07017,Cork,Toys,203.76,22.48,33.0,2.71,96.8,Supplier C,GOTS,1870.82,In Stock
MAT07018,Seaweed Polymer,Insulation,136.86,34.98,33.0,9.68,64.5,Supplier C,None,698.03,Low Stock
MAT07019,Certified Wood,Furniture,398.01,83.79,64.4,9.64,58.3,Supplier A,ISO 14001,3126.61,Low Stock
MAT07020,Mushroom Composite,Construction,498.02,61.58,35.9,7.51,99.1,Supplier C,None,3335.77,Pre-Order
MAT07021,Recycled Copper,Coatings,196.76,41.63,73.3,0.62,41.7,Supplier A,Cradle to Cradle,646.57,Low Stock
MAT07022,Natural Rubber,Flooring,468.0,40.48,27.6,5.52,91.4,Supplier C,GOTS,1113.86,Pre-Order
MAT07023,Organic Cotton,Insulation,341.98,67.7,74.8,11.38,41.6,Supplier C,Cradle to Cradle,2773.03,Pre-Order
MAT07024,Cork Composite,Kitchen Utensils,245.23,79.93,71.2,3.22,43.6,Supplier C,None,326.19,Pre-Order
MAT07025,Cork,Insulation,26.86,3.41,78.7,14.65,72.1,Supplier B,Cradle to Cradle,2567.19,Pre-Order
MAT07026,Recycled Metal,Accessories,216.73,70.48,29.1,9.25,62.0,Supplier E,Cradle to Cradle,3716.74,In Stock
MAT07027,Corn Plastic,Cosmetics,292.47,81.28,35.8,0.6,66.0,Supplier A,Cradle to Cradle,2610.35,Low Stock
MAT07028,Sustainable Bamboo,Sports Equipment,276.35,4.09,86.0,3.17,32.7,Supplier A,ISO 14001,1482.38,Pre-Order
MAT07029,Cork,Bags & Luggage,259.21,87.76,58.8,1.35,18.6,Supplier C,GOTS,375.99,Pre-Order
MAT07030,Certified Wood,Electronics,329.8,11.75,63.5,14.17,57.9,Supplier A,None,3781.48,Low Stock
MAT07031,Bio-based Polymer,Adhesives,306.8,27.09,38.0,5.65,66.4,Supplier B,None,3671.09,In Stock
MAT07032,Mycelium Leather,Coatings,93.85,77.61,33.9,11.85,92.3,Supplier B,ISO 14001,2863.5,In Stock
MAT07033,Natural Rubber,Flooring,332.23,91.41,39.7,0.74,40.0,Supplier B,FSC,456.5,Low Stock
MAT07034,Jute,Adhesives,17.19,26.27,71.9,10.62,94.8,Supplier D,None,1215.95,In Stock
MAT07035,Biodegradable Plastic,Coatings,320.11,51.84,29.7,0.94,74.2,Supplier E,ISO 14001,3788.95,Pre-Order
MAT07036,Corn Plastic,Insulation,249.13,82.67,58.4,4.92,20.6,Supplier C,None,3860.33,Pre-Order
MAT07037,Cork,Accessories,181.82,77.85,61.0,3.68,3.9,Supplier A,EcoCert,444.05,Pre-Order
MAT07038,Recycled Paper,Furniture,106.92,98.35,89.4,3.47,21.3,Supplier C,ISO 14001,2976.38,Low Stock
MAT07039,Biodegradable Plastic,Bags & Luggage,39.48,25.09,77.7,5.92,89.8,Supplier A,Cradle to Cradle,3300.91,In Stock
MAT07040,Seaweed Polymer,Kitchen Utensils,282.62,89.94,43.0,13.08,68.0,Supplier B,Cradle to Cradle,1962.95,In Stock
MAT07041,Certified Wood,Accessories,16.28,27.47,72.0,12.2,78.4,Supplier D,FSC,180.94,In Stock
MAT07042,Recycled Metal,Office Supplies,445.63,61.28,95.4,7.03,63.7,Supplier B,FSC,2014.41,Pre-Order
MAT07043,Recycled Glass,Electronics,17.97,71.87,46.4,12.78,7.0,Supplier E,FSC,3269.37,Pre-Order
MAT07044,Cellulose,Household Items,492.08,57.9,83.2,6.49,41.8,Supplier E,EcoCert,3567.34,Low Stock
MAT07045,Cellulose,Office Supplies,144.57,74.29,68.5,10.28,52.4,Supplier D,ISO 14001,530.37,In Stock
MAT07046,Recycled Paper,Accessories,88.86,59.73,82.8,4.73,17.4,Supplier B,EcoCert,830.0,Low Stock
MAT07047,Recycled Copper,Furniture,116.61,10.24,39.4,12.51,76.5,Supplier A,GOTS,3687.69,Pre-Order
MAT07048,Bio-based Polymer,Coatings,172.12,1.14,22.3,2.37,19.9,Supplier C,EcoCert,172.64,Low Stock
MAT07049,Cellulose,Automotive,22.93,3.37,56.2,2.72,2.0,Supplier C,GOTS,2934.88,Low Stock
MAT07050,Bioplastic,Furniture,51.07,98.76,20.6,10.74,22.3,Supplier A,GOTS,2706.63,In Stock
MAT07051,Mushroom Composite,Kitchen Utensils,147.93,23.87,88.1,0.6,22.8,Supplier D,FSC,1568.7,Low Stock
MAT07052,Jute,Accessories,17.02,73.84,99.1,7.61,76.4,Supplier B,GOTS,3871.95,In Stock
MAT07053,Recycled PET,Accessories,307.54,90.49,58.9,11.67,54.9,Supplier E,ISO 14001,519.58,Low Stock
MAT07054,Recycled Metal,Electronics,123.19,50.39,82.0,9.43,31.0,Supplier B,ISO 14001,3334.11,Low Stock
MAT07055,Biodegradable Plastic,Textiles,124.95,53.28,57.7,8.63,16.2,Supplier B,None,2605.37,In Stock
MAT07056,Recycled Copper,Toys,60.62,92.81,40.4,14.44,18.7,Supplier A,EcoCert,3696.82,Pre-Order
MAT07057,Cellulose,Insulation,383.98,85.91,60.5,6.47,22.2,Supplier E,GOTS,198.37,In Stock
MAT07058,Sustainable Bamboo,Construction,382.09,5.84,42.9,1.81,26.7,Supplier C,None,2373.8,In Stock
MAT07059,Certified Wood,Home Decor,288.04,41.12,63.2,7.42,3.2,Supplier B,ISO 14001,3631.25,Pre-Order
MAT07060,Recycled PET,Electronics,127.09,37.34,23.3,10.17,78.2,Supplier E,GOTS,2359.69,In Stock
MAT07061,Seaweed Polymer,Accessories,337.06,36.91,41.2,2.46,80.1,Supplier E,None,1806.91,In Stock
MAT07062,Jute,Insulation,44.02,34.91,51.2,10.43,97.1,Supplier B,GOTS,3594.73,Pre-Order
MAT07063,Recycled Glass,Sports Equipment,387.6,95.68,46.7,6.47,36.5,Supplier D,FSC,2122.31,In Stock
MAT07064,Natural Rubber,Home Decor,426.89,97.62,30.6,4.57,68.9,Supplier E,None,1347.09,In Stock
MAT07065,Recycled PET,Food Packaging,445.48,58.33,41.2,13.21,27.8,Supplier B,GOTS,558.59,In Stock
MAT07066,Linen,Food Packaging,215.3,50.54,95.5,7.73,68.1,Supplier D,GOTS,1848.41,In Stock
MAT07067,Bioplastic,Cosmetics,344.97,39.18,32.3,7.86,91.7,Supplier D,ISO 14001,383.46,In Stock
MAT07068,Biodegradable Plastic,Sports Equipment,471.83,51.36,91.3,2.6,19.4,Supplier E,Cradle to Cradle,3938.35,Pre-Order
MAT07069,Bioplastic,Flooring,469.13,7.13,63.4,14.06,96.9,Supplier C,EcoCert,1299.78,Pre-Order
MAT07070,Bioplastic,Footwear,199.83,93.94,46.3,1.57,6.8,Supplier B,FSC,1270.73,Pre-Order
MAT07071,Jute,Food Packaging,218.0,62.39,40.0,8.57,78.4,Supplier B,None,643.25,Pre-Order
MAT07072,Natural Rubber,Construction,346.9,56.28,54.4,8.0,14.4,Supplier E,Cradle to Cradle,3347.39,Low Stock
MAT07073,Natural Rubber,Sports Equipment,362.52,41.78,49.7,4.72,88.9,Supplier D,EcoCert,1748.81,Low Stock
MAT07074,Corn Plastic,Flooring,181.31,59.38,55.6,2.09,81.4,Supplier E,EcoCert,487.21,Low Stock
MAT07075,Flax Fiber,Construction,148.3,52.35,29.1,11.11,1.8,Supplier B,Cradle to Cradle,1893.23,Pre-Order
MAT07076,Algae-based Material,Toys,138.24,45.04,76.7,11.63,44.3,Supplier D,None,1009.28,Pre-Order
MAT07077,Organic Cotton,Accessories,214.3,34.34,72.6,9.42,39.9,Supplier D,FSC,354.41,In Stock
MAT07078,Flax Fiber,Automotive,474.27,54.32,96.0,10.84,48.2,Supplier E,GOTS,2672.6,Pre-Order
MAT07079,Bioplastic,Sports Equipment,98.99,84.6,27.1,4.07,78.1,Supplier E,None,1280.69,In Stock
MAT07080,Recycled Copper,Construction,127.67,82.06,42.8,10.41,27.0,Supplier C,EcoCert,492.19,In Stock
MAT07081,Natural Rubber,Household Items,479.2,34.84,82.3,12.15,25.1,Supplier E,FSC,1385.27,Low Stock
MAT07082,Recycled Paper,Food Packaging,268.33,72.96,95.8,9.26,76.6,Supplier A,GOTS,671.47,In Stock
MAT07083,Recycled Paper,Furniture,133.08,77.81,48.8,4.9,100.0,Supplier B,None,3277.67,Pre-Order
MAT07084,Cork,Footwear,294.13,16.08,39.8,12.56,97.2,Supplier D,ISO 14001,4058.7,Low Stock
MAT07085,Biodegradable Plastic,Toys,246.37,73.01,25.9,9.21,47.9,Supplier B,Cradle to Cradle,1327.17,Pre-Order
MAT07086,Organic Cotton,Kitchen Utensils,443.17,64.67,38.8,13.12,31.2,Supplier C,ISO 14001,892.25,Low Stock
MAT07087,Cellulose,Toys,297.75,71.71,81.6,11.56,74.8,Supplier A,Cradle to Cradle,3984.83,In Stock
MAT07088,Recycled Paper,Home Decor,89.68,32.11,69.7,0.69,2.4,Supplier D,ISO 14001,800.95,Low Stock
MAT07089,Bio-based Polymer,Food Packaging,285.89,54.26,92.5,2.77,77.5,Supplier E,GOTS,2727.38,In Stock
MAT07090,Sustainable Bamboo,Home Decor,93.32,10.16,83.5,12.32,61.8,Supplier D,EcoCert,2117.33,Low Stock
MAT07091,Recycled Copper,Automotive,179.06,65.59,52.2,12.76,36.8,Supplier E,EcoCert,1125.48,Low Stock
MAT07092,Mycelium Leather,Office Supplies,321.41,34.47,21.4,11.51,37.6,Supplier D,FSC,1708.14,Pre-Order
MAT07093,Certified Wood,Accessories,199.22,82.02,70.5,10.97,82.0,Supplier E,None,2575.49,In Stock
MAT07094,Mushroom Composite,Kitchen Utensils,482.6,81.23,25.9,10.58,91.5,Supplier C,GOTS,1802.76,In Stock
MAT07095,Organic Cotton,Accessories,129.38,12.64,75.6,10.46,48.9,Supplier C,GOTS,373.5,Low Stock
MAT07096,Cardboard,Flooring,396.75,21.28,84.1,11.31,56.7,Supplier E,Cradle to Cradle,244.02,Pre-Order
MAT07097,Flax Fiber,Cosmetics,18.87,4.96,36.8,12.52,58.8,Supplier A,EcoCert,626.65,Low Stock
MAT07098,Flax Fiber,Electronics,88.81,46.82,55.1,11.82,25.7,Supplier E,FSC,3539.95,In Stock
MAT07099,Flax Fiber,Bags & Luggage,245.78,43.14,77.2,1.76,96.2,Supplier B,Cradle to Cradle,1692.37,In Stock
MAT07100,Recycled Paper,Home Decor,149.26,56.24,37.2,14.84,28.1,Supplier E,None,3419.6,Low Stock
MAT07101,Organic Cotton,Toys,160.54,30.39,96.9,4.03,76.2,Supplier B,GOTS,3873.61,Pre-Order
MAT07102,Cellulose,Automotive,362.19,77.8,48.1,2.6,22.8,Supplier E,ISO 14001,985.21,Low Stock
MAT07103,Cork Composite,Textiles,252.7,62.15,61.0,1.15,85.1,Supplier A,ISO 14001,997.66,In Stock
MAT07104,Linen,Furniture,62.74,32.19,67.7,11.19,76.7,Supplier D,ISO 14001,277.22,Low Stock
MAT07105,Biodegradable Plastic,Household Items,262.18,51.1,29.0,10.07,59.6,Supplier B,FSC,2083.3,Pre-Order
MAT07106,Recycled Metal,Textiles,37.87,18.99,23.7,2.06,27.9,Supplier E,FSC,3039.46,In Stock
MAT07107,Wool,Office Supplies,281.84,88.16,65.9,13.6,97.7,Supplier C,Cradle to Cradle,3512.56,Pre-Order
MAT07108,Cork,Coatings,265.25,64.47,73.7,13.8,25.7,Supplier A,None,1723.08,Low Stock
MAT07109,Cellulose,Textiles,16.85,43.31,37.7,3.89,72.7,Supplier B,None,3830.45,In Stock
MAT07110,Algae-based Material,Automotive,99.53,38.03,56.7,5.22,49.7,Supplier A,GOTS,707.16,Pre-Order
MAT07111,Recycled Metal,Bags & Luggage,23.79,7.4,63.5,13.75,83.8,Supplier A,Cradle to Cradle,1936.39,Pre-Order
MAT07112,Linen,Home Decor,434.09,82.92,55.3,6.39,94.3,Supplier D,EcoCert,3236.17,Pre-Order
MAT07113,Cardboard,Textiles,102.95,1.98,70.1,12.35,50.3,Supplier B,ISO 14001,2568.02,In Stock
MAT07114,Linen,Sports Equipment,114.23,62.11,54.2,8.67,99.6,Supplier C,EcoCert,1575.34,Pre-Order
MAT07115,Cork Composite,Accessories,206.35,85.64,71.1,6.76,6.6,Supplier D,GOTS,2958.95,In Stock
MAT07116,Biodegradable Plastic,Furniture,266.75,81.37,90.5,9.9,25.7,Supplier E,ISO 14001,3652.0,In Stock
MAT07117,Certified Wood,Furniture,44.36,96.44,20.5,11.41,69.4,Supplier B,GOTS,1002.64,Pre-Order
MAT07118,Algae-based Material,Bags & Luggage,329.8,55.92,82.9,5.29,39.8,Supplier A,None,1263.26,Low Stock
MAT07119,Mushroom Composite,Footwear,117.09,95.93,83.9,6.15,9.8,Supplier B,FSC,2244.32,Low Stock
MAT07120,Cardboard,Adhesives,260.63,12.64,76.0,9.15,69.6,Supplier C,FSC,3171.43,Low Stock
MAT07121,Wool,Sports Equipment,382.63,59.73,80.5,6.7,26.0,Supplier C,EcoCert,3018.71,Pre-Order
MAT07122,Biodegradable Plastic,Household Items,373.1,68.39,76.8,1.5,93.1,Supplier C,None,3836.26,Pre-Order
MAT07123,Recycled Aluminum,Flooring,49.05,74.85,78.2,3.92,18.6,Supplier C,GOTS,3415.45,Low Stock
MAT07124,Flax Fiber,Footwear,415.13,31.89,34.6,9.07,63.0,Supplier B,EcoCert,794.31,Low Stock
MAT07125,Cork Composite,Adhesives,173.57,58.84,76.9,13.18,72.6,Supplier E,FSC,3636.23,In Stock
MAT07126,Recycled Paper,Sports Equipment,85.55,38.8,83.4,2.47,68.3,Supplier D,FSC,323.7,Low Stock
MAT07127,Bioplastic,Food Packaging,47.43,19.15,85.4,5.61,89.7,Supplier C,GOTS,256.47,In Stock
MAT07128,Seaweed Polymer,Household Items,259.78,15.71,80.4,12.03,1.8,Supplier E,GOTS,3674.41,Pre-Order
MAT07129,Mushroom Composite,Insulation,188.58,91.59,46.1,6.93,59.4,Supplier D,GOTS,1043.31,In Stock
MAT07130,Cellulose,Office Supplies,13.67,36.53,23.6,14.76,39.3,Supplier C,EcoCert,3197.16,Pre-Order
MAT07131,Organic Cotton,Household Items,381.93,96.15,86.4,12.72,31.7,Supplier C,EcoCert,3311.7,Low Stock
MAT07132,Jute,Coatings,421.82,47.03,32.9,0.71,6.2,Supplier D,EcoCert,1900.7,Pre-Order
MAT07133,Corn Plastic,Flooring,303.97,21.14,35.5,3.69,81.8,Supplier B,Cradle to Cradle,549.46,Low Stock
MAT07134,Cork,Toys,148.64,54.69,91.9,2.28,30.1,Supplier E,EcoCert,2342.26,In Stock
MAT07135,Certified Wood,Construction,291.48,54.73,42.7,1.23,2.3,Supplier B,GOTS,3552.4,Low Stock
MAT07136,Mushroom Composite,Toys,260.15,33.08,57.1,14.66,98.5,Supplier B,ISO 14001,254.81,In Stock
MAT07137,Recycled PET,Accessories,466.17,35.27,23.4,11.83,64.0,Supplier C,ISO 14001,966.95,In Stock
MAT07138,Jute,Household Items,486.46,83.88,74.8,8.37,36.1,Supplier D,ISO 14001,408.36,Pre-Order
MAT07139,Recycled Copper,Accessories,107.01,7.84,62.9,5.62,92.1,Supplier B,None,449.03,Pre-Order
MAT07140,Recycled Copper,Cosmetics,408.54,29.6,45.8,8.3,10.5,Supplier B,FSC,3387.23,In Stock
MAT07141,Biodegradable Plastic,Office Supplies,467.75,7.64,33.6,5.09,3.0,Supplier A,Cradle to Cradle,2554.74,Low Stock
MAT07142,Bioplastic,Flooring,358.99,56.85,21.7,14.48,46.6,Supplier A,Cradle to Cradle,2958.95,In Stock
MAT07143,Recycled Metal,Bags & Luggage,408.96,91.79,26.1,7.05,49.3,Supplier D,None,2601.22,Low Stock
MAT07144,Seaweed Polymer,Insulation,326.04,4.69,68.0,3.08,84.7,Supplier B,Cradle to Cradle,3295.93,In Stock
MAT07145,Flax Fiber,Footwear,324.22,49.0,57.1,11.03,63.0,Supplier A,None,1836.79,Low Stock
MAT07146,Cardboard,Coatings,196.28,32.8,57.8,8.88,78.9,Supplier E,FSC,3590.58,In Stock
MAT07147,Recycled Copper,Textiles,88.21,84.75,67.4,13.01,13.9,Supplier E,None,3417.94,Pre-Order
MAT07148,Algae-based Material,Toys,397.4,11.88,96.2,10.41,68.4,Supplier A,Cradle to Cradle,1235.87,Pre-Order
MAT07149,Jute,Cosmetics,115.43,2.44,40.9,12.47,66.9,Supplier E,GOTS,2578.81,In Stock
MAT07150,Organic Cotton,Bags & Luggage,359.74,80.24,31.1,14.53,45.5,Supplier E,FSC,1326.34,Pre-Order
MAT07151,Flax Fiber,Textiles,429.95,11.02,79.2,5.61,31.5,Supplier E,ISO 14001,1285.67,Low Stock
MAT07152,Recycled Metal,Food Packaging,293.26,32.31,30.5,11.43,61.3,Supplier D,ISO 14001,2159.66,Low Stock
MAT07153,Bio-based Polymer,Home Decor,39.76,86.21,67.6,3.26,99.5,Supplier A,FSC,3003.77,In Stock
MAT07154,Seaweed Polymer,Sports Equipment,387.51,19.38,31.4,5.16,78.6,Supplier C,GOTS,4057.04,In Stock
MAT07155,Algae-based Material,Textiles,111.23,57.72,61.2,12.43,44.7,Supplier B,FSC,1435.9,In Stock
MAT07156,Linen,Office Supplies,52.05,4.2,64.0,2.14,52.4,Supplier C,ISO 14001,855.73,Pre-Order
MAT07157,Recycled Metal,Home Decor,398.62,32.59,39.4,13.26,75.6,Supplier D,FSC,2503.28,Pre-Order
MAT07158,Recycled Glass,Automotive,393.62,66.89,52.6,9.82,49.8,Supplier D,ISO 14001,2123.97,In Stock
MAT07159,Recycled Glass,Bags & Luggage,195.15,8.15,48.7,2.48,89.7,Supplier A,Cradle to Cradle,776.05,Pre-Order
MAT07160,Organic Cotton,Adhesives,441.89,76.12,48.4,8.73,87.4,Supplier E,None,622.5,In Stock
MAT07161,Mycelium Leather,Bags & Luggage,139.46,57.87,54.8,4.87,86.4,Supplier B,EcoCert,2261.75,In Stock
MAT07162,Recycled Glass,Food Packaging,331.13,50.68,51.0,6.7,7.4,Supplier A,EcoCert,3643.7,Low Stock
MAT07163,Recycled Paper,Electronics,224.77,61.67,80.9,9.3,1.3,Supplier E,ISO 14001,1821.85,In Stock
MAT07164,Recycled Paper,Furniture,66.29,37.59,92.0,7.2,80.0,Supplier D,FSC,905.53,Low Stock
MAT07165,Bioplastic,Automotive,316.66,73.69,44.1,11.82,90.3,Supplier D,GOTS,280.54,Low Stock
MAT07166,Recycled PET,Flooring,498.04,51.7,27.8,5.09,37.1,Supplier E,EcoCert,1127.14,Low Stock
MAT07167,Cardboard,Home Decor,471.81,68.4,73.3,13.01,13.3,Supplier E,ISO 14001,3861.99,Low Stock
MAT07168,Recycled Copper,Footwear,81.07,12.3,20.1,3.28,99.4,Supplier B,Cradle to Cradle,2034.33,In Stock
MAT07169,Biodegradable Plastic,Textiles,157.97,19.48,39.4,4.04,76.2,Supplier C,FSC,600.92,Pre-Order
MAT07170,Recycled Paper,Household Items,378.72,49.26,37.0,8.8,22.0,Supplier A,Cradle to Cradle,1328.0,In Stock
MAT07171,Flax Fiber,Flooring,158.86,43.67,68.5,4.03,33.0,Supplier E,ISO 14001,2752.28,Pre-Order
MAT07172,Cork,Furniture,462.41,98.05,39.8,3.33,38.1,Supplier C,None,307.93,Low Stock
MAT07173,Recycled Metal,Food Packaging,343.04,20.95,25.7,12.64,76.2,Supplier D,None,1810.23,In Stock
MAT07174,Hemp Fiber,Flooring,425.17,36.53,30.6,3.9,2.6,Supplier D,ISO 14001,550.29,Pre-Order
MAT07175,Recycled Paper,Furniture,26.86,79.23,37.2,6.85,58.1,Supplier B,Cradle to Cradle,3196.33,In Stock
MAT07176,Wool,Footwear,13.75,36.08,80.5,5.69,7.3,Supplier D,EcoCert,3507.58,Pre-Order
MAT07177,Hemp Fiber,Automotive,101.82,82.39,25.8,12.23,89.3,Supplier A,EcoCert,815.06,In Stock
MAT07178,Seaweed Polymer,Adhesives,499.72,47.37,75.8,1.66,84.3,Supplier D,Cradle to Cradle,2261.75,Pre-Order
MAT07179,Seaweed Polymer,Textiles,233.71,34.27,59.7,5.28,63.4,Supplier D,Cradle to Cradle,1909.83,In Stock
MAT07180,Recycled Metal,Cosmetics,358.51,49.44,78.9,4.6,72.7,Supplier C,Cradle to Cradle,1403.53,Low Stock
MAT07181,Recycled PET,Footwear,115.02,88.98,83.8,7.48,89.4,Supplier E,EcoCert,4128.42,In Stock
MAT07182,Recycled Glass,Insulation,46.59,15.4,63.1,14.25,50.6,Supplier A,FSC,222.44,Pre-Order
MAT07183,Wool,Home Decor,182.36,28.0,42.0,6.99,18.9,Supplier C,ISO 14001,827.51,Low Stock
MAT07184,Organic Cotton,Footwear,426.81,92.89,26.7,2.06,26.5,Supplier C,FSC,3841.24,Low Stock
MAT07185,Recycled Glass,Food Packaging,486.36,26.97,54.5,5.15,79.4,Supplier B,EcoCert,434.09,In Stock
MAT07186,Hemp Fiber,Flooring,408.7,42.81,27.9,11.47,25.5,Supplier E,FSC,904.7,Low Stock
MAT07187,Cork Composite,Accessories,105.59,4.22,72.4,13.98,59.9,Supplier B,None,649.06,Pre-Order
MAT07188,Corn Plastic,Cosmetics,342.79,19.26,31.6,6.88,95.1,Supplier C,EcoCert,1891.57,Low Stock
MAT07189,Cork Composite,Construction,180.1,9.35,92.8,8.35,87.0,Supplier B,FSC,2926.58,In Stock
MAT07190,Organic Cotton,Insulation,170.89,22.37,27.0,10.63,21.7,Supplier C,Cradle to Cradle,2648.53,In Stock
MAT07191,Cork,Footwear,461.22,3.85,55.4,2.2,95.5,Supplier C,EcoCert,2299.1,Low Stock
MAT07192,Recycled Glass,Accessories,475.12,15.37,82.0,14.36,26.7,Supplier A,EcoCert,3529.99,Low Stock
MAT07193,Cork,Textiles,244.62,55.8,81.4,2.46,47.9,Supplier E,GOTS,1323.85,Pre-Order
MAT07194,Cork Composite,Office Supplies,279.47,13.3,32.2,1.45,69.0,Supplier C,None,2817.02,Pre-Order
MAT07195,Corn Plastic,Office Supplies,417.85,15.72,76.1,4.61,65.8,Supplier A,FSC,365.2,Pre-Order
MAT07196,Organic Cotton,Office Supplies,69.53,14.66,26.6,13.55,94.6,Supplier C,ISO 14001,2118.16,Low Stock
MAT07197,Flax Fiber,Kitchen Utensils,276.63,66.15,84.1,3.84,29.9,Supplier B,ISO 14001,362.71,Pre-Order
MAT07198,Wool,Toys,366.82,13.71,60.0,4.01,85.0,Supplier A,None,3225.38,In Stock
MAT07199,Jute,Accessories,483.31,42.87,66.3,7.96,6.5,Supplier D,Cradle to Cradle,372.67,In Stock
MAT07200,Recycled Aluminum,Office Supplies,331.72,50.08,59.2,11.34,25.6,Supplier D,ISO 14001,2899.19,Low Stock
MAT07201,Mycelium Leather,Insulation,175.76,55.39,74.4,11.33,52.4,Supplier C,GOTS,2768.88,Pre-Order
MAT07202,Recycled Metal,Footwear,177.21,90.24,78.7,11.33,51.1,Supplier C,FSC,1327.17,Pre-Order
MAT07203,Jute,Insulation,494.57,75.01,45.3,3.0,33.0,Supplier D,Cradle to Cradle,873.16,Low Stock
MAT07204,Hemp Fiber,Textiles,178.1,18.02,87.0,1.83,46.6,Supplier B,FSC,2314.04,In Stock
MAT07205,Sustainable Bamboo,Construction,196.13,54.35,28.7,6.48,37.0,Supplier D,FSC,3542.44,Low Stock
MAT07206,Natural Rubber,Flooring,341.01,42.26,75.1,7.63,48.5,Supplier C,None,170.98,Low Stock
MAT07207,Mushroom Composite,Insulation,99.96,91.79,38.9,3.06,30.4,Supplier E,FSC,986.87,Pre-Order
MAT07208,Mushroom Composite,Kitchen Utensils,15.67,2.63,30.9,1.69,21.0,Supplier B,GOTS,891.42,Pre-Order
MAT07209,Linen,Textiles,258.31,10.75,70.2,0.65,54.9,Supplier E,Cradle to Cradle,4012.22,Low Stock
MAT07210,Recycled Metal,Sports Equipment,65.7,63.58,44.9,2.19,17.0,Supplier D,FSC,3225.38,Low Stock
MAT07211,Certified Wood,Toys,319.01,24.87,76.7,14.66,2.5,Supplier E,FSC,545.31,Low Stock
MAT07212,Algae-based Material,Coatings,179.24,16.39,75.6,12.07,77.8,Supplier E,ISO 14001,4073.64,In Stock
MAT07213,Flax Fiber,Furniture,123.19,84.15,32.8,5.13,51.7,Supplier C,EcoCert,1176.94,Low Stock
MAT07214,Hemp Fiber,Insulation,115.12,66.94,61.3,6.17,45.0,Supplier A,Cradle to Cradle,2489.17,Pre-Order
MAT07215,Bioplastic,Flooring,426.44,32.36,45.9,1.98,79.2,Supplier A,None,1873.31,Low Stock
MAT07216,Cardboard,Bags & Luggage,456.52,12.53,70.7,4.71,26.9,Supplier E,GOTS,712.14,Low Stock
MAT07217,Certified Wood,Flooring,474.09,58.53,36.0,11.99,33.9,Supplier D,EcoCert,534.52,Pre-Order
MAT07218,Certified Wood,Furniture,258.82,87.87,41.7,9.43,27.0,Supplier C,None,2250.96,Low Stock
MAT07219,Recycled PET,Construction,239.74,93.93,32.3,0.85,87.2,Supplier D,None,2148.04,In Stock
MAT07220,Recycled Glass,Electronics,495.59,94.88,74.7,12.01,92.3,Supplier D,EcoCert,375.16,Pre-Order
MAT07221,Organic Cotton,Kitchen Utensils,125.61,11.88,98.2,8.11,45.0,Supplier C,GOTS,1534.67,In Stock
MAT07222,Organic Cotton,Office Supplies,153.29,17.32,22.8,14.58,9.3,Supplier A,EcoCert,3095.07,In Stock
MAT07223,Cork Composite,Coatings,169.74,63.41,95.2,5.12,8.4,Supplier A,None,3917.6,In Stock
MAT07224,Organic Cotton,Home Decor,292.51,31.81,53.8,3.23,56.2,Supplier D,EcoCert,3156.49,Pre-Order
MAT07225,Algae-based Material,Household Items,82.28,97.68,92.6,13.66,10.1,Supplier D,EcoCert,2026.86,Pre-Order
MAT07226,Recycled Paper,Bags & Luggage,469.23,90.88,57.4,10.44,59.9,Supplier B,EcoCert,1107.22,Pre-Order
MAT07227,Bioplastic,Flooring,405.11,69.44,78.8,13.83,89.2,Supplier B,Cradle to Cradle,2717.42,Low Stock
MAT07228,Jute,Automotive,288.52,71.59,65.8,5.5,71.8,Supplier E,ISO 14001,883.95,Pre-Order
MAT07229,Bio-based Polymer,Office Supplies,242.36,19.49,45.5,11.86,89.3,Supplier D,Cradle to Cradle,210.82,In Stock
MAT07230,Mushroom Composite,Accessories,407.27,3.68,39.8,13.59,42.0,Supplier D,EcoCert,227.42,Low Stock
MAT07231,Flax Fiber,Household Items,39.11,86.08,57.7,12.34,51.6,Supplier C,GOTS,3187.2,Pre-Order
MAT07232,Flax Fiber,Construction,163.41,34.64,66.1,4.08,53.2,Supplier E,GOTS,2172.94,Low Stock
MAT07233,Jute,Insulation,39.56,13.42,96.1,10.15,44.3,Supplier C,FSC,1259.11,In Stock
MAT07234,Flax Fiber,Kitchen Utensils,450.39,38.01,91.1,5.4,41.9,Supplier D,GOTS,2900.85,In Stock
MAT07235,Corn Plastic,Furniture,123.55,94.24,29.8,12.73,54.6,Supplier B,None,1124.65,Low Stock
MAT07236,Biodegradable Plastic,Accessories,236.02,19.51,89.4,12.24,51.3,Supplier B,EcoCert,2068.36,In Stock
MAT07237,Linen,Coatings,60.82,62.54,50.4,11.84,23.1,Supplier D,Cradle to Cradle,673.96,In Stock
MAT07238,Linen,Furniture,315.07,28.83,28.3,2.25,15.2,Supplier C,ISO 14001,3271.86,In Stock
MAT07239,Seaweed Polymer,Bags & Luggage,245.65,52.31,88.9,11.86,18.0,Supplier A,None,1890.74,Low Stock
MAT07240,Hemp Fiber,Coatings,261.71,62.97,20.4,5.3,27.2,Supplier D,ISO 14001,306.27,Pre-Order
MAT07241,Cellulose,Coatings,359.87,61.41,70.0,6.22,5.5,Supplier E,None,2100.73,Low Stock
MAT07242,Recycled Aluminum,Furniture,175.95,96.98,52.1,13.33,45.3,Supplier E,FSC,3910.13,In Stock
MAT07243,Recycled PET,Home Decor,45.46,24.73,64.8,6.74,98.1,Supplier E,ISO 14001,2520.71,In Stock
MAT07244,Hemp Fiber,Automotive,39.7,17.16,20.2,7.56,67.9,Supplier C,EcoCert,2393.72,Pre-Order
MAT07245,Cellulose,Bags & Luggage,381.38,31.52,95.1,2.57,63.4,Supplier A,None,2112.35,In Stock
MAT07246,Bioplastic,Footwear,13.15,30.77,55.9,1.96,28.5,Supplier C,EcoCert,631.63,Low Stock
MAT07247,Flax Fiber,Accessories,215.49,5.98,95.5,10.62,98.2,Supplier C,ISO 14001,1219.27,In Stock
MAT07248,Recycled Paper,Food Packaging,181.22,19.43,65.2,3.49,45.2,Supplier E,FSC,2417.79,In Stock
MAT07249,Hemp Fiber,Textiles,210.38,12.75,99.0,9.17,58.0,Supplier E,ISO 14001,4052.89,Pre-Order
MAT07250,Recycled PET,Bags & Luggage,160.79,97.15,43.0,12.35,65.0,Supplier C,FSC,1147.06,Pre-Order
MAT07251,Organic Cotton,Bags & Luggage,208.7,14.93,73.7,14.87,30.1,Supplier D,GOTS,3388.06,Low Stock
MAT07252,Mushroom Composite,Kitchen Utensils,485.54,14.13,59.5,8.49,35.4,Supplier D,ISO 14001,449.86,In Stock
MAT07253,Flax Fiber,Home Decor,358.13,73.91,56.1,12.78,45.7,Supplier A,EcoCert,3490.98,Low Stock
MAT07254,Mushroom Composite,Footwear,59.06,51.69,53.4,13.46,61.7,Supplier E,FSC,3283.48,Low Stock
MAT07255,Bioplastic,Accessories,289.82,74.08,90.6,9.0,32.9,Supplier A,FSC,2124.8,In Stock
MAT07256,Cork,Bags & Luggage,90.09,7.12,63.2,13.74,11.9,Supplier D,EcoCert,3427.9,Pre-Order
MAT07257,Sustainable Bamboo,Accessories,443.05,84.93,83.7,9.02,97.1,Supplier B,EcoCert,1137.1,Low Stock
MAT07258,Cork,Footwear,291.66,22.3,45.9,10.27,76.7,Supplier E,FSC,3131.59,Low Stock
MAT07259,Recycled Copper,Textiles,31.76,28.6,57.2,3.2,91.8,Supplier A,ISO 14001,3824.64,In Stock
MAT07260,Cellulose,Electronics,469.19,88.03,25.7,4.48,4.2,Supplier B,EcoCert,1230.89,Pre-Order
MAT07261,Recycled PET,Office Supplies,73.4,11.94,92.7,0.79,61.3,Supplier E,EcoCert,1268.24,In Stock
MAT07262,Organic Cotton,Footwear,326.91,15.56,68.7,8.86,11.2,Supplier B,GOTS,166.0,Low Stock
MAT07263,Sustainable Bamboo,Flooring,164.71,3.07,73.5,6.54,42.0,Supplier A,GOTS,1328.0,In Stock
MAT07264,Bioplastic,Coatings,190.29,49.95,85.3,5.29,52.7,Supplier B,GOTS,511.28,In Stock
MAT07265,Sustainable Bamboo,Bags & Luggage,119.23,19.21,37.8,1.86,58.5,Supplier E,None,2574.66,In Stock
MAT07266,Cork Composite,Automotive,111.84,70.71,88.0,4.01,89.1,Supplier B,Cradle to Cradle,2071.68,In Stock
MAT07267,Recycled Copper,Household Items,420.16,11.31,67.5,11.31,57.2,Supplier B,Cradle to Cradle,1841.77,Pre-Order
MAT07268,Recycled PET,Furniture,12.68,48.06,30.8,4.15,1.0,Supplier E,ISO 14001,1743.83,In Stock
MAT07269,Flax Fiber,Automotive,335.64,36.15,98.6,4.67,43.1,Supplier D,None,1238.36,Low Stock
MAT07270,Jute,Home Decor,473.56,49.71,58.7,7.74,70.7,Supplier B,EcoCert,3175.58,In Stock
MAT07271,Recycled Metal,Furniture,321.71,33.12,46.6,4.74,10.8,Supplier A,ISO 14001,2503.28,In Stock
MAT07272,Recycled Copper,Home Decor,312.29,22.66,64.8,4.18,1.2,Supplier B,FSC,354.41,Pre-Order
MAT07273,Mushroom Composite,Accessories,393.24,20.93,41.7,4.86,38.4,Supplier E,None,964.46,In Stock
MAT07274,Linen,Sports Equipment,289.72,55.39,94.6,4.66,61.2,Supplier D,Cradle to Cradle,241.53,Low Stock
MAT07275,Recycled Glass,Sports Equipment,426.82,7.59,57.0,7.54,57.8,Supplier A,ISO 14001,2932.39,In Stock
MAT07276,Mushroom Composite,Flooring,109.3,79.27,66.2,10.04,91.2,Supplier C,GOTS,1229.23,Low Stock
MAT07277,Cork Composite,Food Packaging,242.9,84.28,85.2,12.36,67.8,Supplier E,ISO 14001,730.4,In Stock
MAT07278,Flax Fiber,Kitchen Utensils,484.32,68.75,41.4,14.88,1.0,Supplier C,Cradle to Cradle,180.94,Pre-Order
MAT07279,Recycled Aluminum,Kitchen Utensils,242.3,5.99,95.1,10.99,83.1,Supplier E,Cradle to Cradle,3767.37,Low Stock
MAT07280,Recycled Glass,Construction,487.34,16.13,95.5,12.44,58.2,Supplier E,EcoCert,3474.38,In Stock
MAT07281,Flax Fiber,Flooring,221.9,49.18,84.8,14.42,58.1,Supplier E,GOTS,3515.88,Pre-Order
MAT07282,Jute,Furniture,428.08,47.9,30.3,13.42,20.0,Supplier B,None,504.64,Low Stock
MAT07283,Recycled Paper,Home Decor,347.23,46.31,42.9,1.5,45.7,Supplier A,ISO 14001,2277.52,In Stock
MAT07284,Recycled Copper,Home Decor,160.31,46.49,25.1,4.29,37.1,Supplier E,None,1102.24,Pre-Order
MAT07285,Mycelium Leather,Flooring,411.5,70.69,31.7,0.56,68.3,Supplier E,Cradle to Cradle,835.81,Pre-Order
MAT07286,Cork Composite,Food Packaging,226.49,52.72,66.2,6.07,6.8,Supplier B,FSC,2264.24,Pre-Order
MAT07287,Corn Plastic,Construction,192.8,6.74,76.4,11.91,72.0,Supplier B,FSC,1603.56,In Stock
MAT07288,Recycled Metal,Automotive,128.82,14.36,90.7,1.81,90.2,Supplier D,EcoCert,1306.42,Pre-Order
MAT07289,Flax Fiber,Flooring,265.1,95.55,33.4,13.75,61.4,Supplier A,FSC,3453.63,Low Stock
MAT07290,Recycled Metal,Furniture,162.33,19.65,69.7,11.49,3.8,Supplier E,GOTS,1831.81,Low Stock
MAT07291,Linen,Kitchen Utensils,80.4,51.59,58.4,0.84,70.7,Supplier E,GOTS,3017.05,Pre-Order
MAT07292,Recycled Glass,Kitchen Utensils,351.68,8.87,51.5,3.89,64.5,Supplier A,EcoCert,3059.38,In Stock
MAT07293,Organic Cotton,Accessories,376.35,4.93,61.8,12.48,48.6,Supplier B,ISO 14001,209.99,Low Stock
MAT07294,Recycled Aluminum,Footwear,322.95,73.97,83.9,4.01,8.6,Supplier C,None,2280.84,Low Stock
MAT07295,Cellulose,Sports Equipment,418.16,76.56,96.6,5.88,8.3,Supplier B,ISO 14001,3763.22,Pre-Order
MAT07296,Linen,Household Items,462.88,61.21,31.1,8.84,11.7,Supplier D,FSC,502.15,Pre-Order
MAT07297,Jute,Cosmetics,280.39,61.41,63.9,4.87,0.8,Supplier A,FSC,3335.77,In Stock
MAT07298,Certified Wood,Accessories,191.33,33.67,68.3,5.73,59.7,Supplier C,Cradle to Cradle,887.27,In Stock
MAT07299,Biodegradable Plastic,Sports Equipment,357.21,96.1,88.0,0.53,17.3,Supplier C,EcoCert,732.06,Low Stock
MAT07300,Seaweed Polymer,Accessories,312.89,42.04,84.2,6.96,89.4,Supplier A,Cradle to Cradle,3783.14,Pre-Order
MAT07301,Seaweed Polymer,Electronics,469.01,74.58,26.8,3.87,81.0,Supplier B,FSC,1058.25,Pre-Order
MAT07302,Bio-based Polymer,Accessories,183.86,31.17,35.9,7.66,91.2,Supplier D,None,1435.07,Low Stock
MAT07303,Linen,Food Packaging,397.46,39.63,76.4,13.29,85.4,Supplier D,FSC,488.04,Pre-Order
MAT07304,Bio-based Polymer,Household Items,163.99,90.89,93.6,2.93,96.0,Supplier D,FSC,3800.57,Low Stock
MAT07305,Flax Fiber,Insulation,410.19,22.56,54.2,11.18,71.9,Supplier E,Cradle to Cradle,2545.61,Pre-Order
MAT07306,Recycled Paper,Toys,295.37,58.47,26.3,5.57,9.6,Supplier D,ISO 14001,2675.92,Pre-Order
MAT07307,Recycled Paper,Flooring,415.62,41.81,86.2,5.87,69.1,Supplier E,GOTS,1526.37,Pre-Order
MAT07308,Wool,Cosmetics,389.12,64.69,36.1,12.86,6.2,Supplier E,FSC,2624.46,Pre-Order
MAT07309,Certified Wood,Accessories,143.37,65.4,71.2,5.31,70.4,Supplier B,None,1437.56,Pre-Order
MAT07310,Wool,Insulation,481.11,6.23,85.0,4.31,52.7,Supplier C,Cradle to Cradle,1795.29,Pre-Order
MAT07311,Recycled PET,Adhesives,295.14,90.6,74.1,4.39,70.9,Supplier C,EcoCert,2763.9,In Stock
MAT07312,Mushroom Composite,Adhesives,222.4,77.01,69.4,8.66,41.2,Supplier B,None,209.16,Low Stock
MAT07313,Linen,Adhesives,363.73,20.07,24.3,5.14,44.6,Supplier B,None,1279.86,Low Stock
MAT07314,Bioplastic,Household Items,160.4,74.45,34.3,8.33,89.7,Supplier B,GOTS,3716.74,Low Stock
MAT07315,Sustainable Bamboo,Automotive,193.98,79.31,78.5,9.11,48.4,Supplier D,FSC,2304.08,Pre-Order
MAT07316,Recycled PET,Automotive,65.1,43.94,75.3,8.57,42.8,Supplier B,EcoCert,836.64,Low Stock
MAT07317,Hemp Fiber,Cosmetics,211.11,84.66,29.4,3.12,82.9,Supplier A,None,1344.6,Pre-Order
MAT07318,Cork,Footwear,490.7,10.58,58.4,0.56,67.3,Supplier B,Cradle to Cradle,2110.69,Low Stock
MAT07319,Cardboard,Coatings,116.11,38.49,21.8,7.25,3.1,Supplier B,ISO 14001,3449.48,Pre-Order
MAT07320,Algae-based Material,Sports Equipment,402.63,72.38,59.5,8.2,18.9,Supplier C,FSC,2949.82,In Stock
MAT07321,Flax Fiber,Cosmetics,399.86,13.82,68.4,2.21,24.4,Supplier B,ISO 14001,1454.16,Pre-Order
MAT07322,Cardboard,Electronics,326.67,65.12,80.2,9.5,81.9,Supplier A,Cradle to Cradle,3772.35,In Stock
MAT07323,Recycled Copper,Home Decor,455.44,86.74,33.9,3.12,0.9,Supplier E,GOTS,3273.52,Pre-Order
MAT07324,Biodegradable Plastic,Kitchen Utensils,154.35,20.7,39.4,13.38,40.7,Supplier B,GOTS,3672.75,Pre-Order
MAT07325,Cork Composite,Construction,259.83,28.35,95.1,0.87,56.9,Supplier B,FSC,3943.33,In Stock
MAT07326,Cardboard,Sports Equipment,429.91,86.28,66.9,3.11,12.3,Supplier D,GOTS,578.51,Pre-Order
MAT07327,Cork Composite,Food Packaging,200.35,93.96,92.5,7.92,79.0,Supplier B,EcoCert,3114.99,Pre-Order
MAT07328,Mushroom Composite,Sports Equipment,207.73,24.37,29.0,10.4,32.3,Supplier A,EcoCert,4057.04,Low Stock
MAT07329,Linen,Adhesives,24.18,66.21,95.1,3.4,31.6,Supplier B,None,2149.7,In Stock
MAT07330,Algae-based Material,Insulation,175.55,62.5,88.8,7.16,24.0,Supplier C,None,1565.38,In Stock
MAT07331,Recycled Aluminum,Bags & Luggage,497.97,65.78,72.3,14.96,81.8,Supplier C,None,3791.44,Pre-Order
MAT07332,Recycled Copper,Accessories,492.77,20.51,77.6,13.16,39.3,Supplier C,GOTS,3157.32,In Stock
MAT07333,Cork,Flooring,313.4,16.9,92.2,7.74,8.9,Supplier D,EcoCert,3803.06,In Stock
MAT07334,Corn Plastic,Office Supplies,195.06,75.63,64.2,14.85,96.8,Supplier E,None,3395.53,Low Stock
MAT07335,Mushroom Composite,Coatings,93.62,75.14,60.0,10.87,11.0,Supplier A,None,2079.15,In Stock
MAT07336,Organic Cotton,Flooring,360.69,42.69,51.6,14.28,22.6,Supplier D,ISO 14001,3996.45,Pre-Order
MAT07337,Cellulose,Bags & Luggage,175.04,36.37,76.9,2.01,27.3,Supplier C,FSC,522.07,In Stock
MAT07338,Flax Fiber,Insulation,214.85,97.29,45.2,9.31,12.5,Supplier E,FSC,2707.46,In Stock
MAT07339,Seaweed Polymer,Home Decor,388.35,7.36,76.9,1.73,0.9,Supplier A,EcoCert,600.92,In Stock
MAT07340,Certified Wood,Food Packaging,335.39,73.0,78.7,10.19,10.2,Supplier C,EcoCert,1381.12,Pre-Order
MAT07341,Recycled Copper,Food Packaging,327.91,53.25,22.7,11.15,70.0,Supplier C,ISO 14001,3788.12,Pre-Order
MAT07342,Cardboard,Construction,205.43,29.88,41.8,5.12,37.2,Supplier C,Cradle to Cradle,2363.84,Low Stock
MAT07343,Algae-based Material,Construction,348.24,84.49,94.8,12.92,35.7,Supplier B,ISO 14001,2153.02,Low Stock
MAT07344,Recycled Paper,Textiles,346.67,38.96,21.8,2.53,51.8,Supplier D,Cradle to Cradle,2853.54,Low Stock
MAT07345,Cardboard,Sports Equipment,373.13,58.83,23.8,8.9,46.6,Supplier D,GOTS,1152.87,Low Stock
MAT07346,Corn Plastic,Home Decor,335.1,44.84,88.5,10.99,10.4,Supplier B,Cradle to Cradle,2892.55,Low Stock
MAT07347,Recycled PET,Cosmetics,54.88,17.26,48.7,5.36,13.5,Supplier B,EcoCert,2582.96,Low Stock
MAT07348,Bio-based Polymer,Adhesives,328.68,54.1,71.0,3.41,65.9,Supplier D,GOTS,2721.57,Pre-Order
MAT07349,Cork Composite,Accessories,493.05,45.95,30.5,5.64,9.9,Supplier C,EcoCert,475.59,Pre-Order
MAT07350,Linen,Construction,432.8,47.71,98.0,12.88,57.2,Supplier D,None,1169.47,Pre-Order
MAT07351,Natural Rubber,Footwear,321.9,6.13,66.8,13.68,24.6,Supplier A,ISO 14001,1010.94,In Stock
MAT07352,Cork,Sports Equipment,156.89,41.25,34.5,12.35,32.4,Supplier D,Cradle to Cradle,1660.83,Pre-Order
MAT07353,Recycled Metal,Electronics,204.66,76.18,41.3,4.96,71.2,Supplier A,FSC,1642.57,Low Stock
MAT07354,Natural Rubber,Electronics,70.79,91.02,52.7,5.18,48.9,Supplier D,EcoCert,338.64,Low Stock
MAT07355,Wool,Cosmetics,458.42,14.13,58.4,11.3,55.6,Supplier C,Cradle to Cradle,2985.51,Low Stock
MAT07356,Corn Plastic,Flooring,185.31,26.07,69.9,5.54,75.7,Supplier E,None,2629.44,Pre-Order
MAT07357,Recycled Paper,Coatings,163.24,47.67,59.7,6.86,25.4,Supplier D,EcoCert,3075.15,Low Stock
MAT07358,Cardboard,Footwear,347.53,53.02,69.6,2.23,93.0,Supplier A,None,1505.62,Pre-Order
MAT07359,Jute,Electronics,18.51,2.16,42.7,3.45,73.6,Supplier C,None,1074.85,In Stock
MAT07360,Biodegradable Plastic,Food Packaging,214.24,84.11,22.7,13.9,44.7,Supplier B,None,1885.76,Pre-Order
MAT07361,Mycelium Leather,Home Decor,118.83,4.12,84.7,7.14,18.9,Supplier B,Cradle to Cradle,515.43,Low Stock
MAT07362,Cork Composite,Construction,372.8,98.9,63.0,4.06,95.7,Supplier C,FSC,2592.92,Pre-Order
MAT07363,Recycled Paper,Textiles,379.8,86.72,63.2,7.63,70.7,Supplier D,GOTS,3236.17,In Stock
MAT07364,Bio-based Polymer,Sports Equipment,18.73,92.92,97.6,6.64,87.4,Supplier C,None,1916.47,Pre-Order
MAT07365,Linen,Cosmetics,413.45,57.41,72.8,4.24,75.6,Supplier C,EcoCert,1692.37,Pre-Order
MAT07366,Recycled PET,Flooring,73.63,67.12,22.5,2.83,56.1,Supplier B,Cradle to Cradle,1555.42,Low Stock
MAT07367,Seaweed Polymer,Bags & Luggage,83.16,3.15,35.2,8.31,84.6,Supplier A,FSC,413.34,Low Stock
MAT07368,Organic Cotton,Home Decor,238.37,12.44,86.3,11.94,60.2,Supplier D,Cradle to Cradle,3013.73,In Stock
MAT07369,Cork,Coatings,17.38,66.01,43.1,4.91,54.6,Supplier D,ISO 14001,2904.17,In Stock
MAT07370,Cork,Flooring,486.28,84.05,73.6,1.47,43.6,Supplier D,Cradle to Cradle,1603.56,Low Stock
MAT07371,Algae-based Material,Household Items,273.02,72.79,64.3,11.67,88.7,Supplier D,Cradle to Cradle,3236.17,In Stock
MAT07372,Biodegradable Plastic,Sports Equipment,485.33,82.76,76.6,13.85,78.0,Supplier D,FSC,3661.13,Low Stock
MAT07373,Biodegradable Plastic,Automotive,63.21,60.08,51.4,2.25,82.7,Supplier D,GOTS,964.46,Pre-Order
MAT07374,Sustainable Bamboo,Kitchen Utensils,88.28,67.56,48.8,2.24,35.0,Supplier E,GOTS,3390.55,In Stock
MAT07375,Organic Cotton,Insulation,98.92,58.94,99.5,9.37,1.0,Supplier B,Cradle to Cradle,600.92,In Stock
MAT07376,Recycled Aluminum,Food Packaging,16.38,92.34,28.2,8.95,44.8,Supplier C,EcoCert,1093.94,Pre-Order
MAT07377,Hemp Fiber,Footwear,10.19,22.03,22.9,10.32,45.3,Supplier A,EcoCert,2058.4,Low Stock
MAT07378,Bio-based Polymer,Coatings,248.26,19.76,45.2,10.3,54.5,Supplier E,None,3527.5,In Stock
MAT07379,Wool,Food Packaging,94.0,25.96,52.0,11.6,28.4,Supplier B,EcoCert,3469.4,Pre-Order
MAT07380,Cork Composite,Kitchen Utensils,152.35,15.73,59.2,9.11,72.8,Supplier C,None,1047.46,In Stock
MAT07381,Organic Cotton,Household Items,167.41,51.31,94.3,3.36,16.9,Supplier A,ISO 14001,1026.71,Pre-Order
MAT07382,Cork,Insulation,389.86,89.26,70.9,11.74,13.7,Supplier B,FSC,2023.54,Low Stock
MAT07383,Jute,Textiles,41.31,87.49,35.4,1.92,49.1,Supplier B,EcoCert,1470.76,Low Stock
MAT07384,Algae-based Material,Insulation,83.38,36.38,95.6,3.54,7.1,Supplier C,GOTS,2284.99,Low Stock
MAT07385,Flax Fiber,Office Supplies,303.84,30.59,62.0,5.37,19.9,Supplier A,Cradle to Cradle,1300.61,Pre-Order
MAT07386,Cellulose,Flooring,38.63,85.98,57.8,1.75,96.2,Supplier E,Cradle to Cradle,3102.54,Low Stock
MAT07387,Mycelium Leather,Food Packaging,203.84,92.74,24.1,3.36,40.3,Supplier A,GOTS,1372.82,In Stock
MAT07388,Cardboard,Toys,63.89,25.97,31.5,10.8,2.3,Supplier C,None,1391.08,In Stock
MAT07389,Cork,Toys,59.15,24.15,40.9,13.73,59.1,Supplier E,EcoCert,2122.31,In Stock
MAT07390,Seaweed Polymer,Construction,309.48,6.8,91.1,13.16,44.1,Supplier C,None,2324.83,Pre-Order
MAT07391,Cork Composite,Bags & Luggage,308.7,96.13,67.9,10.34,17.4,Supplier B,ISO 14001,2513.24,Low Stock
MAT07392,Jute,Adhesives,423.24,79.99,95.0,3.8,53.1,Supplier D,EcoCert,1105.56,Low Stock
MAT07393,Recycled Metal,Sports Equipment,144.47,78.81,77.7,2.23,65.2,Supplier E,Cradle to Cradle,373.5,In Stock
MAT07394,Natural Rubber,Electronics,126.19,98.15,90.7,13.2,75.7,Supplier D,EcoCert,218.29,Low Stock
MAT07395,Sustainable Bamboo,Textiles,351.91,85.62,21.7,7.23,45.2,Supplier D,ISO 14001,1088.13,In Stock
MAT07396,Mushroom Composite,Construction,203.78,19.92,95.5,10.25,79.1,Supplier B,None,1660.83,Low Stock
MAT07397,Recycled Paper,Toys,137.61,44.1,27.5,8.44,57.4,Supplier E,None,1134.61,In Stock
MAT07398,Recycled Copper,Bags & Luggage,289.52,2.34,51.4,11.86,56.5,Supplier A,EcoCert,410.02,Pre-Order
MAT07399,Recycled Metal,Home Decor,246.85,12.84,56.6,4.16,85.7,Supplier B,GOTS,265.6,In Stock
MAT07400,Algae-based Material,Toys,166.41,63.56,55.4,13.63,11.3,Supplier A,ISO 14001,590.13,Low Stock
MAT07401,Linen,Office Supplies,11.19,84.92,55.2,1.83,13.3,Supplier C,GOTS,1817.7,In Stock
MAT07402,Bioplastic,Flooring,458.77,66.13,52.1,13.12,0.5,Supplier B,GOTS,2515.73,Pre-Order
MAT07403,Organic Cotton,Food Packaging,38.91,19.94,71.1,3.55,57.4,Supplier D,GOTS,606.73,Pre-Order
MAT07404,Recycled Metal,Construction,55.57,36.84,66.6,1.9,36.1,Supplier D,EcoCert,3111.67,In Stock
MAT07405,Cork,Office Supplies,418.55,44.93,98.3,9.98,34.2,Supplier D,EcoCert,3462.76,In Stock
MAT07406,Algae-based Material,Food Packaging,201.17,24.8,92.1,10.21,13.4,Supplier D,None,2245.98,In Stock
MAT07407,Bioplastic,Kitchen Utensils,60.89,7.71,74.4,11.28,81.3,Supplier E,GOTS,1471.59,In Stock
MAT07408,Mycelium Leather,Automotive,55.85,73.6,97.8,1.87,54.6,Supplier B,EcoCert,4032.97,Pre-Order
MAT07409,Recycled Copper,Automotive,297.74,26.68,44.9,12.51,4.4,Supplier C,FSC,2799.59,In Stock
MAT07410,Bio-based Polymer,Cosmetics,85.38,59.35,48.7,12.26,29.3,Supplier C,GOTS,726.25,Pre-Order
MAT07411,Cork,Coatings,99.91,6.9,57.3,14.59,64.1,Supplier C,None,3421.26,In Stock
MAT07412,Corn Plastic,Insulation,296.01,69.59,67.8,4.41,73.6,Supplier A,Cradle to Cradle,3130.76,Pre-Order
MAT07413,Recycled PET,Automotive,129.59,76.78,37.1,8.98,37.2,Supplier A,Cradle to Cradle,3105.03,In Stock
MAT07414,Mushroom Composite,Home Decor,40.84,81.16,37.5,9.61,36.1,Supplier E,GOTS,2067.53,In Stock
MAT07415,Certified Wood,Footwear,447.66,1.6,69.2,6.57,44.4,Supplier D,FSC,1629.29,Low Stock
MAT07416,Algae-based Material,Food Packaging,69.01,48.96,27.8,5.23,22.7,Supplier A,Cradle to Cradle,3634.57,In Stock
MAT07417,Recycled Glass,Food Packaging,300.11,80.15,27.7,13.24,92.6,Supplier B,Cradle to Cradle,3940.84,In Stock
MAT07418,Wool,Accessories,384.31,39.34,63.5,2.11,43.9,Supplier D,GOTS,2025.2,In Stock
MAT07419,Cork,Toys,269.96,50.67,23.0,13.76,70.6,Supplier C,Cradle to Cradle,2719.91,Low Stock
MAT07420,Certified Wood,Automotive,106.57,78.46,82.5,12.61,69.2,Supplier A,ISO 14001,1412.66,In Stock
MAT07421,Hemp Fiber,Automotive,288.86,82.72,83.0,11.43,70.5,Supplier E,FSC,3379.76,Low Stock
MAT07422,Organic Cotton,Home Decor,346.0,91.08,95.9,2.52,86.6,Supplier C,ISO 14001,3608.84,In Stock
MAT07423,Recycled Paper,Insulation,274.82,81.94,76.1,8.36,34.4,Supplier D,GOTS,362.71,Pre-Order
MAT07424,Seaweed Polymer,Accessories,177.56,83.42,76.9,13.07,2.4,Supplier C,None,3050.25,Low Stock
MAT07425,Recycled Metal,Insulation,202.26,40.84,67.4,12.2,48.4,Supplier D,None,1388.59,In Stock
MAT07426,Cardboard,Household Items,304.06,72.94,33.8,4.8,93.3,Supplier E,None,1217.61,Pre-Order
MAT07427,Recycled Aluminum,Toys,205.51,23.69,29.7,0.93,44.9,Supplier A,None,2431.9,Low Stock
MAT07428,Natural Rubber,Insulation,237.61,75.1,25.8,2.33,62.1,Supplier D,FSC,374.33,Low Stock
MAT07429,Recycled Glass,Textiles,321.02,99.4,86.0,14.63,44.4,Supplier C,FSC,4092.73,In Stock
MAT07430,Mycelium Leather,Footwear,163.81,47.07,90.6,13.42,64.5,Supplier A,EcoCert,2210.29,Pre-Order
MAT07431,Corn Plastic,Office Supplies,129.46,14.46,44.0,10.94,98.0,Supplier E,None,1435.9,Low Stock
MAT07432,Sustainable Bamboo,Textiles,72.27,47.01,92.5,13.89,71.2,Supplier D,None,1694.03,Pre-Order
MAT07433,Mushroom Composite,Home Decor,95.02,93.24,47.2,10.16,0.7,Supplier E,EcoCert,2930.73,Pre-Order
MAT07434,Recycled Copper,Furniture,81.68,99.9,25.1,7.2,27.2,Supplier D,FSC,1659.17,Pre-Order
MAT07435,Mushroom Composite,Construction,192.28,60.31,32.6,8.13,63.8,Supplier E,Cradle to Cradle,532.03,Pre-Order
MAT07436,Jute,Insulation,55.9,51.14,100.0,13.14,11.6,Supplier A,EcoCert,684.75,Low Stock
MAT07437,Flax Fiber,Footwear,25.95,95.21,67.2,3.87,42.0,Supplier A,ISO 14001,2734.02,Pre-Order
MAT07438,Wool,Accessories,41.52,3.08,45.3,8.57,85.8,Supplier E,GOTS,800.12,In Stock
MAT07439,Bio-based Polymer,Electronics,261.06,64.42,48.4,12.18,45.4,Supplier E,Cradle to Cradle,1332.98,In Stock
MAT07440,Bio-based Polymer,Home Decor,377.84,89.5,58.0,7.87,9.3,Supplier D,EcoCert,3477.7,In Stock
MAT07441,Wool,Coatings,224.54,85.6,39.4,10.01,37.1,Supplier D,Cradle to Cradle,3522.52,Pre-Order
MAT07442,Cardboard,Household Items,282.41,26.19,88.5,8.07,16.5,Supplier E,Cradle to Cradle,3440.35,In Stock
MAT07443,Bioplastic,Flooring,71.45,15.58,82.5,12.53,37.7,Supplier E,FSC,2070.85,Pre-Order
MAT07444,Bioplastic,Coatings,385.26,47.59,61.9,12.38,30.7,Supplier E,Cradle to Cradle,3424.58,Pre-Order
MAT07445,Recycled Copper,Office Supplies,258.18,5.28,33.5,8.32,51.1,Supplier C,EcoCert,2540.63,Pre-Order
MAT07446,Linen,Toys,348.65,69.66,29.7,9.28,28.9,Supplier C,Cradle to Cradle,659.02,In Stock
MAT07447,Cardboard,Sports Equipment,93.45,57.38,57.0,3.05,53.4,Supplier C,Cradle to Cradle,2421.94,Low Stock
MAT07448,Seaweed Polymer,Home Decor,172.81,34.27,25.3,6.75,36.1,Supplier B,ISO 14001,2507.43,Low Stock
MAT07449,Cork,Food Packaging,301.4,59.84,47.6,2.8,54.2,Supplier B,ISO 14001,3647.85,Pre-Order
MAT07450,Certified Wood,Accessories,32.89,66.8,77.7,6.02,79.6,Supplier B,FSC,1213.46,Pre-Order
MAT07451,Mushroom Composite,Insulation,31.79,50.44,68.3,7.65,17.3,Supplier E,None,3930.88,Low Stock
MAT07452,Bioplastic,Toys,375.21,66.99,50.2,13.76,47.4,Supplier D,None,3484.34,Low Stock
MAT07453,Recycled Copper,Construction,157.11,81.76,23.7,7.13,35.1,Supplier B,None,1665.81,Pre-Order
MAT07454,Hemp Fiber,Household Items,464.03,26.73,73.2,5.78,89.0,Supplier C,GOTS,4102.69,In Stock
MAT07455,Algae-based Material,Home Decor,319.81,1.96,80.5,1.03,0.8,Supplier E,EcoCert,2152.19,Low Stock
MAT07456,Hemp Fiber,Office Supplies,123.98,28.38,52.0,5.18,42.8,Supplier D,EcoCert,2338.94,In Stock
MAT07457,Recycled Glass,Electronics,451.03,26.42,51.5,13.91,24.8,Supplier A,FSC,2996.3,Low Stock
MAT07458,Biodegradable Plastic,Toys,265.62,3.85,89.2,3.26,5.2,Supplier C,ISO 14001,3418.77,In Stock
MAT07459,Mushroom Composite,Construction,456.31,63.52,54.5,1.13,38.8,Supplier A,Cradle to Cradle,831.66,Pre-Order
MAT07460,Recycled PET,Sports Equipment,143.94,93.72,51.9,0.79,94.5,Supplier C,FSC,3664.45,In Stock
MAT07461,Certified Wood,Food Packaging,327.19,53.77,90.6,14.38,6.3,Supplier D,ISO 14001,2771.37,Pre-Order
MAT07462,Linen,Automotive,40.48,12.67,69.2,0.61,38.3,Supplier D,ISO 14001,2301.59,Pre-Order
MAT07463,Recycled Copper,Coatings,29.66,6.36,44.6,4.07,95.1,Supplier D,FSC,3097.56,Pre-Order
MAT07464,Mycelium Leather,Home Decor,206.45,34.55,70.8,4.35,3.3,Supplier C,FSC,2073.34,Pre-Order
MAT07465,Certified Wood,Coatings,79.27,2.52,25.0,3.8,64.3,Supplier B,ISO 14001,1467.44,Low Stock
MAT07466,Corn Plastic,Sports Equipment,451.73,95.23,89.8,5.48,21.6,Supplier A,None,1620.99,Pre-Order
MAT07467,Seaweed Polymer,Furniture,347.42,47.51,29.9,5.47,84.1,Supplier C,ISO 14001,2079.98,Pre-Order
MAT07468,Jute,Sports Equipment,84.55,29.35,46.0,8.67,30.6,Supplier C,Cradle to Cradle,2776.35,Pre-Order
MAT07469,Sustainable Bamboo,Sports Equipment,323.87,65.04,75.4,6.61,72.9,Supplier C,Cradle to Cradle,2133.1,Pre-Order
MAT07470,Bio-based Polymer,Office Supplies,272.07,76.89,90.3,4.24,11.7,Supplier A,ISO 14001,1624.31,Pre-Order
MAT07471,Recycled Glass,Bags & Luggage,438.58,2.37,42.6,0.74,9.4,Supplier B,Cradle to Cradle,4064.51,Low Stock
MAT07472,Recycled Aluminum,Cosmetics,60.57,17.87,70.1,10.64,22.9,Supplier E,EcoCert,3201.31,In Stock
MAT07473,Bioplastic,Bags & Luggage,171.38,4.55,53.6,1.91,8.6,Supplier C,EcoCert,2595.41,Low Stock
MAT07474,Bio-based Polymer,Home Decor,349.73,33.17,31.0,5.74,45.0,Supplier B,ISO 14001,2608.69,Pre-Order
MAT07475,Linen,Home Decor,315.59,58.96,92.1,9.94,28.0,Supplier E,ISO 14001,1260.77,Pre-Order
MAT07476,Recycled Aluminum,Adhesives,165.33,61.03,72.4,8.02,81.8,Supplier C,EcoCert,2734.85,Pre-Order
MAT07477,Flax Fiber,Sports Equipment,102.64,2.15,38.8,10.6,47.9,Supplier C,ISO 14001,2070.85,Pre-Order
MAT07478,Mushroom Composite,Accessories,104.78,95.49,67.2,4.04,81.7,Supplier A,FSC,4086.92,Low Stock
MAT07479,Hemp Fiber,Coatings,277.32,42.34,67.4,5.84,25.8,Supplier D,ISO 14001,2631.93,Low Stock
MAT07480,Natural Rubber,Bags & Luggage,152.29,19.87,63.7,2.97,24.1,Supplier A,EcoCert,3065.19,In Stock
MAT07481,Recycled PET,Food Packaging,389.64,97.87,65.3,13.6,48.5,Supplier B,EcoCert,3579.79,In Stock
MAT07482,Jute,Kitchen Utensils,269.12,56.39,55.3,8.92,51.9,Supplier E,ISO 14001,1967.93,Low Stock
MAT07483,Recycled Aluminum,Insulation,383.71,5.49,48.5,10.55,10.9,Supplier B,EcoCert,1906.51,Pre-Order
MAT07484,Hemp Fiber,Furniture,489.08,50.56,79.4,3.64,35.8,Supplier B,Cradle to Cradle,2099.9,In Stock
MAT07485,Cellulose,Office Supplies,83.51,33.78,76.6,4.67,64.6,Supplier A,ISO 14001,2507.43,Pre-Order
MAT07486,Mycelium Leather,Home Decor,248.65,53.28,56.7,13.48,88.4,Supplier E,ISO 14001,3906.81,Low Stock
MAT07487,Recycled Paper,Toys,157.76,10.54,46.7,4.75,81.6,Supplier D,None,4037.12,In Stock
MAT07488,Seaweed Polymer,Electronics,330.28,3.39,35.9,13.55,24.5,Supplier D,GOTS,2793.78,In Stock
MAT07489,Recycled PET,Automotive,269.67,22.96,42.3,4.94,84.1,Supplier E,FSC,2127.29,Low Stock
MAT07490,Cork Composite,Food Packaging,361.65,5.13,31.8,7.83,72.0,Supplier C,None,2952.31,Pre-Order
MAT07491,Bio-based Polymer,Flooring,44.66,75.47,70.3,7.25,96.5,Supplier D,ISO 14001,833.32,In Stock
MAT07492,Algae-based Material,Adhesives,67.18,51.9,59.6,14.99,11.3,Supplier E,FSC,2853.54,Low Stock
MAT07493,Biodegradable Plastic,Sports Equipment,307.44,42.81,63.1,7.83,76.7,Supplier E,Cradle to Cradle,3276.84,Pre-Order
MAT07494,Recycled Glass,Coatings,128.77,45.74,35.8,2.44,2.9,Supplier C,None,3554.06,Pre-Order
MAT07495,Biodegradable Plastic,Toys,489.11,87.7,42.7,5.37,51.0,Supplier E,FSC,1613.52,In Stock
MAT07496,Mushroom Composite,Kitchen Utensils,374.29,97.31,96.5,4.06,97.8,Supplier A,GOTS,1319.7,In Stock
MAT07497,Bio-based Polymer,Footwear,37.13,58.75,20.4,1.1,63.1,Supplier C,GOTS,2997.96,In Stock
MAT07498,Cork,Toys,407.26,37.93,68.6,13.32,65.2,Supplier E,FSC,3794.76,Low Stock
MAT07499,Flax Fiber,Automotive,218.68,47.7,26.7,12.8,8.7,Supplier B,None,3861.16,In Stock
MAT07500,Wool,Flooring,231.26,6.45,25.4,3.66,75.0,Supplier E,EcoCert,516.26,Pre-Order
MAT07501,Seaweed Polymer,Automotive,112.1,93.19,66.9,7.82,44.4,Supplier C,GOTS,3018.71,In Stock
MAT07502,Bio-based Polymer,Construction,238.89,65.46,72.8,14.49,83.8,Supplier D,Cradle to Cradle,3404.66,In Stock
MAT07503,Recycled PET,Office Supplies,152.42,65.21,30.2,0.55,45.4,Supplier A,FSC,2133.1,Pre-Order
MAT07504,Certified Wood,Adhesives,309.76,72.29,92.7,1.78,54.7,Supplier C,ISO 14001,2490.83,In Stock
MAT07505,Mushroom Composite,Sports Equipment,370.1,97.16,20.2,4.4,20.0,Supplier A,None,465.63,In Stock
MAT07506,Linen,Construction,183.19,45.55,97.3,14.56,89.1,Supplier D,None,1284.84,Low Stock
MAT07507,Recycled Glass,Office Supplies,360.81,34.87,49.0,5.04,6.3,Supplier C,FSC,1228.4,Low Stock
MAT07508,Mycelium Leather,Flooring,79.0,32.57,20.7,8.27,74.2,Supplier A,GOTS,4145.85,Low Stock
MAT07509,Seaweed Polymer,Adhesives,459.81,45.58,86.4,5.92,74.6,Supplier C,Cradle to Cradle,200.03,Low Stock
MAT07510,Cork,Household Items,423.27,34.76,72.3,14.75,76.0,Supplier B,None,2403.68,In Stock
MAT07511,Jute,Electronics,93.3,48.51,79.2,11.32,90.3,Supplier A,GOTS,3252.77,Low Stock
MAT07512,Bioplastic,Sports Equipment,348.91,87.29,64.4,10.2,19.8,Supplier C,FSC,991.02,In Stock
MAT07513,Organic Cotton,Flooring,279.81,45.97,89.2,1.73,68.4,Supplier D,FSC,2553.08,In Stock
MAT07514,Bio-based Polymer,Flooring,448.65,42.85,89.7,10.93,64.4,Supplier C,FSC,3869.46,Low Stock
MAT07515,Flax Fiber,Insulation,47.55,83.36,66.3,8.47,81.9,Supplier E,ISO 14001,3782.31,Pre-Order
MAT07516,Recycled PET,Automotive,49.44,52.53,64.6,2.89,23.5,Supplier C,GOTS,2984.68,In Stock
MAT07517,Wool,Home Decor,59.87,77.92,90.2,4.05,25.2,Supplier B,ISO 14001,1850.9,Pre-Order
MAT07518,Corn Plastic,Insulation,471.09,26.73,73.1,8.17,17.3,Supplier B,Cradle to Cradle,2095.75,Pre-Order
MAT07519,Mycelium Leather,Sports Equipment,16.9,8.93,29.8,5.8,92.3,Supplier B,None,3519.2,In Stock
MAT07520,Recycled Copper,Cosmetics,22.91,90.77,60.8,8.4,34.1,Supplier B,EcoCert,2964.76,Pre-Order
MAT07521,Seaweed Polymer,Accessories,418.39,52.25,90.5,4.13,10.4,Supplier D,Cradle to Cradle,1305.59,Pre-Order
MAT07522,Linen,Household Items,278.61,43.69,86.3,9.42,2.7,Supplier B,EcoCert,1359.54,Low Stock
MAT07523,Cellulose,Textiles,233.34,21.08,20.6,3.22,92.1,Supplier A,FSC,3868.63,Pre-Order
MAT07524,Recycled PET,Bags & Luggage,13.47,56.84,25.8,0.54,41.1,Supplier A,Cradle to Cradle,3685.2,In Stock
MAT07525,Natural Rubber,Home Decor,335.67,62.24,59.2,13.28,47.7,Supplier A,Cradle to Cradle,789.33,Low Stock
MAT07526,Recycled Glass,Food Packaging,447.46,8.81,51.1,3.08,56.4,Supplier C,GOTS,946.2,Low Stock
MAT07527,Recycled PET,Coatings,378.15,14.78,92.2,10.3,50.2,Supplier B,Cradle to Cradle,2543.95,In Stock
MAT07528,Natural Rubber,Adhesives,180.45,81.8,28.5,10.96,59.8,Supplier B,Cradle to Cradle,3461.93,Pre-Order
MAT07529,Natural Rubber,Electronics,61.88,55.81,30.0,10.27,91.3,Supplier A,None,839.96,In Stock
MAT07530,Linen,Household Items,360.58,35.89,76.1,6.27,74.2,Supplier C,FSC,3285.14,Low Stock
MAT07531,Bio-based Polymer,Furniture,344.77,50.4,47.6,13.76,90.3,Supplier D,EcoCert,1384.44,Pre-Order
MAT07532,Recycled Paper,Textiles,166.41,43.68,72.6,7.61,53.3,Supplier E,FSC,2421.11,Low Stock
MAT07533,Mushroom Composite,Flooring,102.01,49.0,64.2,4.35,59.9,Supplier D,Cradle to Cradle,4109.33,Low Stock
MAT07534,Recycled Aluminum,Cosmetics,148.83,26.63,21.4,11.91,17.9,Supplier B,GOTS,947.03,Pre-Order
MAT07535,Mushroom Composite,Adhesives,492.18,76.51,85.8,7.58,12.8,Supplier E,EcoCert,2875.12,In Stock
MAT07536,Certified Wood,Coatings,196.2,30.68,91.3,8.36,80.4,Supplier D,None,3925.9,In Stock
MAT07537,Biodegradable Plastic,Household Items,66.06,51.25,66.9,9.33,26.7,Supplier E,GOTS,1225.91,In Stock
MAT07538,Recycled Glass,Flooring,297.59,6.83,51.0,6.22,1.3,Supplier D,Cradle to Cradle,2259.26,In Stock
MAT07539,Mycelium Leather,Electronics,259.07,13.62,37.2,12.51,63.3,Supplier E,FSC,375.16,Low Stock
MAT07540,Cork,Accessories,265.05,16.17,91.4,12.68,84.6,Supplier B,None,2133.93,Low Stock
MAT07541,Wool,Kitchen Utensils,87.33,54.61,48.2,13.61,7.5,Supplier D,FSC,1600.24,Pre-Order
MAT07542,Organic Cotton,Kitchen Utensils,171.1,79.56,38.1,6.95,77.0,Supplier A,FSC,2777.18,Low Stock
MAT07543,Organic Cotton,Flooring,438.42,24.74,77.9,8.27,16.0,Supplier B,FSC,2496.64,Low Stock
MAT07544,Recycled Aluminum,Cosmetics,297.3,44.69,58.1,14.25,20.8,Supplier B,ISO 14001,370.18,Pre-Order
MAT07545,Certified Wood,Office Supplies,161.21,9.07,64.3,6.36,58.0,Supplier C,EcoCert,2901.68,In Stock
MAT07546,Wool,Insulation,232.17,90.61,62.9,3.53,68.4,Supplier A,EcoCert,930.43,Pre-Order
MAT07547,Hemp Fiber,Coatings,18.9,75.21,92.5,1.76,70.6,Supplier B,ISO 14001,1120.5,Pre-Order
MAT07548,Cork,Sports Equipment,459.52,85.59,50.2,3.18,50.3,Supplier D,FSC,2514.9,In Stock
MAT07549,Sustainable Bamboo,Electronics,300.79,82.63,24.7,4.77,83.0,Supplier A,FSC,1785.33,In Stock
MAT07550,Jute,Automotive,282.95,68.97,78.9,5.85,78.6,Supplier C,EcoCert,413.34,Pre-Order
MAT07551,Bioplastic,Sports Equipment,241.49,57.35,47.9,9.84,65.3,Supplier A,FSC,3561.53,Pre-Order
MAT07552,Corn Plastic,Sports Equipment,450.79,42.66,62.0,11.98,13.9,Supplier B,EcoCert,2856.86,Pre-Order
MAT07553,Recycled Copper,Adhesives,381.66,44.02,34.2,0.8,6.8,Supplier C,ISO 14001,1984.53,In Stock
MAT07554,Algae-based Material,Furniture,362.76,92.53,25.7,6.91,66.8,Supplier B,GOTS,1671.62,In Stock
MAT07555,Wool,Insulation,95.71,69.68,20.8,10.88,49.4,Supplier B,ISO 14001,2856.86,In Stock
MAT07556,Recycled Aluminum,Construction,138.99,67.6,87.9,4.55,51.0,Supplier C,ISO 14001,2280.01,Pre-Order
MAT07557,Cork,Furniture,182.75,47.26,22.5,10.35,68.2,Supplier E,ISO 14001,3373.95,In Stock
MAT07558,Mycelium Leather,Kitchen Utensils,119.38,28.39,94.6,7.28,93.5,Supplier E,EcoCert,855.73,Low Stock
MAT07559,Algae-based Material,Electronics,311.32,66.0,48.9,13.67,46.4,Supplier E,EcoCert,1295.63,Pre-Order
MAT07560,Jute,Construction,72.35,99.5,62.9,6.59,24.5,Supplier B,None,4135.06,Pre-Order
MAT07561,Bioplastic,Household Items,41.26,37.86,39.9,9.03,76.6,Supplier A,FSC,895.57,Pre-Order
MAT07562,Cellulose,Food Packaging,44.35,40.02,81.1,5.84,10.6,Supplier C,Cradle to Cradle,444.88,Low Stock
MAT07563,Cork Composite,Automotive,128.98,28.87,98.9,6.74,62.6,Supplier E,EcoCert,1291.48,Pre-Order
MAT07564,Seaweed Polymer,Footwear,319.99,90.99,83.9,0.61,24.0,Supplier D,EcoCert,242.36,Pre-Order
MAT07565,Recycled Paper,Textiles,167.17,14.3,83.6,6.39,3.8,Supplier A,FSC,3354.86,In Stock
MAT07566,Recycled PET,Home Decor,439.6,50.61,52.7,10.15,99.7,Supplier E,None,3470.23,Low Stock
MAT07567,Hemp Fiber,Construction,410.31,18.15,70.0,2.28,26.0,Supplier C,None,3042.78,Low Stock
MAT07568,Linen,Accessories,327.77,26.26,89.5,9.17,77.3,Supplier B,Cradle to Cradle,442.39,In Stock
MAT07569,Recycled Paper,Sports Equipment,67.65,23.14,85.2,10.87,66.7,Supplier A,Cradle to Cradle,2026.86,In Stock
MAT07570,Bioplastic,Flooring,422.8,87.11,78.2,14.08,64.1,Supplier A,Cradle to Cradle,2353.05,Low Stock
MAT07571,Cellulose,Adhesives,491.21,96.28,41.4,1.77,33.0,Supplier D,Cradle to Cradle,3818.0,Pre-Order
MAT07572,Bio-based Polymer,Household Items,72.75,45.6,41.9,1.0,64.0,Supplier E,GOTS,1930.58,In Stock
MAT07573,Cellulose,Toys,68.07,46.37,73.6,3.29,84.4,Supplier D,GOTS,3674.41,Pre-Order
MAT07574,Jute,Toys,375.67,12.13,86.2,6.49,93.2,Supplier B,Cradle to Cradle,2454.31,In Stock
MAT07575,Recycled PET,Bags & Luggage,449.3,60.19,20.9,7.76,62.7,Supplier A,ISO 14001,2068.36,In Stock
MAT07576,Certified Wood,Textiles,463.56,56.03,33.7,2.11,90.0,Supplier C,FSC,346.11,In Stock
MAT07577,Mycelium Leather,Footwear,43.85,87.06,81.8,14.4,17.2,Supplier B,EcoCert,298.8,In Stock
MAT07578,Sustainable Bamboo,Sports Equipment,22.17,88.27,94.4,2.66,52.8,Supplier B,Cradle to Cradle,3962.42,In Stock
MAT07579,Recycled Copper,Coatings,368.07,87.3,94.1,14.0,24.5,Supplier B,FSC,757.79,Pre-Order
MAT07580,Recycled Paper,Electronics,84.91,21.17,63.4,5.18,12.0,Supplier A,Cradle to Cradle,1232.55,In Stock
MAT07581,Recycled Metal,Household Items,55.98,95.95,79.4,6.37,2.2,Supplier E,None,1236.7,Pre-Order
MAT07582,Mushroom Composite,Automotive,132.81,69.39,68.7,9.72,96.5,Supplier B,Cradle to Cradle,2524.03,Low Stock
MAT07583,Recycled Aluminum,Coatings,294.89,82.91,85.7,13.51,4.7,Supplier B,ISO 14001,4030.48,Pre-Order
MAT07584,Bio-based Polymer,Sports Equipment,363.65,99.68,30.6,8.49,82.0,Supplier B,None,2629.44,Low Stock
MAT07585,Cork,Adhesives,267.66,70.12,59.2,5.09,44.4,Supplier B,Cradle to Cradle,374.33,Pre-Order
MAT07586,Mycelium Leather,Coatings,27.68,92.97,92.8,5.49,29.3,Supplier A,Cradle to Cradle,733.72,Low Stock
MAT07587,Bioplastic,Accessories,67.66,98.81,61.5,11.53,53.2,Supplier D,EcoCert,3896.85,In Stock
MAT07588,Linen,Bags & Luggage,485.95,84.24,44.3,7.04,26.4,Supplier C,GOTS,2391.23,In Stock
MAT07589,Cork,Construction,124.33,38.73,93.1,6.54,83.6,Supplier A,None,891.42,Pre-Order
MAT07590,Algae-based Material,Cosmetics,302.68,46.66,74.8,3.29,70.4,Supplier C,GOTS,1209.31,In Stock
MAT07591,Cork Composite,Electronics,133.38,77.98,42.4,10.01,5.9,Supplier D,FSC,828.34,Pre-Order
MAT07592,Cellulose,Flooring,309.45,2.22,56.1,5.99,11.4,Supplier E,Cradle to Cradle,645.74,Pre-Order
MAT07593,Linen,Accessories,333.48,66.74,68.8,4.71,4.2,Supplier B,FSC,3399.68,In Stock
MAT07594,Flax Fiber,Automotive,440.09,87.1,81.6,8.61,55.7,Supplier C,ISO 14001,1833.47,In Stock
MAT07595,Cardboard,Electronics,423.57,49.42,76.9,7.5,63.3,Supplier B,EcoCert,3236.17,In Stock
MAT07596,Recycled Paper,Food Packaging,14.15,4.74,67.0,12.7,10.9,Supplier A,EcoCert,2393.72,In Stock
MAT07597,Corn Plastic,Insulation,444.22,12.12,96.7,0.55,85.2,Supplier E,Cradle to Cradle,2333.13,Pre-Order
MAT07598,Organic Cotton,Bags & Luggage,66.13,29.74,57.2,8.92,16.1,Supplier A,ISO 14001,1628.46,Low Stock
MAT07599,Bio-based Polymer,Footwear,433.99,59.87,93.8,13.5,36.8,Supplier D,ISO 14001,1050.78,Pre-Order
MAT07600,Cardboard,Adhesives,53.74,66.63,32.7,14.2,92.0,Supplier A,GOTS,3131.59,Pre-Order
MAT07601,Wool,Furniture,473.43,71.16,38.1,1.41,37.5,Supplier D,GOTS,2278.35,Low Stock
MAT07602,Mycelium Leather,Coatings,208.55,18.98,87.5,14.96,92.3,Supplier A,GOTS,1727.23,Low Stock
MAT07603,Bio-based Polymer,Coatings,135.6,27.43,34.7,0.84,61.5,Supplier C,FSC,224.1,In Stock
MAT07604,Recycled Paper,Cosmetics,222.61,7.0,55.3,0.88,43.1,Supplier C,None,2753.11,In Stock
MAT07605,Biodegradable Plastic,Automotive,143.79,94.93,92.4,9.43,92.6,Supplier A,GOTS,290.5,Low Stock
MAT07606,Corn Plastic,Automotive,110.38,77.68,60.0,1.58,12.1,Supplier A,FSC,2357.2,Low Stock
MAT07607,Bio-based Polymer,Insulation,323.08,12.12,26.7,4.55,73.4,Supplier E,ISO 14001,1126.31,Low Stock
MAT07608,Hemp Fiber,Toys,294.21,65.64,70.8,8.75,71.8,Supplier C,Cradle to Cradle,2789.63,In Stock
MAT07609,Algae-based Material,Kitchen Utensils,199.58,30.92,86.8,8.07,10.2,Supplier E,FSC,673.96,Low Stock
MAT07610,Organic Cotton,Furniture,429.04,15.11,38.7,4.73,11.8,Supplier B,None,502.98,Pre-Order
MAT07611,Natural Rubber,Adhesives,122.22,59.68,90.2,4.36,92.4,Supplier C,GOTS,278.88,Pre-Order
MAT07612,Linen,Accessories,346.15,9.59,34.6,0.8,86.1,Supplier D,None,3597.22,In Stock
MAT07613,Jute,Insulation,420.8,10.38,23.4,13.96,77.5,Supplier D,Cradle to Cradle,1349.58,In Stock
MAT07614,Cellulose,Kitchen Utensils,484.99,60.52,87.0,14.57,56.3,Supplier B,EcoCert,2892.55,Low Stock
MAT07615,Cardboard,Footwear,116.92,20.6,77.1,9.82,55.3,Supplier E,GOTS,2575.49,In Stock
MAT07616,Natural Rubber,Insulation,260.77,31.38,72.5,10.53,35.6,Supplier C,EcoCert,1578.66,In Stock
MAT07617,Hemp Fiber,Textiles,394.43,22.86,79.7,12.14,6.5,Supplier A,FSC,3067.68,Low Stock
MAT07618,Recycled Metal,Cosmetics,158.3,51.13,73.0,14.67,7.6,Supplier A,EcoCert,1231.72,In Stock
MAT07619,Cellulose,Sports Equipment,73.16,90.51,95.3,11.72,89.1,Supplier C,Cradle to Cradle,582.66,In Stock
MAT07620,Jute,Home Decor,157.79,33.04,61.1,6.65,39.3,Supplier E,None,3431.22,Pre-Order
MAT07621,Mycelium Leather,Office Supplies,449.9,11.18,53.9,8.31,81.5,Supplier C,FSC,2096.58,Low Stock
MAT07622,Recycled Glass,Insulation,469.54,41.02,71.6,12.81,73.8,Supplier C,ISO 14001,3295.1,Pre-Order
MAT07623,Certified Wood,Bags & Luggage,64.41,5.85,70.6,11.83,91.9,Supplier B,ISO 14001,3602.2,Low Stock
MAT07624,Wool,Textiles,179.89,48.36,24.9,5.13,53.7,Supplier A,FSC,4002.26,Pre-Order
MAT07625,Recycled PET,Textiles,110.82,11.98,92.7,8.99,63.9,Supplier D,ISO 14001,3785.63,In Stock
MAT07626,Recycled Paper,Furniture,215.2,39.16,54.5,14.25,43.4,Supplier D,EcoCert,771.07,Pre-Order
MAT07627,Algae-based Material,Cosmetics,382.96,58.82,77.0,10.23,42.9,Supplier A,Cradle to Cradle,4012.22,Pre-Order
MAT07628,Cellulose,Bags & Luggage,476.96,65.32,77.4,8.74,10.8,Supplier C,FSC,873.99,Low Stock
MAT07629,Flax Fiber,Bags & Luggage,336.21,61.17,28.1,12.17,10.4,Supplier D,GOTS,951.18,Low Stock
MAT07630,Cork Composite,Accessories,384.23,38.74,37.7,14.79,83.9,Supplier C,None,191.73,Low Stock
MAT07631,Cork Composite,Automotive,434.79,5.28,80.3,3.44,0.3,Supplier D,EcoCert,3475.21,Pre-Order
MAT07632,Recycled Copper,Flooring,346.06,55.24,82.8,3.84,8.7,Supplier B,None,2525.69,Pre-Order
MAT07633,Jute,Kitchen Utensils,209.82,26.29,86.2,4.48,65.8,Supplier A,EcoCert,3857.84,In Stock
MAT07634,Cardboard,Food Packaging,197.22,87.2,70.0,7.75,97.4,Supplier D,None,1392.74,In Stock
MAT07635,Cork,Construction,17.09,75.73,91.3,10.11,2.2,Supplier A,GOTS,2651.85,Low Stock
MAT07636,Recycled Metal,Home Decor,308.14,70.32,60.6,11.74,69.8,Supplier B,ISO 14001,571.04,In Stock
MAT07637,Natural Rubber,Adhesives,251.49,2.31,98.5,3.2,26.1,Supplier B,None,1284.01,In Stock
MAT07638,Linen,Electronics,352.56,32.59,59.2,14.78,17.9,Supplier A,Cradle to Cradle,838.3,In Stock
MAT07639,Bio-based Polymer,Accessories,367.35,6.2,91.6,14.9,95.9,Supplier C,ISO 14001,3462.76,Pre-Order
MAT07640,Cork,Household Items,122.36,38.31,60.8,11.74,99.2,Supplier C,EcoCert,2448.5,In Stock
MAT07641,Cork,Electronics,202.19,41.53,88.8,6.25,57.8,Supplier A,None,244.85,Pre-Order
MAT07642,Bioplastic,Food Packaging,131.33,67.72,45.6,5.3,80.5,Supplier D,ISO 14001,4138.38,In Stock
MAT07643,Mycelium Leather,Automotive,282.65,23.88,97.5,12.76,27.0,Supplier C,Cradle to Cradle,3437.03,In Stock
MAT07644,Recycled Glass,Automotive,247.78,72.93,20.9,1.67,82.0,Supplier C,GOTS,2569.68,In Stock
MAT07645,Recycled Glass,Adhesives,437.64,75.93,99.7,9.84,8.9,Supplier C,FSC,762.77,Low Stock
MAT07646,Seaweed Polymer,Sports Equipment,324.47,96.4,51.6,3.01,24.1,Supplier D,None,702.18,Pre-Order
MAT07647,Jute,Construction,190.05,84.06,57.4,2.57,39.6,Supplier A,GOTS,2827.81,Low Stock
MAT07648,Certified Wood,Coatings,15.47,51.79,72.8,3.49,1.5,Supplier C,Cradle to Cradle,3578.13,Pre-Order
MAT07649,Mycelium Leather,Furniture,38.15,45.62,94.9,14.12,50.2,Supplier B,ISO 14001,2765.56,Pre-Order
MAT07650,Cardboard,Office Supplies,256.15,99.4,57.5,7.77,71.1,Supplier A,ISO 14001,3495.13,Pre-Order
MAT07651,Bio-based Polymer,Construction,208.7,62.58,48.3,14.2,60.8,Supplier D,FSC,3532.48,Pre-Order
MAT07652,Cork Composite,Footwear,158.14,3.58,33.9,0.82,20.1,Supplier C,Cradle to Cradle,1846.75,In Stock
MAT07653,Seaweed Polymer,Construction,284.32,36.07,36.6,14.74,87.7,Supplier E,ISO 14001,2182.07,In Stock
MAT07654,Cork,Sports Equipment,402.07,82.1,44.7,8.67,49.5,Supplier B,ISO 14001,3016.22,Low Stock
MAT07655,Bio-based Polymer,Bags & Luggage,138.64,69.56,79.0,3.13,9.9,Supplier E,ISO 14001,3280.16,Low Stock
MAT07656,Natural Rubber,Toys,394.86,58.78,33.6,6.68,35.6,Supplier C,Cradle to Cradle,2403.68,Pre-Order
MAT07657,Biodegradable Plastic,Kitchen Utensils,345.89,12.46,89.3,12.3,93.4,Supplier E,None,2856.86,Pre-Order
MAT07658,Certified Wood,Coatings,37.62,23.36,41.0,12.04,77.0,Supplier E,Cradle to Cradle,510.45,Low Stock
MAT07659,Recycled Paper,Office Supplies,131.07,87.72,71.6,9.49,62.1,Supplier A,ISO 14001,366.03,Pre-Order
MAT07660,Recycled PET,Footwear,40.24,88.07,39.2,14.24,21.7,Supplier A,EcoCert,4143.36,In Stock
MAT07661,Corn Plastic,Adhesives,108.08,21.83,27.2,6.55,51.4,Supplier E,EcoCert,1122.99,Pre-Order
MAT07662,Natural Rubber,Adhesives,42.3,26.27,50.7,4.03,39.3,Supplier D,FSC,3995.62,Pre-Order
MAT07663,Sustainable Bamboo,Insulation,291.58,5.17,29.4,10.64,88.8,Supplier B,ISO 14001,1099.75,Pre-Order
MAT07664,Recycled Aluminum,Home Decor,70.74,64.62,25.1,7.6,20.5,Supplier E,Cradle to Cradle,3745.79,In Stock
MAT07665,Recycled PET,Cosmetics,232.81,73.7,45.0,5.81,78.4,Supplier C,None,2096.58,Low Stock
MAT07666,Mushroom Composite,Sports Equipment,278.82,30.18,59.2,14.04,98.1,Supplier A,ISO 14001,2446.84,Pre-Order
MAT07667,Cork,Insulation,397.51,53.78,66.1,10.24,46.1,Supplier A,FSC,451.52,Pre-Order
MAT07668,Bio-based Polymer,Cosmetics,67.63,49.29,79.3,8.92,29.4,Supplier D,ISO 14001,1665.81,Low Stock
MAT07669,Wool,Kitchen Utensils,293.73,46.15,65.3,13.24,58.1,Supplier C,EcoCert,1725.57,In Stock
MAT07670,Hemp Fiber,Accessories,368.43,95.49,67.2,5.65,85.8,Supplier A,None,1276.54,Pre-Order
MAT07671,Biodegradable Plastic,Home Decor,375.64,33.68,22.2,2.44,10.9,Supplier B,ISO 14001,3036.14,Pre-Order
MAT07672,Jute,Sports Equipment,181.05,56.28,67.5,9.0,91.9,Supplier A,FSC,2651.02,Low Stock
MAT07673,Wool,Household Items,32.06,58.28,86.2,6.78,48.7,Supplier E,None,3475.21,In Stock
MAT07674,Cork,Automotive,196.05,13.12,21.9,10.23,54.0,Supplier C,Cradle to Cradle,2191.2,In Stock
MAT07675,Recycled Aluminum,Textiles,420.24,37.72,45.7,3.01,58.8,Supplier D,None,3192.18,In Stock
MAT07676,Cork,Electronics,272.52,76.93,57.0,10.8,1.7,Supplier D,ISO 14001,3918.43,In Stock
MAT07677,Mycelium Leather,Construction,493.89,31.56,26.1,6.21,68.7,Supplier A,Cradle to Cradle,3534.97,In Stock
MAT07678,Cardboard,Coatings,288.77,63.89,43.5,10.53,27.8,Supplier A,ISO 14001,3326.64,Pre-Order
MAT07679,Mushroom Composite,Coatings,411.44,58.18,33.9,6.65,89.2,Supplier E,FSC,3222.89,Pre-Order
MAT07680,Cellulose,Office Supplies,230.42,6.56,72.4,5.83,99.3,Supplier B,None,320.38,In Stock
MAT07681,Recycled Aluminum,Bags & Luggage,380.2,91.1,59.3,3.74,59.0,Supplier C,None,3963.25,Low Stock
MAT07682,Cork,Household Items,67.58,39.49,58.4,13.38,52.2,Supplier E,EcoCert,1733.04,In Stock
MAT07683,Jute,Insulation,385.74,13.27,68.0,3.21,58.6,Supplier D,None,2275.86,In Stock
MAT07684,Recycled Glass,Kitchen Utensils,227.97,26.49,47.7,4.84,79.5,Supplier B,GOTS,3651.17,Pre-Order
MAT07685,Recycled Glass,Textiles,310.06,9.7,64.3,14.87,58.0,Supplier E,GOTS,1376.14,In Stock
MAT07686,Cork Composite,Food Packaging,448.8,26.6,24.5,5.37,60.2,Supplier C,Cradle to Cradle,826.68,Low Stock
MAT07687,Recycled Metal,Automotive,233.02,8.79,31.1,6.58,54.9,Supplier A,None,2014.41,In Stock
MAT07688,Recycled Aluminum,Office Supplies,234.14,51.78,91.4,13.41,52.8,Supplier E,ISO 14001,2989.66,Low Stock
MAT07689,Recycled Aluminum,Toys,464.91,77.67,35.9,2.37,50.7,Supplier E,None,2192.03,Pre-Order
MAT07690,Bioplastic,Cosmetics,345.73,99.63,32.1,14.15,97.0,Supplier E,None,4027.16,Pre-Order
MAT07691,Organic Cotton,Home Decor,447.34,10.48,54.6,11.75,17.0,Supplier A,ISO 14001,2153.02,In Stock
MAT07692,Cork,Adhesives,393.04,85.73,86.8,4.4,6.7,Supplier C,ISO 14001,1328.0,Low Stock
MAT07693,Cork,Flooring,261.31,82.08,80.4,3.09,61.0,Supplier A,ISO 14001,2594.58,Low Stock
MAT07694,Recycled PET,Bags & Luggage,140.05,61.81,84.8,2.18,75.6,Supplier E,ISO 14001,221.61,Low Stock
MAT07695,Jute,Electronics,364.81,55.02,64.0,13.2,96.4,Supplier A,None,2568.02,In Stock
MAT07696,Recycled Metal,Flooring,64.57,96.46,27.9,3.95,67.7,Supplier A,ISO 14001,4040.44,Low Stock
MAT07697,Corn Plastic,Footwear,24.28,68.91,99.5,13.84,19.7,Supplier D,EcoCert,1521.39,In Stock
MAT07698,Recycled Paper,Toys,29.21,32.08,21.3,6.71,13.4,Supplier A,EcoCert,2124.8,Low Stock
MAT07699,Recycled Aluminum,Flooring,211.06,88.01,24.8,6.95,42.2,Supplier E,None,1782.01,Low Stock
MAT07700,Recycled Copper,Coatings,81.4,71.95,58.4,4.96,24.6,Supplier D,EcoCert,2555.57,Low Stock
MAT07701,Algae-based Material,Automotive,204.1,92.62,24.7,6.34,14.4,Supplier A,GOTS,3439.52,In Stock
MAT07702,Recycled PET,Coatings,318.22,56.03,73.8,13.74,4.2,Supplier A,ISO 14001,1060.74,In Stock
MAT07703,Recycled PET,Office Supplies,202.78,4.34,86.1,13.09,32.8,Supplier C,None,996.83,Low Stock
MAT07704,Cork Composite,Cosmetics,13.2,42.55,72.0,14.24,94.7,Supplier A,Cradle to Cradle,936.24,In Stock
MAT07705,Jute,Toys,418.66,85.55,31.9,10.59,5.8,Supplier A,EcoCert,2847.73,Low Stock
MAT07706,Certified Wood,Adhesives,237.7,66.59,40.0,2.08,1.0,Supplier A,EcoCert,2154.68,In Stock
MAT07707,Linen,Furniture,484.61,50.58,26.6,11.56,2.0,Supplier B,GOTS,3240.32,Pre-Order
MAT07708,Recycled PET,Toys,482.4,18.07,26.7,9.27,53.2,Supplier B,Cradle to Cradle,1398.55,In Stock
MAT07709,Flax Fiber,Automotive,483.68,19.82,48.0,5.69,54.5,Supplier B,GOTS,749.49,Pre-Order
MAT07710,Recycled Metal,Construction,267.14,82.57,88.6,7.89,44.8,Supplier B,None,3970.72,In Stock
MAT07711,Linen,Automotive,126.18,9.16,77.3,11.84,100.0,Supplier A,FSC,1516.41,Low Stock
MAT07712,Algae-based Material,Bags & Luggage,471.93,89.12,82.6,3.06,98.7,Supplier D,None,2214.44,Pre-Order
MAT07713,Recycled Paper,Flooring,272.56,39.8,86.3,5.57,83.9,Supplier B,EcoCert,2076.66,Pre-Order
MAT07714,Corn Plastic,Coatings,279.21,5.29,47.6,1.86,46.8,Supplier B,EcoCert,3589.75,In Stock
MAT07715,Bioplastic,Textiles,96.65,9.27,94.2,3.86,62.8,Supplier E,ISO 14001,2638.57,In Stock
MAT07716,Seaweed Polymer,Sports Equipment,265.98,8.37,74.8,12.17,42.7,Supplier A,None,3644.53,In Stock
MAT07717,Bio-based Polymer,Construction,435.87,75.87,48.4,14.75,78.3,Supplier D,FSC,3297.59,In Stock
MAT07718,Mushroom Composite,Toys,407.95,51.98,91.0,7.84,90.0,Supplier D,EcoCert,3696.82,Pre-Order
MAT07719,Biodegradable Plastic,Construction,91.8,97.9,65.0,3.64,66.1,Supplier E,ISO 14001,3085.94,In Stock
MAT07720,Cardboard,Household Items,99.0,82.71,44.4,1.64,75.0,Supplier E,GOTS,256.47,In Stock
MAT07721,Organic Cotton,Food Packaging,380.6,40.95,20.4,9.51,59.3,Supplier A,ISO 14001,819.21,In Stock
MAT07722,Wool,Footwear,416.7,73.17,58.9,10.22,66.9,Supplier A,None,3398.02,Low Stock
MAT07723,Recycled Aluminum,Household Items,107.8,2.3,25.0,3.85,77.2,Supplier E,ISO 14001,3806.38,Pre-Order
MAT07724,Recycled Glass,Home Decor,232.69,32.15,40.6,10.58,16.8,Supplier E,EcoCert,1424.28,Low Stock
MAT07725,Recycled Metal,Adhesives,406.05,37.14,48.0,5.79,14.7,Supplier A,EcoCert,439.07,Low Stock
MAT07726,Cellulose,Cosmetics,168.95,2.03,86.5,8.68,17.3,Supplier B,GOTS,3879.42,Low Stock
MAT07727,Linen,Automotive,302.41,16.8,77.6,4.77,22.4,Supplier C,None,1259.94,Pre-Order
MAT07728,Recycled Aluminum,Bags & Luggage,232.61,43.72,44.1,11.28,81.2,Supplier A,ISO 14001,3462.76,In Stock
MAT07729,Hemp Fiber,Electronics,308.28,65.54,95.3,9.13,37.9,Supplier E,FSC,1986.19,Pre-Order
MAT07730,Linen,Office Supplies,48.87,51.21,90.4,5.25,2.5,Supplier B,ISO 14001,331.17,Pre-Order
MAT07731,Cellulose,Footwear,498.21,22.68,42.6,0.65,15.2,Supplier A,ISO 14001,1096.43,Pre-Order
MAT07732,Cork,Food Packaging,373.62,79.86,39.5,6.14,24.2,Supplier E,Cradle to Cradle,2547.27,Pre-Order
MAT07733,Recycled Glass,Adhesives,209.91,42.25,52.4,3.41,99.3,Supplier A,GOTS,3095.07,Pre-Order
MAT07734,Hemp Fiber,Adhesives,498.08,81.41,34.6,13.49,8.2,Supplier B,None,223.27,Pre-Order
MAT07735,Linen,Food Packaging,456.41,42.53,24.4,11.5,41.3,Supplier C,None,3723.38,Pre-Order
MAT07736,Mycelium Leather,Household Items,364.95,89.29,84.9,11.42,26.0,Supplier A,None,714.63,In Stock
MAT07737,Biodegradable Plastic,Sports Equipment,227.08,61.92,71.0,14.29,20.9,Supplier B,FSC,3608.01,Low Stock
MAT07738,Cork Composite,Cosmetics,434.05,10.3,96.6,7.19,3.3,Supplier C,GOTS,244.85,Low Stock
MAT07739,Mycelium Leather,Office Supplies,122.14,58.11,66.4,2.54,30.9,Supplier C,None,4137.55,Low Stock
MAT07740,Recycled Copper,Coatings,430.73,49.04,23.7,9.88,65.8,Supplier B,GOTS,2691.69,Pre-Order
MAT07741,Recycled Paper,Bags & Luggage,475.24,95.79,28.8,4.03,51.1,Supplier D,GOTS,3018.71,In Stock
MAT07742,Cork Composite,Electronics,212.55,67.77,87.2,14.39,15.9,Supplier E,None,1499.81,In Stock
MAT07743,Wool,Electronics,477.43,92.02,76.6,14.49,48.4,Supplier C,EcoCert,2985.51,Pre-Order
MAT07744,Cork Composite,Textiles,389.48,81.54,69.1,11.44,70.9,Supplier B,ISO 14001,385.12,In Stock
MAT07745,Recycled Aluminum,Accessories,246.49,77.99,73.2,11.16,10.5,Supplier A,None,1021.73,In Stock
MAT07746,Corn Plastic,Construction,53.95,3.28,66.9,4.63,58.9,Supplier A,EcoCert,3661.13,In Stock
MAT07747,Cork,Household Items,65.89,19.27,67.7,6.82,89.9,Supplier E,GOTS,2426.09,In Stock
MAT07748,Jute,Cosmetics,37.96,50.43,57.5,6.24,58.9,Supplier A,FSC,2082.47,Low Stock
MAT07749,Flax Fiber,Flooring,314.78,84.89,58.0,2.02,48.1,Supplier B,Cradle to Cradle,3964.91,Pre-Order
MAT07750,Cellulose,Bags & Luggage,359.4,87.91,59.5,11.6,7.1,Supplier B,EcoCert,3296.76,Pre-Order
MAT07751,Recycled Glass,Cosmetics,210.57,66.48,64.1,6.65,23.4,Supplier C,GOTS,4144.19,In Stock
MAT07752,Wool,Bags & Luggage,213.4,38.5,58.8,6.86,66.0,Supplier C,ISO 14001,176.79,In Stock
MAT07753,Jute,Office Supplies,302.12,10.28,92.9,3.51,2.1,Supplier C,FSC,2709.12,Low Stock
MAT07754,Recycled Metal,Sports Equipment,481.08,97.98,81.5,6.47,94.4,Supplier E,Cradle to Cradle,3306.72,Low Stock
MAT07755,Mushroom Composite,Sports Equipment,311.56,57.47,20.8,14.8,55.8,Supplier A,Cradle to Cradle,2170.45,In Stock
MAT07756,Mycelium Leather,Textiles,384.1,50.11,89.2,9.82,27.1,Supplier E,Cradle to Cradle,332.0,In Stock
MAT07757,Cork,Insulation,125.11,10.4,39.1,13.2,7.3,Supplier D,ISO 14001,1586.13,In Stock
MAT07758,Algae-based Material,Accessories,16.02,69.04,57.8,4.93,91.8,Supplier C,GOTS,2173.77,Low Stock
MAT07759,Biodegradable Plastic,Coatings,151.93,23.88,32.2,2.23,19.7,Supplier B,FSC,341.96,Pre-Order
MAT07760,Cork Composite,Accessories,328.27,27.86,39.7,7.04,23.3,Supplier E,GOTS,956.16,Low Stock
MAT07761,Cardboard,Automotive,316.97,55.65,30.5,2.11,39.0,Supplier C,None,2753.94,Pre-Order
MAT07762,Cardboard,Accessories,413.34,91.5,45.8,14.12,98.2,Supplier D,Cradle to Cradle,1679.92,In Stock
MAT07763,Recycled PET,Sports Equipment,210.94,49.01,31.8,3.53,73.1,Supplier E,FSC,1778.69,Low Stock
MAT07764,Mushroom Composite,Bags & Luggage,155.06,46.12,28.6,5.26,48.9,Supplier A,ISO 14001,2250.96,Low Stock
MAT07765,Corn Plastic,Flooring,123.68,42.8,66.7,9.72,40.5,Supplier B,None,1895.72,In Stock
MAT07766,Sustainable Bamboo,Toys,420.05,61.1,70.5,12.38,9.1,Supplier C,EcoCert,328.68,In Stock
MAT07767,Cardboard,Insulation,483.37,88.84,78.9,3.88,53.4,Supplier D,EcoCert,2653.51,In Stock
MAT07768,Mycelium Leather,Bags & Luggage,66.95,43.25,75.8,10.6,98.2,Supplier A,GOTS,1695.69,Pre-Order
MAT07769,Organic Cotton,Furniture,262.44,93.33,33.7,6.52,61.5,Supplier C,EcoCert,950.35,Pre-Order
MAT07770,Hemp Fiber,Household Items,362.59,61.92,69.2,12.77,33.1,Supplier C,EcoCert,4081.94,Pre-Order
MAT07771,Recycled Metal,Bags & Luggage,81.29,82.04,57.3,9.22,73.7,Supplier E,GOTS,3361.5,In Stock
MAT07772,Certified Wood,Flooring,206.58,29.22,23.0,4.83,51.5,Supplier A,EcoCert,3816.34,Pre-Order
MAT07773,Seaweed Polymer,Construction,301.67,9.0,57.3,0.59,76.7,Supplier D,ISO 14001,3710.93,Low Stock
MAT07774,Mycelium Leather,Home Decor,354.78,73.99,98.8,14.28,42.7,Supplier D,ISO 14001,3825.47,In Stock
MAT07775,Sustainable Bamboo,Furniture,212.54,7.78,34.8,1.42,20.2,Supplier E,ISO 14001,1941.37,In Stock
MAT07776,Linen,Footwear,326.33,19.06,74.7,5.31,54.8,Supplier E,GOTS,1584.47,In Stock
MAT07777,Seaweed Polymer,Textiles,362.11,13.86,92.1,9.22,31.7,Supplier C,ISO 14001,3217.91,Low Stock
MAT07778,Hemp Fiber,Food Packaging,56.39,91.93,66.1,3.09,88.4,Supplier B,Cradle to Cradle,2003.62,In Stock
MAT07779,Recycled Metal,Bags & Luggage,450.17,80.43,48.3,1.82,94.1,Supplier B,ISO 14001,1213.46,Pre-Order
MAT07780,Biodegradable Plastic,Footwear,167.03,9.85,81.8,2.97,61.0,Supplier C,GOTS,1341.28,Pre-Order
MAT07781,Seaweed Polymer,Kitchen Utensils,223.75,9.69,28.7,3.69,56.4,Supplier E,GOTS,434.92,Low Stock
MAT07782,Corn Plastic,Adhesives,350.29,47.86,60.7,7.36,8.5,Supplier E,EcoCert,1967.1,In Stock
MAT07783,Cardboard,Automotive,396.52,9.51,86.0,10.7,53.8,Supplier B,FSC,966.95,In Stock
MAT07784,Recycled Paper,Sports Equipment,188.36,96.55,69.7,12.15,45.0,Supplier B,GOTS,1747.98,Low Stock
MAT07785,Recycled Metal,Construction,12.23,90.94,92.9,13.84,44.4,Supplier D,Cradle to Cradle,1895.72,Pre-Order
MAT07786,Biodegradable Plastic,Food Packaging,52.81,18.04,23.7,5.49,72.6,Supplier A,Cradle to Cradle,3564.85,In Stock
MAT07787,Cellulose,Adhesives,142.72,55.2,67.7,4.08,70.4,Supplier E,EcoCert,624.99,Pre-Order
MAT07788,Jute,Insulation,130.48,30.93,49.5,10.32,64.2,Supplier A,None,3297.59,Low Stock
MAT07789,Biodegradable Plastic,Bags & Luggage,204.22,90.3,92.9,13.23,1.1,Supplier E,GOTS,2201.16,In Stock
MAT07790,Seaweed Polymer,Adhesives,43.88,50.45,34.3,14.04,0.3,Supplier B,None,3242.81,Low Stock
MAT07791,Bio-based Polymer,Construction,305.61,90.25,89.2,2.84,1.2,Supplier D,GOTS,1139.59,In Stock
MAT07792,Sustainable Bamboo,Construction,105.93,56.39,61.5,4.35,99.1,Supplier A,EcoCert,2443.52,Low Stock
MAT07793,Recycled Glass,Household Items,489.41,71.47,32.5,11.72,26.8,Supplier C,GOTS,3412.96,Pre-Order
MAT07794,Cardboard,Adhesives,239.47,45.35,81.4,12.08,90.2,Supplier B,None,3565.68,In Stock
MAT07795,Organic Cotton,Flooring,26.45,99.52,81.9,11.72,64.4,Supplier E,FSC,3608.84,Pre-Order
MAT07796,Recycled Paper,Toys,144.74,53.35,47.5,14.67,45.8,Supplier A,FSC,851.58,In Stock
MAT07797,Sustainable Bamboo,Sports Equipment,173.78,97.4,95.8,5.1,36.6,Supplier D,FSC,2717.42,Pre-Order
MAT07798,Cork,Toys,194.2,5.8,99.3,11.98,46.8,Supplier D,None,3076.81,Low Stock
MAT07799,Cellulose,Bags & Luggage,481.6,73.82,98.3,3.91,29.1,Supplier D,ISO 14001,273.07,Low Stock
MAT07800,Biodegradable Plastic,Construction,349.35,10.42,30.9,0.65,77.9,Supplier B,Cradle to Cradle,2201.99,Pre-Order
MAT07801,Mushroom Composite,Automotive,171.32,7.44,81.6,9.75,28.0,Supplier C,None,2756.43,Pre-Order
MAT07802,Certified Wood,Construction,193.91,45.95,40.5,8.73,91.2,Supplier C,GOTS,1107.22,In Stock
MAT07803,Bio-based Polymer,Construction,496.51,55.53,55.6,2.97,7.4,Supplier B,None,948.69,Low Stock
MAT07804,Cork,Automotive,71.51,4.02,44.2,4.68,64.2,Supplier C,FSC,214.14,Low Stock
MAT07805,Recycled Glass,Household Items,202.68,93.08,85.6,7.75,72.5,Supplier B,EcoCert,3357.35,In Stock
MAT07806,Cardboard,Construction,247.22,28.33,39.4,4.3,44.8,Supplier C,EcoCert,2887.57,Pre-Order
MAT07807,Mycelium Leather,Footwear,127.43,82.55,99.6,13.69,14.6,Supplier B,GOTS,2367.16,Pre-Order
MAT07808,Certified Wood,Adhesives,306.01,79.99,43.1,2.86,78.9,Supplier E,Cradle to Cradle,2143.06,Low Stock
MAT07809,Certified Wood,Coatings,280.13,43.93,90.4,9.65,93.9,Supplier E,GOTS,2870.14,In Stock
MAT07810,Hemp Fiber,Electronics,11.52,80.26,74.5,12.35,9.3,Supplier B,GOTS,1846.75,Pre-Order
MAT07811,Cellulose,Textiles,203.19,22.09,28.6,3.17,85.1,Supplier C,Cradle to Cradle,3131.59,Pre-Order
MAT07812,Recycled Glass,Adhesives,167.89,86.24,90.6,6.06,66.4,Supplier D,ISO 14001,1496.49,In Stock
MAT07813,Wool,Electronics,252.09,65.06,42.4,11.14,8.0,Supplier A,EcoCert,3764.05,Low Stock
MAT07814,Organic Cotton,Construction,235.57,23.35,76.5,12.62,82.5,Supplier C,EcoCert,3374.78,Low Stock
MAT07815,Sustainable Bamboo,Insulation,151.57,30.53,54.9,10.3,58.1,Supplier D,ISO 14001,1439.22,Low Stock
MAT07816,Cardboard,Home Decor,143.15,30.29,46.4,7.19,27.1,Supplier A,FSC,653.21,In Stock
MAT07817,Bio-based Polymer,Coatings,171.34,74.29,79.1,10.1,56.2,Supplier D,EcoCert,1913.15,In Stock
MAT07818,Sustainable Bamboo,Office Supplies,354.27,35.81,86.3,10.6,60.7,Supplier A,EcoCert,1401.04,Low Stock
MAT07819,Jute,Coatings,286.49,81.29,57.2,8.54,94.2,Supplier E,None,404.21,Low Stock
MAT07820,Cork Composite,Adhesives,31.49,66.72,89.2,2.75,81.9,Supplier B,FSC,3067.68,Low Stock
MAT07821,Recycled Aluminum,Electronics,369.41,60.64,99.0,5.0,77.7,Supplier E,Cradle to Cradle,2157.17,Pre-Order
MAT07822,Recycled Glass,Toys,167.28,17.26,83.2,5.87,7.7,Supplier C,EcoCert,1783.67,Pre-Order
MAT07823,Hemp Fiber,Kitchen Utensils,78.44,60.53,84.3,11.03,93.3,Supplier B,ISO 14001,3514.22,Low Stock
MAT07824,Cork,Food Packaging,56.56,6.68,31.1,6.51,23.0,Supplier C,EcoCert,3599.71,Pre-Order
MAT07825,Cellulose,Kitchen Utensils,348.55,19.12,65.7,7.84,39.0,Supplier C,EcoCert,2235.19,Low Stock
MAT07826,Recycled PET,Sports Equipment,481.74,37.73,72.7,12.89,32.2,Supplier E,Cradle to Cradle,1614.35,Low Stock
MAT07827,Flax Fiber,Furniture,370.4,98.34,85.4,10.29,8.3,Supplier A,EcoCert,2270.88,Low Stock
MAT07828,Recycled Paper,Home Decor,147.4,98.88,40.1,11.03,91.9,Supplier A,None,2478.38,Pre-Order
MAT07829,Recycled Aluminum,Furniture,186.82,6.12,63.7,3.36,44.4,Supplier B,None,3407.15,In Stock
MAT07830,Natural Rubber,Household Items,432.53,40.45,31.3,4.54,12.6,Supplier D,None,646.57,In Stock
MAT07831,Cork Composite,Flooring,147.97,39.14,78.6,4.3,71.3,Supplier E,None,2918.28,Low Stock
MAT07832,Algae-based Material,Home Decor,26.69,3.19,39.2,10.66,13.9,Supplier C,None,861.54,Low Stock
MAT07833,Recycled Copper,Electronics,145.49,99.06,79.3,5.89,72.2,Supplier A,None,607.56,Low Stock
MAT07834,Recycled Metal,Food Packaging,259.75,64.82,32.2,2.14,10.3,Supplier A,FSC,370.18,Low Stock
MAT07835,Mushroom Composite,Flooring,455.09,69.15,43.4,10.0,0.0,Supplier C,ISO 14001,2725.72,Pre-Order
MAT07836,Bio-based Polymer,Electronics,70.86,61.98,60.2,5.37,39.5,Supplier E,None,2117.33,In Stock
MAT07837,Cardboard,Food Packaging,72.68,38.3,29.5,5.92,12.7,Supplier D,Cradle to Cradle,1918.96,In Stock
MAT07838,Mycelium Leather,Food Packaging,99.34,11.86,89.3,13.6,77.9,Supplier A,ISO 14001,3324.15,Pre-Order
MAT07839,Wool,Household Items,490.04,83.51,31.7,13.85,3.9,Supplier B,GOTS,200.03,Pre-Order
MAT07840,Organic Cotton,Insulation,259.76,78.23,69.3,4.52,31.6,Supplier C,EcoCert,1697.35,Low Stock
MAT07841,Recycled PET,Flooring,334.05,91.94,69.7,6.1,75.2,Supplier A,ISO 14001,3069.34,Low Stock
MAT07842,Cellulose,Cosmetics,211.17,66.99,51.1,6.2,62.7,Supplier D,FSC,899.72,Pre-Order
MAT07843,Flax Fiber,Cosmetics,261.33,14.43,97.2,7.8,64.1,Supplier D,EcoCert,3252.77,Pre-Order
MAT07844,Corn Plastic,Construction,153.45,52.45,44.2,12.73,8.6,Supplier B,Cradle to Cradle,1879.95,In Stock
MAT07845,Natural Rubber,Toys,393.85,30.34,60.8,4.75,17.3,Supplier C,GOTS,287.18,In Stock
MAT07846,Jute,Insulation,106.55,20.73,90.1,3.08,66.9,Supplier D,FSC,3230.36,Pre-Order
MAT07847,Hemp Fiber,Flooring,25.83,19.83,56.0,13.94,33.2,Supplier B,Cradle to Cradle,1276.54,Low Stock
MAT07848,Sustainable Bamboo,Automotive,132.51,16.43,20.5,12.36,33.2,Supplier B,ISO 14001,2527.35,Pre-Order
MAT07849,Recycled Copper,Kitchen Utensils,308.68,2.52,40.9,2.67,93.3,Supplier D,ISO 14001,3562.36,Pre-Order
MAT07850,Recycled Copper,Accessories,195.9,47.24,99.7,4.95,89.4,Supplier E,GOTS,1608.54,Pre-Order
MAT07851,Recycled Metal,Coatings,494.5,86.98,20.6,10.6,9.5,Supplier A,FSC,761.94,Pre-Order
MAT07852,Bio-based Polymer,Kitchen Utensils,370.74,40.36,47.1,11.68,81.2,Supplier B,ISO 14001,1450.01,Pre-Order
MAT07853,Sustainable Bamboo,Kitchen Utensils,462.55,87.49,64.1,0.75,16.7,Supplier A,GOTS,614.2,Pre-Order
MAT07854,Cork,Coatings,20.42,25.35,50.2,12.12,12.3,Supplier A,FSC,2155.51,Pre-Order
MAT07855,Sustainable Bamboo,Footwear,287.08,80.64,70.1,9.5,79.6,Supplier B,GOTS,2210.29,In Stock
MAT07856,Organic Cotton,Electronics,236.29,67.28,48.0,0.69,12.2,Supplier E,GOTS,346.94,Pre-Order
MAT07857,Cork,Food Packaging,320.55,69.12,89.1,4.45,50.8,Supplier E,ISO 14001,754.47,In Stock
MAT07858,Certified Wood,Furniture,393.78,78.31,41.8,12.94,68.4,Supplier E,Cradle to Cradle,3774.01,In Stock
MAT07859,Recycled PET,Household Items,95.25,95.16,35.5,12.06,46.5,Supplier A,FSC,1888.25,Low Stock
MAT07860,Cork,Textiles,65.85,59.62,50.5,9.31,34.9,Supplier C,EcoCert,1602.73,Pre-Order
MAT07861,Sustainable Bamboo,Toys,279.55,94.95,64.3,13.72,49.4,Supplier A,None,1105.56,Pre-Order
MAT07862,Jute,Automotive,192.79,12.01,54.2,0.92,17.3,Supplier B,EcoCert,1002.64,In Stock
MAT07863,Recycled Paper,Household Items,190.3,92.17,57.0,13.51,9.7,Supplier E,Cradle to Cradle,668.15,In Stock
MAT07864,Recycled Copper,Accessories,242.58,88.52,80.5,12.9,25.9,Supplier B,ISO 14001,1436.73,Low Stock
MAT07865,Cellulose,Electronics,477.09,49.84,92.4,14.75,9.8,Supplier D,None,3462.76,Pre-Order
MAT07866,Algae-based Material,Kitchen Utensils,365.84,54.45,56.3,14.3,76.7,Supplier A,None,1521.39,In Stock
MAT07867,Sustainable Bamboo,Automotive,467.04,37.93,42.7,14.8,95.6,Supplier B,GOTS,1899.04,In Stock
MAT07868,Bioplastic,Office Supplies,250.28,55.44,36.8,2.63,21.5,Supplier A,FSC,1473.25,In Stock
MAT07869,Natural Rubber,Bags & Luggage,289.02,19.42,37.1,14.67,59.3,Supplier B,ISO 14001,2665.13,Low Stock
MAT07870,Bioplastic,Cosmetics,481.31,36.35,27.5,11.07,33.5,Supplier E,Cradle to Cradle,2775.52,In Stock
MAT07871,Bio-based Polymer,Flooring,472.18,5.91,64.6,2.12,69.4,Supplier E,EcoCert,1935.56,Pre-Order
MAT07872,Natural Rubber,Food Packaging,30.4,5.88,62.2,12.61,61.2,Supplier B,FSC,570.21,In Stock
MAT07873,Hemp Fiber,Office Supplies,20.73,40.14,35.3,7.65,56.3,Supplier A,FSC,1762.09,Low Stock
MAT07874,Recycled Aluminum,Electronics,230.75,79.33,60.2,13.92,60.4,Supplier C,Cradle to Cradle,2933.22,Pre-Order
MAT07875,Linen,Coatings,11.08,58.31,23.8,3.63,57.8,Supplier E,None,1127.14,Pre-Order
MAT07876,Recycled Copper,Flooring,462.31,7.14,41.4,6.35,0.5,Supplier A,EcoCert,4088.58,Low Stock
MAT07877,Recycled Aluminum,Automotive,115.69,62.3,77.4,2.81,17.7,Supplier A,GOTS,3636.23,Pre-Order
MAT07878,Cork Composite,Adhesives,250.11,85.71,46.3,11.65,10.7,Supplier C,FSC,3846.22,In Stock
MAT07879,Organic Cotton,Textiles,450.3,63.0,54.4,0.9,34.5,Supplier A,ISO 14001,585.15,Low Stock
MAT07880,Natural Rubber,Accessories,473.06,20.55,80.8,14.42,68.2,Supplier B,Cradle to Cradle,834.15,Low Stock
MAT07881,Wool,Furniture,464.8,48.42,49.8,4.34,9.6,Supplier B,Cradle to Cradle,2697.5,Low Stock
MAT07882,Bio-based Polymer,Footwear,288.05,27.62,61.3,12.91,39.9,Supplier C,Cradle to Cradle,2187.05,Low Stock
MAT07883,Cellulose,Insulation,175.77,73.51,98.4,12.41,97.1,Supplier B,None,3901.0,In Stock
MAT07884,Sustainable Bamboo,Sports Equipment,68.27,18.68,57.6,9.3,29.8,Supplier E,ISO 14001,1672.45,In Stock
MAT07885,Corn Plastic,Bags & Luggage,419.08,2.94,29.6,8.21,82.4,Supplier B,ISO 14001,3988.98,Low Stock
MAT07886,Organic Cotton,Cosmetics,146.74,92.7,98.2,3.54,3.3,Supplier D,ISO 14001,3935.03,Low Stock
MAT07887,Certified Wood,Toys,371.11,84.47,42.0,12.44,86.6,Supplier D,None,747.83,Low Stock
MAT07888,Recycled PET,Coatings,332.22,57.5,73.7,2.34,76.8,Supplier C,FSC,1259.94,Pre-Order
MAT07889,Algae-based Material,Accessories,72.97,17.74,22.1,9.28,26.6,Supplier E,GOTS,321.21,In Stock
MAT07890,Seaweed Polymer,Coatings,239.38,69.44,57.9,4.79,41.1,Supplier B,ISO 14001,3043.61,In Stock
MAT07891,Bio-based Polymer,Home Decor,213.62,18.96,90.5,9.66,27.5,Supplier C,ISO 14001,3728.36,Pre-Order
MAT07892,Natural Rubber,Home Decor,59.51,92.15,81.9,11.33,46.8,Supplier B,EcoCert,3807.21,In Stock
MAT07893,Linen,Textiles,339.73,93.22,53.7,3.69,86.2,Supplier D,ISO 14001,2458.46,Low Stock
MAT07894,Recycled Glass,Office Supplies,133.57,45.69,77.1,7.8,5.6,Supplier E,GOTS,3529.99,Pre-Order
MAT07895,Flax Fiber,Construction,488.95,50.36,57.8,4.35,62.9,Supplier C,EcoCert,3347.39,Pre-Order
MAT07896,Cork,Toys,49.39,32.49,80.6,3.29,41.8,Supplier D,GOTS,2872.63,Pre-Order
MAT07897,Organic Cotton,Sports Equipment,234.64,23.35,83.4,14.94,12.1,Supplier D,FSC,2322.34,Low Stock
MAT07898,Recycled Aluminum,Sports Equipment,232.74,97.31,73.2,5.1,19.1,Supplier E,GOTS,582.66,Pre-Order
MAT07899,Sustainable Bamboo,Sports Equipment,330.12,25.76,91.1,5.41,37.6,Supplier E,ISO 14001,3507.58,Low Stock
MAT07900,Recycled PET,Home Decor,145.5,11.35,56.3,6.72,66.2,Supplier E,FSC,3175.58,In Stock
MAT07901,Mycelium Leather,Construction,352.62,17.75,69.6,8.14,42.3,Supplier B,FSC,664.83,Pre-Order
MAT07902,Natural Rubber,Accessories,429.07,72.88,32.0,3.73,64.4,Supplier D,EcoCert,2997.96,Low Stock
MAT07903,Flax Fiber,Adhesives,333.22,50.28,33.1,8.74,56.1,Supplier D,ISO 14001,2510.75,Pre-Order
MAT07904,Recycled Aluminum,Accessories,435.7,60.18,59.5,8.43,62.0,Supplier B,GOTS,4002.26,Low Stock
MAT07905,Hemp Fiber,Construction,371.01,5.32,90.6,1.94,25.6,Supplier C,GOTS,221.61,In Stock
MAT07906,Recycled PET,Toys,300.01,70.23,59.1,5.53,28.3,Supplier C,EcoCert,2167.96,Pre-Order
MAT07907,Natural Rubber,Food Packaging,192.77,68.72,87.1,2.33,23.9,Supplier D,Cradle to Cradle,2837.77,Pre-Order
MAT07908,Bio-based Polymer,Sports Equipment,121.69,29.07,76.2,6.04,84.1,Supplier E,Cradle to Cradle,3585.6,Low Stock
MAT07909,Jute,Home Decor,401.56,81.4,25.4,13.06,88.0,Supplier E,GOTS,1315.55,Low Stock
MAT07910,Flax Fiber,Office Supplies,169.39,28.82,42.5,9.16,51.0,Supplier E,Cradle to Cradle,4112.65,Pre-Order
MAT07911,Bioplastic,Furniture,12.0,44.69,20.4,0.51,39.7,Supplier C,None,1828.49,In Stock
MAT07912,Recycled Metal,Sports Equipment,369.9,83.32,83.0,12.23,48.5,Supplier A,GOTS,944.54,In Stock
MAT07913,Biodegradable Plastic,Office Supplies,141.22,3.57,77.7,8.67,6.4,Supplier D,None,2742.32,In Stock
MAT07914,Linen,Sports Equipment,285.67,32.46,99.7,9.33,70.5,Supplier B,None,258.13,In Stock
MAT07915,Organic Cotton,Household Items,368.89,88.0,26.9,5.04,53.4,Supplier B,EcoCert,1763.75,In Stock
MAT07916,Hemp Fiber,Coatings,347.56,90.26,20.2,14.78,61.3,Supplier C,Cradle to Cradle,2227.72,In Stock
MAT07917,Bio-based Polymer,Kitchen Utensils,240.56,22.2,25.6,12.21,22.1,Supplier D,GOTS,2175.43,In Stock
MAT07918,Natural Rubber,Toys,219.3,80.38,85.2,5.54,65.9,Supplier B,Cradle to Cradle,1782.84,Pre-Order
MAT07919,Wool,Kitchen Utensils,461.39,78.58,67.4,11.14,13.7,Supplier A,Cradle to Cradle,1376.97,In Stock
MAT07920,Cork Composite,Coatings,418.8,88.13,53.2,4.37,60.5,Supplier E,EcoCert,2945.67,In Stock
MAT07921,Recycled Copper,Office Supplies,116.76,93.6,44.8,8.98,65.3,Supplier E,ISO 14001,1413.49,Low Stock
MAT07922,Flax Fiber,Furniture,434.69,37.15,82.3,14.62,81.3,Supplier E,ISO 14001,1244.17,Low Stock
MAT07923,Bioplastic,Bags & Luggage,355.08,76.47,76.8,2.13,1.0,Supplier E,None,193.39,Pre-Order
MAT07924,Recycled PET,Automotive,194.2,68.63,48.1,9.45,30.7,Supplier D,FSC,552.78,Pre-Order
MAT07925,Recycled Metal,Office Supplies,414.25,38.86,97.5,5.92,95.8,Supplier E,EcoCert,3583.11,In Stock
MAT07926,Cellulose,Flooring,108.15,47.76,20.3,8.9,49.5,Supplier A,FSC,1047.46,Pre-Order
MAT07927,Natural Rubber,Household Items,314.89,50.06,59.6,1.88,56.5,Supplier D,Cradle to Cradle,3341.58,Low Stock
MAT07928,Recycled Paper,Food Packaging,474.73,53.77,58.8,11.1,41.5,Supplier D,FSC,284.69,In Stock
MAT07929,Recycled Aluminum,Flooring,186.31,83.71,91.7,7.4,56.1,Supplier C,Cradle to Cradle,3554.89,Pre-Order
MAT07930,Jute,Textiles,100.68,54.52,94.8,11.5,29.8,Supplier B,EcoCert,3511.73,Pre-Order
MAT07931,Recycled PET,Construction,226.47,76.37,90.7,1.05,31.1,Supplier A,EcoCert,3393.87,Pre-Order
MAT07932,Recycled PET,Food Packaging,134.91,29.8,26.5,6.4,2.3,Supplier A,FSC,2962.27,Low Stock
MAT07933,Flax Fiber,Home Decor,324.61,50.19,40.5,3.27,99.0,Supplier C,ISO 14001,3122.46,In Stock
MAT07934,Recycled Paper,Coatings,397.73,27.41,37.4,5.37,42.8,Supplier D,GOTS,173.47,Low Stock
MAT07935,Seaweed Polymer,Home Decor,139.17,68.58,33.9,3.57,43.7,Supplier E,GOTS,1826.0,In Stock
MAT07936,Cork Composite,Footwear,227.27,58.9,54.2,10.47,21.9,Supplier C,FSC,3871.12,Pre-Order
MAT07937,Flax Fiber,Adhesives,186.79,87.09,26.3,12.11,62.6,Supplier E,GOTS,3918.43,Low Stock
MAT07938,Algae-based Material,Textiles,284.29,14.71,41.3,12.1,73.2,Supplier E,GOTS,3388.89,In Stock
MAT07939,Flax Fiber,Automotive,191.82,31.42,31.1,6.67,21.4,Supplier C,GOTS,3189.69,Pre-Order
MAT07940,Flax Fiber,Footwear,417.56,59.11,79.1,4.49,4.2,Supplier C,FSC,2438.54,Pre-Order
MAT07941,Recycled Copper,Sports Equipment,433.09,42.6,43.7,12.98,3.9,Supplier D,ISO 14001,1399.38,Pre-Order
MAT07942,Recycled Aluminum,Office Supplies,67.73,75.28,89.9,10.26,82.4,Supplier C,Cradle to Cradle,1905.68,Pre-Order
MAT07943,Recycled Paper,Kitchen Utensils,70.63,2.88,60.2,13.25,65.9,Supplier E,GOTS,2192.03,In Stock
MAT07944,Cardboard,Construction,364.75,31.75,22.5,6.54,33.8,Supplier A,Cradle to Cradle,3653.66,In Stock
MAT07945,Recycled PET,Textiles,434.41,55.85,30.2,1.62,24.8,Supplier D,FSC,4027.16,In Stock
MAT07946,Linen,Cosmetics,110.05,88.96,71.8,11.45,98.8,Supplier A,ISO 14001,317.06,Pre-Order
MAT07947,Natural Rubber,Coatings,440.83,30.61,20.3,9.76,96.0,Supplier C,ISO 14001,1172.79,In Stock
MAT07948,Cork,Household Items,212.23,3.88,56.7,7.01,39.3,Supplier C,ISO 14001,1228.4,In Stock
MAT07949,Bio-based Polymer,Office Supplies,305.99,43.01,96.1,11.29,62.5,Supplier C,None,4146.68,Pre-Order
MAT07950,Linen,Cosmetics,386.7,56.19,31.9,7.9,79.9,Supplier E,GOTS,2409.49,In Stock
MAT07951,Cardboard,Kitchen Utensils,430.07,96.04,25.9,3.46,92.0,Supplier C,ISO 14001,444.88,Pre-Order
MAT07952,Cardboard,Bags & Luggage,330.37,4.3,97.3,9.81,16.6,Supplier A,GOTS,4120.12,Pre-Order
MAT07953,Flax Fiber,Office Supplies,396.62,81.55,27.8,2.65,76.7,Supplier B,EcoCert,3791.44,Pre-Order
MAT07954,Corn Plastic,Construction,171.82,96.5,87.9,9.01,64.5,Supplier A,GOTS,1112.2,Pre-Order
MAT07955,Cellulose,Household Items,189.01,66.42,53.6,12.63,63.1,Supplier D,FSC,2719.08,In Stock
MAT07956,Recycled Glass,Sports Equipment,476.22,85.28,99.8,0.59,74.2,Supplier A,GOTS,4020.52,In Stock
MAT07957,Jute,Sports Equipment,296.05,32.05,68.8,11.65,53.5,Supplier A,None,3539.95,In Stock
MAT07958,Recycled Glass,Office Supplies,132.75,52.76,72.7,1.19,99.7,Supplier E,EcoCert,3630.42,In Stock
MAT07959,Cardboard,Food Packaging,399.12,49.76,21.8,8.64,23.8,Supplier B,FSC,829.17,Pre-Order
MAT07960,Recycled Metal,Textiles,321.27,96.75,31.0,12.99,35.0,Supplier C,None,764.43,Pre-Order
MAT07961,Recycled Glass,Textiles,234.29,70.66,28.7,3.92,88.1,Supplier D,ISO 14001,815.06,Low Stock
MAT07962,Recycled PET,Coatings,55.48,36.14,52.0,2.08,99.4,Supplier B,FSC,2938.2,In Stock
MAT07963,Cork,Office Supplies,16.21,48.48,92.2,12.54,57.8,Supplier D,ISO 14001,3999.77,In Stock
MAT07964,Recycled PET,Flooring,362.15,77.93,49.9,9.73,92.0,Supplier D,Cradle to Cradle,3731.68,Pre-Order
MAT07965,Cork,Textiles,376.72,12.91,36.7,1.96,61.0,Supplier E,FSC,852.41,In Stock
MAT07966,Bio-based Polymer,Accessories,296.71,75.13,82.3,8.24,82.4,Supplier C,ISO 14001,329.51,Low Stock
MAT07967,Recycled PET,Textiles,186.85,38.18,52.4,6.08,69.7,Supplier E,None,1880.78,In Stock
MAT07968,Seaweed Polymer,Cosmetics,27.35,63.46,90.9,12.79,59.8,Supplier C,EcoCert,3256.92,Pre-Order
MAT07969,Bio-based Polymer,Coatings,33.24,28.44,20.9,5.73,21.1,Supplier D,FSC,3107.52,In Stock
MAT07970,Certified Wood,Sports Equipment,84.49,36.31,67.5,2.64,85.5,Supplier A,EcoCert,978.57,In Stock
MAT07971,Mycelium Leather,Footwear,88.33,65.37,61.3,14.62,82.5,Supplier A,None,3731.68,Low Stock
MAT07972,Biodegradable Plastic,Footwear,303.49,76.26,72.8,11.44,62.4,Supplier A,Cradle to Cradle,913.83,Low Stock
MAT07973,Bio-based Polymer,Office Supplies,370.05,59.97,60.4,5.55,92.6,Supplier B,None,1591.94,Pre-Order
MAT07974,Recycled Metal,Footwear,452.21,37.72,74.1,7.92,6.2,Supplier D,Cradle to Cradle,3021.2,Pre-Order
MAT07975,Recycled Aluminum,Insulation,193.61,58.93,68.2,7.41,34.6,Supplier E,EcoCert,3188.03,Low Stock
MAT07976,Jute,Footwear,52.12,17.81,75.7,8.45,68.5,Supplier E,EcoCert,3769.86,Low Stock
MAT07977,Cellulose,Bags & Luggage,122.87,82.47,42.4,3.44,34.6,Supplier E,None,991.85,Low Stock
MAT07978,Bio-based Polymer,Textiles,153.6,87.07,26.2,10.86,5.8,Supplier C,EcoCert,3039.46,Pre-Order
MAT07979,Recycled PET,Adhesives,375.14,28.84,33.7,14.28,24.6,Supplier B,FSC,1265.75,Low Stock
MAT07980,Bio-based Polymer,Sports Equipment,348.62,17.26,69.2,8.31,74.4,Supplier A,EcoCert,1663.32,Low Stock
MAT07981,Jute,Bags & Luggage,361.23,36.37,80.4,14.55,22.6,Supplier A,EcoCert,1775.37,Low Stock
MAT07982,Cork,Adhesives,367.38,38.25,96.9,1.43,93.7,Supplier C,Cradle to Cradle,3161.47,In Stock
MAT07983,Cardboard,Toys,482.41,59.84,66.5,2.99,5.0,Supplier E,None,683.92,Low Stock
MAT07984,Linen,Furniture,247.07,18.49,53.0,8.7,51.8,Supplier A,FSC,275.56,Pre-Order
MAT07985,Jute,Sports Equipment,352.86,11.86,95.2,3.65,13.6,Supplier E,Cradle to Cradle,983.55,In Stock
MAT07986,Cork,Electronics,393.52,79.92,70.6,7.49,66.6,Supplier B,FSC,517.92,Low Stock
MAT07987,Recycled Aluminum,Food Packaging,55.33,49.41,70.2,11.84,24.6,Supplier B,Cradle to Cradle,1660.0,Low Stock
MAT07988,Bio-based Polymer,Food Packaging,274.47,40.6,23.0,1.97,11.1,Supplier C,ISO 14001,770.24,Low Stock
MAT07989,Cellulose,Footwear,495.1,97.88,56.5,14.13,86.5,Supplier C,EcoCert,2307.4,Pre-Order
MAT07990,Hemp Fiber,Construction,106.45,9.08,98.1,4.28,53.9,Supplier E,Cradle to Cradle,1367.01,Pre-Order
MAT07991,Mycelium Leather,Textiles,193.66,81.31,82.3,1.9,29.9,Supplier C,None,1655.85,Pre-Order
MAT07992,Recycled Copper,Flooring,22.07,38.55,99.5,14.15,30.4,Supplier B,None,1143.74,Low Stock
MAT07993,Seaweed Polymer,Sports Equipment,316.05,49.32,61.1,3.53,28.5,Supplier E,GOTS,2619.48,Low Stock
MAT07994,Recycled Glass,Toys,85.7,37.34,99.7,11.06,31.6,Supplier C,GOTS,3027.84,Low Stock
MAT07995,Biodegradable Plastic,Bags & Luggage,493.89,75.66,35.2,8.01,58.0,Supplier A,Cradle to Cradle,716.29,Pre-Order
MAT07996,Organic Cotton,Accessories,354.88,81.6,22.0,8.37,95.8,Supplier B,EcoCert,576.02,In Stock
MAT07997,Mushroom Composite,Bags & Luggage,26.96,26.3,26.9,13.48,61.5,Supplier A,Cradle to Cradle,2157.17,Low Stock
MAT07998,Sustainable Bamboo,Home Decor,52.8,16.64,49.2,12.67,71.0,Supplier D,FSC,2355.54,In Stock
MAT07999,Cardboard,Food Packaging,17.28,47.45,81.7,1.48,73.8,Supplier A,ISO 14001,2604.54,In Stock
MAT08000,Corn Plastic,Textiles,391.14,88.3,34.3,9.81,46.1,Supplier C,ISO 14001,2334.79,Low Stock
MAT08001,Cellulose,Flooring,78.56,24.19,80.9,9.23,96.4,Supplier C,None,2250.96,Pre-Order
MAT08002,Algae-based Material,Adhesives,488.49,74.93,87.3,8.96,88.5,Supplier E,GOTS,2843.58,Pre-Order
MAT08003,Seaweed Polymer,Automotive,141.4,93.99,83.8,13.67,1.4,Supplier A,Cradle to Cradle,916.32,In Stock
MAT08004,Corn Plastic,Food Packaging,247.18,72.28,39.0,5.52,74.5,Supplier D,None,2315.7,Low Stock
MAT08005,Sustainable Bamboo,Construction,436.32,72.13,34.1,14.59,82.4,Supplier E,EcoCert,2135.59,Low Stock
MAT08006,Mushroom Composite,Construction,446.79,55.44,73.8,12.95,84.0,Supplier B,ISO 14001,2939.86,Pre-Order
MAT08007,Recycled PET,Cosmetics,417.82,4.87,98.2,9.58,41.9,Supplier A,EcoCert,1049.95,Pre-Order
MAT08008,Recycled Paper,Kitchen Utensils,180.53,62.98,96.9,9.83,28.8,Supplier B,FSC,979.4,Pre-Order
MAT08009,Seaweed Polymer,Furniture,102.17,66.88,60.0,4.98,89.2,Supplier E,FSC,759.45,In Stock
MAT08010,Cork Composite,Food Packaging,162.19,76.57,64.9,1.27,56.4,Supplier D,FSC,1244.17,Low Stock
MAT08011,Recycled Metal,Cosmetics,452.17,21.92,54.4,10.82,72.0,Supplier C,EcoCert,634.12,In Stock
MAT08012,Recycled Copper,Insulation,89.6,27.84,54.7,8.07,36.7,Supplier D,ISO 14001,1669.13,Low Stock
MAT08013,Bioplastic,Coatings,48.52,88.84,49.4,4.73,9.0,Supplier E,ISO 14001,1028.37,Low Stock
MAT08014,Wool,Cosmetics,43.92,23.55,23.1,1.08,74.3,Supplier E,None,2364.67,Pre-Order
MAT08015,Recycled Copper,Textiles,62.76,80.01,84.4,11.95,29.9,Supplier B,GOTS,3324.98,Pre-Order
MAT08016,Wool,Household Items,43.21,34.39,51.0,3.3,36.1,Supplier D,Cradle to Cradle,1394.4,In Stock
MAT08017,Recycled Aluminum,Electronics,226.16,81.62,56.8,6.81,67.6,Supplier E,ISO 14001,648.23,In Stock
MAT08018,Seaweed Polymer,Automotive,494.06,30.16,70.5,8.86,29.6,Supplier B,Cradle to Cradle,333.66,In Stock
MAT08019,Recycled Glass,Textiles,310.56,93.7,82.2,7.66,3.0,Supplier D,FSC,2192.86,In Stock
MAT08020,Algae-based Material,Cosmetics,227.78,35.6,69.3,14.9,35.4,Supplier D,GOTS,885.61,Low Stock
MAT08021,Cardboard,Toys,336.37,55.75,98.5,2.94,63.8,Supplier D,Cradle to Cradle,3627.93,In Stock
MAT08022,Cork,Toys,82.71,32.29,54.6,8.13,45.2,Supplier A,GOTS,3604.69,Low Stock
MAT08023,Sustainable Bamboo,Office Supplies,390.4,36.29,97.0,1.43,6.9,Supplier E,None,3938.35,In Stock
MAT08024,Recycled PET,Accessories,117.19,80.35,91.6,5.42,18.7,Supplier A,Cradle to Cradle,1386.1,In Stock
MAT08025,Sustainable Bamboo,Coatings,301.24,91.16,88.7,2.39,69.6,Supplier B,GOTS,1928.92,In Stock
MAT08026,Mushroom Composite,Construction,106.33,30.02,79.1,2.57,68.1,Supplier A,FSC,3779.82,In Stock
MAT08027,Recycled Copper,Accessories,25.06,78.27,37.1,0.67,0.4,Supplier B,FSC,4096.05,In Stock
MAT08028,Recycled Glass,Insulation,323.43,28.1,90.6,4.53,91.0,Supplier D,GOTS,570.21,Pre-Order
MAT08029,Algae-based Material,Insulation,229.52,36.41,40.4,13.75,1.2,Supplier B,GOTS,1590.28,In Stock
MAT08030,Corn Plastic,Adhesives,327.95,26.12,69.3,1.26,57.2,Supplier B,FSC,2435.22,In Stock
MAT08031,Corn Plastic,Construction,446.11,35.6,92.6,2.93,87.0,Supplier B,FSC,894.74,In Stock
MAT08032,Seaweed Polymer,Food Packaging,51.37,42.13,28.6,14.23,81.0,Supplier C,GOTS,850.75,Low Stock
MAT08033,Recycled Paper,Adhesives,262.1,46.32,55.3,9.94,94.7,Supplier E,GOTS,1056.59,Low Stock
MAT08034,Cellulose,Food Packaging,160.49,19.02,83.9,7.58,89.0,Supplier A,None,950.35,Pre-Order
MAT08035,Hemp Fiber,Flooring,335.57,79.64,69.3,14.86,71.9,Supplier C,FSC,1635.93,Low Stock
MAT08036,Cellulose,Accessories,49.01,95.35,83.8,7.21,90.5,Supplier A,FSC,1982.87,Pre-Order
MAT08037,Flax Fiber,Insulation,176.03,44.71,72.4,6.53,76.9,Supplier D,ISO 14001,1021.73,Low Stock
MAT08038,Cork,Home Decor,293.06,63.11,68.4,11.86,43.8,Supplier B,FSC,3589.75,Pre-Order
MAT08039,Organic Cotton,Toys,386.42,5.45,62.2,0.74,24.4,Supplier A,Cradle to Cradle,705.5,In Stock
MAT08040,Recycled Metal,Adhesives,209.89,14.07,32.6,12.0,95.3,Supplier D,GOTS,2268.39,Pre-Order
MAT08041,Mycelium Leather,Kitchen Utensils,50.96,97.81,42.2,8.03,15.9,Supplier D,EcoCert,560.25,Low Stock
MAT08042,Recycled Paper,Office Supplies,98.67,84.93,99.6,12.05,7.1,Supplier E,ISO 14001,987.7,Pre-Order
MAT08043,Mycelium Leather,Flooring,231.84,80.08,50.4,12.66,46.5,Supplier E,ISO 14001,462.31,Pre-Order
MAT08044,Recycled Aluminum,Accessories,476.13,65.64,80.5,0.65,92.5,Supplier B,GOTS,2665.13,Low Stock
MAT08045,Cork,Cosmetics,199.15,37.7,94.7,2.68,32.2,Supplier A,Cradle to Cradle,2797.1,Pre-Order
MAT08046,Sustainable Bamboo,Home Decor,276.4,15.93,22.1,1.83,90.3,Supplier D,Cradle to Cradle,1103.9,Low Stock
MAT08047,Seaweed Polymer,Bags & Luggage,475.12,5.02,63.4,14.03,23.0,Supplier E,EcoCert,2116.5,Low Stock
MAT08048,Cork Composite,Coatings,388.14,21.22,76.3,13.37,87.1,Supplier D,GOTS,3037.8,Low Stock
MAT08049,Recycled Glass,Flooring,174.86,41.03,47.2,13.34,70.0,Supplier C,Cradle to Cradle,2775.52,Low Stock
MAT08050,Recycled Glass,Accessories,119.0,80.25,75.8,2.75,91.5,Supplier A,GOTS,1169.47,In Stock
MAT08051,Recycled Aluminum,Furniture,490.37,58.13,73.6,11.94,8.0,Supplier E,None,3012.07,Low Stock
MAT08052,Bio-based Polymer,Textiles,57.27,90.5,59.1,9.26,28.2,Supplier B,ISO 14001,2315.7,Low Stock
MAT08053,Cardboard,Coatings,440.35,66.31,36.0,4.58,51.2,Supplier B,Cradle to Cradle,489.7,Pre-Order
MAT08054,Recycled Aluminum,Home Decor,339.65,58.51,21.6,1.58,74.2,Supplier B,EcoCert,3742.47,In Stock
MAT08055,Organic Cotton,Automotive,56.7,80.05,30.8,4.23,93.1,Supplier B,FSC,1772.88,In Stock
MAT08056,Bio-based Polymer,Adhesives,228.47,83.2,83.5,5.44,57.6,Supplier D,None,2963.93,Low Stock
MAT08057,Recycled Paper,Furniture,121.42,61.06,82.2,3.88,52.7,Supplier A,Cradle to Cradle,3495.96,Pre-Order
MAT08058,Recycled Copper,Insulation,138.02,4.89,24.5,5.12,32.7,Supplier B,GOTS,981.89,In Stock
MAT08059,Corn Plastic,Accessories,488.85,24.1,68.2,12.5,13.9,Supplier A,FSC,336.15,In Stock
MAT08060,Cellulose,Food Packaging,110.28,94.58,32.0,8.37,57.5,Supplier A,EcoCert,2959.78,Pre-Order
MAT08061,Recycled Copper,Automotive,413.81,23.24,49.6,13.11,38.4,Supplier E,GOTS,226.59,Pre-Order
MAT08062,Algae-based Material,Footwear,210.6,67.03,83.5,11.62,75.4,Supplier E,EcoCert,1602.73,Pre-Order
MAT08063,Biodegradable Plastic,Furniture,452.02,40.48,48.1,5.11,12.5,Supplier C,FSC,1527.2,Low Stock
MAT08064,Recycled PET,Adhesives,245.08,42.48,70.9,2.74,20.3,Supplier E,EcoCert,780.2,Pre-Order
MAT08065,Linen,Food Packaging,146.14,24.8,24.8,6.64,79.5,Supplier D,None,778.54,In Stock
MAT08066,Mycelium Leather,Furniture,242.17,42.67,48.0,14.22,55.8,Supplier D,FSC,963.63,Low Stock
MAT08067,Organic Cotton,Toys,160.7,5.33,86.8,6.9,16.3,Supplier E,ISO 14001,1806.91,Low Stock
MAT08068,Wool,Textiles,331.84,29.43,24.3,10.98,80.8,Supplier B,Cradle to Cradle,1172.79,Low Stock
MAT08069,Wool,Cosmetics,338.78,80.93,58.0,7.89,30.6,Supplier C,ISO 14001,4093.56,In Stock
MAT08070,Flax Fiber,Insulation,53.47,34.61,60.3,7.5,44.5,Supplier D,Cradle to Cradle,434.09,Low Stock
MAT08071,Wool,Kitchen Utensils,430.87,45.95,86.9,13.3,38.3,Supplier D,EcoCert,2811.21,Low Stock
MAT08072,Recycled Paper,Sports Equipment,374.88,85.84,69.3,11.0,35.1,Supplier C,ISO 14001,1508.94,In Stock
MAT08073,Seaweed Polymer,Construction,279.99,15.75,54.8,4.72,33.3,Supplier D,Cradle to Cradle,3323.32,Pre-Order
MAT08074,Wool,Electronics,89.76,94.13,44.5,1.96,28.8,Supplier C,GOTS,1625.97,In Stock
MAT08075,Organic Cotton,Kitchen Utensils,386.19,32.49,66.6,7.97,98.7,Supplier E,FSC,2818.68,In Stock
MAT08076,Certified Wood,Toys,17.81,90.6,71.1,4.94,90.0,Supplier C,Cradle to Cradle,2976.38,Low Stock
MAT08077,Bio-based Polymer,Furniture,497.36,51.16,45.7,9.87,29.5,Supplier C,GOTS,3090.92,Pre-Order
MAT08078,Hemp Fiber,Kitchen Utensils,159.8,76.41,88.8,8.89,69.3,Supplier D,None,2178.75,Pre-Order
MAT08079,Jute,Insulation,278.51,21.11,80.6,10.23,72.2,Supplier E,ISO 14001,1243.34,Low Stock
MAT08080,Recycled Aluminum,Kitchen Utensils,69.17,37.21,76.2,6.25,70.1,Supplier E,EcoCert,740.36,Low Stock
MAT08081,Algae-based Material,Electronics,205.05,25.72,37.3,11.04,89.0,Supplier E,Cradle to Cradle,518.75,In Stock
MAT08082,Flax Fiber,Office Supplies,394.53,47.36,59.2,8.62,54.9,Supplier B,None,2454.31,Low Stock
MAT08083,Seaweed Polymer,Toys,197.26,11.31,56.5,1.38,63.7,Supplier A,EcoCert,829.17,In Stock
MAT08084,Bioplastic,Food Packaging,88.9,3.17,27.3,11.63,27.8,Supplier D,FSC,290.5,Low Stock
MAT08085,Recycled Glass,Footwear,10.05,80.0,69.4,3.81,12.8,Supplier D,FSC,683.92,Low Stock
MAT08086,Recycled Metal,Footwear,119.99,35.86,91.3,6.55,68.6,Supplier C,None,3419.6,Pre-Order
MAT08087,Recycled Paper,Insulation,79.86,20.97,24.7,6.28,56.8,Supplier E,GOTS,854.07,Low Stock
MAT08088,Cork,Adhesives,452.1,92.98,47.3,4.17,17.2,Supplier E,ISO 14001,1723.91,Low Stock
MAT08089,Seaweed Polymer,Home Decor,491.23,46.73,20.3,2.2,65.7,Supplier E,ISO 14001,532.86,Pre-Order
MAT08090,Recycled Paper,Household Items,484.8,60.39,92.5,8.92,64.2,Supplier C,EcoCert,1580.32,Low Stock
MAT08091,Mushroom Composite,Flooring,258.56,89.39,60.5,13.19,6.9,Supplier A,None,903.04,Pre-Order
MAT08092,Cellulose,Automotive,476.51,17.21,84.5,7.85,12.2,Supplier A,Cradle to Cradle,455.67,Pre-Order
MAT08093,Recycled Aluminum,Bags & Luggage,28.21,99.69,48.0,6.92,18.9,Supplier B,EcoCert,595.11,Low Stock
MAT08094,Sustainable Bamboo,Bags & Luggage,193.65,56.86,41.2,2.41,39.1,Supplier A,None,2059.23,Pre-Order
MAT08095,Recycled Paper,Automotive,104.99,19.63,90.7,5.99,14.9,Supplier D,EcoCert,3280.16,Pre-Order
MAT08096,Seaweed Polymer,Food Packaging,278.12,94.82,86.2,7.17,49.8,Supplier D,FSC,2487.51,In Stock
MAT08097,Natural Rubber,Construction,300.84,73.55,57.1,9.79,53.9,Supplier E,FSC,1082.32,Low Stock
MAT08098,Recycled PET,Office Supplies,299.21,81.44,65.0,12.04,18.8,Supplier C,None,599.26,In Stock
MAT08099,Bioplastic,Insulation,496.93,85.91,84.8,10.23,65.2,Supplier D,EcoCert,1144.57,Pre-Order
MAT08100,Recycled Aluminum,Bags & Luggage,251.88,29.12,28.4,5.83,32.6,Supplier B,ISO 14001,1163.66,Low Stock
MAT08101,Mycelium Leather,Automotive,346.9,13.1,86.6,4.02,30.6,Supplier A,ISO 14001,2884.25,Pre-Order
MAT08102,Wool,Insulation,420.1,32.62,65.3,6.22,44.5,Supplier D,FSC,3285.14,Pre-Order
MAT08103,Seaweed Polymer,Cosmetics,91.58,4.5,58.4,11.61,67.3,Supplier B,Cradle to Cradle,2498.3,Pre-Order
MAT08104,Recycled Metal,Household Items,259.29,47.77,46.7,6.27,39.4,Supplier C,ISO 14001,428.28,Pre-Order
MAT08105,Cork,Bags & Luggage,50.13,68.63,56.1,1.05,61.9,Supplier C,FSC,1331.32,Low Stock
MAT08106,Mushroom Composite,Accessories,156.63,20.02,72.5,1.67,30.9,Supplier D,GOTS,232.4,Low Stock
MAT08107,Hemp Fiber,Furniture,156.77,99.65,87.5,10.93,32.8,Supplier B,GOTS,2509.09,In Stock
MAT08108,Organic Cotton,Accessories,263.34,96.84,75.3,9.2,93.2,Supplier C,Cradle to Cradle,3975.7,Pre-Order
MAT08109,Recycled Glass,Flooring,441.73,2.28,60.6,10.77,90.8,Supplier B,EcoCert,712.14,In Stock
MAT08110,Recycled Glass,Flooring,245.6,63.97,91.2,2.56,41.2,Supplier E,EcoCert,824.19,Pre-Order
MAT08111,Bio-based Polymer,Bags & Luggage,302.11,33.77,46.3,1.9,76.1,Supplier A,Cradle to Cradle,2983.85,Pre-Order
MAT08112,Recycled Copper,Household Items,378.56,6.2,80.8,0.57,47.4,Supplier A,EcoCert,1300.61,Pre-Order
MAT08113,Sustainable Bamboo,Construction,27.22,66.72,28.6,11.44,85.1,Supplier B,EcoCert,2900.85,In Stock
MAT08114,Flax Fiber,Food Packaging,370.39,37.75,51.3,2.18,59.4,Supplier A,None,2491.66,Pre-Order
MAT08115,Recycled Copper,Accessories,295.18,65.88,95.8,10.32,1.0,Supplier E,Cradle to Cradle,3134.08,Pre-Order
MAT08116,Seaweed Polymer,Food Packaging,479.12,61.55,33.9,0.71,87.1,Supplier D,ISO 14001,3298.42,Pre-Order
MAT08117,Bio-based Polymer,Textiles,302.37,63.91,66.3,10.56,91.5,Supplier C,Cradle to Cradle,1612.69,Pre-Order
MAT08118,Recycled Paper,Toys,271.59,21.87,69.7,13.82,80.0,Supplier D,FSC,1319.7,Pre-Order
MAT08119,Certified Wood,Textiles,457.2,70.08,29.7,2.42,55.0,Supplier C,None,1786.16,Low Stock
MAT08120,Biodegradable Plastic,Adhesives,288.98,48.39,28.3,4.88,0.4,Supplier E,GOTS,2669.28,Low Stock
MAT08121,Sustainable Bamboo,Office Supplies,114.63,28.47,29.6,2.05,23.0,Supplier A,None,1713.12,In Stock
MAT08122,Recycled Copper,Footwear,411.92,21.03,94.2,0.88,95.9,Supplier E,FSC,2037.65,Low Stock
MAT08123,Biodegradable Plastic,Coatings,466.77,49.6,23.6,13.8,68.4,Supplier B,None,1164.49,Low Stock
MAT08124,Hemp Fiber,Bags & Luggage,386.99,55.34,63.5,9.07,78.9,Supplier E,EcoCert,1524.71,In Stock
MAT08125,Recycled Paper,Food Packaging,411.32,14.49,67.8,1.47,60.0,Supplier A,EcoCert,1879.95,In Stock
MAT08126,Recycled Metal,Accessories,276.04,55.81,30.6,5.63,54.8,Supplier A,ISO 14001,2870.97,In Stock
MAT08127,Cardboard,Food Packaging,161.7,40.71,23.4,4.11,65.1,Supplier A,Cradle to Cradle,536.18,In Stock
MAT08128,Cork,Construction,210.73,86.1,40.3,3.32,94.4,Supplier E,GOTS,4016.37,Low Stock
MAT08129,Mushroom Composite,Flooring,402.36,43.74,60.5,7.48,22.6,Supplier D,ISO 14001,4022.18,Low Stock
MAT08130,Recycled Metal,Footwear,222.2,98.18,69.8,8.94,58.5,Supplier E,Cradle to Cradle,2417.79,In Stock
MAT08131,Recycled Paper,Bags & Luggage,420.69,34.07,50.3,2.53,13.1,Supplier E,FSC,1713.95,Low Stock
MAT08132,Bio-based Polymer,Furniture,441.96,59.74,67.5,9.26,94.9,Supplier D,FSC,2224.4,Pre-Order
MAT08133,Wool,Kitchen Utensils,356.56,78.27,92.0,2.5,49.5,Supplier E,EcoCert,4034.63,Pre-Order
MAT08134,Bio-based Polymer,Insulation,357.02,25.03,28.4,3.27,98.7,Supplier D,EcoCert,3362.33,Pre-Order
MAT08135,Flax Fiber,Textiles,77.43,7.15,70.4,10.87,86.1,Supplier A,Cradle to Cradle,952.84,Low Stock
MAT08136,Recycled Aluminum,Office Supplies,350.88,83.24,63.4,9.62,49.1,Supplier C,Cradle to Cradle,3121.63,In Stock
MAT08137,Recycled Glass,Accessories,332.97,98.01,68.8,1.82,85.0,Supplier D,FSC,1828.49,Low Stock
MAT08138,Cork Composite,Electronics,164.84,58.13,56.6,2.61,19.3,Supplier B,None,416.66,In Stock
MAT08139,Linen,Textiles,148.96,22.4,71.4,6.73,30.1,Supplier D,Cradle to Cradle,3102.54,In Stock
MAT08140,Cellulose,Cosmetics,176.78,59.52,77.3,14.37,70.1,Supplier B,GOTS,4012.22,In Stock
MAT08141,Linen,Electronics,158.64,77.36,33.4,1.23,48.2,Supplier A,ISO 14001,2572.17,Low Stock
MAT08142,Recycled Metal,Kitchen Utensils,164.88,64.53,78.4,2.97,23.4,Supplier C,Cradle to Cradle,1205.16,In Stock
MAT08143,Sustainable Bamboo,Accessories,211.33,17.87,40.7,3.78,54.0,Supplier C,None,2784.65,Low Stock
MAT08144,Recycled PET,Cosmetics,192.17,43.02,52.9,8.74,8.0,Supplier E,FSC,1328.0,Low Stock
MAT08145,Recycled Paper,Household Items,209.31,99.45,28.5,1.62,18.3,Supplier C,Cradle to Cradle,3647.85,In Stock
MAT08146,Sustainable Bamboo,Insulation,166.75,24.83,78.2,6.58,94.8,Supplier D,None,1790.31,In Stock
MAT08147,Cork,Textiles,98.61,80.56,89.1,8.57,51.8,Supplier D,None,3929.22,Low Stock
MAT08148,Mushroom Composite,Accessories,168.11,74.47,26.4,11.04,84.9,Supplier D,None,1292.31,In Stock
MAT08149,Sustainable Bamboo,Adhesives,76.78,21.25,67.5,3.28,58.1,Supplier C,EcoCert,4070.32,Pre-Order
MAT08150,Recycled Metal,Construction,285.1,85.98,20.3,8.86,27.0,Supplier E,ISO 14001,1053.27,Pre-Order
MAT08151,Jute,Adhesives,185.86,58.59,73.1,13.99,8.7,Supplier E,None,1906.51,Pre-Order
MAT08152,Cellulose,Cosmetics,140.4,76.46,23.4,8.46,59.8,Supplier B,ISO 14001,3988.98,In Stock
MAT08153,Corn Plastic,Electronics,108.67,63.12,64.4,3.03,46.0,Supplier D,FSC,3066.85,Pre-Order
MAT08154,Linen,Bags & Luggage,212.55,64.0,52.2,6.05,77.2,Supplier E,GOTS,883.12,Pre-Order
MAT08155,Corn Plastic,Construction,89.82,65.57,45.4,13.55,30.3,Supplier C,None,1845.92,Low Stock
MAT08156,Recycled PET,Food Packaging,64.77,42.35,31.5,9.26,91.6,Supplier E,EcoCert,3497.62,Pre-Order
MAT08157,Seaweed Polymer,Home Decor,445.79,31.13,96.5,1.54,99.3,Supplier C,EcoCert,1590.28,In Stock
MAT08158,Mycelium Leather,Footwear,65.48,53.11,92.3,0.76,18.1,Supplier B,None,3523.35,Pre-Order
MAT08159,Mycelium Leather,Coatings,286.91,51.51,82.2,0.67,4.1,Supplier E,FSC,990.19,Low Stock
MAT08160,Mycelium Leather,Adhesives,371.94,82.73,24.7,9.18,6.5,Supplier C,FSC,1432.58,In Stock
MAT08161,Sustainable Bamboo,Insulation,404.09,20.55,99.0,13.91,21.1,Supplier A,Cradle to Cradle,3904.32,Low Stock
MAT08162,Mushroom Composite,Toys,151.13,70.99,48.1,4.37,66.3,Supplier A,ISO 14001,2704.14,Pre-Order
MAT08163,Recycled PET,Footwear,288.97,83.61,31.8,9.83,90.6,Supplier C,EcoCert,923.79,Low Stock
MAT08164,Cellulose,Automotive,275.02,6.87,91.3,6.43,29.5,Supplier E,FSC,3427.07,In Stock
MAT08165,Certified Wood,Textiles,194.5,79.98,69.1,7.91,25.7,Supplier A,ISO 14001,2133.1,Pre-Order
MAT08166,Mushroom Composite,Coatings,237.78,16.53,37.9,9.3,95.3,Supplier C,EcoCert,3841.24,Low Stock
MAT08167,Recycled Aluminum,Flooring,34.16,40.72,52.7,5.13,26.6,Supplier C,FSC,2406.17,In Stock
MAT08168,Hemp Fiber,Footwear,219.49,85.41,85.4,7.02,2.5,Supplier A,None,3507.58,In Stock
MAT08169,Recycled Paper,Coatings,191.83,38.14,85.8,6.83,19.9,Supplier B,Cradle to Cradle,912.17,Pre-Order
MAT08170,Cork Composite,Kitchen Utensils,198.74,99.92,96.1,11.65,96.9,Supplier C,ISO 14001,2323.17,Low Stock
MAT08171,Recycled Metal,Home Decor,123.05,23.89,21.5,2.96,55.2,Supplier A,None,1891.57,Pre-Order
MAT08172,Mushroom Composite,Kitchen Utensils,245.19,97.13,94.0,7.68,98.6,Supplier C,EcoCert,958.65,Low Stock
MAT08173,Seaweed Polymer,Footwear,211.45,24.95,41.6,7.77,37.0,Supplier D,GOTS,1083.98,Low Stock
MAT08174,Recycled Metal,Food Packaging,484.41,89.43,47.3,7.61,33.0,Supplier D,GOTS,2545.61,Low Stock
MAT08175,Recycled Metal,Flooring,286.89,5.58,24.1,1.66,49.9,Supplier D,Cradle to Cradle,1762.92,Low Stock
MAT08176,Cellulose,Kitchen Utensils,357.57,13.33,52.8,9.64,89.0,Supplier D,None,2690.86,Low Stock
MAT08177,Recycled Aluminum,Construction,177.36,45.54,70.0,7.29,91.9,Supplier E,ISO 14001,1682.41,In Stock
MAT08178,Seaweed Polymer,Electronics,93.38,21.57,80.0,1.88,46.5,Supplier C,ISO 14001,3214.59,In Stock
MAT08179,Natural Rubber,Bags & Luggage,284.87,47.46,66.3,13.23,91.5,Supplier A,FSC,1147.06,Pre-Order
MAT08180,Sustainable Bamboo,Textiles,304.96,92.91,24.8,4.65,88.4,Supplier D,Cradle to Cradle,1867.5,Pre-Order
MAT08181,Recycled Aluminum,Footwear,135.89,46.05,99.7,4.66,59.4,Supplier A,GOTS,2820.34,In Stock
MAT08182,Cork,Textiles,284.37,18.27,89.3,5.97,75.6,Supplier B,ISO 14001,2830.3,Pre-Order
MAT08183,Recycled Copper,Textiles,347.89,72.28,58.3,11.22,46.3,Supplier E,Cradle to Cradle,3305.06,Low Stock
MAT08184,Corn Plastic,Adhesives,381.96,28.42,68.1,13.84,71.0,Supplier E,FSC,385.12,Pre-Order
MAT08185,Recycled Metal,Toys,480.75,54.81,77.0,8.1,79.9,Supplier D,EcoCert,2844.41,Low Stock
MAT08186,Recycled Aluminum,Electronics,322.58,4.02,22.0,5.5,17.1,Supplier D,EcoCert,3549.08,Pre-Order
MAT08187,Bioplastic,Textiles,461.59,73.99,79.1,7.15,38.8,Supplier A,ISO 14001,1147.89,Pre-Order
MAT08188,Wool,Textiles,57.84,70.86,36.1,5.6,86.3,Supplier E,GOTS,3524.18,Low Stock
MAT08189,Flax Fiber,Textiles,80.24,73.44,25.1,5.87,65.9,Supplier E,None,1037.5,Pre-Order
MAT08190,Cork,Footwear,381.66,68.09,55.7,10.25,54.6,Supplier C,ISO 14001,3588.09,Low Stock
MAT08191,Cork Composite,Office Supplies,243.18,44.91,77.6,8.01,50.6,Supplier D,Cradle to Cradle,2350.56,In Stock
MAT08192,Natural Rubber,Adhesives,291.32,45.55,80.1,4.1,30.6,Supplier A,None,1704.82,Low Stock
MAT08193,Mushroom Composite,Adhesives,57.8,49.64,26.8,12.94,64.5,Supplier D,EcoCert,406.7,Low Stock
MAT08194,Mycelium Leather,Textiles,466.59,54.72,74.8,7.06,47.1,Supplier E,FSC,1989.51,Pre-Order
MAT08195,Mushroom Composite,Office Supplies,262.62,53.9,97.1,6.49,24.8,Supplier D,EcoCert,808.42,Pre-Order
MAT08196,Recycled PET,Cosmetics,318.46,53.85,81.2,1.47,94.1,Supplier D,None,504.64,Pre-Order
MAT08197,Cardboard,Furniture,48.95,83.6,30.2,13.14,53.6,Supplier A,GOTS,1592.77,In Stock
MAT08198,Linen,Textiles,372.71,14.89,86.3,2.02,32.6,Supplier D,FSC,635.78,Pre-Order
MAT08199,Flax Fiber,Footwear,176.78,68.23,84.0,5.41,51.8,Supplier B,ISO 14001,4136.72,Pre-Order
MAT08200,Bioplastic,Flooring,425.19,75.0,69.7,12.51,10.1,Supplier C,EcoCert,640.76,Pre-Order
MAT08201,Mushroom Composite,Toys,80.25,27.1,62.2,3.55,23.5,Supplier D,Cradle to Cradle,3942.5,Low Stock
MAT08202,Sustainable Bamboo,Office Supplies,468.82,12.42,38.8,8.1,61.2,Supplier E,None,3960.76,Pre-Order
MAT08203,Cardboard,Coatings,201.36,53.65,60.9,9.29,78.2,Supplier B,Cradle to Cradle,3303.4,In Stock
MAT08204,Recycled Glass,Furniture,222.75,47.21,46.9,3.44,72.6,Supplier D,FSC,3336.6,Low Stock
MAT08205,Organic Cotton,Electronics,335.36,69.06,60.9,8.68,93.3,Supplier C,None,926.28,Low Stock
MAT08206,Sustainable Bamboo,Furniture,321.42,66.84,62.6,2.54,49.8,Supplier B,GOTS,2460.12,In Stock
MAT08207,Recycled Paper,Toys,230.37,13.86,88.5,7.95,10.6,Supplier C,GOTS,2806.23,Pre-Order
MAT08208,Seaweed Polymer,Kitchen Utensils,410.81,82.77,41.2,3.84,56.7,Supplier D,GOTS,2971.4,In Stock
MAT08209,Cork,Home Decor,124.06,81.19,30.4,10.37,26.0,Supplier B,None,2687.54,Pre-Order
MAT08210,Cardboard,Flooring,418.55,23.38,82.4,13.52,13.2,Supplier A,ISO 14001,4049.57,In Stock
MAT08211,Recycled Paper,Accessories,259.77,65.13,37.2,1.71,15.7,Supplier E,Cradle to Cradle,4027.99,Pre-Order
MAT08212,Mycelium Leather,Household Items,176.38,49.07,97.9,14.45,66.7,Supplier D,None,1810.23,In Stock
MAT08213,Cellulose,Footwear,83.52,18.43,59.1,6.33,44.9,Supplier B,ISO 14001,2327.32,In Stock
MAT08214,Recycled Paper,Sports Equipment,216.34,11.16,70.6,10.55,53.2,Supplier C,FSC,2373.8,In Stock
MAT08215,Algae-based Material,Furniture,382.98,43.41,76.6,12.56,83.5,Supplier C,None,1585.3,Pre-Order
MAT08216,Recycled Metal,Toys,129.94,60.08,40.7,12.51,65.1,Supplier A,GOTS,1818.53,Pre-Order
MAT08217,Mushroom Composite,Kitchen Utensils,418.76,10.58,61.2,11.51,96.8,Supplier B,None,3827.96,Pre-Order
MAT08218,Jute,Flooring,470.84,15.67,30.2,9.91,34.8,Supplier C,Cradle to Cradle,405.87,In Stock
MAT08219,Organic Cotton,Bags & Luggage,427.37,72.05,50.1,2.54,80.7,Supplier B,GOTS,2942.35,Pre-Order
MAT08220,Flax Fiber,Flooring,261.88,65.13,60.8,13.44,90.8,Supplier A,FSC,2784.65,In Stock
MAT08221,Mushroom Composite,Textiles,132.59,78.76,84.1,13.59,61.9,Supplier E,EcoCert,3136.57,Low Stock
MAT08222,Hemp Fiber,Cosmetics,121.4,11.67,82.5,10.22,33.5,Supplier E,ISO 14001,3987.32,Pre-Order
MAT08223,Linen,Accessories,331.07,26.16,68.4,6.53,34.1,Supplier C,None,3767.37,Pre-Order
MAT08224,Wool,Home Decor,447.24,1.21,96.1,11.82,46.2,Supplier C,FSC,2045.12,Pre-Order
MAT08225,Recycled Copper,Flooring,358.45,47.07,77.9,5.4,80.9,Supplier D,GOTS,1011.77,In Stock
MAT08226,Mycelium Leather,Coatings,78.0,40.94,72.9,2.18,89.0,Supplier A,None,487.21,In Stock
MAT08227,Recycled Aluminum,Electronics,441.43,19.32,74.0,14.5,2.8,Supplier B,Cradle to Cradle,2428.58,Low Stock
MAT08228,Bioplastic,Electronics,492.27,1.41,27.6,14.51,60.1,Supplier B,None,2680.9,Pre-Order
MAT08229,Seaweed Polymer,Automotive,60.98,70.89,30.7,5.54,18.1,Supplier B,EcoCert,3693.5,Pre-Order
MAT08230,Sustainable Bamboo,Furniture,174.28,14.15,72.1,4.07,53.1,Supplier C,GOTS,2327.32,Pre-Order
MAT08231,Flax Fiber,Kitchen Utensils,285.2,42.6,69.3,10.81,72.9,Supplier B,GOTS,800.95,Pre-Order
MAT08232,Mushroom Composite,Flooring,342.32,40.33,24.6,0.58,28.0,Supplier E,FSC,1733.87,Low Stock
MAT08233,Recycled Metal,Footwear,435.09,10.38,47.1,7.12,35.9,Supplier B,None,2944.84,In Stock
MAT08234,Natural Rubber,Kitchen Utensils,32.67,12.07,28.2,5.14,56.3,Supplier A,Cradle to Cradle,2552.25,Pre-Order
MAT08235,Certified Wood,Textiles,181.74,45.37,94.2,1.87,15.2,Supplier A,None,2093.26,In Stock
MAT08236,Recycled Metal,Coatings,464.02,43.04,81.6,14.91,41.8,Supplier E,None,701.35,Pre-Order
MAT08237,Natural Rubber,Footwear,452.7,41.88,26.8,2.69,83.7,Supplier D,EcoCert,3456.95,In Stock
MAT08238,Bio-based Polymer,Textiles,368.38,24.29,31.2,8.4,77.7,Supplier D,ISO 14001,3543.27,Pre-Order
MAT08239,Recycled Metal,Adhesives,370.59,87.33,20.1,10.14,77.6,Supplier D,Cradle to Cradle,3808.04,In Stock
MAT08240,Recycled Metal,Cosmetics,66.41,14.55,87.2,14.19,97.0,Supplier A,GOTS,773.56,Pre-Order
MAT08241,Corn Plastic,Flooring,33.31,17.26,97.1,7.94,72.1,Supplier E,Cradle to Cradle,1504.79,Low Stock
MAT08242,Recycled PET,Footwear,381.81,13.17,30.2,4.7,28.0,Supplier B,None,2284.16,Pre-Order
MAT08243,Recycled Copper,Flooring,124.96,83.1,79.7,10.15,7.8,Supplier B,Cradle to Cradle,1569.53,Pre-Order
MAT08244,Biodegradable Plastic,Automotive,135.02,87.94,79.4,5.75,52.2,Supplier B,FSC,2411.15,Low Stock
MAT08245,Recycled Glass,Sports Equipment,402.89,71.08,37.1,1.82,7.5,Supplier D,ISO 14001,3198.82,In Stock
MAT08246,Sustainable Bamboo,Kitchen Utensils,435.9,66.06,39.0,8.74,22.3,Supplier A,None,2707.46,Pre-Order
MAT08247,Cellulose,Electronics,453.84,67.13,75.5,10.57,4.2,Supplier B,FSC,2686.71,Low Stock
MAT08248,Mushroom Composite,Home Decor,179.4,46.67,33.7,9.95,63.4,Supplier D,GOTS,468.95,In Stock
MAT08249,Recycled Paper,Construction,483.12,75.7,98.9,12.57,40.4,Supplier D,Cradle to Cradle,844.11,In Stock
MAT08250,Recycled Aluminum,Home Decor,478.21,97.12,69.8,7.94,92.7,Supplier D,GOTS,2238.51,Pre-Order
MAT08251,Jute,Household Items,71.23,39.48,39.9,5.4,41.2,Supplier B,EcoCert,2731.53,In Stock
MAT08252,Hemp Fiber,Accessories,41.32,47.75,89.2,6.77,29.5,Supplier B,FSC,2518.22,Low Stock
MAT08253,Flax Fiber,Household Items,203.41,9.6,71.4,5.48,65.5,Supplier E,GOTS,1528.03,Pre-Order
MAT08254,Cardboard,Insulation,33.09,38.4,72.4,5.98,5.3,Supplier E,None,3551.57,Low Stock
MAT08255,Corn Plastic,Electronics,247.03,39.49,90.7,3.54,39.2,Supplier B,EcoCert,860.71,Pre-Order
MAT08256,Mycelium Leather,Cosmetics,387.24,97.91,73.0,1.54,46.7,Supplier E,ISO 14001,3893.53,Pre-Order
MAT08257,Mycelium Leather,Coatings,448.07,37.6,73.3,1.27,31.6,Supplier B,None,2960.61,Pre-Order
MAT08258,Biodegradable Plastic,Construction,176.22,32.99,58.5,8.5,48.3,Supplier D,FSC,1305.59,In Stock
MAT08259,Wool,Coatings,179.21,92.69,72.8,7.12,45.5,Supplier B,FSC,384.29,Low Stock
MAT08260,Certified Wood,Office Supplies,439.84,92.31,69.6,1.09,25.0,Supplier D,FSC,1274.05,Pre-Order
MAT08261,Cork Composite,Footwear,375.88,9.94,89.7,9.94,27.2,Supplier E,EcoCert,2006.94,Pre-Order
MAT08262,Certified Wood,Insulation,122.84,39.12,83.0,13.25,20.2,Supplier A,EcoCert,3181.39,In Stock
MAT08263,Cork Composite,Cosmetics,421.84,55.06,29.8,8.02,37.3,Supplier A,EcoCert,4049.57,Low Stock
MAT08264,Recycled Aluminum,Adhesives,218.82,26.09,90.9,12.57,2.3,Supplier E,EcoCert,2978.04,In Stock
MAT08265,Recycled Glass,Kitchen Utensils,336.61,79.68,30.6,2.55,61.3,Supplier B,ISO 14001,2142.23,Pre-Order
MAT08266,Seaweed Polymer,Adhesives,483.34,9.25,95.3,3.04,18.1,Supplier B,None,2606.2,Pre-Order
MAT08267,Recycled Aluminum,Insulation,301.9,71.55,94.5,1.4,88.9,Supplier C,FSC,1567.87,In Stock
MAT08268,Cardboard,Kitchen Utensils,343.46,47.9,48.5,10.09,5.0,Supplier B,Cradle to Cradle,3608.84,In Stock
MAT08269,Algae-based Material,Cosmetics,389.61,63.35,67.7,2.57,89.6,Supplier D,None,2050.1,Low Stock
MAT08270,Flax Fiber,Adhesives,13.82,87.16,88.1,4.38,59.5,Supplier D,GOTS,2080.81,Low Stock
MAT08271,Natural Rubber,Cosmetics,36.91,63.48,48.5,8.59,34.0,Supplier C,Cradle to Cradle,1554.59,In Stock
MAT08272,Cork,Automotive,417.26,46.09,27.8,10.53,67.6,Supplier A,EcoCert,4096.88,Pre-Order
MAT08273,Linen,Household Items,103.03,35.14,57.6,6.39,49.8,Supplier E,Cradle to Cradle,3902.66,In Stock
MAT08274,Cardboard,Construction,37.03,98.91,30.7,4.23,89.3,Supplier D,EcoCert,2881.76,Pre-Order
MAT08275,Cardboard,Automotive,221.14,27.17,41.5,8.04,92.9,Supplier D,GOTS,1182.75,Low Stock
MAT08276,Bio-based Polymer,Furniture,34.7,61.76,25.4,2.52,64.1,Supplier C,GOTS,3787.29,Low Stock
MAT08277,Certified Wood,Home Decor,55.42,74.82,57.8,4.11,13.4,Supplier E,FSC,1093.11,In Stock
MAT08278,Algae-based Material,Coatings,85.73,41.46,64.3,6.76,82.1,Supplier B,Cradle to Cradle,3023.69,Pre-Order
MAT08279,Jute,Flooring,396.18,53.21,41.9,14.37,64.6,Supplier C,EcoCert,2717.42,Low Stock
MAT08280,Cork,Kitchen Utensils,455.04,74.77,65.4,2.2,86.2,Supplier E,ISO 14001,419.98,Pre-Order
MAT08281,Cork Composite,Household Items,298.6,68.0,70.7,13.18,49.1,Supplier B,Cradle to Cradle,2670.94,In Stock
MAT08282,Algae-based Material,Toys,74.08,55.52,52.5,5.14,85.2,Supplier A,Cradle to Cradle,754.47,Pre-Order
MAT08283,Hemp Fiber,Accessories,251.77,66.8,71.1,12.9,40.6,Supplier B,FSC,493.85,Low Stock
MAT08284,Bioplastic,Coatings,191.74,47.45,53.8,8.33,93.7,Supplier A,EcoCert,780.2,Pre-Order
MAT08285,Wool,Cosmetics,305.61,96.16,70.2,2.2,17.0,Supplier C,None,815.06,Low Stock
MAT08286,Recycled PET,Electronics,129.02,63.29,99.0,9.28,71.3,Supplier A,EcoCert,4148.34,In Stock
MAT08287,Linen,Footwear,312.15,60.6,77.4,8.52,57.3,Supplier E,FSC,3995.62,In Stock
MAT08288,Recycled PET,Household Items,392.61,62.31,48.6,9.83,96.7,Supplier B,EcoCert,1743.83,In Stock
MAT08289,Recycled Copper,Textiles,62.5,11.86,51.3,8.05,18.7,Supplier A,ISO 14001,3653.66,In Stock
MAT08290,Biodegradable Plastic,Construction,303.67,47.24,63.1,2.43,68.8,Supplier E,GOTS,3993.13,Low Stock
MAT08291,Linen,Kitchen Utensils,178.63,96.28,49.3,14.92,75.7,Supplier A,None,1235.87,In Stock
MAT08292,Wool,Construction,133.68,11.76,26.5,6.31,20.5,Supplier D,None,3702.63,Low Stock
MAT08293,Natural Rubber,Food Packaging,203.89,83.82,26.4,4.95,40.5,Supplier A,Cradle to Cradle,2929.07,Low Stock
MAT08294,Linen,Adhesives,195.57,21.86,26.5,0.93,55.5,Supplier E,None,2704.14,Pre-Order
MAT08295,Cork,Coatings,429.03,87.12,35.3,5.39,45.8,Supplier D,GOTS,3116.65,In Stock
MAT08296,Cork,Food Packaging,359.87,77.07,20.1,4.29,25.3,Supplier C,FSC,1262.43,Pre-Order
MAT08297,Hemp Fiber,Toys,398.42,24.59,20.2,11.05,1.4,Supplier B,Cradle to Cradle,2116.5,Pre-Order
MAT08298,Natural Rubber,Adhesives,66.09,90.65,93.1,14.46,10.5,Supplier C,GOTS,979.4,Pre-Order
MAT08299,Jute,Adhesives,355.78,28.69,94.8,0.54,85.1,Supplier B,FSC,2569.68,Low Stock
MAT08300,Bioplastic,Bags & Luggage,167.26,6.08,33.2,10.81,65.5,Supplier A,FSC,1646.72,Low Stock
MAT08301,Wool,Insulation,305.42,69.07,67.3,14.44,30.8,Supplier B,EcoCert,1681.58,Pre-Order
MAT08302,Wool,Flooring,289.45,59.17,75.0,3.02,1.6,Supplier A,None,3715.08,Pre-Order
MAT08303,Recycled Glass,Sports Equipment,473.73,44.92,65.8,3.08,96.8,Supplier E,FSC,1417.64,Pre-Order
MAT08304,Cellulose,Toys,323.8,51.65,84.1,8.07,32.0,Supplier B,EcoCert,2332.3,In Stock
MAT08305,Mushroom Composite,Insulation,297.67,38.96,91.6,2.68,43.9,Supplier C,ISO 14001,2221.91,Pre-Order
MAT08306,Mushroom Composite,Cosmetics,162.38,25.68,47.8,11.45,5.5,Supplier C,None,3531.65,Low Stock
MAT08307,Recycled Aluminum,Cosmetics,223.38,24.59,67.3,3.11,63.5,Supplier E,EcoCert,2343.09,In Stock
MAT08308,Sustainable Bamboo,Flooring,200.02,27.51,36.7,0.81,90.0,Supplier E,ISO 14001,545.31,Pre-Order
MAT08309,Wool,Furniture,363.53,66.63,46.8,3.45,3.6,Supplier D,Cradle to Cradle,2698.33,Pre-Order
MAT08310,Natural Rubber,Bags & Luggage,401.8,34.62,64.3,4.25,80.9,Supplier A,GOTS,966.95,Pre-Order
MAT08311,Biodegradable Plastic,Electronics,207.28,89.31,39.4,11.43,13.8,Supplier A,Cradle to Cradle,1628.46,In Stock
MAT08312,Cork Composite,Construction,472.9,21.51,58.1,7.64,62.7,Supplier A,GOTS,1218.44,Low Stock
MAT08313,Flax Fiber,Adhesives,183.16,70.82,30.5,9.64,74.3,Supplier D,Cradle to Cradle,2450.16,Pre-Order
MAT08314,Cellulose,Footwear,88.38,2.13,74.8,5.5,56.5,Supplier D,Cradle to Cradle,837.47,Low Stock
MAT08315,Cork Composite,Textiles,123.73,64.71,73.1,10.28,95.7,Supplier E,Cradle to Cradle,771.07,In Stock
MAT08316,Recycled Aluminum,Cosmetics,359.01,30.59,82.2,10.18,43.7,Supplier E,ISO 14001,2187.05,Low Stock
MAT08317,Seaweed Polymer,Office Supplies,377.37,77.68,96.5,5.16,77.4,Supplier D,Cradle to Cradle,3685.2,Pre-Order
MAT08318,Cellulose,Bags & Luggage,148.77,81.37,58.6,2.17,77.0,Supplier A,GOTS,3469.4,Low Stock
MAT08319,Cellulose,Textiles,69.05,99.57,38.5,2.91,44.4,Supplier B,FSC,4118.46,Low Stock
MAT08320,Jute,Sports Equipment,90.44,33.27,64.7,3.19,6.8,Supplier D,EcoCert,3931.71,Low Stock
MAT08321,Recycled Glass,Home Decor,402.66,39.85,46.0,1.26,9.8,Supplier A,GOTS,958.65,Low Stock
MAT08322,Cork Composite,Furniture,487.59,11.47,75.9,8.86,28.0,Supplier A,Cradle to Cradle,858.22,In Stock
MAT08323,Bio-based Polymer,Kitchen Utensils,418.72,47.63,99.0,9.52,5.8,Supplier D,ISO 14001,1871.65,Pre-Order
MAT08324,Recycled Metal,Insulation,78.11,82.91,74.0,9.37,44.5,Supplier C,None,3769.03,Low Stock
MAT08325,Natural Rubber,Home Decor,94.74,25.73,79.9,3.09,43.1,Supplier A,FSC,1113.86,In Stock
MAT08326,Recycled Aluminum,Furniture,411.23,55.56,95.1,12.15,75.4,Supplier A,ISO 14001,2887.57,Low Stock
MAT08327,Biodegradable Plastic,Flooring,372.6,38.3,89.8,11.68,11.6,Supplier C,FSC,1323.02,In Stock
MAT08328,Recycled Metal,Toys,421.99,8.01,75.2,3.22,17.5,Supplier C,FSC,1378.63,In Stock
MAT08329,Cardboard,Automotive,219.15,14.06,90.1,1.68,64.5,Supplier C,Cradle to Cradle,3737.49,Low Stock
MAT08330,Cellulose,Cosmetics,294.19,14.19,20.8,3.13,50.0,Supplier C,ISO 14001,1388.59,Low Stock
MAT08331,Sustainable Bamboo,Home Decor,150.55,91.27,80.7,3.23,58.6,Supplier E,ISO 14001,429.11,Low Stock
MAT08332,Flax Fiber,Insulation,103.27,32.05,39.1,8.68,83.0,Supplier D,None,3326.64,In Stock
MAT08333,Jute,Adhesives,304.26,10.78,87.7,10.02,94.7,Supplier B,ISO 14001,3705.95,Low Stock
MAT08334,Mushroom Composite,Bags & Luggage,114.77,85.28,41.0,14.87,53.1,Supplier C,EcoCert,2218.59,In Stock
MAT08335,Cork Composite,Toys,204.59,29.39,95.3,10.02,40.8,Supplier A,EcoCert,984.38,In Stock
MAT08336,Recycled Glass,Toys,97.69,2.06,87.5,9.48,13.7,Supplier D,None,1981.21,Pre-Order
MAT08337,Bio-based Polymer,Textiles,32.31,41.14,77.9,11.92,23.2,Supplier A,Cradle to Cradle,3943.33,Low Stock
MAT08338,Natural Rubber,Construction,185.33,74.22,21.5,11.33,37.2,Supplier B,GOTS,975.25,In Stock
MAT08339,Certified Wood,Office Supplies,176.35,14.79,53.9,1.68,24.2,Supplier C,GOTS,1262.43,Low Stock
MAT08340,Seaweed Polymer,Household Items,13.4,89.99,66.2,2.81,8.3,Supplier E,FSC,344.45,Low Stock
MAT08341,Recycled Aluminum,Food Packaging,269.83,98.48,74.6,13.68,55.9,Supplier A,None,1213.46,Pre-Order
MAT08342,Jute,Home Decor,219.8,20.9,98.1,12.75,84.3,Supplier E,EcoCert,1362.86,In Stock
MAT08343,Recycled Copper,Electronics,495.42,67.06,46.0,4.01,91.1,Supplier B,FSC,305.44,In Stock
MAT08344,Certified Wood,Coatings,402.0,20.35,53.3,12.02,0.0,Supplier C,GOTS,3008.75,Pre-Order
MAT08345,Corn Plastic,Cosmetics,498.5,48.72,26.8,14.15,57.0,Supplier C,FSC,3950.8,Pre-Order
MAT08346,Hemp Fiber,Cosmetics,171.31,88.54,60.2,6.46,10.4,Supplier C,FSC,2833.62,Pre-Order
MAT08347,Recycled Metal,Automotive,225.4,32.97,42.1,8.71,76.4,Supplier D,GOTS,3448.65,Low Stock
MAT08348,Recycled PET,Footwear,360.33,85.86,44.7,3.65,96.3,Supplier B,GOTS,791.82,Pre-Order
MAT08349,Biodegradable Plastic,Accessories,80.78,85.83,96.4,7.06,51.2,Supplier D,None,3001.28,Pre-Order
MAT08350,Recycled Copper,Accessories,356.31,13.45,51.8,7.41,97.2,Supplier E,Cradle to Cradle,1344.6,In Stock
MAT08351,Corn Plastic,Footwear,376.85,69.16,98.9,7.26,30.7,Supplier E,Cradle to Cradle,1680.75,Pre-Order
MAT08352,Mushroom Composite,Footwear,121.24,77.7,22.7,7.42,84.2,Supplier A,ISO 14001,2846.9,Low Stock
MAT08353,Bio-based Polymer,Accessories,38.09,75.43,25.6,3.82,76.3,Supplier B,Cradle to Cradle,2746.47,In Stock
MAT08354,Recycled Copper,Accessories,363.25,40.56,35.7,11.83,86.6,Supplier E,EcoCert,659.85,In Stock
MAT08355,Bio-based Polymer,Accessories,207.98,49.58,70.6,12.52,42.4,Supplier E,EcoCert,1049.95,Low Stock
MAT08356,Bioplastic,Textiles,364.42,55.57,79.4,0.75,88.7,Supplier C,FSC,3078.47,Pre-Order
MAT08357,Flax Fiber,Flooring,129.2,16.02,27.4,7.37,30.9,Supplier B,FSC,779.37,In Stock
MAT08358,Linen,Household Items,131.54,22.85,96.1,8.81,7.8,Supplier A,ISO 14001,450.69,In Stock
MAT08359,Organic Cotton,Food Packaging,181.23,99.54,45.6,4.1,7.0,Supplier A,GOTS,2889.23,Low Stock
MAT08360,Jute,Adhesives,224.4,94.37,48.4,12.48,32.8,Supplier D,None,1147.06,Pre-Order
MAT08361,Linen,Bags & Luggage,137.41,35.99,91.6,2.92,6.7,Supplier A,EcoCert,2276.69,Pre-Order
MAT08362,Natural Rubber,Adhesives,176.26,82.28,61.8,3.92,54.2,Supplier B,FSC,417.49,Pre-Order
MAT08363,Natural Rubber,Food Packaging,202.71,3.54,62.6,2.05,93.6,Supplier E,EcoCert,356.07,Pre-Order
MAT08364,Recycled Glass,Bags & Luggage,96.24,99.76,75.7,6.51,60.4,Supplier E,None,2968.91,Pre-Order
MAT08365,Biodegradable Plastic,Automotive,138.63,81.89,93.3,4.37,27.4,Supplier C,FSC,3118.31,Low Stock
MAT08366,Cork,Bags & Luggage,363.53,79.51,61.0,13.26,78.1,Supplier C,EcoCert,3405.49,Low Stock
MAT08367,Hemp Fiber,Coatings,344.99,88.34,35.8,8.46,59.2,Supplier E,None,4058.7,In Stock
MAT08368,Mycelium Leather,Toys,119.12,90.73,30.5,11.81,44.9,Supplier D,FSC,948.69,Pre-Order
MAT08369,Certified Wood,Home Decor,321.96,38.77,73.7,12.99,54.0,Supplier C,FSC,1706.48,Pre-Order
MAT08370,Natural Rubber,Insulation,242.17,60.9,55.1,5.96,34.3,Supplier D,FSC,3216.25,In Stock
MAT08371,Recycled Aluminum,Kitchen Utensils,255.78,93.55,61.0,12.31,55.0,Supplier C,GOTS,3730.02,In Stock
MAT08372,Flax Fiber,Toys,94.11,77.52,23.1,1.31,16.4,Supplier E,EcoCert,2892.55,Low Stock
MAT08373,Cellulose,Coatings,178.98,54.28,60.0,1.04,72.7,Supplier A,EcoCert,3518.37,Pre-Order
MAT08374,Sustainable Bamboo,Bags & Luggage,269.61,54.79,75.1,2.89,96.2,Supplier B,GOTS,2506.6,Low Stock
MAT08375,Recycled Metal,Bags & Luggage,185.42,10.24,46.5,4.99,26.2,Supplier D,Cradle to Cradle,3079.3,In Stock
MAT08376,Bioplastic,Kitchen Utensils,122.32,61.14,70.6,1.88,9.2,Supplier B,EcoCert,3911.79,In Stock
MAT08377,Organic Cotton,Electronics,63.95,79.04,85.0,3.89,92.6,Supplier A,GOTS,2206.14,Pre-Order
MAT08378,Recycled Metal,Electronics,213.66,34.66,31.0,13.88,24.7,Supplier C,None,1237.53,Pre-Order
MAT08379,Recycled Aluminum,Electronics,97.38,9.83,86.7,6.96,6.0,Supplier C,Cradle to Cradle,1290.65,In Stock
MAT08380,Cellulose,Construction,242.24,65.88,39.8,1.45,47.2,Supplier B,None,828.34,Low Stock
MAT08381,Natural Rubber,Textiles,293.71,53.9,76.4,2.45,63.8,Supplier E,Cradle to Cradle,3762.39,In Stock
MAT08382,Cork Composite,Household Items,269.05,60.17,68.6,8.14,49.8,Supplier B,Cradle to Cradle,4140.04,In Stock
MAT08383,Bioplastic,Sports Equipment,454.09,92.63,79.3,1.57,39.9,Supplier D,GOTS,3759.07,Low Stock
MAT08384,Seaweed Polymer,Textiles,52.02,30.15,83.3,6.25,59.3,Supplier E,GOTS,2778.84,Pre-Order
MAT08385,Recycled PET,Coatings,55.52,72.33,58.6,1.66,80.0,Supplier D,Cradle to Cradle,878.97,Pre-Order
MAT08386,Hemp Fiber,Electronics,299.14,5.98,81.0,12.8,77.7,Supplier A,GOTS,2109.03,Low Stock
MAT08387,Recycled Metal,Furniture,454.89,59.31,36.1,10.11,72.8,Supplier D,GOTS,1415.15,Low Stock
MAT08388,Cardboard,Office Supplies,196.02,93.32,44.0,1.39,60.4,Supplier D,GOTS,1757.11,Low Stock
MAT08389,Corn Plastic,Food Packaging,225.33,49.98,29.1,7.95,6.3,Supplier B,ISO 14001,1234.21,In Stock
MAT08390,Bio-based Polymer,Electronics,298.46,4.71,98.2,1.81,47.3,Supplier C,FSC,3403.83,Low Stock
MAT08391,Flax Fiber,Cosmetics,312.96,33.19,61.8,7.93,12.7,Supplier E,GOTS,217.46,Pre-Order
MAT08392,Algae-based Material,Adhesives,329.37,69.52,97.5,11.1,68.2,Supplier B,GOTS,1497.32,Low Stock
MAT08393,Bio-based Polymer,Household Items,225.34,90.02,34.8,10.3,82.0,Supplier B,GOTS,1952.99,In Stock
MAT08394,Algae-based Material,Accessories,343.0,82.33,77.9,14.61,49.8,Supplier A,ISO 14001,1963.78,Pre-Order
MAT08395,Bioplastic,Automotive,334.2,95.99,30.6,14.78,56.1,Supplier C,EcoCert,1737.19,Pre-Order
MAT08396,Bio-based Polymer,Home Decor,40.78,70.69,69.7,4.35,36.6,Supplier B,GOTS,2439.37,In Stock
MAT08397,Recycled Copper,Footwear,214.17,34.02,78.0,13.67,9.9,Supplier C,FSC,3672.75,In Stock
MAT08398,Recycled Copper,Sports Equipment,63.07,49.63,55.1,4.0,18.3,Supplier E,ISO 14001,1567.04,In Stock
MAT08399,Certified Wood,Accessories,359.43,53.85,63.8,13.73,68.5,Supplier B,FSC,3388.89,In Stock
MAT08400,Organic Cotton,Household Items,409.36,79.36,68.3,3.67,69.4,Supplier A,None,2978.04,Low Stock
MAT08401,Cardboard,Food Packaging,268.45,20.49,49.1,10.01,0.6,Supplier A,Cradle to Cradle,1150.38,In Stock
MAT08402,Bioplastic,Flooring,458.8,74.96,70.9,4.15,36.5,Supplier E,FSC,1176.11,In Stock
MAT08403,Recycled Copper,Furniture,274.58,7.11,53.9,10.68,8.8,Supplier B,ISO 14001,2299.93,Pre-Order
MAT08404,Mycelium Leather,Food Packaging,248.42,41.14,40.0,13.8,3.2,Supplier A,Cradle to Cradle,2444.35,Pre-Order
MAT08405,Bio-based Polymer,Footwear,117.51,40.76,85.7,13.73,0.2,Supplier B,ISO 14001,1860.03,In Stock
MAT08406,Certified Wood,Insulation,408.61,91.71,89.2,10.91,38.2,Supplier B,None,2355.54,Low Stock
MAT08407,Recycled Paper,Office Supplies,472.06,87.91,79.1,9.64,82.7,Supplier D,ISO 14001,3058.55,In Stock
MAT08408,Cardboard,Footwear,462.4,83.92,38.2,13.66,40.4,Supplier E,Cradle to Cradle,2434.39,Pre-Order
MAT08409,Jute,Footwear,148.85,23.84,76.2,5.04,48.9,Supplier A,EcoCert,1660.0,In Stock
MAT08410,Biodegradable Plastic,Toys,312.57,68.35,51.7,3.12,12.3,Supplier A,EcoCert,3801.4,Pre-Order
MAT08411,Flax Fiber,Textiles,368.42,77.77,31.8,0.75,78.2,Supplier B,Cradle to Cradle,3294.27,In Stock
MAT08412,Flax Fiber,Accessories,169.73,95.64,91.6,11.64,43.2,Supplier B,FSC,3046.1,Pre-Order
MAT08413,Algae-based Material,Construction,459.71,53.36,40.4,9.16,77.4,Supplier A,GOTS,1669.13,Pre-Order
MAT08414,Mushroom Composite,Accessories,280.26,31.42,64.1,12.8,47.3,Supplier E,None,2911.64,Pre-Order
MAT08415,Cardboard,Furniture,258.14,84.58,65.3,5.95,99.1,Supplier D,None,2118.99,In Stock
MAT08416,Cellulose,Construction,143.88,10.41,30.2,4.97,56.6,Supplier C,EcoCert,253.15,Pre-Order
MAT08417,Linen,Insulation,52.84,43.14,95.6,1.67,26.7,Supplier E,None,2503.28,In Stock
MAT08418,Organic Cotton,Accessories,21.68,19.26,64.8,10.5,50.9,Supplier B,FSC,1066.55,Pre-Order
MAT08419,Recycled Paper,Sports Equipment,413.02,65.21,72.7,10.71,8.7,Supplier D,None,1865.84,In Stock
MAT08420,Cork,Cosmetics,75.07,41.65,67.7,1.73,24.9,Supplier C,Cradle to Cradle,731.23,Pre-Order
MAT08421,Natural Rubber,Automotive,498.39,18.97,61.0,13.1,71.6,Supplier B,FSC,1866.67,In Stock
MAT08422,Sustainable Bamboo,Kitchen Utensils,489.22,67.29,96.8,1.2,94.8,Supplier E,ISO 14001,2001.96,Low Stock
MAT08423,Cardboard,Adhesives,325.22,59.57,25.2,11.76,26.7,Supplier E,Cradle to Cradle,2384.59,Pre-Order
MAT08424,Recycled PET,Food Packaging,190.0,93.36,31.5,11.74,77.1,Supplier D,EcoCert,1699.01,In Stock
MAT08425,Organic Cotton,Sports Equipment,262.94,69.98,75.3,8.38,70.6,Supplier D,FSC,2031.01,In Stock
MAT08426,Bio-based Polymer,Cosmetics,137.47,88.77,56.3,1.64,73.7,Supplier B,Cradle to Cradle,2459.29,Low Stock
MAT08427,Certified Wood,Furniture,108.48,39.85,55.2,7.06,21.9,Supplier C,GOTS,3650.34,Low Stock
MAT08428,Cardboard,Bags & Luggage,183.96,42.9,73.7,13.29,85.2,Supplier D,None,1200.18,Low Stock
MAT08429,Organic Cotton,Insulation,383.19,65.45,26.2,8.23,46.7,Supplier A,ISO 14001,2104.88,Pre-Order
MAT08430,Mycelium Leather,Insulation,147.52,43.6,95.1,14.89,69.3,Supplier D,Cradle to Cradle,1057.42,Pre-Order
MAT08431,Jute,Textiles,46.23,42.24,90.3,5.09,49.2,Supplier B,None,1404.36,In Stock
MAT08432,Certified Wood,Furniture,496.48,39.74,92.6,14.67,53.0,Supplier B,ISO 14001,4008.07,Low Stock
MAT08433,Hemp Fiber,Food Packaging,313.78,77.73,22.8,3.02,97.5,Supplier E,FSC,2198.67,Low Stock
MAT08434,Bioplastic,Textiles,73.49,52.37,74.0,12.0,67.0,Supplier B,EcoCert,3206.29,Pre-Order
MAT08435,Recycled Copper,Kitchen Utensils,348.75,25.78,23.7,10.56,3.2,Supplier B,FSC,715.46,Low Stock
MAT08436,Biodegradable Plastic,Bags & Luggage,27.85,78.23,66.0,1.94,79.1,Supplier E,ISO 14001,355.24,Pre-Order
MAT08437,Algae-based Material,Cosmetics,123.76,47.8,65.7,7.27,99.8,Supplier C,None,3549.91,In Stock
MAT08438,Recycled PET,Household Items,99.51,13.83,89.1,14.35,87.9,Supplier E,GOTS,1172.79,In Stock
MAT08439,Recycled Paper,Textiles,10.52,13.5,80.2,11.39,79.5,Supplier C,ISO 14001,2828.64,Low Stock
MAT08440,Mushroom Composite,Cosmetics,139.55,18.75,73.9,14.24,24.7,Supplier C,EcoCert,3845.39,In Stock
MAT08441,Mycelium Leather,Flooring,242.18,37.11,39.2,5.22,34.3,Supplier D,EcoCert,2628.61,Low Stock
MAT08442,Cellulose,Adhesives,296.54,25.07,91.6,8.06,43.7,Supplier B,EcoCert,3587.26,Low Stock
MAT08443,Wool,Household Items,318.69,94.54,42.5,1.8,88.2,Supplier C,FSC,1933.07,Pre-Order
MAT08444,Recycled Copper,Coatings,351.13,98.41,88.3,7.26,22.0,Supplier B,ISO 14001,3961.59,In Stock
MAT08445,Recycled Metal,Kitchen Utensils,121.68,34.2,78.9,1.38,80.6,Supplier B,GOTS,2525.69,Low Stock
MAT08446,Certified Wood,Sports Equipment,243.83,84.92,82.7,13.84,46.9,Supplier A,FSC,2810.38,In Stock
MAT08447,Mycelium Leather,Kitchen Utensils,454.81,26.67,48.9,5.08,3.4,Supplier C,None,485.55,Pre-Order
MAT08448,Cellulose,Construction,110.57,28.24,55.7,9.3,22.4,Supplier C,None,2291.63,Pre-Order
MAT08449,Recycled PET,Bags & Luggage,148.43,9.63,24.5,6.73,79.1,Supplier D,Cradle to Cradle,951.18,Low Stock
MAT08450,Biodegradable Plastic,Office Supplies,290.21,52.48,98.3,11.32,57.5,Supplier B,EcoCert,3034.48,Low Stock
MAT08451,Hemp Fiber,Food Packaging,271.79,32.87,86.3,14.38,64.7,Supplier A,ISO 14001,3324.15,Low Stock
MAT08452,Mycelium Leather,Accessories,41.07,82.15,72.0,10.52,0.7,Supplier E,FSC,366.03,In Stock
MAT08453,Bio-based Polymer,Household Items,33.42,91.57,83.7,13.28,84.5,Supplier D,ISO 14001,1898.21,Low Stock
MAT08454,Mycelium Leather,Food Packaging,476.44,27.13,32.8,8.14,84.5,Supplier D,FSC,2996.3,Pre-Order
MAT08455,Biodegradable Plastic,Electronics,109.98,11.28,88.2,11.49,36.7,Supplier E,ISO 14001,2909.15,Low Stock
MAT08456,Recycled PET,Office Supplies,227.84,66.81,63.2,14.66,20.5,Supplier A,FSC,2886.74,Pre-Order
MAT08457,Cardboard,Flooring,187.19,34.25,66.2,14.91,52.5,Supplier B,EcoCert,2621.14,Pre-Order
MAT08458,Mushroom Composite,Sports Equipment,494.9,87.61,29.1,3.47,35.7,Supplier C,ISO 14001,1248.32,Low Stock
MAT08459,Mycelium Leather,Cosmetics,207.03,99.3,34.8,14.2,99.7,Supplier A,EcoCert,2994.64,In Stock
MAT08460,Cork Composite,Kitchen Utensils,423.32,51.0,67.8,7.42,67.6,Supplier E,Cradle to Cradle,3175.58,In Stock
MAT08461,Jute,Electronics,188.34,77.38,20.1,3.41,98.2,Supplier B,EcoCert,1586.96,Pre-Order
MAT08462,Natural Rubber,Construction,168.4,7.05,22.1,12.43,56.7,Supplier E,ISO 14001,937.07,In Stock
MAT08463,Recycled Aluminum,Insulation,364.51,41.01,35.8,1.62,40.5,Supplier C,EcoCert,3344.07,In Stock
MAT08464,Recycled PET,Furniture,401.6,32.42,27.3,13.53,51.9,Supplier A,None,210.82,Pre-Order
MAT08465,Natural Rubber,Flooring,382.87,47.96,20.6,9.24,82.5,Supplier A,EcoCert,2792.95,Pre-Order
MAT08466,Bio-based Polymer,Accessories,146.81,18.02,33.8,4.79,8.4,Supplier C,None,2773.03,In Stock
MAT08467,Natural Rubber,Cosmetics,175.33,63.65,98.1,13.1,28.4,Supplier C,EcoCert,3202.97,Pre-Order
MAT08468,Recycled PET,Cosmetics,53.55,97.18,93.5,9.69,60.9,Supplier B,ISO 14001,3355.69,In Stock
MAT08469,Mushroom Composite,Sports Equipment,275.93,80.67,25.6,13.31,10.3,Supplier E,FSC,3831.28,Pre-Order
MAT08470,Recycled Glass,Coatings,254.87,32.73,79.2,14.45,10.0,Supplier A,GOTS,2480.87,In Stock
MAT08471,Recycled Glass,Electronics,266.13,18.33,42.8,2.03,52.9,Supplier C,GOTS,1855.05,In Stock
MAT08472,Cork,Kitchen Utensils,108.9,61.12,22.7,0.97,17.4,Supplier A,None,2554.74,In Stock
MAT08473,Bioplastic,Food Packaging,137.08,2.31,91.5,13.6,91.3,Supplier B,ISO 14001,1722.25,Low Stock
MAT08474,Recycled PET,Office Supplies,253.5,2.94,77.7,2.0,29.1,Supplier E,None,1690.71,In Stock
MAT08475,Natural Rubber,Insulation,349.99,21.96,23.1,9.52,87.3,Supplier C,Cradle to Cradle,3412.13,In Stock
MAT08476,Sustainable Bamboo,Adhesives,152.87,77.35,85.4,10.49,72.6,Supplier A,EcoCert,677.28,In Stock
MAT08477,Cork,Sports Equipment,46.58,39.46,46.8,3.75,29.6,Supplier B,Cradle to Cradle,644.91,In Stock
MAT08478,Bio-based Polymer,Sports Equipment,99.09,48.36,97.6,11.3,98.9,Supplier E,Cradle to Cradle,1239.19,In Stock
MAT08479,Corn Plastic,Sports Equipment,110.22,37.68,70.2,14.59,68.1,Supplier B,None,1491.51,Pre-Order
MAT08480,Corn Plastic,Automotive,233.95,46.35,89.8,12.95,48.5,Supplier A,EcoCert,1742.17,Low Stock
MAT08481,Natural Rubber,Footwear,183.93,73.43,93.6,8.81,63.7,Supplier C,GOTS,2659.32,Pre-Order
MAT08482,Natural Rubber,Cosmetics,231.97,43.67,33.3,4.81,58.9,Supplier B,EcoCert,893.91,Low Stock
MAT08483,Algae-based Material,Insulation,404.81,42.5,20.5,1.32,91.8,Supplier E,FSC,2647.7,Low Stock
MAT08484,Recycled Paper,Sports Equipment,302.54,4.83,64.3,9.97,95.9,Supplier E,Cradle to Cradle,523.73,In Stock
MAT08485,Mushroom Composite,Home Decor,261.06,6.4,85.7,0.51,15.8,Supplier D,GOTS,3819.66,Low Stock
MAT08486,Biodegradable Plastic,Construction,268.34,52.34,70.4,6.43,36.1,Supplier A,None,2294.12,In Stock
MAT08487,Certified Wood,Flooring,13.94,25.18,37.2,9.35,90.5,Supplier A,None,3827.13,Pre-Order
MAT08488,Jute,Adhesives,214.61,34.06,20.4,4.85,99.1,Supplier B,None,2685.88,In Stock
MAT08489,Cardboard,Kitchen Utensils,99.2,5.64,57.4,7.93,91.5,Supplier B,None,912.17,Low Stock
MAT08490,Recycled Copper,Accessories,287.61,5.54,82.3,13.6,53.5,Supplier E,None,4002.26,Pre-Order
MAT08491,Natural Rubber,Accessories,244.91,31.62,77.0,6.16,20.7,Supplier C,ISO 14001,1314.72,In Stock
MAT08492,Flax Fiber,Home Decor,272.63,71.65,58.9,12.9,60.1,Supplier D,ISO 14001,3520.03,In Stock
MAT08493,Certified Wood,Footwear,78.41,8.06,61.0,9.91,61.2,Supplier C,GOTS,3377.27,In Stock
MAT08494,Cardboard,Kitchen Utensils,259.85,26.97,66.4,14.87,37.0,Supplier A,None,3202.97,Pre-Order
MAT08495,Organic Cotton,Insulation,49.06,61.67,77.1,13.63,89.3,Supplier A,FSC,1019.24,Low Stock
MAT08496,Cork Composite,Home Decor,85.67,53.45,58.3,13.69,3.5,Supplier E,Cradle to Cradle,1444.2,In Stock
MAT08497,Biodegradable Plastic,Toys,377.07,49.28,64.8,1.2,74.3,Supplier A,GOTS,590.96,Low Stock
MAT08498,Natural Rubber,Household Items,59.26,1.92,27.8,14.11,60.6,Supplier B,ISO 14001,1718.93,Pre-Order
MAT08499,Seaweed Polymer,Furniture,290.98,20.48,91.9,6.33,8.5,Supplier C,FSC,4035.46,In Stock
MAT08500,Bioplastic,Household Items,480.55,94.27,71.0,2.71,69.1,Supplier A,Cradle to Cradle,1387.76,Low Stock
MAT08501,Natural Rubber,Furniture,124.55,31.26,48.8,14.46,44.9,Supplier E,None,4000.6,Low Stock
MAT08502,Organic Cotton,Coatings,237.47,34.01,55.7,8.28,84.5,Supplier E,GOTS,3793.1,In Stock
MAT08503,Hemp Fiber,Construction,109.03,79.06,83.6,14.3,34.8,Supplier C,GOTS,795.14,Pre-Order
MAT08504,Mushroom Composite,Toys,275.3,61.09,23.4,6.95,77.9,Supplier C,ISO 14001,1701.5,Pre-Order
MAT08505,Biodegradable Plastic,Office Supplies,63.28,27.58,45.3,11.65,67.6,Supplier A,ISO 14001,1152.87,Pre-Order
MAT08506,Recycled Metal,Accessories,99.43,87.54,28.8,13.27,1.5,Supplier C,None,4102.69,Pre-Order
MAT08507,Mushroom Composite,Sports Equipment,326.57,63.92,43.8,6.44,35.9,Supplier C,Cradle to Cradle,3355.69,Pre-Order
MAT08508,Mushroom Composite,Household Items,469.52,28.92,85.1,11.64,73.0,Supplier D,FSC,1987.02,Low Stock
MAT08509,Certified Wood,Insulation,456.95,53.36,71.3,7.73,47.9,Supplier B,GOTS,476.42,Low Stock
MAT08510,Cardboard,Toys,285.8,45.26,36.0,11.65,8.3,Supplier C,Cradle to Cradle,1919.79,Low Stock
MAT08511,Hemp Fiber,Food Packaging,473.91,71.62,86.4,3.4,83.1,Supplier C,None,3499.28,Low Stock
MAT08512,Organic Cotton,Furniture,47.18,98.31,88.5,14.01,41.2,Supplier D,ISO 14001,766.92,Pre-Order
MAT08513,Wool,Construction,267.92,77.22,92.3,10.08,46.6,Supplier B,ISO 14001,2569.68,Low Stock
MAT08514,Wool,Home Decor,32.17,44.69,57.3,1.37,56.5,Supplier A,GOTS,1913.15,In Stock
MAT08515,Cardboard,Footwear,448.0,4.06,73.9,9.87,73.2,Supplier C,EcoCert,558.59,Low Stock
MAT08516,Cork Composite,Coatings,428.02,8.12,64.0,7.5,76.4,Supplier D,GOTS,456.5,In Stock
MAT08517,Linen,Household Items,133.63,86.43,62.5,13.15,54.7,Supplier C,FSC,1374.48,Pre-Order
MAT08518,Recycled PET,Office Supplies,86.65,9.26,81.3,14.25,51.4,Supplier D,GOTS,3526.67,Pre-Order
MAT08519,Cork Composite,Home Decor,496.98,96.35,44.8,14.54,4.4,Supplier C,None,3051.08,Pre-Order
MAT08520,Algae-based Material,Textiles,124.7,80.34,76.1,9.98,73.4,Supplier E,ISO 14001,598.43,Low Stock
MAT08521,Cardboard,Toys,70.28,43.83,58.0,0.56,35.9,Supplier D,FSC,4079.45,Low Stock
MAT08522,Bio-based Polymer,Accessories,311.93,18.82,26.9,5.66,24.1,Supplier A,ISO 14001,1294.8,Low Stock
MAT08523,Mycelium Leather,Coatings,336.64,46.75,36.4,10.67,25.9,Supplier C,ISO 14001,677.28,Pre-Order
MAT08524,Recycled Aluminum,Bags & Luggage,18.85,87.73,74.4,6.28,55.3,Supplier D,FSC,2922.43,Pre-Order
MAT08525,Cardboard,Insulation,393.87,32.12,56.0,3.52,56.0,Supplier B,GOTS,1577.83,In Stock
MAT08526,Wool,Toys,409.85,68.9,20.9,14.19,76.0,Supplier A,None,1476.57,Low Stock
MAT08527,Hemp Fiber,Toys,475.37,63.82,74.2,5.72,45.4,Supplier D,FSC,2297.44,Pre-Order
MAT08528,Wool,Accessories,11.03,1.45,84.8,12.04,57.1,Supplier A,EcoCert,2379.61,In Stock
MAT08529,Biodegradable Plastic,Coatings,439.64,51.05,66.3,3.52,37.4,Supplier B,FSC,3180.56,Low Stock
MAT08530,Mushroom Composite,Kitchen Utensils,454.08,90.82,94.0,0.72,74.3,Supplier B,None,698.03,Low Stock
MAT08531,Seaweed Polymer,Household Items,403.12,85.0,82.0,13.84,10.3,Supplier A,None,1857.54,Low Stock
MAT08532,Linen,Coatings,331.35,27.51,65.5,7.84,75.8,Supplier C,ISO 14001,283.03,In Stock
MAT08533,Recycled Aluminum,Adhesives,419.4,69.35,75.0,4.27,76.2,Supplier E,EcoCert,747.83,Low Stock
MAT08534,Mycelium Leather,Furniture,372.65,48.92,93.4,9.08,9.7,Supplier D,ISO 14001,3754.09,Pre-Order
MAT08535,Hemp Fiber,Coatings,201.45,91.33,35.5,8.0,12.7,Supplier B,None,1899.04,Pre-Order
MAT08536,Recycled Metal,Household Items,45.53,91.73,49.7,13.65,19.8,Supplier D,EcoCert,2189.54,Pre-Order
MAT08537,Biodegradable Plastic,Bags & Luggage,223.68,1.81,50.5,2.31,68.5,Supplier B,Cradle to Cradle,1480.72,Pre-Order
MAT08538,Recycled Metal,Furniture,119.42,56.31,78.5,4.07,14.8,Supplier D,Cradle to Cradle,3569.83,Low Stock
MAT08539,Cardboard,Furniture,408.77,57.99,63.0,14.84,2.0,Supplier E,GOTS,175.96,Pre-Order
MAT08540,Cellulose,Furniture,261.5,28.56,49.9,5.84,60.9,Supplier E,ISO 14001,2533.99,In Stock
MAT08541,Recycled Metal,Automotive,337.34,17.69,65.5,4.47,92.9,Supplier E,ISO 14001,825.85,In Stock
MAT08542,Recycled Metal,Bags & Luggage,114.74,11.68,42.3,12.7,66.9,Supplier C,EcoCert,1537.99,Pre-Order
MAT08543,Natural Rubber,Automotive,229.7,52.13,83.0,3.7,29.2,Supplier D,Cradle to Cradle,3523.35,Low Stock
MAT08544,Recycled Paper,Footwear,431.31,82.63,72.5,14.33,24.6,Supplier E,FSC,859.88,In Stock
MAT08545,Bio-based Polymer,Sports Equipment,213.73,4.84,50.3,3.42,8.2,Supplier D,ISO 14001,797.63,Low Stock
MAT08546,Recycled PET,Sports Equipment,232.51,43.83,51.2,12.23,75.5,Supplier B,GOTS,319.55,Low Stock
MAT08547,Flax Fiber,Office Supplies,40.22,27.13,90.3,9.38,54.4,Supplier C,ISO 14001,1639.25,In Stock
MAT08548,Mycelium Leather,Kitchen Utensils,315.01,86.83,52.7,5.79,52.8,Supplier D,Cradle to Cradle,3943.33,In Stock
MAT08549,Cellulose,Office Supplies,326.26,15.49,52.5,9.38,88.8,Supplier A,EcoCert,3135.74,In Stock
MAT08550,Algae-based Material,Cosmetics,11.56,45.51,28.6,9.67,65.8,Supplier A,GOTS,779.37,Low Stock
MAT08551,Corn Plastic,Bags & Luggage,260.68,38.48,21.6,2.99,42.4,Supplier A,GOTS,1279.03,Pre-Order
MAT08552,Organic Cotton,Cosmetics,332.85,40.11,26.4,7.64,43.3,Supplier D,ISO 14001,3784.8,In Stock
MAT08553,Mushroom Composite,Accessories,186.18,48.11,84.7,4.5,12.4,Supplier A,None,3569.0,Pre-Order
MAT08554,Cardboard,Food Packaging,43.77,37.19,89.1,13.08,36.0,Supplier C,Cradle to Cradle,3808.87,Pre-Order
MAT08555,Natural Rubber,Kitchen Utensils,474.73,98.88,45.4,3.1,69.5,Supplier C,None,1904.02,In Stock
MAT08556,Natural Rubber,Home Decor,234.24,78.87,67.5,1.51,5.2,Supplier E,EcoCert,4050.4,Low Stock
MAT08557,Certified Wood,Cosmetics,236.43,92.96,98.1,13.88,55.2,Supplier E,None,469.78,In Stock
MAT08558,Mycelium Leather,Food Packaging,395.01,59.66,52.0,3.48,79.8,Supplier C,GOTS,2663.47,Pre-Order
MAT08559,Natural Rubber,Accessories,83.64,16.57,26.9,7.65,66.2,Supplier A,GOTS,1196.86,In Stock
MAT08560,Cellulose,Office Supplies,211.66,84.66,80.4,7.58,98.6,Supplier B,ISO 14001,2435.22,Pre-Order
MAT08561,Cork,Sports Equipment,371.37,20.88,72.6,13.48,72.0,Supplier E,Cradle to Cradle,4024.67,Low Stock
MAT08562,Mycelium Leather,Food Packaging,105.27,96.7,87.9,13.4,14.6,Supplier D,None,2924.09,Pre-Order
MAT08563,Certified Wood,Cosmetics,149.12,72.38,27.6,4.19,28.7,Supplier D,EcoCert,2242.66,Pre-Order
MAT08564,Recycled Copper,Office Supplies,344.08,35.62,23.1,6.21,3.7,Supplier E,GOTS,1680.75,In Stock
MAT08565,Sustainable Bamboo,Toys,24.66,67.38,27.5,8.39,53.0,Supplier C,Cradle to Cradle,2420.28,Pre-Order
MAT08566,Cork Composite,Home Decor,230.65,56.54,33.0,7.84,84.0,Supplier A,None,261.45,Low Stock
MAT08567,Hemp Fiber,Office Supplies,28.35,1.66,77.5,2.32,54.9,Supplier D,ISO 14001,2372.14,Low Stock
MAT08568,Corn Plastic,Household Items,11.83,77.84,87.5,10.15,94.2,Supplier D,GOTS,3984.83,Low Stock
MAT08569,Corn Plastic,Food Packaging,222.41,98.87,64.8,1.9,51.0,Supplier D,FSC,2662.64,In Stock
MAT08570,Recycled Glass,Furniture,493.07,45.77,61.2,1.81,66.0,Supplier A,GOTS,1427.6,In Stock
MAT08571,Biodegradable Plastic,Insulation,350.6,19.46,51.1,5.16,73.5,Supplier C,None,1607.71,Pre-Order
MAT08572,Jute,Coatings,27.54,55.46,33.7,8.77,26.5,Supplier E,None,3027.84,In Stock
MAT08573,Cellulose,Household Items,270.02,21.97,20.9,12.7,87.8,Supplier D,EcoCert,4063.68,Pre-Order
MAT08574,Mushroom Composite,Bags & Luggage,232.92,73.48,88.3,13.2,40.2,Supplier A,GOTS,1308.91,In Stock
MAT08575,Biodegradable Plastic,Insulation,325.41,37.05,90.1,1.22,94.0,Supplier E,EcoCert,4037.12,In Stock
MAT08576,Natural Rubber,Cosmetics,389.58,94.9,89.6,2.93,8.3,Supplier B,None,1738.02,Pre-Order
MAT08577,Recycled PET,Coatings,472.47,78.91,82.3,4.49,82.0,Supplier A,ISO 14001,3495.13,In Stock
MAT08578,Mushroom Composite,Accessories,356.89,27.88,69.5,2.9,66.1,Supplier A,ISO 14001,2670.94,Pre-Order
MAT08579,Cork,Kitchen Utensils,428.91,94.97,62.6,13.02,33.9,Supplier D,EcoCert,992.68,Pre-Order
MAT08580,Flax Fiber,Insulation,166.75,7.43,89.6,14.84,15.2,Supplier C,GOTS,1338.79,In Stock
MAT08581,Linen,Household Items,352.14,85.03,59.1,7.29,54.1,Supplier E,EcoCert,2038.48,In Stock
MAT08582,Cork,Construction,366.06,93.31,62.1,8.61,57.8,Supplier A,ISO 14001,3637.06,In Stock
MAT08583,Cork Composite,Home Decor,351.95,57.3,75.6,9.15,20.7,Supplier A,EcoCert,1573.68,Pre-Order
MAT08584,Recycled Aluminum,Furniture,95.77,5.15,68.0,13.69,59.5,Supplier C,EcoCert,1865.01,Low Stock
MAT08585,Natural Rubber,Automotive,124.72,42.68,52.6,4.26,19.9,Supplier D,ISO 14001,3590.58,Low Stock
MAT08586,Recycled PET,Insulation,298.47,23.82,75.7,3.33,52.9,Supplier D,FSC,724.59,Pre-Order
MAT08587,Organic Cotton,Toys,257.08,93.07,68.4,3.5,94.9,Supplier C,GOTS,463.97,Pre-Order
MAT08588,Recycled PET,Coatings,162.74,96.4,68.0,13.85,84.4,Supplier D,FSC,1480.72,Low Stock
MAT08589,Recycled Paper,Footwear,449.27,77.97,86.3,9.56,35.2,Supplier B,EcoCert,761.94,In Stock
MAT08590,Hemp Fiber,Adhesives,373.44,4.45,64.9,11.83,0.1,Supplier B,GOTS,1528.86,In Stock
MAT08591,Hemp Fiber,Footwear,465.29,82.2,55.4,11.4,9.8,Supplier E,Cradle to Cradle,1205.16,Low Stock
MAT08592,Algae-based Material,Kitchen Utensils,317.69,91.46,54.6,5.69,31.6,Supplier A,GOTS,3580.62,Pre-Order
MAT08593,Recycled Metal,Flooring,147.06,89.65,44.0,4.78,65.2,Supplier C,Cradle to Cradle,1368.67,Low Stock
MAT08594,Cork Composite,Home Decor,87.88,4.91,69.0,8.63,95.8,Supplier B,None,3778.16,In Stock
MAT08595,Organic Cotton,Insulation,193.42,98.28,83.2,8.27,18.5,Supplier B,GOTS,2709.12,Pre-Order
MAT08596,Recycled Aluminum,Footwear,394.7,53.7,85.8,3.25,77.7,Supplier C,FSC,2661.81,In Stock
MAT08597,Recycled Glass,Coatings,181.39,69.91,80.3,5.34,85.5,Supplier A,FSC,2131.44,Low Stock
MAT08598,Recycled Glass,Food Packaging,427.14,8.55,92.3,4.69,17.9,Supplier C,EcoCert,358.56,Pre-Order
MAT08599,Biodegradable Plastic,Accessories,447.79,17.25,96.0,7.64,55.5,Supplier E,GOTS,3534.97,Low Stock
MAT08600,Sustainable Bamboo,Home Decor,411.71,5.73,52.1,11.21,13.8,Supplier D,None,3994.79,In Stock
MAT08601,Cardboard,Household Items,271.66,80.96,65.3,5.95,76.9,Supplier B,FSC,1495.66,Pre-Order
MAT08602,Algae-based Material,Accessories,426.5,17.89,59.0,3.18,83.1,Supplier A,None,2684.22,Pre-Order
MAT08603,Sustainable Bamboo,Toys,87.63,85.03,73.4,11.58,37.5,Supplier E,GOTS,2409.49,In Stock
MAT08604,Natural Rubber,Adhesives,199.18,77.15,95.8,4.75,89.9,Supplier A,FSC,503.81,In Stock
MAT08605,Hemp Fiber,Adhesives,165.95,92.99,28.7,7.37,44.2,Supplier E,Cradle to Cradle,3795.59,Low Stock
MAT08606,Bio-based Polymer,Automotive,31.9,10.39,41.5,13.75,12.9,Supplier E,FSC,2282.5,Pre-Order
MAT08607,Mycelium Leather,Toys,172.51,27.84,36.5,4.55,12.5,Supplier E,ISO 14001,2109.03,Low Stock
MAT08608,Cellulose,Construction,374.24,3.11,83.5,2.88,33.7,Supplier E,GOTS,1608.54,Pre-Order
MAT08609,Cellulose,Home Decor,83.33,85.92,24.3,5.62,65.5,Supplier C,FSC,3295.93,Low Stock
MAT08610,Linen,Adhesives,223.51,48.48,23.0,12.31,90.4,Supplier A,FSC,1762.09,Low Stock
MAT08611,Recycled Aluminum,Home Decor,200.41,54.34,74.9,1.57,89.1,Supplier B,EcoCert,655.7,In Stock
MAT08612,Recycled Aluminum,Toys,413.38,27.38,31.6,9.44,11.5,Supplier A,Cradle to Cradle,448.2,Pre-Order
MAT08613,Recycled Metal,Furniture,407.83,65.85,51.3,3.88,0.6,Supplier B,ISO 14001,280.54,Low Stock
MAT08614,Organic Cotton,Flooring,487.93,9.9,24.5,6.53,20.9,Supplier C,Cradle to Cradle,462.31,Pre-Order
MAT08615,Recycled Metal,Textiles,387.24,57.65,37.7,2.61,51.7,Supplier A,Cradle to Cradle,2129.78,In Stock
MAT08616,Mushroom Composite,Bags & Luggage,200.67,38.61,77.3,2.17,53.2,Supplier E,None,2704.97,Pre-Order
MAT08617,Sustainable Bamboo,Home Decor,454.49,70.69,34.7,10.66,2.9,Supplier B,None,2033.5,Low Stock
MAT08618,Certified Wood,Flooring,105.71,76.03,91.8,0.85,15.0,Supplier E,EcoCert,504.64,Pre-Order
MAT08619,Wool,Textiles,212.25,59.52,22.9,8.78,37.6,Supplier C,None,3129.1,In Stock
MAT08620,Algae-based Material,Flooring,413.38,62.43,36.5,14.64,55.1,Supplier E,ISO 14001,202.52,Pre-Order
MAT08621,Cellulose,Textiles,208.06,92.09,54.7,13.46,64.1,Supplier C,Cradle to Cradle,3521.69,In Stock
MAT08622,Mycelium Leather,Bags & Luggage,479.04,34.33,61.4,12.15,8.7,Supplier A,GOTS,370.18,In Stock
MAT08623,Recycled Aluminum,Flooring,187.69,32.24,48.8,13.45,88.4,Supplier E,Cradle to Cradle,4057.87,In Stock
MAT08624,Cardboard,Bags & Luggage,420.29,80.45,62.0,1.66,23.0,Supplier B,FSC,3836.26,Pre-Order
MAT08625,Recycled Glass,Home Decor,308.2,59.68,91.2,2.76,27.3,Supplier D,FSC,3349.88,Pre-Order
MAT08626,Organic Cotton,Sports Equipment,400.92,48.1,45.4,5.64,75.8,Supplier A,GOTS,3524.18,Pre-Order
MAT08627,Cardboard,Insulation,449.42,12.42,51.0,13.07,0.8,Supplier C,ISO 14001,2573.0,Pre-Order
MAT08628,Recycled Metal,Textiles,259.67,98.84,49.6,11.98,76.7,Supplier D,GOTS,2777.18,Low Stock
MAT08629,Bioplastic,Adhesives,219.62,10.2,62.7,8.11,63.9,Supplier D,EcoCert,2660.15,Pre-Order
MAT08630,Mushroom Composite,Automotive,103.46,35.42,67.1,14.5,2.0,Supplier E,Cradle to Cradle,2433.56,In Stock
MAT08631,Natural Rubber,Electronics,173.56,36.09,27.6,10.1,57.8,Supplier B,FSC,2876.78,Low Stock
MAT08632,Organic Cotton,Bags & Luggage,243.79,22.53,23.3,8.98,99.6,Supplier E,GOTS,1600.24,Pre-Order
MAT08633,Recycled Paper,Construction,268.47,90.83,79.8,4.22,72.6,Supplier A,EcoCert,600.92,Low Stock
MAT08634,Bioplastic,Automotive,297.92,68.18,94.8,5.14,29.9,Supplier A,None,3396.36,Low Stock
MAT08635,Biodegradable Plastic,Adhesives,109.29,25.6,55.2,14.62,82.8,Supplier E,None,1692.37,In Stock
MAT08636,Mushroom Composite,Automotive,272.46,93.46,81.6,8.27,36.9,Supplier C,Cradle to Cradle,3246.13,Low Stock
MAT08637,Certified Wood,Footwear,341.02,42.99,31.1,2.38,98.6,Supplier D,EcoCert,1679.09,Low Stock
MAT08638,Mushroom Composite,Food Packaging,15.9,64.55,40.2,10.09,82.8,Supplier C,EcoCert,1786.16,Pre-Order
MAT08639,Flax Fiber,Footwear,40.64,42.16,98.0,9.95,11.6,Supplier B,EcoCert,1893.23,Pre-Order
MAT08640,Bioplastic,Furniture,59.78,46.92,94.7,3.78,87.4,Supplier E,Cradle to Cradle,3000.45,Pre-Order
MAT08641,Bioplastic,Accessories,315.54,49.82,75.4,4.85,18.7,Supplier A,EcoCert,3012.9,Pre-Order
MAT08642,Natural Rubber,Automotive,296.22,24.55,53.4,9.3,36.5,Supplier C,EcoCert,2605.37,Low Stock
MAT08643,Recycled Glass,Textiles,163.11,98.1,62.3,3.67,36.4,Supplier E,GOTS,3494.3,Low Stock
MAT08644,Hemp Fiber,Footwear,174.97,18.59,32.3,10.86,10.6,Supplier E,FSC,1332.98,In Stock
MAT08645,Bio-based Polymer,Household Items,216.27,20.56,90.7,3.12,5.8,Supplier D,None,2366.33,In Stock
MAT08646,Natural Rubber,Accessories,331.51,26.34,28.5,3.91,44.0,Supplier E,GOTS,459.82,Low Stock
MAT08647,Mushroom Composite,Kitchen Utensils,429.36,55.49,72.0,12.79,55.6,Supplier C,FSC,2055.91,In Stock
MAT08648,Organic Cotton,Textiles,213.28,45.4,67.4,14.29,5.7,Supplier D,ISO 14001,914.66,Pre-Order
MAT08649,Cardboard,Footwear,356.55,91.12,66.2,8.97,56.5,Supplier A,EcoCert,2293.29,In Stock
MAT08650,Recycled PET,Home Decor,33.77,77.75,78.2,1.9,74.3,Supplier E,EcoCert,3949.14,Pre-Order
MAT08651,Cellulose,Flooring,395.68,1.6,52.5,13.47,6.7,Supplier B,Cradle to Cradle,2569.68,Pre-Order
MAT08652,Mushroom Composite,Accessories,32.3,67.36,28.7,10.98,94.5,Supplier D,GOTS,3123.29,In Stock
MAT08653,Linen,Office Supplies,259.98,9.06,77.6,5.48,72.4,Supplier D,FSC,3994.79,In Stock
MAT08654,Organic Cotton,Adhesives,389.69,78.86,33.6,14.38,12.0,Supplier A,None,1151.21,Low Stock
MAT08655,Recycled Paper,Flooring,272.99,30.74,84.7,5.51,52.3,Supplier E,Cradle to Cradle,3060.21,In Stock
MAT08656,Mushroom Composite,Bags & Luggage,470.99,29.3,56.4,10.78,76.5,Supplier D,EcoCert,2870.97,Low Stock
MAT08657,Recycled Paper,Furniture,167.09,35.15,61.0,9.5,4.2,Supplier B,FSC,1512.26,Low Stock
MAT08658,Natural Rubber,Kitchen Utensils,180.26,96.22,73.1,11.53,85.6,Supplier D,Cradle to Cradle,3456.95,Pre-Order
MAT08659,Recycled PET,Food Packaging,159.91,18.71,23.2,4.9,78.4,Supplier E,ISO 14001,2807.89,In Stock
MAT08660,Flax Fiber,Accessories,360.26,49.62,22.7,13.56,95.0,Supplier B,GOTS,1238.36,Pre-Order
MAT08661,Organic Cotton,Flooring,246.65,54.31,60.4,9.04,83.6,Supplier E,None,3766.54,Pre-Order
MAT08662,Wool,Office Supplies,283.44,44.02,81.7,2.17,93.2,Supplier D,EcoCert,477.25,Low Stock
MAT08663,Algae-based Material,Electronics,53.45,65.85,66.0,8.6,10.0,Supplier A,EcoCert,4018.86,Low Stock
MAT08664,Wool,Construction,186.49,19.28,42.3,5.06,7.3,Supplier E,EcoCert,2614.5,In Stock
MAT08665,Sustainable Bamboo,Coatings,59.59,47.98,66.3,2.65,10.8,Supplier B,ISO 14001,3802.23,Pre-Order
MAT08666,Cardboard,Bags & Luggage,483.55,76.32,28.2,11.94,44.4,Supplier D,GOTS,2064.21,Pre-Order
MAT08667,Recycled Paper,Food Packaging,227.72,4.05,96.8,10.71,15.3,Supplier E,None,3292.61,Low Stock
MAT08668,Seaweed Polymer,Toys,448.82,16.26,62.6,7.96,65.4,Supplier B,ISO 14001,2101.56,Low Stock
MAT08669,Cardboard,Flooring,182.8,6.03,44.4,6.22,5.3,Supplier E,Cradle to Cradle,3197.16,Pre-Order
MAT08670,Natural Rubber,Electronics,307.99,29.78,75.7,6.09,57.9,Supplier D,Cradle to Cradle,856.56,Low Stock
MAT08671,Recycled PET,Coatings,225.69,9.26,58.7,9.24,78.8,Supplier A,Cradle to Cradle,1108.88,In Stock
MAT08672,Cellulose,Toys,253.81,64.97,87.0,4.93,36.9,Supplier D,ISO 14001,3547.42,In Stock
MAT08673,Recycled Paper,Furniture,201.36,72.06,58.9,14.69,24.5,Supplier A,GOTS,2543.12,Pre-Order
MAT08674,Cork Composite,Household Items,109.64,71.28,29.1,13.66,24.4,Supplier D,GOTS,4094.39,In Stock
MAT08675,Recycled Metal,Kitchen Utensils,143.5,58.79,68.6,3.62,14.5,Supplier C,FSC,2968.08,Pre-Order
MAT08676,Mushroom Composite,Household Items,19.34,3.43,94.0,8.61,1.0,Supplier E,EcoCert,1382.78,In Stock
MAT08677,Organic Cotton,Coatings,97.87,46.56,38.6,14.57,63.0,Supplier E,None,1722.25,In Stock
MAT08678,Cork Composite,Bags & Luggage,24.27,61.48,69.1,14.49,87.9,Supplier C,None,1353.73,Pre-Order
MAT08679,Sustainable Bamboo,Footwear,184.11,96.27,95.2,13.33,85.5,Supplier E,ISO 14001,2436.05,Low Stock
MAT08680,Cork,Electronics,391.75,27.67,22.5,3.22,52.2,Supplier E,None,2341.43,Pre-Order
MAT08681,Mushroom Composite,Footwear,226.25,57.95,27.0,6.21,80.1,Supplier C,ISO 14001,1673.28,In Stock
MAT08682,Cork Composite,Bags & Luggage,143.38,27.05,84.9,14.39,86.6,Supplier B,FSC,248.17,Low Stock
MAT08683,Algae-based Material,Adhesives,441.06,47.51,43.7,8.28,40.0,Supplier A,FSC,2650.19,In Stock
MAT08684,Biodegradable Plastic,Sports Equipment,315.5,73.48,86.7,5.85,45.3,Supplier D,EcoCert,2508.26,In Stock
MAT08685,Cellulose,Household Items,51.53,85.4,55.6,8.04,24.3,Supplier B,ISO 14001,1575.34,Low Stock
MAT08686,Organic Cotton,Textiles,38.51,16.53,78.7,13.4,67.3,Supplier D,None,1721.42,In Stock
MAT08687,Algae-based Material,Toys,124.35,98.43,35.6,4.81,79.7,Supplier B,None,3136.57,Pre-Order
MAT08688,Biodegradable Plastic,Home Decor,29.56,72.57,92.1,5.78,54.6,Supplier D,FSC,1704.82,Low Stock
MAT08689,Organic Cotton,Furniture,41.22,70.44,23.8,3.83,73.0,Supplier B,Cradle to Cradle,1746.32,In Stock
MAT08690,Hemp Fiber,Adhesives,430.27,53.89,24.1,14.19,89.1,Supplier B,GOTS,885.61,Low Stock
MAT08691,Seaweed Polymer,Household Items,316.24,66.26,23.3,6.01,70.8,Supplier E,FSC,304.61,In Stock
MAT08692,Cellulose,Footwear,158.98,67.6,49.6,8.66,11.1,Supplier B,Cradle to Cradle,1461.63,Low Stock
MAT08693,Seaweed Polymer,Furniture,319.89,32.75,74.6,5.59,7.8,Supplier B,Cradle to Cradle,2758.09,In Stock
MAT08694,Mycelium Leather,Flooring,176.07,10.99,28.3,11.22,22.2,Supplier C,FSC,2275.03,Pre-Order
MAT08695,Jute,Office Supplies,46.11,82.36,35.6,10.52,86.8,Supplier E,EcoCert,3183.88,Low Stock
MAT08696,Certified Wood,Kitchen Utensils,459.92,66.24,45.6,14.3,63.0,Supplier C,None,1973.74,Pre-Order
MAT08697,Bioplastic,Insulation,380.2,60.64,82.3,1.39,11.4,Supplier E,GOTS,2303.25,In Stock
MAT08698,Certified Wood,Automotive,275.24,92.89,94.5,3.82,85.1,Supplier A,ISO 14001,2296.61,Low Stock
MAT08699,Recycled Aluminum,Cosmetics,345.4,51.09,58.3,13.44,58.8,Supplier A,EcoCert,2369.65,Low Stock
MAT08700,Recycled Glass,Bags & Luggage,209.62,28.21,70.5,12.77,44.5,Supplier E,FSC,3108.35,In Stock
MAT08701,Recycled Paper,Adhesives,112.98,4.73,37.2,8.59,90.9,Supplier A,FSC,581.0,In Stock
MAT08702,Recycled Metal,Toys,392.35,66.96,76.0,1.78,55.4,Supplier B,None,4077.79,Low Stock
MAT08703,Recycled PET,Cosmetics,422.34,76.26,75.6,12.67,7.9,Supplier B,FSC,2812.87,Low Stock
MAT08704,Flax Fiber,Bags & Luggage,54.4,9.05,77.5,8.41,97.0,Supplier B,EcoCert,2188.71,In Stock
MAT08705,Cork,Footwear,221.67,18.11,89.6,2.56,1.1,Supplier A,Cradle to Cradle,301.29,Low Stock
MAT08706,Seaweed Polymer,Automotive,187.53,10.87,75.3,14.6,23.9,Supplier B,FSC,965.29,Low Stock
MAT08707,Cardboard,Food Packaging,228.41,17.05,97.5,8.0,68.2,Supplier E,None,3198.82,Pre-Order
MAT08708,Certified Wood,Sports Equipment,19.32,14.54,85.5,14.49,31.2,Supplier C,Cradle to Cradle,2402.85,Low Stock
MAT08709,Cork Composite,Textiles,18.69,15.2,47.2,7.68,60.5,Supplier E,Cradle to Cradle,3848.71,Pre-Order
MAT08710,Cardboard,Insulation,68.66,96.45,54.7,9.48,12.6,Supplier E,FSC,3842.07,Pre-Order
MAT08711,Mushroom Composite,Adhesives,223.62,38.55,35.4,6.22,65.4,Supplier D,FSC,3793.93,In Stock
MAT08712,Recycled PET,Automotive,359.82,45.8,57.2,11.81,83.9,Supplier A,EcoCert,2695.01,In Stock
MAT08713,Wool,Coatings,62.49,76.61,25.9,3.75,55.9,Supplier D,EcoCert,3174.75,In Stock
MAT08714,Corn Plastic,Kitchen Utensils,148.83,41.01,78.8,14.79,13.8,Supplier B,FSC,4098.54,Low Stock
MAT08715,Mycelium Leather,Footwear,193.92,80.5,85.7,9.47,87.2,Supplier E,None,944.54,In Stock
MAT08716,Linen,Sports Equipment,286.95,60.49,51.0,8.75,19.7,Supplier B,GOTS,947.86,In Stock
MAT08717,Natural Rubber,Coatings,284.75,81.81,67.1,7.15,58.8,Supplier C,Cradle to Cradle,2294.95,In Stock
MAT08718,Recycled Copper,Office Supplies,253.63,75.01,65.8,4.66,51.0,Supplier C,None,2708.29,Pre-Order
MAT08719,Hemp Fiber,Electronics,301.11,51.18,68.0,1.29,8.1,Supplier D,None,1437.56,Low Stock
MAT08720,Recycled Paper,Furniture,115.47,72.43,48.4,6.06,16.4,Supplier C,None,3975.7,Pre-Order
MAT08721,Recycled Paper,Insulation,182.82,90.08,47.2,14.88,9.1,Supplier E,GOTS,3168.11,Low Stock
MAT08722,Recycled Metal,Automotive,285.08,38.48,22.8,14.85,62.1,Supplier C,FSC,1836.79,Low Stock
MAT08723,Recycled PET,Cosmetics,443.2,59.54,56.7,11.15,93.4,Supplier D,Cradle to Cradle,2540.63,Pre-Order
MAT08724,Wool,Accessories,69.64,55.32,32.5,11.95,92.9,Supplier C,Cradle to Cradle,3457.78,In Stock
MAT08725,Natural Rubber,Electronics,348.71,84.44,51.7,5.38,31.5,Supplier A,FSC,3739.15,Low Stock
MAT08726,Cellulose,Textiles,428.45,75.24,81.7,5.58,37.8,Supplier E,Cradle to Cradle,1889.08,In Stock
MAT08727,Algae-based Material,Bags & Luggage,368.34,60.51,49.0,3.56,15.4,Supplier D,GOTS,1812.72,Low Stock
MAT08728,Mushroom Composite,Textiles,297.59,92.42,24.3,11.91,10.8,Supplier D,EcoCert,361.88,In Stock
MAT08729,Wool,Textiles,469.87,97.04,53.6,3.99,74.9,Supplier E,Cradle to Cradle,2932.39,In Stock
MAT08730,Linen,Toys,184.97,27.14,75.3,5.74,48.1,Supplier B,EcoCert,2757.26,Low Stock
MAT08731,Wool,Automotive,183.55,74.01,58.1,4.02,65.1,Supplier E,Cradle to Cradle,859.05,Low Stock
MAT08732,Mycelium Leather,Construction,329.39,87.77,22.1,5.88,46.9,Supplier E,FSC,439.07,Pre-Order
MAT08733,Recycled Aluminum,Footwear,335.39,4.88,23.0,4.43,20.4,Supplier B,None,426.62,In Stock
MAT08734,Biodegradable Plastic,Insulation,202.75,33.05,90.8,8.42,57.7,Supplier C,ISO 14001,3286.8,Low Stock
MAT08735,Cardboard,Household Items,473.58,62.76,41.2,3.47,7.6,Supplier E,Cradle to Cradle,4042.1,Low Stock
MAT08736,Cellulose,Insulation,81.55,19.09,58.7,1.24,87.5,Supplier E,FSC,2089.94,Low Stock
MAT08737,Recycled Paper,Kitchen Utensils,113.09,56.39,82.8,14.11,48.3,Supplier E,EcoCert,2299.93,In Stock
MAT08738,Cellulose,Food Packaging,357.99,59.55,40.5,9.07,44.1,Supplier E,FSC,1948.01,Low Stock
MAT08739,Recycled Paper,Flooring,193.21,19.89,26.1,6.21,84.8,Supplier B,GOTS,390.93,Low Stock
MAT08740,Algae-based Material,Footwear,206.34,72.93,89.0,2.1,10.7,Supplier D,ISO 14001,1938.88,Low Stock
MAT08741,Recycled Metal,Accessories,37.31,78.39,60.8,2.75,93.9,Supplier A,FSC,3533.31,Pre-Order
MAT08742,Bio-based Polymer,Food Packaging,72.92,49.88,92.1,12.84,35.7,Supplier B,Cradle to Cradle,1505.62,In Stock
MAT08743,Natural Rubber,Bags & Luggage,154.78,23.08,45.3,11.87,17.3,Supplier B,ISO 14001,722.1,In Stock
MAT08744,Organic Cotton,Kitchen Utensils,303.85,54.04,48.9,12.9,34.9,Supplier E,GOTS,405.87,Low Stock
MAT08745,Bioplastic,Cosmetics,78.61,81.77,79.4,6.74,56.0,Supplier A,ISO 14001,377.65,Low Stock
MAT08746,Linen,Accessories,66.49,21.97,56.9,10.21,30.7,Supplier E,FSC,2208.63,Pre-Order
MAT08747,Biodegradable Plastic,Footwear,407.92,40.95,45.5,5.33,9.1,Supplier A,ISO 14001,3618.8,Low Stock
MAT08748,Bioplastic,Adhesives,430.44,6.43,58.3,5.59,48.9,Supplier B,EcoCert,3764.05,Low Stock
MAT08749,Certified Wood,Furniture,117.46,80.27,46.5,5.79,19.5,Supplier C,Cradle to Cradle,772.73,In Stock
MAT08750,Organic Cotton,Construction,368.78,51.76,90.3,10.47,26.0,Supplier E,Cradle to Cradle,901.38,Pre-Order
MAT08751,Recycled Aluminum,Accessories,120.93,61.74,59.9,3.11,42.7,Supplier D,ISO 14001,3549.08,Low Stock
MAT08752,Corn Plastic,Automotive,391.4,46.4,20.8,7.54,20.5,Supplier B,EcoCert,3939.18,Pre-Order
MAT08753,Sustainable Bamboo,Office Supplies,307.48,68.14,24.8,8.63,69.2,Supplier C,GOTS,2264.24,Pre-Order
MAT08754,Bioplastic,Coatings,380.78,63.27,87.4,4.84,70.7,Supplier B,FSC,2731.53,Pre-Order
MAT08755,Recycled Aluminum,Toys,468.45,90.86,77.5,9.37,66.4,Supplier E,Cradle to Cradle,1776.2,In Stock
MAT08756,Sustainable Bamboo,Food Packaging,486.1,89.95,47.2,10.28,86.5,Supplier E,EcoCert,2262.58,Pre-Order
MAT08757,Recycled PET,Sports Equipment,377.1,57.57,87.8,11.73,28.3,Supplier E,EcoCert,2224.4,Pre-Order
MAT08758,Linen,Furniture,488.49,98.34,57.0,14.46,93.8,Supplier C,GOTS,3624.61,In Stock
MAT08759,Seaweed Polymer,Insulation,320.46,75.6,94.0,4.49,20.8,Supplier E,EcoCert,3356.52,Pre-Order
MAT08760,Natural Rubber,Bags & Luggage,148.35,88.85,58.6,12.55,53.2,Supplier A,EcoCert,2549.76,In Stock
MAT08761,Recycled Copper,Office Supplies,265.85,92.9,95.5,2.57,9.0,Supplier C,EcoCert,3009.58,Pre-Order
MAT08762,Natural Rubber,Accessories,410.54,60.6,93.6,13.84,78.1,Supplier C,Cradle to Cradle,3525.84,Pre-Order
MAT08763,Algae-based Material,Office Supplies,418.07,35.33,21.4,12.64,34.5,Supplier C,Cradle to Cradle,2739.83,In Stock
MAT08764,Recycled Paper,Flooring,12.64,90.87,22.9,10.51,98.1,Supplier D,GOTS,267.26,In Stock
MAT08765,Bio-based Polymer,Sports Equipment,329.64,5.75,85.4,1.8,22.3,Supplier A,Cradle to Cradle,718.78,Pre-Order
MAT08766,Cellulose,Construction,301.22,80.41,74.8,4.9,65.2,Supplier D,GOTS,1286.5,Low Stock
MAT08767,Cork Composite,Automotive,490.04,41.16,82.7,6.11,3.5,Supplier E,Cradle to Cradle,1702.33,In Stock
MAT08768,Cellulose,Cosmetics,260.27,86.87,40.4,10.92,31.4,Supplier D,ISO 14001,1373.65,Low Stock
MAT08769,Recycled Paper,Kitchen Utensils,255.1,37.24,20.4,2.13,16.9,Supplier E,EcoCert,3840.41,Low Stock
MAT08770,Recycled Aluminum,Electronics,63.57,49.58,54.1,1.68,33.5,Supplier D,FSC,2165.47,In Stock
MAT08771,Mycelium Leather,Bags & Luggage,339.5,66.32,38.5,4.1,37.0,Supplier C,FSC,1005.96,Pre-Order
MAT08772,Flax Fiber,Bags & Luggage,106.31,18.98,22.8,9.64,9.1,Supplier C,EcoCert,2886.74,Pre-Order
MAT08773,Hemp Fiber,Coatings,48.46,60.46,95.8,11.2,77.3,Supplier A,FSC,551.95,Pre-Order
MAT08774,Mycelium Leather,Food Packaging,391.76,81.56,59.6,12.92,26.0,Supplier D,None,2968.91,Low Stock
MAT08775,Cardboard,Adhesives,327.94,17.21,51.8,12.55,94.1,Supplier A,EcoCert,3914.28,In Stock
MAT08776,Linen,Flooring,51.83,80.48,41.0,3.94,18.0,Supplier D,EcoCert,483.89,Pre-Order
MAT08777,Algae-based Material,Food Packaging,352.58,58.21,75.4,1.53,54.8,Supplier D,ISO 14001,4003.92,Pre-Order
MAT08778,Biodegradable Plastic,Textiles,478.87,38.05,29.1,8.83,46.5,Supplier D,GOTS,200.03,Pre-Order
MAT08779,Mycelium Leather,Accessories,475.75,67.11,40.8,7.36,73.5,Supplier B,ISO 14001,3813.02,Low Stock
MAT08780,Wool,Furniture,282.42,57.02,42.7,5.81,35.3,Supplier C,None,2719.91,Pre-Order
MAT08781,Wool,Automotive,18.02,28.69,53.7,13.82,15.4,Supplier C,EcoCert,3141.55,Low Stock
MAT08782,Recycled Metal,Bags & Luggage,91.04,94.08,66.2,14.3,28.6,Supplier A,None,710.48,Pre-Order
MAT08783,Biodegradable Plastic,Footwear,85.08,64.03,62.6,10.81,29.2,Supplier E,EcoCert,867.35,In Stock
MAT08784,Cork,Kitchen Utensils,433.45,4.72,59.5,2.76,25.0,Supplier C,Cradle to Cradle,3824.64,In Stock
MAT08785,Cork,Automotive,494.48,52.38,88.2,14.18,78.9,Supplier E,FSC,1444.2,In Stock
MAT08786,Natural Rubber,Electronics,224.04,66.47,64.4,5.93,71.7,Supplier C,Cradle to Cradle,765.26,In Stock
MAT08787,Mycelium Leather,Coatings,86.15,37.8,95.8,7.31,26.5,Supplier A,None,244.02,Low Stock
MAT08788,Recycled Aluminum,Sports Equipment,135.57,61.77,29.1,11.96,29.4,Supplier B,None,2816.19,Low Stock
MAT08789,Biodegradable Plastic,Cosmetics,387.27,65.17,25.6,13.1,36.6,Supplier C,ISO 14001,3092.58,Low Stock
MAT08790,Cardboard,Bags & Luggage,240.23,85.72,87.0,1.7,15.3,Supplier E,Cradle to Cradle,3437.03,Low Stock
MAT08791,Linen,Automotive,202.92,5.95,66.8,1.72,61.3,Supplier B,FSC,1884.1,Low Stock
MAT08792,Cork Composite,Automotive,193.07,44.43,54.7,1.03,45.2,Supplier B,None,644.08,Pre-Order
MAT08793,Organic Cotton,Office Supplies,376.76,55.8,68.6,8.14,88.9,Supplier B,FSC,1157.02,In Stock
MAT08794,Jute,Footwear,290.08,34.3,52.1,13.55,57.4,Supplier D,ISO 14001,3432.05,Low Stock
MAT08795,Algae-based Material,Electronics,115.41,92.72,58.6,1.87,29.1,Supplier A,ISO 14001,3642.87,In Stock
MAT08796,Bioplastic,Coatings,180.3,47.88,41.4,1.41,8.8,Supplier B,EcoCert,482.23,Low Stock
MAT08797,Recycled Copper,Accessories,15.47,88.33,83.3,12.32,7.7,Supplier A,EcoCert,414.17,Low Stock
MAT08798,Cork Composite,Insulation,51.05,31.76,89.7,11.48,97.1,Supplier A,Cradle to Cradle,3614.65,Pre-Order
MAT08799,Linen,Household Items,126.18,94.79,98.8,2.64,84.0,Supplier B,GOTS,585.98,In Stock
MAT08800,Algae-based Material,Construction,320.55,26.52,42.1,3.22,93.0,Supplier C,FSC,585.15,Pre-Order
MAT08801,Recycled Glass,Textiles,30.46,82.67,44.9,9.22,31.3,Supplier D,ISO 14001,4119.29,Pre-Order
MAT08802,Linen,Sports Equipment,485.0,69.44,79.1,3.63,88.1,Supplier A,EcoCert,1054.1,Low Stock
MAT08803,Hemp Fiber,Toys,244.99,7.18,73.3,12.93,94.1,Supplier C,FSC,493.02,In Stock
MAT08804,Mushroom Composite,Home Decor,74.06,4.67,82.8,3.89,0.8,Supplier B,FSC,189.24,In Stock
MAT08805,Natural Rubber,Electronics,457.56,90.61,63.4,14.18,48.9,Supplier C,Cradle to Cradle,1389.42,Pre-Order
MAT08806,Cork,Footwear,217.69,32.32,78.0,7.47,65.3,Supplier E,EcoCert,1410.17,Pre-Order
MAT08807,Hemp Fiber,Bags & Luggage,364.66,9.94,68.1,7.02,92.6,Supplier D,Cradle to Cradle,2025.2,In Stock
MAT08808,Jute,Automotive,190.81,21.29,56.7,2.82,31.9,Supplier C,ISO 14001,3412.96,Low Stock
MAT08809,Cork,Coatings,194.03,40.21,22.6,11.82,4.4,Supplier E,EcoCert,1385.27,Low Stock
MAT08810,Biodegradable Plastic,Cosmetics,284.1,9.71,91.4,4.76,57.9,Supplier D,FSC,3775.67,Low Stock
MAT08811,Algae-based Material,Coatings,155.33,38.82,61.3,10.19,89.6,Supplier B,GOTS,3134.91,Pre-Order
MAT08812,Recycled Copper,Furniture,358.94,72.59,89.9,5.85,69.7,Supplier A,ISO 14001,2721.57,Pre-Order
MAT08813,Cork,Flooring,389.48,51.89,69.5,5.99,45.5,Supplier B,None,3891.87,Low Stock
MAT08814,Cork Composite,Kitchen Utensils,269.72,67.08,98.8,11.63,93.3,Supplier D,FSC,2499.96,In Stock
MAT08815,Cork,Textiles,139.1,97.83,28.2,14.93,84.2,Supplier C,FSC,873.16,Low Stock
MAT08816,Biodegradable Plastic,Household Items,442.16,27.81,43.5,12.74,88.6,Supplier A,None,3183.88,In Stock
MAT08817,Bio-based Polymer,Bags & Luggage,297.42,89.34,51.8,13.99,45.2,Supplier C,Cradle to Cradle,2452.65,In Stock
MAT08818,Organic Cotton,Furniture,309.14,71.76,39.2,1.52,21.7,Supplier B,FSC,1768.73,Pre-Order
MAT08819,Natural Rubber,Adhesives,248.71,75.39,58.1,7.8,75.0,Supplier D,None,3279.33,Low Stock
MAT08820,Organic Cotton,Automotive,224.46,88.88,53.5,2.14,77.2,Supplier B,GOTS,2924.92,Pre-Order
MAT08821,Corn Plastic,Textiles,13.59,80.39,52.8,1.01,83.0,Supplier A,None,503.81,In Stock
MAT08822,Jute,Sports Equipment,436.53,4.48,50.9,6.68,0.7,Supplier A,ISO 14001,839.96,In Stock
MAT08823,Flax Fiber,Toys,143.74,12.22,83.2,7.82,53.1,Supplier E,FSC,3405.49,Low Stock
MAT08824,Recycled PET,Toys,118.5,6.71,26.3,0.95,5.1,Supplier E,GOTS,1087.3,Pre-Order
MAT08825,Cardboard,Accessories,246.46,39.5,34.0,4.54,36.7,Supplier C,ISO 14001,629.14,In Stock
MAT08826,Seaweed Polymer,Construction,89.47,14.19,54.6,12.75,4.3,Supplier A,ISO 14001,3721.72,Low Stock
MAT08827,Cellulose,Food Packaging,409.23,69.23,53.4,13.88,29.5,Supplier A,GOTS,3051.91,Low Stock
MAT08828,Recycled PET,Insulation,388.26,28.18,29.5,9.64,35.4,Supplier A,GOTS,864.86,Pre-Order
MAT08829,Certified Wood,Textiles,164.76,18.46,63.8,3.71,39.2,Supplier E,None,1894.89,Low Stock
MAT08830,Recycled Copper,Insulation,383.32,39.47,58.6,9.61,26.5,Supplier B,Cradle to Cradle,1076.51,Pre-Order
MAT08831,Bioplastic,Textiles,48.27,72.87,44.6,13.05,10.8,Supplier A,FSC,2231.04,In Stock
MAT08832,Certified Wood,Household Items,28.36,51.29,82.1,5.58,72.3,Supplier E,FSC,1859.2,Low Stock
MAT08833,Recycled Glass,Cosmetics,119.56,88.33,92.2,13.15,7.3,Supplier A,Cradle to Cradle,2884.25,Low Stock
MAT08834,Algae-based Material,Cosmetics,440.73,84.25,42.8,14.34,69.1,Supplier C,None,2619.48,Low Stock
MAT08835,Recycled Copper,Insulation,432.54,26.62,52.8,5.56,34.0,Supplier D,GOTS,2158.0,Low Stock
MAT08836,Cellulose,Bags & Luggage,114.76,25.36,84.0,11.84,48.0,Supplier D,FSC,668.15,Pre-Order
MAT08837,Cardboard,Insulation,143.22,96.56,31.8,3.44,47.6,Supplier C,None,1345.43,In Stock
MAT08838,Cardboard,Cosmetics,395.52,36.85,98.4,12.86,15.6,Supplier D,ISO 14001,2373.8,In Stock
MAT08839,Mushroom Composite,Textiles,161.17,2.59,82.4,2.4,48.3,Supplier C,None,3956.61,In Stock
MAT08840,Cork,Sports Equipment,98.1,63.1,51.2,8.89,15.1,Supplier C,FSC,3072.66,Pre-Order
MAT08841,Hemp Fiber,Construction,220.39,26.55,46.4,2.71,68.8,Supplier D,None,2236.02,In Stock
MAT08842,Cardboard,Home Decor,301.14,84.31,61.1,2.04,76.0,Supplier A,Cradle to Cradle,1035.01,In Stock
MAT08843,Sustainable Bamboo,Construction,151.1,96.56,21.1,3.25,5.4,Supplier E,FSC,1838.45,Low Stock
MAT08844,Mushroom Composite,Textiles,181.35,71.34,77.1,10.62,27.7,Supplier C,None,2403.68,Low Stock
MAT08845,Seaweed Polymer,Automotive,265.83,7.86,23.6,13.2,58.4,Supplier E,None,597.6,In Stock
MAT08846,Mushroom Composite,Adhesives,206.86,36.99,34.9,1.86,24.1,Supplier E,None,4021.35,Low Stock
MAT08847,Bio-based Polymer,Office Supplies,258.46,35.31,38.7,8.3,63.1,Supplier C,GOTS,201.69,Pre-Order
MAT08848,Linen,Food Packaging,61.97,8.76,72.9,2.64,5.9,Supplier B,ISO 14001,356.9,Pre-Order
MAT08849,Recycled Aluminum,Insulation,317.23,91.28,37.4,9.11,69.5,Supplier B,FSC,324.53,In Stock
MAT08850,Bio-based Polymer,Home Decor,215.41,73.88,25.8,4.33,15.2,Supplier A,GOTS,1696.52,In Stock
MAT08851,Recycled Metal,Household Items,292.47,66.71,85.6,8.73,84.9,Supplier B,ISO 14001,2762.24,Low Stock
MAT08852,Corn Plastic,Textiles,332.09,32.73,32.1,2.29,53.8,Supplier C,ISO 14001,3458.61,Low Stock
MAT08853,Cellulose,Automotive,235.25,99.15,48.5,10.32,81.0,Supplier C,FSC,3403.83,In Stock
MAT08854,Corn Plastic,Household Items,90.52,86.3,41.4,11.96,35.7,Supplier D,FSC,1454.16,Low Stock
MAT08855,Corn Plastic,Adhesives,96.99,77.05,63.5,6.61,10.6,Supplier C,FSC,3834.6,Pre-Order
MAT08856,Algae-based Material,Automotive,263.27,45.08,33.0,6.69,26.9,Supplier B,FSC,2329.81,Low Stock
MAT08857,Corn Plastic,Accessories,49.49,87.48,30.5,8.46,72.3,Supplier E,GOTS,2221.91,Pre-Order
MAT08858,Wool,Sports Equipment,53.11,3.01,52.6,13.29,40.7,Supplier C,EcoCert,2773.86,In Stock
MAT08859,Bioplastic,Footwear,16.19,74.82,91.5,9.56,25.7,Supplier A,GOTS,1466.61,Low Stock
MAT08860,Linen,Construction,293.87,96.57,49.7,3.81,20.3,Supplier E,None,1180.26,Low Stock
MAT08861,Bio-based Polymer,Textiles,459.56,51.58,78.9,11.21,62.6,Supplier B,EcoCert,1519.73,Pre-Order
MAT08862,Recycled Glass,Sports Equipment,290.61,45.69,86.1,3.96,29.3,Supplier D,GOTS,4108.5,Pre-Order
MAT08863,Corn Plastic,Automotive,252.0,43.61,95.4,2.28,69.1,Supplier D,Cradle to Cradle,571.87,In Stock
MAT08864,Corn Plastic,Bags & Luggage,373.57,62.97,60.1,6.56,73.6,Supplier C,None,175.96,Pre-Order
MAT08865,Cardboard,Food Packaging,454.97,86.93,64.5,14.79,90.7,Supplier A,ISO 14001,2712.44,In Stock
MAT08866,Jute,Toys,367.56,39.81,89.2,10.18,65.9,Supplier D,ISO 14001,298.8,In Stock
MAT08867,Recycled Paper,Cosmetics,266.49,21.43,91.4,12.39,74.6,Supplier E,None,1468.27,In Stock
MAT08868,Cellulose,Coatings,37.24,77.75,70.2,7.94,34.8,Supplier D,GOTS,1050.78,In Stock
MAT08869,Cork Composite,Furniture,84.35,71.33,88.2,14.0,2.6,Supplier B,ISO 14001,4120.12,Pre-Order
MAT08870,Mushroom Composite,Bags & Luggage,325.11,74.87,34.8,14.35,92.2,Supplier E,EcoCert,1401.04,Pre-Order
MAT08871,Cork,Kitchen Utensils,469.05,77.62,80.8,3.93,58.8,Supplier A,EcoCert,2685.88,Pre-Order
MAT08872,Cork Composite,Kitchen Utensils,317.74,19.62,72.9,6.26,29.2,Supplier C,Cradle to Cradle,2112.35,Pre-Order
MAT08873,Recycled Paper,Cosmetics,335.88,64.49,64.8,13.2,62.5,Supplier E,ISO 14001,2983.85,In Stock
MAT08874,Jute,Accessories,183.88,50.24,28.3,6.22,94.9,Supplier C,FSC,4146.68,In Stock
MAT08875,Biodegradable Plastic,Coatings,380.14,36.77,76.6,7.97,28.3,Supplier C,GOTS,1127.14,Pre-Order
MAT08876,Recycled Aluminum,Cosmetics,365.69,37.1,84.1,13.25,0.3,Supplier D,GOTS,3792.27,Pre-Order
MAT08877,Certified Wood,Electronics,103.83,32.28,40.4,14.87,12.5,Supplier B,None,3781.48,In Stock
MAT08878,Natural Rubber,Flooring,370.65,86.2,76.4,3.26,36.8,Supplier D,None,3807.21,Low Stock
MAT08879,Biodegradable Plastic,Electronics,284.71,72.23,64.5,14.69,35.1,Supplier E,None,2650.19,Low Stock
MAT08880,Algae-based Material,Food Packaging,202.39,41.18,81.6,3.35,42.3,Supplier D,GOTS,939.56,In Stock
MAT08881,Recycled Metal,Kitchen Utensils,422.95,55.07,71.3,3.3,38.9,Supplier A,EcoCert,3206.29,Low Stock
MAT08882,Mushroom Composite,Cosmetics,229.8,90.32,40.6,5.11,52.8,Supplier E,ISO 14001,3759.9,In Stock
MAT08883,Jute,Office Supplies,61.36,24.84,42.0,11.39,29.1,Supplier A,EcoCert,905.53,Pre-Order
MAT08884,Sustainable Bamboo,Footwear,106.38,36.51,93.2,10.27,44.0,Supplier D,ISO 14001,3940.84,Pre-Order
MAT08885,Recycled Copper,Food Packaging,85.35,4.91,32.5,11.81,28.5,Supplier A,EcoCert,877.31,Pre-Order
MAT08886,Linen,Cosmetics,278.93,23.56,21.4,12.82,94.0,Supplier E,EcoCert,858.22,In Stock
MAT08887,Algae-based Material,Coatings,364.35,60.83,38.5,8.39,25.7,Supplier A,Cradle to Cradle,336.15,Pre-Order
MAT08888,Recycled Metal,Sports Equipment,429.44,64.12,36.6,1.58,21.7,Supplier C,ISO 14001,3335.77,Pre-Order
MAT08889,Seaweed Polymer,Textiles,39.12,6.12,90.4,2.36,34.5,Supplier D,FSC,2921.6,In Stock
MAT08890,Flax Fiber,Household Items,174.73,75.06,43.9,9.79,1.9,Supplier E,ISO 14001,1636.76,In Stock
MAT08891,Bioplastic,Insulation,124.58,5.31,95.0,14.76,5.4,Supplier B,Cradle to Cradle,2895.87,In Stock
MAT08892,Cork,Household Items,135.28,7.92,71.0,4.94,5.7,Supplier E,None,1362.86,In Stock
MAT08893,Cardboard,Home Decor,185.95,28.05,79.2,1.02,76.3,Supplier C,None,3270.2,Pre-Order
MAT08894,Natural Rubber,Insulation,193.91,31.13,45.3,6.31,39.2,Supplier B,None,263.11,In Stock
MAT08895,Sustainable Bamboo,Accessories,438.99,11.68,27.9,6.81,98.0,Supplier C,EcoCert,2216.93,In Stock
MAT08896,Certified Wood,Kitchen Utensils,380.32,22.78,25.3,4.84,76.8,Supplier A,EcoCert,4144.19,In Stock
MAT08897,Recycled Paper,Automotive,396.75,13.82,95.1,3.84,14.2,Supplier A,EcoCert,3524.18,Pre-Order
MAT08898,Hemp Fiber,Electronics,14.39,5.22,69.0,6.12,29.3,Supplier E,None,991.85,Low Stock
MAT08899,Flax Fiber,Flooring,27.52,74.01,79.7,10.4,74.1,Supplier C,GOTS,3746.62,In Stock
MAT08900,Recycled Copper,Cosmetics,238.51,76.97,32.5,4.0,2.4,Supplier E,EcoCert,3902.66,Low Stock
MAT08901,Linen,Office Supplies,224.08,62.39,25.8,12.58,46.1,Supplier C,EcoCert,2233.53,Pre-Order
MAT08902,Cork Composite,Household Items,103.88,63.75,97.4,6.78,34.3,Supplier A,FSC,1143.74,Pre-Order
MAT08903,Sustainable Bamboo,Coatings,115.57,35.49,29.7,7.25,60.2,Supplier E,EcoCert,475.59,Low Stock
MAT08904,Seaweed Polymer,Household Items,400.59,41.31,83.7,4.91,82.8,Supplier D,GOTS,2395.38,In Stock
MAT08905,Cork,Household Items,114.68,31.34,50.8,3.68,34.8,Supplier E,GOTS,2857.69,Low Stock
MAT08906,Recycled Aluminum,Cosmetics,17.0,37.51,42.8,13.96,84.3,Supplier C,Cradle to Cradle,1630.95,Pre-Order
MAT08907,Flax Fiber,Adhesives,173.53,52.53,75.8,5.12,69.5,Supplier B,ISO 14001,190.9,Pre-Order
MAT08908,Cork,Flooring,292.53,17.94,95.7,6.45,19.5,Supplier A,Cradle to Cradle,2136.42,Low Stock
MAT08909,Mycelium Leather,Textiles,266.75,67.57,74.2,4.45,61.3,Supplier D,FSC,2869.31,In Stock
MAT08910,Cardboard,Sports Equipment,327.66,98.04,65.4,3.65,11.2,Supplier A,ISO 14001,2719.08,In Stock
MAT08911,Corn Plastic,Coatings,481.01,67.51,67.6,8.8,0.7,Supplier D,EcoCert,1481.55,Pre-Order
MAT08912,Algae-based Material,Bags & Luggage,257.14,41.69,87.5,9.28,49.8,Supplier E,GOTS,1721.42,Pre-Order
MAT08913,Recycled Paper,Household Items,101.12,10.82,27.4,10.88,21.8,Supplier A,Cradle to Cradle,2802.91,Low Stock
MAT08914,Hemp Fiber,Furniture,444.19,23.75,36.7,11.67,19.4,Supplier E,EcoCert,468.95,Low Stock
MAT08915,Mycelium Leather,Insulation,294.69,92.96,84.9,5.89,90.5,Supplier C,EcoCert,1393.57,Low Stock
MAT08916,Cork,Textiles,430.6,27.54,25.0,13.01,37.4,Supplier A,None,3167.28,Low Stock
MAT08917,Recycled Glass,Insulation,429.91,64.39,68.8,13.89,46.3,Supplier D,None,261.45,Low Stock
MAT08918,Recycled Copper,Electronics,480.06,6.33,81.5,4.5,96.6,Supplier B,Cradle to Cradle,478.91,In Stock
MAT08919,Recycled Aluminum,Household Items,238.29,89.16,33.3,6.24,11.0,Supplier B,ISO 14001,1709.8,Low Stock
MAT08920,Recycled PET,Toys,390.75,9.64,57.0,14.96,80.2,Supplier A,FSC,1560.4,Low Stock
MAT08921,Mycelium Leather,Coatings,127.45,2.63,28.1,12.55,80.1,Supplier C,FSC,2882.59,Pre-Order
MAT08922,Recycled Copper,Sports Equipment,225.55,17.12,70.7,4.7,49.0,Supplier A,GOTS,3620.46,Pre-Order
MAT08923,Bio-based Polymer,Toys,290.83,95.74,82.8,2.86,37.6,Supplier D,GOTS,3534.14,Pre-Order
MAT08924,Recycled Metal,Flooring,312.78,3.28,51.8,8.74,27.2,Supplier D,GOTS,1122.16,In Stock
MAT08925,Recycled Paper,Household Items,143.73,61.96,57.4,12.24,43.0,Supplier D,Cradle to Cradle,2764.73,Pre-Order
MAT08926,Corn Plastic,Textiles,442.26,32.28,50.9,6.41,79.0,Supplier A,FSC,190.9,Pre-Order
MAT08927,Algae-based Material,Electronics,20.7,30.66,25.5,12.89,81.5,Supplier A,EcoCert,3911.79,Pre-Order
MAT08928,Bio-based Polymer,Home Decor,351.7,98.45,37.1,3.69,33.9,Supplier E,None,3632.08,Low Stock
MAT08929,Recycled PET,Electronics,97.49,13.2,52.5,10.14,38.4,Supplier C,Cradle to Cradle,3491.81,Low Stock
MAT08930,Flax Fiber,Coatings,290.92,48.36,42.3,10.22,98.6,Supplier D,EcoCert,2896.7,Pre-Order
MAT08931,Certified Wood,Toys,141.53,58.14,44.1,2.87,54.4,Supplier B,GOTS,3245.3,In Stock
MAT08932,Algae-based Material,Accessories,432.82,96.23,70.1,6.26,51.8,Supplier B,FSC,2799.59,Low Stock
MAT08933,Cork,Home Decor,178.81,45.97,57.7,2.62,62.0,Supplier E,Cradle to Cradle,3410.47,In Stock
MAT08934,Natural Rubber,Sports Equipment,295.6,90.79,35.1,10.21,48.1,Supplier D,FSC,1814.38,Pre-Order
MAT08935,Corn Plastic,Flooring,145.89,4.58,45.3,7.55,50.4,Supplier E,FSC,2263.41,Pre-Order
MAT08936,Sustainable Bamboo,Furniture,159.5,1.07,75.8,14.0,4.5,Supplier D,Cradle to Cradle,2819.51,In Stock
MAT08937,Natural Rubber,Food Packaging,200.68,24.98,62.3,11.77,92.2,Supplier A,ISO 14001,1241.68,In Stock
MAT08938,Mushroom Composite,Flooring,318.15,49.8,35.3,3.81,94.5,Supplier C,ISO 14001,2987.17,Low Stock
MAT08939,Cardboard,Coatings,158.84,97.75,99.5,14.31,15.4,Supplier B,EcoCert,1789.48,Pre-Order
MAT08940,Cork,Coatings,105.14,85.4,73.4,7.64,74.4,Supplier C,GOTS,3794.76,Pre-Order
MAT08941,Bio-based Polymer,Home Decor,329.56,45.87,41.5,3.74,79.1,Supplier C,FSC,891.42,Pre-Order
MAT08942,Cork,Household Items,485.99,21.66,38.0,9.69,10.2,Supplier E,Cradle to Cradle,1274.88,Pre-Order
MAT08943,Recycled PET,Textiles,495.39,62.02,94.7,4.03,87.9,Supplier C,GOTS,2245.98,In Stock
MAT08944,Cork,Sports Equipment,202.68,92.32,61.4,9.77,7.2,Supplier B,None,3008.75,In Stock
MAT08945,Bioplastic,Office Supplies,221.93,89.06,34.4,1.94,17.0,Supplier E,GOTS,2871.8,Low Stock
MAT08946,Algae-based Material,Insulation,136.2,30.56,46.3,5.62,54.8,Supplier D,ISO 14001,360.22,In Stock
MAT08947,Natural Rubber,Toys,84.22,65.75,46.1,13.5,14.6,Supplier C,Cradle to Cradle,3762.39,Pre-Order
MAT08948,Sustainable Bamboo,Bags & Luggage,295.6,32.76,38.2,2.24,2.1,Supplier D,GOTS,493.02,Low Stock
MAT08949,Cellulose,Flooring,274.33,92.28,93.0,6.87,52.2,Supplier B,FSC,3526.67,Low Stock
MAT08950,Natural Rubber,Home Decor,457.12,79.96,81.7,9.12,80.0,Supplier E,FSC,3012.9,In Stock
MAT08951,Corn Plastic,Textiles,420.88,61.65,69.9,4.07,89.0,Supplier B,FSC,3104.2,In Stock
MAT08952,Wool,Electronics,175.02,9.3,83.1,9.68,14.4,Supplier C,FSC,996.83,In Stock
MAT08953,Recycled Aluminum,Household Items,194.79,74.53,56.4,13.56,61.5,Supplier A,Cradle to Cradle,3006.26,Low Stock
MAT08954,Wool,Flooring,158.95,83.32,51.6,3.2,74.5,Supplier A,GOTS,1041.65,In Stock
MAT08955,Natural Rubber,Sports Equipment,16.92,25.96,25.6,4.47,18.2,Supplier E,GOTS,3647.85,Low Stock
MAT08956,Organic Cotton,Construction,396.02,3.64,97.2,4.5,61.2,Supplier C,FSC,197.54,Low Stock
MAT08957,Recycled Paper,Electronics,300.66,41.8,42.8,0.73,27.5,Supplier C,Cradle to Cradle,517.92,Low Stock
MAT08958,Seaweed Polymer,Furniture,118.69,33.67,25.2,9.79,27.0,Supplier D,Cradle to Cradle,1869.99,Pre-Order
MAT08959,Biodegradable Plastic,Insulation,103.47,19.32,54.7,12.54,35.7,Supplier D,None,3110.84,In Stock
MAT08960,Recycled Copper,Automotive,297.38,57.5,49.0,14.95,6.9,Supplier B,None,1943.03,In Stock
MAT08961,Organic Cotton,Household Items,283.41,58.48,55.4,5.39,94.6,Supplier D,EcoCert,1625.14,Low Stock
MAT08962,Organic Cotton,Furniture,281.49,72.05,96.0,8.14,55.6,Supplier E,None,1503.13,Pre-Order
MAT08963,Bioplastic,Electronics,453.45,74.03,93.0,11.71,70.9,Supplier B,ISO 14001,2566.36,In Stock
MAT08964,Algae-based Material,Furniture,177.99,76.77,56.0,12.32,48.1,Supplier D,Cradle to Cradle,1476.57,In Stock
MAT08965,Cellulose,Textiles,191.23,80.82,78.1,2.31,10.0,Supplier D,EcoCert,1258.28,Low Stock
MAT08966,Algae-based Material,Bags & Luggage,49.62,88.65,76.9,0.61,39.8,Supplier C,FSC,1603.56,In Stock
MAT08967,Cork Composite,Furniture,171.02,99.56,37.7,6.22,40.9,Supplier E,GOTS,1896.55,Low Stock
MAT08968,Recycled Aluminum,Sports Equipment,138.18,13.14,39.0,10.06,77.3,Supplier E,FSC,2675.92,Pre-Order
MAT08969,Cardboard,Electronics,20.65,38.64,64.7,2.68,60.0,Supplier B,GOTS,2584.62,Low Stock
MAT08970,Biodegradable Plastic,Toys,197.04,29.88,52.3,4.31,76.6,Supplier E,ISO 14001,2522.37,Low Stock
MAT08971,Recycled Aluminum,Bags & Luggage,58.12,85.15,58.5,4.06,5.2,Supplier D,ISO 14001,482.23,In Stock
MAT08972,Biodegradable Plastic,Sports Equipment,459.77,89.61,61.4,3.45,22.3,Supplier E,Cradle to Cradle,3605.52,In Stock
MAT08973,Mycelium Leather,Cosmetics,189.21,92.77,33.0,3.54,73.5,Supplier C,ISO 14001,2078.32,Pre-Order
MAT08974,Recycled PET,Textiles,134.35,52.02,79.6,0.61,46.5,Supplier E,GOTS,1138.76,Low Stock
MAT08975,Seaweed Polymer,Office Supplies,265.36,36.74,50.3,6.74,86.4,Supplier E,GOTS,3846.22,In Stock
MAT08976,Seaweed Polymer,Insulation,259.8,62.51,37.4,3.86,4.1,Supplier C,GOTS,3010.41,Pre-Order
MAT08977,Recycled Copper,Insulation,43.14,72.57,75.8,12.17,83.6,Supplier B,FSC,615.03,Pre-Order
MAT08978,Cellulose,Flooring,342.49,81.85,51.3,3.68,59.3,Supplier A,ISO 14001,2553.91,Pre-Order
MAT08979,Jute,Electronics,331.19,52.9,43.2,8.94,3.6,Supplier D,FSC,996.0,In Stock
MAT08980,Bio-based Polymer,Bags & Luggage,476.41,99.98,82.3,11.54,43.8,Supplier B,None,2544.78,Low Stock
MAT08981,Cardboard,Textiles,464.4,24.69,21.5,8.52,36.0,Supplier E,GOTS,2822.0,Low Stock
MAT08982,Recycled Metal,Household Items,30.97,86.65,82.0,3.0,19.2,Supplier B,ISO 14001,1631.78,In Stock
MAT08983,Certified Wood,Flooring,270.48,6.05,45.9,7.21,5.3,Supplier C,GOTS,2842.75,Pre-Order
MAT08984,Certified Wood,Construction,37.55,58.72,29.9,7.98,55.2,Supplier C,EcoCert,3701.8,In Stock
MAT08985,Cellulose,Home Decor,346.13,5.65,77.5,14.83,33.6,Supplier E,GOTS,3920.09,In Stock
MAT08986,Natural Rubber,Construction,387.23,57.63,46.6,4.2,2.2,Supplier B,Cradle to Cradle,3728.36,In Stock
MAT08987,Recycled Paper,Flooring,416.89,13.6,48.5,4.35,93.7,Supplier C,None,2719.91,Low Stock
MAT08988,Mushroom Composite,Food Packaging,221.06,87.03,83.8,12.67,74.3,Supplier B,FSC,2208.63,Low Stock
MAT08989,Biodegradable Plastic,Kitchen Utensils,21.14,41.7,97.6,9.88,96.4,Supplier D,ISO 14001,3965.74,In Stock
MAT08990,Mushroom Composite,Insulation,382.65,83.17,61.9,14.04,29.1,Supplier E,Cradle to Cradle,2634.42,In Stock
MAT08991,Recycled PET,Flooring,80.81,74.94,64.1,1.68,57.0,Supplier A,ISO 14001,1290.65,Low Stock
MAT08992,Cork Composite,Household Items,286.93,41.92,70.0,9.09,28.1,Supplier D,None,2339.77,In Stock
MAT08993,Bioplastic,Sports Equipment,362.03,58.01,45.8,5.91,5.4,Supplier E,ISO 14001,3529.99,Low Stock
MAT08994,Hemp Fiber,Home Decor,32.1,10.12,72.4,3.67,52.8,Supplier E,ISO 14001,722.93,Low Stock
MAT08995,Algae-based Material,Adhesives,253.16,23.38,67.0,9.4,58.2,Supplier D,ISO 14001,2009.43,In Stock
MAT08996,Bioplastic,Electronics,96.82,73.19,23.0,10.34,22.4,Supplier B,Cradle to Cradle,1135.44,Pre-Order
MAT08997,Biodegradable Plastic,Coatings,66.01,89.2,84.2,12.87,51.1,Supplier D,FSC,917.15,Low Stock
MAT08998,Jute,Kitchen Utensils,44.66,88.02,68.4,9.93,93.5,Supplier B,ISO 14001,1787.82,Pre-Order
MAT08999,Recycled Copper,Electronics,211.93,6.16,63.3,13.34,2.6,Supplier C,FSC,2333.96,Pre-Order
MAT09000,Certified Wood,Adhesives,195.46,16.08,74.3,14.7,38.7,Supplier E,GOTS,3157.32,In Stock
MAT09001,Cork Composite,Insulation,109.84,50.3,30.4,8.73,47.4,Supplier C,Cradle to Cradle,312.08,Pre-Order
MAT09002,Cork,Toys,198.94,93.8,20.4,2.64,54.2,Supplier B,EcoCert,1630.12,Pre-Order
MAT09003,Mushroom Composite,Electronics,29.68,88.98,85.2,12.2,6.5,Supplier B,GOTS,467.29,Pre-Order
MAT09004,Biodegradable Plastic,Household Items,428.9,51.29,41.0,8.72,73.9,Supplier C,GOTS,622.5,Pre-Order
MAT09005,Linen,Kitchen Utensils,482.48,80.23,76.1,7.43,25.9,Supplier C,Cradle to Cradle,3321.66,Low Stock
MAT09006,Seaweed Polymer,Flooring,262.05,72.62,33.9,2.05,16.8,Supplier D,GOTS,2498.3,Pre-Order
MAT09007,Cardboard,Automotive,383.14,88.63,96.8,4.22,68.0,Supplier D,Cradle to Cradle,2192.03,Low Stock
MAT09008,Mycelium Leather,Automotive,50.94,60.14,85.3,13.09,97.8,Supplier E,GOTS,2846.9,Pre-Order
MAT09009,Seaweed Polymer,Toys,338.4,41.49,44.6,1.93,82.8,Supplier D,EcoCert,2944.84,Pre-Order
MAT09010,Natural Rubber,Flooring,168.78,15.31,97.5,6.1,13.0,Supplier E,Cradle to Cradle,3273.52,Pre-Order
MAT09011,Sustainable Bamboo,Sports Equipment,305.42,29.66,92.3,2.9,63.3,Supplier D,EcoCert,2548.93,Low Stock
MAT09012,Hemp Fiber,Bags & Luggage,247.41,29.32,25.1,11.48,19.9,Supplier A,None,1201.84,In Stock
MAT09013,Seaweed Polymer,Electronics,481.91,75.09,68.3,9.45,57.6,Supplier B,None,1101.41,Pre-Order
MAT09014,Recycled Copper,Kitchen Utensils,75.76,95.17,49.2,13.16,34.7,Supplier C,Cradle to Cradle,283.86,Low Stock
MAT09015,Cellulose,Construction,66.43,57.26,99.4,12.55,93.6,Supplier D,None,416.66,Low Stock
MAT09016,Mycelium Leather,Office Supplies,239.06,24.18,86.5,1.01,97.0,Supplier A,Cradle to Cradle,1718.1,Pre-Order
MAT09017,Bioplastic,Footwear,75.48,69.55,32.2,13.19,18.3,Supplier E,EcoCert,3611.33,Low Stock
MAT09018,Recycled Metal,Accessories,491.56,28.24,50.1,4.65,88.7,Supplier C,Cradle to Cradle,2458.46,Pre-Order
MAT09019,Mycelium Leather,Electronics,66.05,7.04,52.7,14.12,94.1,Supplier A,ISO 14001,244.02,In Stock
MAT09020,Natural Rubber,Office Supplies,342.41,27.05,89.5,9.58,63.6,Supplier E,FSC,3915.11,In Stock
MAT09021,Linen,Textiles,69.38,80.49,54.0,7.54,26.0,Supplier D,FSC,3839.58,In Stock
MAT09022,Hemp Fiber,Furniture,141.21,91.87,28.3,12.01,4.6,Supplier B,EcoCert,3412.13,Pre-Order
MAT09023,Recycled Copper,Accessories,173.02,35.67,57.8,2.74,68.7,Supplier E,Cradle to Cradle,3169.77,In Stock
MAT09024,Cardboard,Kitchen Utensils,163.49,6.66,84.7,4.39,19.4,Supplier B,ISO 14001,2512.41,Low Stock
MAT09025,Wool,Cosmetics,341.73,34.6,68.4,8.97,18.7,Supplier B,Cradle to Cradle,3867.8,Pre-Order
MAT09026,Seaweed Polymer,Toys,431.75,98.76,96.5,2.67,19.3,Supplier D,GOTS,3594.73,Low Stock
MAT09027,Sustainable Bamboo,Bags & Luggage,465.03,13.17,31.4,9.83,78.0,Supplier A,Cradle to Cradle,1285.67,Low Stock
MAT09028,Certified Wood,Flooring,183.66,94.3,62.5,3.82,38.0,Supplier E,ISO 14001,3940.84,Low Stock
MAT09029,Organic Cotton,Adhesives,385.52,8.1,29.0,6.32,90.4,Supplier E,ISO 14001,170.98,In Stock
MAT09030,Natural Rubber,Adhesives,183.25,17.89,24.0,9.6,30.0,Supplier B,ISO 14001,702.18,Low Stock
MAT09031,Cardboard,Cosmetics,362.53,76.13,88.7,8.69,3.3,Supplier E,GOTS,343.62,Pre-Order
MAT09032,Recycled PET,Adhesives,188.84,30.42,87.6,1.28,39.3,Supplier C,GOTS,1777.86,In Stock
MAT09033,Cork Composite,Accessories,215.42,99.41,97.0,2.45,90.8,Supplier B,ISO 14001,809.25,Low Stock
MAT09034,Biodegradable Plastic,Automotive,182.77,79.5,24.9,14.76,77.0,Supplier E,FSC,1210.97,In Stock
MAT09035,Seaweed Polymer,Bags & Luggage,123.25,82.72,62.6,4.99,1.8,Supplier D,Cradle to Cradle,2259.26,Pre-Order
MAT09036,Organic Cotton,Coatings,271.99,39.42,75.5,12.11,94.7,Supplier D,Cradle to Cradle,3279.33,Low Stock
MAT09037,Recycled Aluminum,Furniture,188.28,93.07,61.8,7.49,10.0,Supplier B,FSC,815.06,Pre-Order
MAT09038,Cardboard,Electronics,67.64,10.92,31.1,9.75,75.3,Supplier D,None,1938.88,Pre-Order
MAT09039,Recycled Copper,Furniture,302.5,90.45,49.7,10.36,7.4,Supplier B,FSC,3471.06,Low Stock
MAT09040,Wool,Textiles,463.1,43.46,79.8,12.66,64.6,Supplier B,ISO 14001,3828.79,In Stock
MAT09041,Natural Rubber,Furniture,363.54,12.66,62.3,14.54,52.9,Supplier C,FSC,248.17,Pre-Order
MAT09042,Cork,Toys,445.27,88.99,46.9,1.61,52.8,Supplier E,GOTS,3476.04,In Stock
MAT09043,Hemp Fiber,Cosmetics,188.9,62.89,26.4,6.79,68.7,Supplier C,None,3085.11,In Stock
MAT09044,Cellulose,Toys,340.04,19.5,26.0,7.99,51.9,Supplier A,GOTS,1069.87,Low Stock
MAT09045,Certified Wood,Automotive,404.28,50.13,94.2,7.93,38.0,Supplier B,EcoCert,1296.46,Pre-Order
MAT09046,Bioplastic,Office Supplies,411.35,87.8,82.3,1.63,85.2,Supplier A,ISO 14001,2773.86,Low Stock
MAT09047,Seaweed Polymer,Automotive,57.44,85.45,80.8,10.5,24.7,Supplier B,EcoCert,3464.42,In Stock
MAT09048,Organic Cotton,Flooring,62.98,54.82,99.9,6.42,83.8,Supplier E,GOTS,4075.3,Pre-Order
MAT09049,Seaweed Polymer,Accessories,95.45,82.61,57.2,8.89,97.8,Supplier E,GOTS,1469.93,In Stock
MAT09050,Biodegradable Plastic,Coatings,252.9,37.76,99.4,11.08,77.1,Supplier D,None,2817.02,Pre-Order
MAT09051,Mushroom Composite,Kitchen Utensils,290.9,81.06,64.8,13.46,61.0,Supplier B,GOTS,2636.08,Low Stock
MAT09052,Flax Fiber,Automotive,231.72,43.01,30.1,3.56,46.4,Supplier D,ISO 14001,3690.18,Low Stock
MAT09053,Recycled PET,Construction,396.36,24.94,22.8,14.95,72.0,Supplier D,EcoCert,3357.35,Low Stock
MAT09054,Organic Cotton,Sports Equipment,480.78,4.65,29.0,12.9,12.4,Supplier B,ISO 14001,3538.29,Low Stock
MAT09055,Corn Plastic,Furniture,25.1,61.06,29.2,0.77,36.3,Supplier A,FSC,1606.05,Low Stock
MAT09056,Sustainable Bamboo,Flooring,414.81,21.11,60.8,6.31,28.9,Supplier A,EcoCert,3201.31,In Stock
MAT09057,Recycled Aluminum,Insulation,76.85,65.94,63.7,4.02,82.4,Supplier A,ISO 14001,2377.95,Low Stock
MAT09058,Natural Rubber,Home Decor,198.71,17.55,45.5,14.56,53.0,Supplier B,FSC,2543.95,Pre-Order
MAT09059,Linen,Textiles,382.81,29.78,73.1,2.37,71.9,Supplier D,Cradle to Cradle,1909.0,In Stock
MAT09060,Hemp Fiber,Office Supplies,385.8,5.33,35.6,11.63,58.5,Supplier B,GOTS,1180.26,Pre-Order
MAT09061,Cellulose,Electronics,323.29,86.23,77.6,12.87,22.0,Supplier A,GOTS,977.74,In Stock
MAT09062,Certified Wood,Toys,301.8,23.79,75.7,11.1,33.7,Supplier E,FSC,4077.79,Pre-Order
MAT09063,Cellulose,Textiles,362.29,69.89,95.7,12.29,78.0,Supplier D,FSC,4038.78,Low Stock
MAT09064,Certified Wood,Furniture,53.29,24.49,52.2,5.42,67.0,Supplier C,Cradle to Cradle,1120.5,In Stock
MAT09065,Recycled Metal,Flooring,15.22,63.28,86.9,8.84,10.0,Supplier B,FSC,3458.61,Low Stock
MAT09066,Cellulose,Bags & Luggage,217.57,70.07,96.8,14.96,10.2,Supplier C,GOTS,615.03,Low Stock
MAT09067,Algae-based Material,Accessories,219.72,28.2,37.8,4.27,76.3,Supplier D,FSC,727.91,In Stock
MAT09068,Recycled Metal,Adhesives,332.16,41.6,75.9,1.91,73.9,Supplier A,EcoCert,2615.33,Pre-Order
MAT09069,Linen,Furniture,182.27,60.38,98.9,2.57,26.3,Supplier B,ISO 14001,189.24,Pre-Order
MAT09070,Recycled Metal,Household Items,404.58,4.19,71.0,4.64,62.0,Supplier C,EcoCert,551.95,Pre-Order
MAT09071,Seaweed Polymer,Construction,55.35,10.13,55.0,0.83,7.9,Supplier C,GOTS,529.54,In Stock
MAT09072,Bio-based Polymer,Construction,388.58,79.13,78.4,6.51,17.4,Supplier E,EcoCert,1402.7,Pre-Order
MAT09073,Jute,Furniture,112.12,17.91,74.2,10.92,43.5,Supplier D,ISO 14001,1034.18,In Stock
MAT09074,Recycled PET,Furniture,481.77,56.98,35.3,10.03,0.9,Supplier D,ISO 14001,3916.77,In Stock
MAT09075,Corn Plastic,Home Decor,448.11,86.31,79.7,6.34,44.4,Supplier D,ISO 14001,1580.32,In Stock
MAT09076,Bioplastic,Sports Equipment,45.34,6.31,97.1,11.55,63.2,Supplier C,Cradle to Cradle,3492.64,In Stock
MAT09077,Recycled Glass,Food Packaging,318.05,43.5,84.0,10.31,26.0,Supplier C,None,1764.58,Pre-Order
MAT09078,Flax Fiber,Insulation,325.35,32.36,91.5,6.8,85.1,Supplier E,ISO 14001,3444.5,In Stock
MAT09079,Mushroom Composite,Footwear,206.65,32.38,36.3,2.38,79.2,Supplier D,Cradle to Cradle,259.79,Pre-Order
MAT09080,Bio-based Polymer,Office Supplies,401.51,9.99,54.5,8.42,61.4,Supplier A,None,2870.14,Low Stock
MAT09081,Recycled PET,Office Supplies,266.84,28.73,52.3,14.23,54.3,Supplier E,Cradle to Cradle,1080.66,Pre-Order
MAT09082,Cork,Electronics,45.22,92.36,43.7,5.32,69.0,Supplier A,None,4077.79,In Stock
MAT09083,Certified Wood,Construction,285.4,22.93,32.2,12.83,37.1,Supplier B,None,1083.15,In Stock
MAT09084,Hemp Fiber,Home Decor,97.71,59.69,89.3,7.03,63.8,Supplier A,ISO 14001,957.82,Low Stock
MAT09085,Recycled PET,Automotive,261.21,67.57,98.8,2.95,28.8,Supplier C,FSC,3520.03,In Stock
MAT09086,Hemp Fiber,Cosmetics,328.5,21.56,56.2,7.51,27.7,Supplier D,Cradle to Cradle,646.57,Pre-Order
MAT09087,Recycled Aluminum,Toys,435.08,87.87,24.1,11.5,91.8,Supplier E,None,2568.02,Low Stock
MAT09088,Certified Wood,Automotive,415.71,14.83,46.3,10.81,76.8,Supplier E,GOTS,2268.39,Pre-Order
MAT09089,Recycled Copper,Home Decor,163.21,17.03,58.1,3.68,34.7,Supplier B,None,605.07,Pre-Order
MAT09090,Corn Plastic,Electronics,257.93,8.47,61.6,3.81,89.6,Supplier E,GOTS,634.95,Low Stock
MAT09091,Bio-based Polymer,Sports Equipment,229.04,43.45,98.9,7.99,77.8,Supplier D,Cradle to Cradle,2431.07,In Stock
MAT09092,Natural Rubber,Coatings,54.51,14.39,56.1,12.26,86.2,Supplier B,GOTS,2159.66,Low Stock
MAT09093,Cork,Home Decor,282.33,66.82,76.2,9.29,14.5,Supplier E,GOTS,400.89,Low Stock
MAT09094,Linen,Bags & Luggage,410.2,39.45,20.9,7.71,14.0,Supplier B,Cradle to Cradle,3432.05,Pre-Order
MAT09095,Algae-based Material,Coatings,265.12,9.12,47.7,1.97,39.2,Supplier E,ISO 14001,3384.74,Low Stock
MAT09096,Cellulose,Coatings,64.61,47.25,32.1,11.56,11.6,Supplier C,ISO 14001,2956.46,Low Stock
MAT09097,Hemp Fiber,Home Decor,159.03,52.4,35.0,1.13,42.9,Supplier E,EcoCert,3300.91,Pre-Order
MAT09098,Cellulose,Automotive,37.75,83.27,98.4,5.43,16.7,Supplier C,Cradle to Cradle,2604.54,Low Stock
MAT09099,Recycled Glass,Cosmetics,268.83,29.24,53.1,9.08,96.6,Supplier A,Cradle to Cradle,1532.18,Pre-Order
MAT09100,Sustainable Bamboo,Footwear,44.56,37.94,60.2,12.43,25.6,Supplier B,ISO 14001,1566.21,In Stock
MAT09101,Algae-based Material,Toys,404.29,15.68,76.5,8.25,20.5,Supplier D,EcoCert,1487.36,Pre-Order
MAT09102,Recycled Paper,Furniture,193.69,35.13,25.6,12.8,60.2,Supplier D,Cradle to Cradle,1848.41,Pre-Order
MAT09103,Mushroom Composite,Footwear,378.06,3.83,28.8,14.02,3.0,Supplier C,None,3011.24,In Stock
MAT09104,Bio-based Polymer,Home Decor,353.01,51.2,48.8,0.89,66.8,Supplier D,FSC,1669.96,Low Stock
MAT09105,Recycled Aluminum,Sports Equipment,200.06,14.41,43.9,9.08,27.6,Supplier D,GOTS,3393.87,Low Stock
MAT09106,Bioplastic,Automotive,170.06,44.33,65.3,4.13,65.0,Supplier C,ISO 14001,2273.37,In Stock
MAT09107,Cork Composite,Bags & Luggage,79.78,14.9,91.8,1.32,1.2,Supplier C,FSC,2358.86,Low Stock
MAT09108,Organic Cotton,Food Packaging,23.82,23.86,82.9,5.14,61.3,Supplier C,ISO 14001,768.58,Pre-Order
MAT09109,Algae-based Material,Food Packaging,208.29,78.61,51.4,1.53,50.4,Supplier E,ISO 14001,4047.91,Low Stock
MAT09110,Certified Wood,Cosmetics,127.11,62.78,29.5,1.76,81.8,Supplier B,GOTS,584.32,Pre-Order
MAT09111,Wool,Accessories,27.57,95.26,79.4,7.42,87.9,Supplier B,Cradle to Cradle,4106.01,Low Stock
MAT09112,Recycled Copper,Kitchen Utensils,19.02,60.56,25.0,11.7,89.2,Supplier E,EcoCert,881.46,In Stock
MAT09113,Sustainable Bamboo,Footwear,144.37,43.29,34.7,10.46,68.2,Supplier A,GOTS,3036.14,In Stock
MAT09114,Sustainable Bamboo,Insulation,15.9,49.64,42.4,9.14,0.9,Supplier D,GOTS,3442.01,Pre-Order
MAT09115,Certified Wood,Accessories,490.88,76.88,65.5,5.56,48.3,Supplier A,FSC,3628.76,Pre-Order
MAT09116,Jute,Food Packaging,56.91,10.33,30.3,0.92,63.0,Supplier B,FSC,3110.84,Low Stock
MAT09117,Recycled PET,Construction,442.58,69.52,83.5,9.77,93.4,Supplier B,EcoCert,1364.52,Low Stock
MAT09118,Mushroom Composite,Household Items,51.68,30.08,60.3,14.0,85.2,Supplier B,EcoCert,1419.3,Pre-Order
MAT09119,Certified Wood,Electronics,60.08,44.14,68.8,6.85,21.7,Supplier D,None,976.08,Pre-Order
MAT09120,Jute,Office Supplies,221.2,95.23,68.1,1.42,62.8,Supplier D,Cradle to Cradle,889.76,Low Stock
MAT09121,Recycled Copper,Adhesives,47.85,9.61,56.1,2.92,78.9,Supplier B,GOTS,3314.19,In Stock
MAT09122,Cork Composite,Sports Equipment,244.31,1.51,22.1,10.35,46.9,Supplier C,EcoCert,3861.99,Low Stock
MAT09123,Wool,Coatings,358.66,59.28,88.1,4.47,48.0,Supplier E,None,3428.73,Pre-Order
MAT09124,Wool,Bags & Luggage,101.01,18.18,66.4,6.65,81.0,Supplier E,ISO 14001,3158.15,Low Stock
MAT09125,Sustainable Bamboo,Coatings,380.88,86.44,88.1,1.39,28.0,Supplier A,ISO 14001,2009.43,In Stock
MAT09126,Mycelium Leather,Office Supplies,85.01,58.76,73.0,10.83,37.9,Supplier C,ISO 14001,3667.77,In Stock
MAT09127,Corn Plastic,Adhesives,158.72,15.83,72.7,9.1,28.9,Supplier D,None,2218.59,Low Stock
MAT09128,Organic Cotton,Automotive,222.35,93.55,47.3,1.55,69.0,Supplier A,ISO 14001,2990.49,In Stock
MAT09129,Hemp Fiber,Kitchen Utensils,415.01,43.36,37.0,0.92,8.5,Supplier D,GOTS,437.41,Low Stock
MAT09130,Natural Rubber,Coatings,488.9,74.91,39.5,4.24,56.6,Supplier E,EcoCert,2109.86,Low Stock
MAT09131,Sustainable Bamboo,Construction,155.77,7.77,94.9,11.33,34.3,Supplier D,EcoCert,2565.53,In Stock
MAT09132,Seaweed Polymer,Accessories,43.05,80.46,86.6,13.34,74.9,Supplier B,GOTS,3644.53,Low Stock
MAT09133,Recycled Paper,Furniture,186.29,73.46,37.3,11.93,20.4,Supplier E,GOTS,2634.42,Pre-Order
MAT09134,Wool,Flooring,213.13,89.36,25.5,5.26,1.7,Supplier C,EcoCert,2252.62,Low Stock
MAT09135,Recycled Glass,Furniture,298.83,97.08,22.4,14.93,73.8,Supplier E,ISO 14001,400.89,Low Stock
MAT09136,Recycled Paper,Adhesives,214.37,40.9,42.1,4.93,28.3,Supplier B,Cradle to Cradle,449.86,Low Stock
MAT09137,Cork Composite,Footwear,347.37,22.49,23.4,7.26,71.5,Supplier A,Cradle to Cradle,1366.18,Low Stock
MAT09138,Cardboard,Textiles,381.92,46.64,66.9,11.77,87.6,Supplier C,Cradle to Cradle,1757.11,In Stock
MAT09139,Cork,Sports Equipment,462.3,9.22,26.0,6.33,27.1,Supplier B,Cradle to Cradle,225.76,Pre-Order
MAT09140,Wool,Household Items,324.58,77.3,40.4,14.96,66.4,Supplier A,ISO 14001,1712.29,Low Stock
MAT09141,Bio-based Polymer,Household Items,399.41,68.32,82.9,11.07,55.1,Supplier A,GOTS,3834.6,Pre-Order
MAT09142,Jute,Home Decor,127.5,28.15,50.4,12.72,83.2,Supplier A,ISO 14001,851.58,In Stock
MAT09143,Recycled Copper,Construction,34.18,58.28,66.8,5.58,71.4,Supplier A,Cradle to Cradle,3397.19,In Stock
MAT09144,Linen,Kitchen Utensils,494.47,92.6,38.1,10.16,87.6,Supplier A,GOTS,988.53,Low Stock
MAT09145,Bio-based Polymer,Cosmetics,45.55,26.0,70.7,10.0,42.5,Supplier D,Cradle to Cradle,405.87,In Stock
MAT09146,Recycled Glass,Food Packaging,206.5,3.42,88.0,6.08,20.3,Supplier E,Cradle to Cradle,3896.02,Low Stock
MAT09147,Algae-based Material,Coatings,432.99,10.57,87.8,4.16,60.0,Supplier A,None,1808.57,In Stock
MAT09148,Recycled Aluminum,Flooring,201.21,54.13,73.9,0.93,6.6,Supplier B,ISO 14001,3803.06,In Stock
MAT09149,Recycled Glass,Coatings,16.93,36.39,46.9,1.77,71.1,Supplier A,EcoCert,2746.47,Pre-Order
MAT09150,Cork,Coatings,493.84,92.2,95.2,10.22,30.6,Supplier D,FSC,258.13,Low Stock
MAT09151,Recycled Aluminum,Bags & Luggage,299.47,11.04,59.1,3.47,92.3,Supplier C,GOTS,3974.87,Low Stock
MAT09152,Jute,Coatings,323.95,1.9,41.4,5.39,38.4,Supplier E,GOTS,1055.76,Pre-Order
MAT09153,Recycled Paper,Accessories,177.27,77.3,66.6,6.4,66.3,Supplier A,FSC,1230.06,Pre-Order
MAT09154,Wool,Construction,297.11,67.06,91.3,11.8,74.1,Supplier D,Cradle to Cradle,2081.64,Low Stock
MAT09155,Sustainable Bamboo,Textiles,372.14,4.44,87.2,1.11,1.8,Supplier B,ISO 14001,2150.53,Pre-Order
MAT09156,Biodegradable Plastic,Office Supplies,337.61,17.25,58.5,6.36,42.8,Supplier A,Cradle to Cradle,1120.5,In Stock
MAT09157,Biodegradable Plastic,Footwear,342.54,26.03,88.5,0.99,39.8,Supplier D,None,688.9,Low Stock
MAT09158,Cardboard,Coatings,97.49,9.48,99.5,11.32,38.5,Supplier A,GOTS,3132.42,Low Stock
MAT09159,Recycled Copper,Flooring,262.14,31.21,40.6,1.96,32.7,Supplier C,FSC,3905.98,Low Stock
MAT09160,Recycled Glass,Furniture,312.09,43.23,41.7,5.63,10.9,Supplier A,Cradle to Cradle,618.35,In Stock
MAT09161,Hemp Fiber,Textiles,422.72,72.13,81.8,6.88,7.3,Supplier C,GOTS,3127.44,In Stock
MAT09162,Mycelium Leather,Office Supplies,98.13,93.28,78.5,2.17,72.8,Supplier B,Cradle to Cradle,2673.43,In Stock
MAT09163,Corn Plastic,Insulation,428.99,94.06,84.2,2.65,46.7,Supplier B,None,1860.86,Low Stock
MAT09164,Mushroom Composite,Home Decor,131.37,45.05,80.7,11.02,30.8,Supplier C,None,546.14,In Stock
MAT09165,Linen,Sports Equipment,336.13,81.22,78.5,6.73,1.2,Supplier D,Cradle to Cradle,1258.28,Low Stock
MAT09166,Cork Composite,Household Items,317.39,5.6,66.0,7.14,73.8,Supplier B,ISO 14001,2450.16,Pre-Order
MAT09167,Mycelium Leather,Toys,438.35,77.34,39.3,5.32,91.7,Supplier E,None,1189.39,In Stock
MAT09168,Cardboard,Textiles,309.83,67.39,52.2,1.85,14.3,Supplier C,ISO 14001,417.49,Low Stock
MAT09169,Mushroom Composite,Office Supplies,85.89,91.78,86.6,2.67,22.9,Supplier E,ISO 14001,375.99,Low Stock
MAT09170,Bioplastic,Toys,326.63,15.97,93.7,10.16,99.3,Supplier A,EcoCert,3974.87,In Stock
MAT09171,Natural Rubber,Adhesives,434.32,26.63,34.9,13.7,54.6,Supplier D,FSC,1296.46,Pre-Order
MAT09172,Bioplastic,Flooring,383.6,17.7,81.3,0.74,10.8,Supplier A,EcoCert,2128.95,Low Stock
MAT09173,Natural Rubber,Construction,390.56,93.06,25.2,11.39,95.9,Supplier E,ISO 14001,4075.3,Pre-Order
MAT09174,Flax Fiber,Toys,65.65,44.69,71.1,8.5,28.0,Supplier E,FSC,3968.23,Pre-Order
MAT09175,Seaweed Polymer,Household Items,127.23,96.01,64.7,9.28,66.4,Supplier D,Cradle to Cradle,864.86,Pre-Order
MAT09176,Sustainable Bamboo,Furniture,163.1,84.67,66.2,12.49,24.6,Supplier D,Cradle to Cradle,1706.48,Low Stock
MAT09177,Mycelium Leather,Bags & Luggage,210.34,86.33,80.2,9.49,30.6,Supplier E,GOTS,3958.27,Low Stock
MAT09178,Linen,Toys,411.34,51.55,51.6,11.01,26.6,Supplier E,FSC,1570.36,Pre-Order
MAT09179,Bioplastic,Food Packaging,308.99,80.12,88.1,7.29,73.9,Supplier D,EcoCert,1367.84,In Stock
MAT09180,Bio-based Polymer,Construction,236.77,68.41,48.8,11.4,49.5,Supplier C,None,1389.42,Low Stock
MAT09181,Hemp Fiber,Footwear,334.65,11.85,66.0,8.58,39.4,Supplier C,Cradle to Cradle,1821.85,Pre-Order
MAT09182,Bioplastic,Electronics,482.81,45.97,35.3,0.77,76.7,Supplier C,FSC,3154.0,Low Stock
MAT09183,Mushroom Composite,Toys,179.71,90.37,21.7,3.09,56.5,Supplier E,Cradle to Cradle,2204.48,Low Stock
MAT09184,Natural Rubber,Adhesives,26.36,18.49,25.2,6.06,97.7,Supplier D,FSC,1466.61,Low Stock
MAT09185,Cardboard,Kitchen Utensils,86.16,52.78,57.0,9.48,64.8,Supplier B,Cradle to Cradle,2186.22,In Stock
MAT09186,Jute,Footwear,193.61,39.83,73.7,13.4,54.7,Supplier A,Cradle to Cradle,3060.21,In Stock
MAT09187,Organic Cotton,Coatings,292.77,52.45,61.4,14.47,16.2,Supplier D,None,703.84,Pre-Order
MAT09188,Recycled Copper,Cosmetics,424.0,74.91,62.9,1.3,75.3,Supplier C,FSC,2071.68,Low Stock
MAT09189,Sustainable Bamboo,Footwear,91.93,47.74,67.6,1.17,24.2,Supplier C,GOTS,832.49,In Stock
MAT09190,Hemp Fiber,Construction,495.36,46.12,83.4,8.07,35.7,Supplier E,FSC,1182.75,Low Stock
MAT09191,Cork Composite,Construction,247.94,46.35,55.8,0.76,13.4,Supplier A,FSC,3832.11,In Stock
MAT09192,Jute,Home Decor,28.26,77.6,90.0,5.51,7.7,Supplier E,EcoCert,1041.65,Pre-Order
MAT09193,Recycled Metal,Food Packaging,379.35,32.06,89.1,10.25,95.0,Supplier E,EcoCert,2026.86,Pre-Order
MAT09194,Recycled PET,Household Items,301.32,26.69,77.3,3.64,93.3,Supplier A,GOTS,4016.37,In Stock
MAT09195,Cellulose,Kitchen Utensils,486.8,10.61,69.8,10.7,67.2,Supplier D,GOTS,3071.0,Low Stock
MAT09196,Recycled Copper,Flooring,117.93,40.79,84.8,0.74,96.4,Supplier D,EcoCert,3133.25,Pre-Order
MAT09197,Recycled PET,Sports Equipment,113.93,30.27,92.2,6.23,25.1,Supplier B,FSC,3351.54,In Stock
MAT09198,Recycled Paper,Furniture,23.98,52.6,95.0,3.74,89.2,Supplier A,GOTS,2372.97,Low Stock
MAT09199,Cardboard,Sports Equipment,262.03,16.48,21.5,4.24,90.7,Supplier B,FSC,4013.05,In Stock
MAT09200,Sustainable Bamboo,Construction,89.88,88.32,24.6,13.25,1.0,Supplier D,None,2405.34,In Stock
MAT09201,Cork,Footwear,145.13,52.57,94.6,13.44,46.4,Supplier E,None,2053.42,In Stock
MAT09202,Corn Plastic,Footwear,180.96,39.78,95.4,5.07,40.5,Supplier D,None,3067.68,Pre-Order
MAT09203,Wool,Furniture,276.21,57.88,47.8,5.13,88.0,Supplier D,Cradle to Cradle,3174.75,Low Stock
MAT09204,Linen,Home Decor,210.86,3.34,20.5,14.54,87.9,Supplier B,Cradle to Cradle,1004.3,Low Stock
MAT09205,Cork Composite,Food Packaging,370.94,3.92,78.5,13.22,64.1,Supplier B,GOTS,1056.59,Pre-Order
MAT09206,Mycelium Leather,Insulation,352.4,6.48,96.3,3.83,24.6,Supplier D,GOTS,918.81,In Stock
MAT09207,Algae-based Material,Household Items,93.84,53.3,45.9,6.87,49.5,Supplier C,Cradle to Cradle,1612.69,Low Stock
MAT09208,Algae-based Material,Flooring,353.1,41.6,75.3,8.41,38.8,Supplier D,FSC,3874.44,Low Stock
MAT09209,Mushroom Composite,Food Packaging,184.81,26.37,56.0,9.32,33.9,Supplier D,None,1913.15,Low Stock
MAT09210,Recycled Aluminum,Home Decor,83.98,65.42,50.3,6.08,35.0,Supplier B,None,720.44,Pre-Order
MAT09211,Linen,Sports Equipment,134.35,43.14,83.1,5.3,93.5,Supplier D,Cradle to Cradle,2877.61,In Stock
MAT09212,Organic Cotton,Construction,470.16,42.1,39.1,5.05,31.9,Supplier D,ISO 14001,3600.54,Low Stock
MAT09213,Recycled Aluminum,Textiles,376.81,77.86,60.3,7.57,40.7,Supplier B,EcoCert,1015.92,In Stock
MAT09214,Cork,Construction,111.81,74.24,73.1,3.97,43.7,Supplier B,Cradle to Cradle,2105.71,In Stock
MAT09215,Sustainable Bamboo,Adhesives,50.55,51.33,32.3,13.12,0.5,Supplier A,GOTS,3134.08,Low Stock
MAT09216,Recycled Glass,Electronics,305.93,78.03,87.6,3.05,20.5,Supplier A,ISO 14001,3023.69,In Stock
MAT09217,Cork,Footwear,276.43,17.96,49.5,5.32,13.6,Supplier D,EcoCert,3866.97,In Stock
MAT09218,Mycelium Leather,Flooring,375.05,64.55,92.6,7.42,31.2,Supplier B,EcoCert,3028.67,Low Stock
MAT09219,Biodegradable Plastic,Coatings,16.43,33.79,95.1,10.27,80.0,Supplier E,Cradle to Cradle,831.66,In Stock
MAT09220,Bioplastic,Office Supplies,171.98,9.28,57.7,7.55,21.3,Supplier B,EcoCert,2986.34,Pre-Order
MAT09221,Cardboard,Sports Equipment,430.28,76.34,97.9,14.4,24.3,Supplier E,FSC,2255.11,In Stock
MAT09222,Linen,Home Decor,358.67,60.87,42.2,11.69,15.4,Supplier B,EcoCert,1957.97,In Stock
MAT09223,Jute,Footwear,184.35,47.49,54.8,4.21,55.8,Supplier A,FSC,3002.11,Low Stock
MAT09224,Recycled Glass,Automotive,186.91,54.0,26.4,6.48,49.7,Supplier B,FSC,1381.95,Pre-Order
MAT09225,Recycled PET,Home Decor,156.72,5.95,45.4,9.44,31.3,Supplier C,FSC,2173.77,In Stock
MAT09226,Jute,Office Supplies,226.66,11.73,41.5,4.43,23.4,Supplier C,GOTS,2192.86,In Stock
MAT09227,Biodegradable Plastic,Adhesives,279.45,66.62,91.1,12.28,48.9,Supplier E,FSC,1190.22,Pre-Order
MAT09228,Recycled Aluminum,Furniture,291.5,69.34,32.5,10.0,51.5,Supplier B,None,435.75,In Stock
MAT09229,Cellulose,Sports Equipment,87.53,89.6,37.3,12.39,96.5,Supplier D,Cradle to Cradle,2182.9,Low Stock
MAT09230,Algae-based Material,Kitchen Utensils,108.94,97.16,45.2,0.69,34.8,Supplier B,FSC,2066.7,Pre-Order
MAT09231,Flax Fiber,Bags & Luggage,442.81,3.65,85.7,14.14,19.0,Supplier E,EcoCert,2500.79,Low Stock
MAT09232,Hemp Fiber,Electronics,474.78,87.69,57.0,2.02,50.3,Supplier D,Cradle to Cradle,2177.92,In Stock
MAT09233,Organic Cotton,Flooring,110.04,48.06,52.8,3.42,67.1,Supplier B,GOTS,2879.27,Pre-Order
MAT09234,Mycelium Leather,Office Supplies,236.8,80.15,98.8,12.12,91.2,Supplier E,ISO 14001,2111.52,Pre-Order
MAT09235,Jute,Kitchen Utensils,26.83,56.37,35.7,3.51,82.5,Supplier A,Cradle to Cradle,919.64,Pre-Order
MAT09236,Biodegradable Plastic,Accessories,165.18,94.69,50.2,10.93,38.6,Supplier A,EcoCert,3783.14,In Stock
MAT09237,Jute,Adhesives,68.37,17.82,28.2,9.4,1.9,Supplier D,FSC,2800.42,In Stock
MAT09238,Biodegradable Plastic,Cosmetics,425.95,79.63,99.0,7.88,4.9,Supplier B,EcoCert,2885.91,Pre-Order
MAT09239,Recycled Copper,Office Supplies,321.34,17.98,31.9,2.2,10.5,Supplier D,Cradle to Cradle,820.04,Low Stock
MAT09240,Certified Wood,Home Decor,178.58,93.24,35.6,9.99,74.3,Supplier E,None,1446.69,Pre-Order
MAT09241,Bioplastic,Flooring,251.82,87.58,77.8,4.84,80.7,Supplier E,FSC,2290.8,Pre-Order
MAT09242,Organic Cotton,Insulation,389.89,34.82,82.3,2.15,89.4,Supplier D,EcoCert,2929.9,Low Stock
MAT09243,Bioplastic,Adhesives,106.74,42.59,37.0,3.49,67.6,Supplier E,GOTS,3237.0,Pre-Order
MAT09244,Corn Plastic,Household Items,232.85,16.3,66.0,5.93,66.5,Supplier B,ISO 14001,1169.47,In Stock
MAT09245,Seaweed Polymer,Household Items,370.19,75.32,61.1,5.97,56.4,Supplier E,ISO 14001,3664.45,Low Stock
MAT09246,Seaweed Polymer,Insulation,374.96,78.83,67.1,11.26,79.5,Supplier E,ISO 14001,206.67,In Stock
MAT09247,Mushroom Composite,Cosmetics,271.17,85.55,98.6,1.02,64.7,Supplier E,GOTS,4008.07,Pre-Order
MAT09248,Algae-based Material,Furniture,42.39,7.4,22.9,12.77,67.1,Supplier C,None,3670.26,Low Stock
MAT09249,Hemp Fiber,Kitchen Utensils,245.23,82.52,65.8,10.0,50.2,Supplier C,ISO 14001,1941.37,Pre-Order
MAT09250,Cellulose,Office Supplies,45.28,53.09,39.5,11.2,70.2,Supplier A,FSC,864.03,In Stock
MAT09251,Certified Wood,Footwear,148.63,54.72,29.7,7.65,16.6,Supplier D,Cradle to Cradle,2099.07,Pre-Order
MAT09252,Hemp Fiber,Textiles,419.25,68.65,25.0,11.63,24.9,Supplier C,ISO 14001,3377.27,Pre-Order
MAT09253,Recycled Copper,Accessories,21.1,47.81,81.2,12.27,22.7,Supplier B,None,1190.22,Low Stock
MAT09254,Recycled Copper,Office Supplies,120.64,8.01,79.5,6.92,11.1,Supplier A,Cradle to Cradle,825.02,Pre-Order
MAT09255,Recycled Metal,Coatings,338.9,45.18,95.6,5.27,96.7,Supplier C,Cradle to Cradle,374.33,Pre-Order
MAT09256,Cardboard,Kitchen Utensils,297.36,88.45,90.6,11.6,50.5,Supplier C,ISO 14001,691.39,Pre-Order
MAT09257,Cellulose,Insulation,465.17,28.45,53.1,5.2,88.9,Supplier A,FSC,1234.21,Low Stock
MAT09258,Cellulose,Flooring,216.45,81.63,35.2,8.62,14.7,Supplier A,Cradle to Cradle,434.09,In Stock
MAT09259,Wool,Cosmetics,447.99,32.49,74.5,11.4,32.9,Supplier E,None,893.08,In Stock
MAT09260,Sustainable Bamboo,Construction,121.19,28.29,69.1,12.39,60.9,Supplier D,Cradle to Cradle,1695.69,Pre-Order
MAT09261,Bioplastic,Sports Equipment,167.02,6.06,39.6,1.44,52.6,Supplier D,FSC,239.04,In Stock
MAT09262,Bioplastic,Home Decor,177.03,61.41,59.4,9.6,26.5,Supplier D,EcoCert,2670.11,Pre-Order
MAT09263,Organic Cotton,Toys,42.86,61.24,26.8,2.39,28.2,Supplier C,GOTS,1675.77,Low Stock
MAT09264,Recycled Metal,Kitchen Utensils,139.04,22.01,74.0,9.29,87.7,Supplier D,EcoCert,1831.81,Pre-Order
MAT09265,Seaweed Polymer,Accessories,158.91,43.92,44.0,1.35,35.6,Supplier B,ISO 14001,2006.11,Low Stock
MAT09266,Bio-based Polymer,Footwear,281.97,97.34,36.0,10.1,6.8,Supplier B,None,1254.96,Pre-Order
MAT09267,Sustainable Bamboo,Furniture,84.83,65.27,54.4,7.4,14.7,Supplier D,GOTS,1518.07,Pre-Order
MAT09268,Biodegradable Plastic,Furniture,446.67,54.54,20.0,6.37,59.0,Supplier C,None,805.93,Low Stock
MAT09269,Bio-based Polymer,Accessories,323.92,13.48,23.0,3.16,37.8,Supplier C,FSC,3380.59,Low Stock
MAT09270,Bio-based Polymer,Bags & Luggage,41.18,4.78,74.4,12.3,26.1,Supplier A,Cradle to Cradle,2111.52,Low Stock
MAT09271,Cork,Home Decor,145.74,80.17,55.0,14.42,60.5,Supplier E,ISO 14001,1387.76,Low Stock
MAT09272,Cardboard,Cosmetics,443.44,9.6,64.7,8.07,8.1,Supplier A,EcoCert,2094.09,Low Stock
MAT09273,Linen,Furniture,101.31,94.29,31.9,6.95,13.3,Supplier C,ISO 14001,4004.75,Low Stock
MAT09274,Cork Composite,Construction,371.74,74.96,77.5,11.96,91.7,Supplier B,FSC,1340.45,Low Stock
MAT09275,Biodegradable Plastic,Flooring,347.5,25.13,61.3,1.94,54.7,Supplier D,EcoCert,786.01,Pre-Order
MAT09276,Recycled Copper,Automotive,242.06,1.2,84.1,6.43,66.6,Supplier A,None,2753.11,In Stock
MAT09277,Sustainable Bamboo,Accessories,216.72,50.67,95.6,1.16,88.1,Supplier A,None,3412.96,Pre-Order
MAT09278,Cardboard,Household Items,321.92,14.54,58.8,4.63,86.6,Supplier E,EcoCert,2531.5,In Stock
MAT09279,Linen,Insulation,349.01,24.33,44.4,12.89,29.3,Supplier B,None,3957.44,Low Stock
MAT09280,Recycled Copper,Electronics,153.35,13.33,97.6,12.21,86.2,Supplier D,Cradle to Cradle,1762.09,In Stock
MAT09281,Biodegradable Plastic,Insulation,448.01,52.54,61.4,4.26,56.9,Supplier D,EcoCert,2575.49,Low Stock
MAT09282,Natural Rubber,Household Items,184.48,65.98,79.8,3.4,19.4,Supplier B,Cradle to Cradle,775.22,In Stock
MAT09283,Natural Rubber,Adhesives,278.59,19.46,61.1,1.89,5.2,Supplier D,FSC,1429.26,Low Stock
MAT09284,Recycled Paper,Sports Equipment,194.26,5.07,70.5,13.7,16.8,Supplier D,FSC,1427.6,Low Stock
MAT09285,Cellulose,Furniture,244.78,66.72,30.6,12.22,18.2,Supplier A,ISO 14001,2586.28,Pre-Order
MAT09286,Mycelium Leather,Kitchen Utensils,215.75,40.57,69.2,4.2,31.6,Supplier D,EcoCert,3329.13,In Stock
MAT09287,Algae-based Material,Toys,421.81,80.79,23.3,10.93,4.7,Supplier B,FSC,2665.13,In Stock
MAT09288,Linen,Furniture,398.43,26.23,41.6,6.48,94.1,Supplier B,None,1610.2,Low Stock
MAT09289,Certified Wood,Bags & Luggage,60.04,58.58,51.4,5.06,49.4,Supplier C,None,490.53,Pre-Order
MAT09290,Recycled Paper,Household Items,89.91,89.49,87.2,11.81,1.9,Supplier D,FSC,3221.23,In Stock
MAT09291,Flax Fiber,Insulation,94.39,77.72,62.2,3.46,23.9,Supplier D,EcoCert,3891.87,Pre-Order
MAT09292,Cork,Cosmetics,325.41,70.81,84.7,9.21,30.2,Supplier C,FSC,2422.77,Low Stock
MAT09293,Linen,Office Supplies,425.8,37.32,24.6,14.04,88.6,Supplier D,None,769.41,Pre-Order
MAT09294,Organic Cotton,Footwear,448.79,51.46,20.8,1.13,26.3,Supplier B,FSC,771.9,Low Stock
MAT09295,Certified Wood,Food Packaging,359.71,69.59,92.2,10.67,36.1,Supplier E,GOTS,3827.96,Low Stock
MAT09296,Corn Plastic,Sports Equipment,94.47,39.77,32.3,7.94,90.8,Supplier A,Cradle to Cradle,2626.95,In Stock
MAT09297,Hemp Fiber,Bags & Luggage,415.12,60.19,87.9,6.43,96.9,Supplier B,GOTS,2602.88,Low Stock
MAT09298,Bioplastic,Home Decor,447.83,69.29,72.6,12.03,58.5,Supplier C,EcoCert,2021.88,Low Stock
MAT09299,Hemp Fiber,Household Items,309.7,99.57,56.8,8.64,64.3,Supplier C,FSC,1984.53,Pre-Order
MAT09300,Cardboard,Furniture,119.09,6.6,79.3,12.14,42.8,Supplier D,Cradle to Cradle,3635.4,In Stock
MAT09301,Cellulose,Toys,53.04,63.43,46.0,6.3,79.3,Supplier D,None,3477.7,Pre-Order
MAT09302,Sustainable Bamboo,Automotive,222.28,23.16,46.7,7.32,20.8,Supplier C,ISO 14001,1132.12,Low Stock
MAT09303,Mycelium Leather,Coatings,474.43,96.99,20.5,7.82,67.1,Supplier A,FSC,1904.02,Pre-Order
MAT09304,Organic Cotton,Automotive,118.31,58.66,90.1,6.68,15.8,Supplier C,EcoCert,2172.94,In Stock
MAT09305,Recycled Paper,Office Supplies,380.38,33.6,73.7,3.93,69.5,Supplier D,EcoCert,1624.31,Low Stock
MAT09306,Flax Fiber,Furniture,30.65,97.47,73.2,1.61,69.9,Supplier C,Cradle to Cradle,1887.42,In Stock
MAT09307,Hemp Fiber,Sports Equipment,153.65,1.34,21.9,14.56,49.2,Supplier E,None,405.04,In Stock
MAT09308,Recycled Aluminum,Toys,172.66,82.78,45.4,4.99,66.8,Supplier A,GOTS,2653.51,Low Stock
MAT09309,Linen,Sports Equipment,117.24,5.32,48.7,6.81,14.0,Supplier B,Cradle to Cradle,1492.34,In Stock
MAT09310,Certified Wood,Coatings,35.3,20.88,41.9,14.99,46.4,Supplier D,Cradle to Cradle,1939.71,In Stock
MAT09311,Hemp Fiber,Electronics,120.32,85.82,72.1,2.04,31.8,Supplier B,ISO 14001,1917.3,Pre-Order
MAT09312,Algae-based Material,Household Items,80.46,15.16,59.5,9.19,6.2,Supplier B,EcoCert,2407.83,In Stock
MAT09313,Flax Fiber,Bags & Luggage,448.87,38.09,73.1,8.0,15.7,Supplier E,FSC,3075.98,Pre-Order
MAT09314,Mycelium Leather,Furniture,431.44,4.72,21.1,13.06,9.6,Supplier A,FSC,841.62,Low Stock
MAT09315,Recycled Glass,Automotive,167.82,99.18,92.6,10.61,35.9,Supplier E,GOTS,2893.38,Pre-Order
MAT09316,Seaweed Polymer,Food Packaging,414.31,8.02,30.1,4.45,48.5,Supplier E,EcoCert,4008.9,Low Stock
MAT09317,Cardboard,Electronics,316.17,47.54,42.8,11.53,90.8,Supplier C,FSC,2675.09,In Stock
MAT09318,Bio-based Polymer,Insulation,327.58,38.01,33.7,9.2,82.7,Supplier B,Cradle to Cradle,2563.87,Low Stock
MAT09319,Bio-based Polymer,Home Decor,158.13,65.1,91.1,0.57,63.0,Supplier A,Cradle to Cradle,384.29,Pre-Order
MAT09320,Mycelium Leather,Flooring,455.5,3.88,27.5,8.14,46.5,Supplier D,EcoCert,4112.65,Low Stock
MAT09321,Hemp Fiber,Electronics,233.18,7.43,22.2,5.48,96.3,Supplier B,None,1982.04,Pre-Order
MAT09322,Cork Composite,Cosmetics,157.62,80.94,45.3,14.53,100.0,Supplier B,None,2538.14,Pre-Order
MAT09323,Cork,Home Decor,462.93,9.1,47.4,5.81,14.8,Supplier D,Cradle to Cradle,517.92,Pre-Order
MAT09324,Bio-based Polymer,Bags & Luggage,275.64,70.95,37.3,12.45,91.2,Supplier B,FSC,3443.67,Low Stock
MAT09325,Linen,Home Decor,475.89,52.3,79.9,9.67,23.6,Supplier E,ISO 14001,2786.31,Low Stock
MAT09326,Recycled Glass,Coatings,103.45,55.73,82.5,5.42,60.2,Supplier A,GOTS,2221.91,In Stock
MAT09327,Recycled Copper,Furniture,241.37,79.89,64.9,5.06,11.5,Supplier B,FSC,3540.78,In Stock
MAT09328,Recycled Copper,Adhesives,189.05,62.28,83.2,9.91,27.2,Supplier C,Cradle to Cradle,410.02,In Stock
MAT09329,Recycled Glass,Cosmetics,399.49,77.98,80.4,12.18,83.8,Supplier D,EcoCert,3915.11,Pre-Order
MAT09330,Linen,Bags & Luggage,224.52,68.78,53.5,7.8,71.9,Supplier E,EcoCert,2124.8,Low Stock
MAT09331,Hemp Fiber,Electronics,276.83,13.73,74.7,1.69,43.3,Supplier B,None,2689.2,Pre-Order
MAT09332,Cardboard,Textiles,485.92,15.37,95.4,6.01,48.0,Supplier B,Cradle to Cradle,2855.2,In Stock
MAT09333,Biodegradable Plastic,Textiles,153.31,52.55,22.3,7.69,51.4,Supplier D,Cradle to Cradle,3320.83,Low Stock
MAT09334,Natural Rubber,Cosmetics,331.67,90.5,26.2,14.16,12.8,Supplier D,EcoCert,2707.46,Pre-Order
MAT09335,Mushroom Composite,Bags & Luggage,128.5,62.88,54.6,9.36,68.5,Supplier A,Cradle to Cradle,2213.61,Pre-Order
MAT09336,Recycled Copper,Construction,391.62,25.05,56.3,6.55,70.3,Supplier A,None,3598.88,Low Stock
MAT09337,Recycled Aluminum,Home Decor,288.88,2.63,91.0,2.8,27.0,Supplier A,None,2357.2,Pre-Order
MAT09338,Recycled Glass,Accessories,393.27,60.79,75.2,1.24,49.4,Supplier A,FSC,1296.46,Pre-Order
MAT09339,Recycled PET,Automotive,491.35,74.04,39.7,3.01,65.5,Supplier C,GOTS,3847.05,In Stock
MAT09340,Algae-based Material,Food Packaging,18.97,46.18,83.3,10.2,82.2,Supplier D,GOTS,725.42,Pre-Order
MAT09341,Recycled PET,Coatings,267.83,11.27,54.6,5.4,72.6,Supplier B,FSC,2559.72,Low Stock
MAT09342,Corn Plastic,Food Packaging,133.29,11.79,32.2,11.06,73.7,Supplier C,EcoCert,310.42,Low Stock
MAT09343,Organic Cotton,Construction,225.39,91.86,78.9,11.87,2.5,Supplier B,Cradle to Cradle,939.56,In Stock
MAT09344,Recycled PET,Kitchen Utensils,393.57,67.86,95.3,3.49,51.9,Supplier A,EcoCert,2486.68,Low Stock
MAT09345,Cork Composite,Adhesives,182.29,29.84,88.3,9.17,15.1,Supplier C,ISO 14001,786.01,Low Stock
MAT09346,Algae-based Material,Food Packaging,464.4,44.87,90.3,13.81,85.4,Supplier A,EcoCert,1730.55,Pre-Order
MAT09347,Recycled PET,Household Items,34.85,48.41,40.8,9.01,7.2,Supplier C,GOTS,3561.53,In Stock
MAT09348,Bioplastic,Electronics,485.0,36.12,69.9,13.03,19.2,Supplier B,GOTS,3590.58,Pre-Order
MAT09349,Biodegradable Plastic,Kitchen Utensils,32.9,12.24,84.7,2.79,93.5,Supplier C,ISO 14001,1658.34,Pre-Order
MAT09350,Jute,Office Supplies,48.59,89.02,28.5,10.5,36.1,Supplier E,FSC,1298.12,Pre-Order
MAT09351,Wool,Flooring,35.26,35.39,44.2,4.96,8.7,Supplier A,FSC,2255.11,In Stock
MAT09352,Hemp Fiber,Office Supplies,415.99,43.12,46.8,13.85,20.7,Supplier C,FSC,1489.85,Low Stock
MAT09353,Recycled Aluminum,Household Items,325.15,1.28,55.8,14.4,14.4,Supplier B,FSC,1448.35,Low Stock
MAT09354,Recycled Copper,Adhesives,431.55,71.25,30.6,12.83,8.2,Supplier E,EcoCert,2853.54,In Stock
MAT09355,Cork Composite,Toys,80.37,34.02,20.6,7.58,54.5,Supplier C,ISO 14001,2625.29,Pre-Order
MAT09356,Cellulose,Textiles,443.97,89.09,93.7,12.06,7.9,Supplier C,ISO 14001,202.52,Pre-Order
MAT09357,Corn Plastic,Cosmetics,289.74,81.53,36.3,11.4,28.4,Supplier A,ISO 14001,224.93,Pre-Order
MAT09358,Certified Wood,Flooring,354.87,14.62,31.8,7.81,46.6,Supplier A,FSC,1950.5,Pre-Order
MAT09359,Algae-based Material,Food Packaging,486.78,71.03,29.3,11.62,36.8,Supplier B,EcoCert,278.05,Low Stock
MAT09360,Cellulose,Office Supplies,82.11,33.26,61.4,10.62,94.5,Supplier D,Cradle to Cradle,3139.06,In Stock
MAT09361,Cork Composite,Insulation,468.84,4.29,69.3,11.86,45.8,Supplier C,EcoCert,1261.6,Low Stock
MAT09362,Natural Rubber,Construction,56.2,14.61,88.8,2.02,32.9,Supplier B,ISO 14001,1780.35,Pre-Order
MAT09363,Mycelium Leather,Household Items,336.18,27.57,74.6,7.78,89.0,Supplier D,Cradle to Cradle,3784.8,Low Stock
MAT09364,Corn Plastic,Sports Equipment,89.16,62.49,43.0,11.01,64.5,Supplier D,ISO 14001,2484.19,In Stock
MAT09365,Linen,Adhesives,479.91,41.19,55.7,11.11,33.6,Supplier A,ISO 14001,2231.04,In Stock
MAT09366,Algae-based Material,Textiles,91.26,27.52,62.9,4.09,18.6,Supplier C,ISO 14001,1718.93,Pre-Order
MAT09367,Organic Cotton,Insulation,473.12,33.23,61.9,1.75,74.1,Supplier A,EcoCert,3185.54,Pre-Order
MAT09368,Wool,Food Packaging,242.12,29.06,86.5,6.46,93.9,Supplier A,FSC,602.58,In Stock
MAT09369,Recycled Copper,Accessories,407.96,38.91,98.1,3.06,19.0,Supplier D,GOTS,1517.24,Low Stock
MAT09370,Recycled Metal,Electronics,333.17,93.97,49.9,7.3,1.2,Supplier B,None,440.73,Pre-Order
MAT09371,Sustainable Bamboo,Accessories,347.33,5.97,47.1,10.13,97.7,Supplier C,ISO 14001,3383.08,Pre-Order
MAT09372,Certified Wood,Coatings,118.96,48.45,31.2,1.67,83.6,Supplier B,EcoCert,2292.46,Pre-Order
MAT09373,Recycled PET,Home Decor,151.61,55.11,75.9,7.85,47.4,Supplier C,Cradle to Cradle,648.23,In Stock
MAT09374,Hemp Fiber,Household Items,28.35,86.09,35.4,8.67,57.9,Supplier B,Cradle to Cradle,2734.85,Low Stock
MAT09375,Bioplastic,Construction,223.06,40.78,21.7,8.71,23.6,Supplier A,ISO 14001,2089.94,In Stock
MAT09376,Jute,Furniture,280.63,99.01,57.9,2.4,96.8,Supplier A,ISO 14001,224.1,Pre-Order
MAT09377,Recycled Copper,Furniture,434.16,18.16,92.0,1.74,6.6,Supplier B,EcoCert,188.41,Low Stock
MAT09378,Recycled Glass,Kitchen Utensils,85.19,81.91,76.9,11.44,90.8,Supplier C,Cradle to Cradle,1899.87,Pre-Order
MAT09379,Recycled Aluminum,Footwear,249.83,89.15,39.7,1.12,45.6,Supplier A,Cradle to Cradle,3280.99,In Stock
MAT09380,Biodegradable Plastic,Automotive,257.29,24.92,65.8,9.76,79.3,Supplier A,Cradle to Cradle,2658.49,Pre-Order
MAT09381,Mycelium Leather,Insulation,114.64,19.43,22.5,7.87,17.3,Supplier E,Cradle to Cradle,1437.56,Pre-Order
MAT09382,Organic Cotton,Cosmetics,340.15,79.87,47.5,7.59,88.8,Supplier A,FSC,3456.12,In Stock
MAT09383,Linen,Food Packaging,342.75,69.56,43.0,3.01,31.3,Supplier A,GOTS,1891.57,Low Stock
MAT09384,Recycled Copper,Flooring,99.77,7.2,90.0,8.29,30.1,Supplier D,FSC,2397.04,In Stock
MAT09385,Cork,Electronics,225.8,95.57,57.3,5.85,31.0,Supplier C,Cradle to Cradle,1247.49,Low Stock
MAT09386,Biodegradable Plastic,Construction,104.59,2.48,86.1,5.64,30.7,Supplier A,FSC,488.87,Low Stock
MAT09387,Recycled Metal,Flooring,451.32,33.98,71.1,9.61,39.4,Supplier D,ISO 14001,434.09,Pre-Order
MAT09388,Organic Cotton,Household Items,34.27,23.89,59.7,9.09,11.2,Supplier D,EcoCert,1049.95,In Stock
MAT09389,Seaweed Polymer,Electronics,14.93,19.59,27.8,13.54,71.1,Supplier E,ISO 14001,1645.06,Low Stock
MAT09390,Bio-based Polymer,Food Packaging,250.68,88.14,97.3,14.3,52.5,Supplier E,GOTS,1957.14,In Stock
MAT09391,Recycled Glass,Furniture,359.06,7.21,99.6,14.85,37.3,Supplier C,None,2170.45,Low Stock
MAT09392,Corn Plastic,Toys,181.9,91.14,42.0,8.65,94.4,Supplier A,None,3123.29,Low Stock
MAT09393,Sustainable Bamboo,Kitchen Utensils,91.03,8.9,52.6,3.3,93.3,Supplier E,GOTS,879.8,Low Stock
MAT09394,Cellulose,Coatings,496.83,6.77,24.3,6.72,81.0,Supplier D,ISO 14001,2393.72,In Stock
MAT09395,Recycled Metal,Kitchen Utensils,372.6,27.64,36.6,11.35,38.2,Supplier C,ISO 14001,3370.63,In Stock
MAT09396,Cardboard,Kitchen Utensils,329.02,29.73,42.4,2.28,24.0,Supplier A,Cradle to Cradle,504.64,Low Stock
MAT09397,Recycled Aluminum,Coatings,67.32,80.01,22.3,1.32,70.5,Supplier B,None,427.45,Pre-Order
MAT09398,Cork,Toys,29.06,35.57,52.6,3.04,14.3,Supplier B,GOTS,2950.65,Low Stock
MAT09399,Recycled Metal,Food Packaging,156.12,71.27,66.6,5.52,5.7,Supplier B,ISO 14001,1260.77,Low Stock
MAT09400,Natural Rubber,Flooring,481.27,46.95,29.5,1.18,5.4,Supplier B,FSC,684.75,Low Stock
MAT09401,Sustainable Bamboo,Accessories,84.27,60.33,81.1,4.99,38.4,Supplier A,FSC,2905.83,Pre-Order
MAT09402,Linen,Accessories,46.57,8.09,49.2,8.84,47.5,Supplier D,None,4073.64,In Stock
MAT09403,Jute,Construction,214.68,89.86,30.4,14.76,81.9,Supplier D,Cradle to Cradle,1245.83,Pre-Order
MAT09404,Recycled Glass,Toys,436.49,4.52,93.5,2.28,66.0,Supplier A,EcoCert,2241.83,Pre-Order
MAT09405,Linen,Cosmetics,371.2,24.6,90.1,1.49,40.2,Supplier B,Cradle to Cradle,537.84,Pre-Order
MAT09406,Algae-based Material,Insulation,392.61,42.0,83.5,12.59,88.6,Supplier E,GOTS,4071.98,Pre-Order
MAT09407,Cardboard,Furniture,226.43,43.16,33.4,5.6,59.2,Supplier D,EcoCert,3582.28,Pre-Order
MAT09408,Linen,Furniture,288.4,7.83,67.8,9.81,21.8,Supplier E,FSC,2320.68,Low Stock
MAT09409,Biodegradable Plastic,Automotive,333.39,37.84,50.9,6.43,53.1,Supplier D,EcoCert,2221.91,In Stock
MAT09410,Recycled PET,Accessories,448.55,12.28,74.2,8.12,23.8,Supplier C,FSC,1962.12,Pre-Order
MAT09411,Recycled Glass,Footwear,393.16,81.33,90.3,6.68,29.9,Supplier E,EcoCert,175.13,Low Stock
MAT09412,Recycled Paper,Office Supplies,74.79,57.86,23.6,5.37,59.7,Supplier D,GOTS,3176.41,In Stock
MAT09413,Algae-based Material,Insulation,229.81,19.99,42.8,5.94,16.4,Supplier C,GOTS,2988.83,In Stock
MAT09414,Algae-based Material,Toys,386.61,17.26,86.2,1.95,73.0,Supplier A,GOTS,2668.45,In Stock
MAT09415,Biodegradable Plastic,Bags & Luggage,474.35,17.12,69.2,14.39,41.6,Supplier C,ISO 14001,2616.99,Low Stock
MAT09416,Bioplastic,Home Decor,106.06,65.24,24.0,11.46,15.9,Supplier B,ISO 14001,315.4,In Stock
MAT09417,Jute,Cosmetics,120.16,83.68,52.0,8.84,23.5,Supplier C,None,3906.81,In Stock
MAT09418,Recycled Glass,Insulation,50.56,6.96,65.0,5.58,94.2,Supplier B,Cradle to Cradle,1059.91,In Stock
MAT09419,Corn Plastic,Automotive,259.4,71.22,27.4,8.45,4.3,Supplier A,None,3962.42,Pre-Order
MAT09420,Organic Cotton,Coatings,466.9,39.7,57.5,4.8,5.2,Supplier B,ISO 14001,1616.84,Pre-Order
MAT09421,Cardboard,Cosmetics,387.93,12.54,56.5,0.6,95.4,Supplier B,FSC,3877.76,In Stock
MAT09422,Mushroom Composite,Bags & Luggage,173.48,83.75,59.6,10.01,26.1,Supplier D,GOTS,4066.17,In Stock
MAT09423,Flax Fiber,Office Supplies,461.0,28.72,57.4,8.97,98.6,Supplier D,GOTS,1354.56,In Stock
MAT09424,Cardboard,Office Supplies,216.6,30.47,29.4,13.55,12.2,Supplier E,None,827.51,Low Stock
MAT09425,Cork Composite,Cosmetics,355.25,15.04,22.9,10.81,73.3,Supplier D,Cradle to Cradle,2133.1,In Stock
MAT09426,Wool,Insulation,367.38,14.58,78.4,7.88,86.7,Supplier B,FSC,3206.29,In Stock
MAT09427,Recycled Aluminum,Textiles,470.36,14.4,79.4,10.22,89.0,Supplier C,None,3122.46,In Stock
MAT09428,Recycled Copper,Sports Equipment,472.98,77.06,38.8,1.11,61.9,Supplier D,Cradle to Cradle,886.44,Pre-Order
MAT09429,Cork,Textiles,217.25,53.73,71.0,0.91,18.9,Supplier C,GOTS,3652.83,In Stock
MAT09430,Sustainable Bamboo,Coatings,228.36,37.03,30.9,8.92,91.5,Supplier A,None,2210.29,Pre-Order
MAT09431,Cork Composite,Insulation,252.1,82.14,78.9,7.92,35.4,Supplier A,GOTS,2792.12,Pre-Order
MAT09432,Recycled PET,Food Packaging,233.13,8.81,98.9,4.3,70.1,Supplier B,EcoCert,2932.39,Pre-Order
MAT09433,Corn Plastic,Automotive,294.55,85.46,26.0,0.59,96.9,Supplier C,GOTS,1737.19,Pre-Order
MAT09434,Organic Cotton,Home Decor,463.71,59.36,99.9,5.26,85.4,Supplier E,ISO 14001,2308.23,Low Stock
MAT09435,Recycled Aluminum,Office Supplies,350.94,42.09,41.7,5.77,24.1,Supplier C,EcoCert,1981.21,Low Stock
MAT09436,Recycled Copper,Household Items,399.78,23.75,35.2,3.51,27.2,Supplier E,FSC,660.68,Pre-Order
MAT09437,Recycled Copper,Home Decor,416.66,11.15,99.0,4.56,53.4,Supplier C,ISO 14001,3108.35,In Stock
MAT09438,Bio-based Polymer,Adhesives,138.46,50.68,24.7,11.41,94.0,Supplier C,EcoCert,733.72,Low Stock
MAT09439,Bio-based Polymer,Flooring,229.46,66.93,72.2,13.9,19.0,Supplier D,FSC,1561.23,In Stock
MAT09440,Hemp Fiber,Textiles,456.19,64.36,26.4,10.92,85.5,Supplier A,None,3054.4,Low Stock
MAT09441,Algae-based Material,Food Packaging,286.36,53.96,86.8,8.86,35.2,Supplier D,FSC,1366.18,In Stock
MAT09442,Cork,Footwear,326.94,34.01,91.5,3.36,79.7,Supplier D,GOTS,1905.68,Pre-Order
MAT09443,Natural Rubber,Sports Equipment,170.05,46.58,71.7,10.35,96.9,Supplier D,FSC,3862.82,Pre-Order
MAT09444,Recycled Paper,Sports Equipment,463.07,11.09,91.5,4.75,74.0,Supplier C,FSC,1215.12,In Stock
MAT09445,Cork Composite,Home Decor,266.64,27.15,78.4,9.76,0.0,Supplier A,None,1533.01,In Stock
MAT09446,Recycled Glass,Household Items,249.08,55.98,43.1,1.28,99.9,Supplier C,None,3329.13,In Stock
MAT09447,Recycled PET,Furniture,169.69,33.47,34.3,4.98,25.2,Supplier C,None,765.26,Low Stock
MAT09448,Seaweed Polymer,Coatings,235.16,39.19,98.9,2.15,55.9,Supplier A,FSC,1781.18,Low Stock
MAT09449,Recycled Metal,Automotive,431.51,17.52,50.9,12.45,92.9,Supplier D,Cradle to Cradle,1767.9,Low Stock
MAT09450,Sustainable Bamboo,Office Supplies,202.58,85.27,52.6,0.53,95.8,Supplier B,ISO 14001,2140.57,In Stock
MAT09451,Jute,Automotive,346.93,73.54,91.6,4.54,6.7,Supplier E,Cradle to Cradle,3095.9,In Stock
MAT09452,Wool,Toys,222.41,1.25,93.0,9.63,5.7,Supplier B,EcoCert,2290.8,In Stock
MAT09453,Jute,Office Supplies,342.94,39.16,81.0,6.18,3.1,Supplier C,None,3837.92,Low Stock
MAT09454,Algae-based Material,Flooring,424.18,20.7,98.5,13.17,87.5,Supplier C,EcoCert,991.85,Low Stock
MAT09455,Certified Wood,Furniture,476.6,50.13,65.5,14.39,28.6,Supplier A,GOTS,2021.88,Low Stock
MAT09456,Sustainable Bamboo,Home Decor,480.82,14.69,29.0,10.58,24.8,Supplier C,EcoCert,3418.77,Pre-Order
MAT09457,Cardboard,Electronics,400.98,21.39,86.9,1.02,54.2,Supplier D,EcoCert,2988.83,Pre-Order
MAT09458,Recycled Aluminum,Coatings,40.49,81.18,89.3,7.77,53.4,Supplier D,GOTS,2666.79,Low Stock
MAT09459,Cardboard,Furniture,106.14,27.86,72.0,5.88,50.1,Supplier D,ISO 14001,1166.15,Pre-Order
MAT09460,Recycled PET,Bags & Luggage,353.52,30.26,77.7,6.69,23.3,Supplier C,ISO 14001,2364.67,In Stock
MAT09461,Biodegradable Plastic,Electronics,409.32,98.35,34.8,5.44,80.1,Supplier D,None,1270.73,In Stock
MAT09462,Recycled Glass,Bags & Luggage,277.62,12.58,42.3,6.02,80.2,Supplier A,ISO 14001,1337.13,In Stock
MAT09463,Mushroom Composite,Flooring,11.25,29.77,44.3,8.25,17.3,Supplier E,EcoCert,1592.77,In Stock
MAT09464,Linen,Toys,416.47,86.52,32.6,3.42,57.5,Supplier C,None,1743.83,Low Stock
MAT09465,Cellulose,Automotive,91.23,10.31,84.3,3.02,89.6,Supplier B,EcoCert,1416.81,In Stock
MAT09466,Hemp Fiber,Kitchen Utensils,407.84,70.66,69.2,1.36,21.0,Supplier C,None,792.65,In Stock
MAT09467,Recycled PET,Adhesives,356.84,10.58,51.5,11.03,79.1,Supplier A,EcoCert,3679.39,In Stock
MAT09468,Mushroom Composite,Cosmetics,485.83,89.65,95.0,11.76,67.6,Supplier C,None,2398.7,In Stock
MAT09469,Certified Wood,Construction,125.05,51.17,32.4,7.77,71.6,Supplier B,ISO 14001,3487.66,In Stock
MAT09470,Recycled Copper,Household Items,437.2,21.44,57.7,1.3,44.6,Supplier A,GOTS,2582.96,In Stock
MAT09471,Recycled Metal,Toys,272.8,61.29,77.6,1.67,14.7,Supplier D,FSC,922.96,Pre-Order
MAT09472,Recycled PET,Footwear,184.16,59.91,48.0,0.74,83.8,Supplier B,EcoCert,3320.83,Low Stock
MAT09473,Recycled Metal,Food Packaging,141.08,80.23,53.0,3.89,81.3,Supplier A,FSC,521.24,In Stock
MAT09474,Natural Rubber,Textiles,468.56,27.22,76.4,9.77,57.8,Supplier D,Cradle to Cradle,1274.88,Pre-Order
MAT09475,Algae-based Material,Home Decor,227.38,3.95,30.2,11.53,57.1,Supplier D,GOTS,2293.29,Low Stock
MAT09476,Corn Plastic,Textiles,206.05,99.45,61.7,11.3,37.0,Supplier E,ISO 14001,2845.24,Pre-Order
MAT09477,Recycled PET,Food Packaging,52.06,63.97,49.7,0.92,54.1,Supplier A,Cradle to Cradle,3344.9,In Stock
MAT09478,Recycled Copper,Toys,93.48,57.8,44.0,2.83,77.0,Supplier B,FSC,2256.77,In Stock
MAT09479,Recycled Glass,Automotive,484.62,17.43,75.5,1.01,93.8,Supplier A,None,2001.13,In Stock
MAT09480,Flax Fiber,Automotive,199.21,75.45,30.7,1.97,20.1,Supplier B,Cradle to Cradle,676.45,Low Stock
MAT09481,Flax Fiber,Accessories,390.45,42.11,85.5,12.49,13.6,Supplier E,FSC,3769.86,Low Stock
MAT09482,Recycled Paper,Electronics,199.06,15.21,42.0,11.73,48.2,Supplier C,FSC,837.47,In Stock
MAT09483,Recycled PET,Adhesives,102.74,30.24,54.1,10.06,3.9,Supplier B,FSC,1535.5,Low Stock
MAT09484,Cardboard,Bags & Luggage,491.47,51.35,62.4,2.26,23.4,Supplier B,None,1750.47,Pre-Order
MAT09485,Cork,Household Items,236.89,47.48,36.1,8.06,29.5,Supplier C,Cradle to Cradle,360.22,Low Stock
MAT09486,Jute,Bags & Luggage,288.99,31.9,70.9,14.46,39.0,Supplier E,FSC,4112.65,In Stock
MAT09487,Algae-based Material,Coatings,364.17,98.45,52.2,10.51,70.7,Supplier D,GOTS,3778.99,Low Stock
MAT09488,Seaweed Polymer,Adhesives,41.4,56.05,32.4,6.68,12.1,Supplier B,Cradle to Cradle,413.34,In Stock
MAT09489,Seaweed Polymer,Home Decor,119.78,1.18,40.6,12.95,35.6,Supplier E,Cradle to Cradle,790.16,Pre-Order
MAT09490,Bio-based Polymer,Insulation,21.1,95.58,38.5,12.67,77.6,Supplier E,GOTS,4093.56,Pre-Order
MAT09491,Bio-based Polymer,Kitchen Utensils,46.15,77.89,71.5,6.02,84.5,Supplier B,EcoCert,418.32,Low Stock
MAT09492,Organic Cotton,Office Supplies,222.39,79.03,61.1,8.88,23.0,Supplier C,GOTS,651.55,Low Stock
MAT09493,Corn Plastic,Food Packaging,285.51,11.07,59.5,5.08,68.9,Supplier B,Cradle to Cradle,1327.17,Low Stock
MAT09494,Cardboard,Coatings,497.39,65.94,66.3,11.33,75.0,Supplier C,FSC,3591.41,In Stock
MAT09495,Recycled Aluminum,Home Decor,80.24,48.0,28.2,3.99,0.2,Supplier C,Cradle to Cradle,413.34,In Stock
MAT09496,Mycelium Leather,Toys,144.95,69.33,75.7,8.27,91.7,Supplier E,FSC,2387.08,Low Stock
MAT09497,Recycled Aluminum,Coatings,241.38,37.23,48.1,5.53,1.8,Supplier A,GOTS,1401.04,Pre-Order
MAT09498,Cork Composite,Kitchen Utensils,326.42,79.15,22.3,4.56,80.5,Supplier A,Cradle to Cradle,3753.26,Low Stock
MAT09499,Corn Plastic,Coatings,495.39,18.74,42.4,4.29,97.0,Supplier E,FSC,1069.04,In Stock
MAT09500,Sustainable Bamboo,Insulation,75.77,33.62,88.3,1.25,93.8,Supplier C,ISO 14001,2338.11,Pre-Order
MAT09501,Flax Fiber,Adhesives,154.1,1.2,40.6,13.71,99.8,Supplier C,Cradle to Cradle,1220.93,Pre-Order
MAT09502,Cork Composite,Kitchen Utensils,287.42,52.05,53.6,13.06,15.6,Supplier E,FSC,1454.99,In Stock
MAT09503,Wool,Footwear,27.18,12.58,71.2,2.1,48.3,Supplier B,EcoCert,1920.62,In Stock
MAT09504,Recycled Aluminum,Home Decor,140.16,63.12,78.4,9.95,24.3,Supplier D,FSC,970.27,In Stock
MAT09505,Bioplastic,Sports Equipment,250.03,33.11,54.9,11.13,89.5,Supplier E,FSC,2777.18,In Stock
MAT09506,Flax Fiber,Bags & Luggage,190.49,57.92,23.7,14.33,71.6,Supplier C,GOTS,3131.59,Pre-Order
MAT09507,Recycled Copper,Office Supplies,88.35,57.14,35.7,6.14,44.3,Supplier A,None,1132.95,Low Stock
MAT09508,Linen,Toys,45.01,65.87,25.5,6.84,32.3,Supplier D,FSC,4047.08,Low Stock
MAT09509,Recycled Metal,Coatings,414.86,7.65,36.6,10.8,22.7,Supplier C,Cradle to Cradle,1699.01,Low Stock
MAT09510,Certified Wood,Adhesives,150.12,37.05,20.4,0.93,44.8,Supplier D,Cradle to Cradle,3442.01,Low Stock
MAT09511,Recycled Metal,Food Packaging,12.6,31.43,68.2,4.34,68.5,Supplier A,GOTS,428.28,In Stock
MAT09512,Bioplastic,Adhesives,88.51,29.96,24.0,9.68,9.6,Supplier E,Cradle to Cradle,4062.02,Low Stock
MAT09513,Recycled Metal,Footwear,24.32,22.64,46.6,10.08,25.2,Supplier E,None,1605.22,Low Stock
MAT09514,Mushroom Composite,Toys,392.9,64.68,78.5,6.91,50.0,Supplier E,FSC,3776.5,Pre-Order
MAT09515,Recycled Metal,Adhesives,279.65,90.77,35.2,7.15,98.8,Supplier B,EcoCert,3642.04,Pre-Order
MAT09516,Bio-based Polymer,Adhesives,381.09,52.43,60.7,11.59,27.5,Supplier E,FSC,1786.99,Low Stock
MAT09517,Jute,Coatings,226.53,51.01,38.6,8.86,39.3,Supplier E,GOTS,2143.89,Pre-Order
MAT09518,Hemp Fiber,Textiles,414.44,49.7,42.6,6.06,49.8,Supplier A,GOTS,3659.47,In Stock
MAT09519,Cellulose,Kitchen Utensils,95.2,90.86,99.2,4.01,30.1,Supplier D,EcoCert,4140.04,In Stock
MAT09520,Mushroom Composite,Flooring,174.13,48.92,64.4,4.1,63.4,Supplier C,EcoCert,589.3,Pre-Order
MAT09521,Linen,Automotive,127.01,30.22,71.0,9.99,75.5,Supplier C,None,466.46,Low Stock
MAT09522,Seaweed Polymer,Sports Equipment,482.54,45.63,68.9,4.51,65.8,Supplier E,EcoCert,3973.21,Low Stock
MAT09523,Recycled Metal,Footwear,270.83,14.09,73.8,3.16,83.3,Supplier B,FSC,3470.23,In Stock
MAT09524,Flax Fiber,Toys,383.4,90.51,26.2,13.54,20.8,Supplier D,EcoCert,3060.21,In Stock
MAT09525,Recycled Glass,Insulation,65.5,55.29,34.4,1.04,69.6,Supplier A,GOTS,1287.33,Pre-Order
MAT09526,Recycled Metal,Kitchen Utensils,340.13,61.93,42.5,4.29,11.4,Supplier D,None,2374.63,Pre-Order
MAT09527,Recycled Paper,Home Decor,208.03,24.64,21.3,0.95,30.5,Supplier C,FSC,1620.99,Low Stock
MAT09528,Natural Rubber,Household Items,201.28,6.54,59.2,3.09,50.3,Supplier B,FSC,2191.2,Low Stock
MAT09529,Flax Fiber,Home Decor,267.98,1.91,54.6,9.44,24.0,Supplier D,Cradle to Cradle,2453.48,Low Stock
MAT09530,Natural Rubber,Food Packaging,331.42,44.82,94.9,6.31,80.6,Supplier D,EcoCert,3622.12,Pre-Order
MAT09531,Organic Cotton,Accessories,498.74,61.68,20.6,4.86,16.2,Supplier E,ISO 14001,2227.72,In Stock
MAT09532,Recycled Paper,Bags & Luggage,433.47,42.21,71.5,8.28,93.7,Supplier D,Cradle to Cradle,2161.32,Low Stock
MAT09533,Linen,Furniture,445.24,88.71,25.9,9.33,68.8,Supplier A,GOTS,3702.63,In Stock
MAT09534,Cardboard,Sports Equipment,226.62,4.32,40.4,5.14,1.0,Supplier B,None,522.07,Pre-Order
MAT09535,Natural Rubber,Construction,498.29,41.0,24.9,7.01,60.0,Supplier A,None,1245.0,In Stock
MAT09536,Sustainable Bamboo,Footwear,256.32,73.96,45.5,4.42,82.1,Supplier C,Cradle to Cradle,2948.16,In Stock
MAT09537,Certified Wood,Sports Equipment,385.24,48.47,57.3,14.57,96.2,Supplier E,EcoCert,3201.31,In Stock
MAT09538,Cellulose,Household Items,440.11,99.86,87.8,12.19,12.2,Supplier B,FSC,1657.51,In Stock
MAT09539,Biodegradable Plastic,Office Supplies,323.21,90.57,40.2,11.2,44.7,Supplier D,None,3628.76,In Stock
MAT09540,Recycled Glass,Household Items,347.13,87.74,43.1,0.83,4.2,Supplier A,None,842.45,In Stock
MAT09541,Cellulose,Flooring,130.7,26.72,61.0,3.23,85.8,Supplier C,Cradle to Cradle,4122.61,Pre-Order
MAT09542,Cork Composite,Kitchen Utensils,375.29,26.73,99.8,7.08,87.0,Supplier C,GOTS,3859.5,In Stock
MAT09543,Flax Fiber,Automotive,471.52,79.28,77.6,1.91,8.0,Supplier D,EcoCert,3099.22,Low Stock
MAT09544,Flax Fiber,Furniture,431.4,40.16,49.6,0.55,74.7,Supplier E,ISO 14001,2722.4,In Stock
MAT09545,Mycelium Leather,Furniture,260.81,76.81,34.7,12.88,28.6,Supplier D,None,2360.52,In Stock
MAT09546,Natural Rubber,Furniture,312.28,94.8,23.6,0.53,82.3,Supplier C,EcoCert,1601.9,In Stock
MAT09547,Hemp Fiber,Sports Equipment,343.84,64.79,88.6,6.56,31.7,Supplier D,Cradle to Cradle,1815.21,Low Stock
MAT09548,Hemp Fiber,Furniture,32.11,95.89,20.8,13.99,25.5,Supplier A,Cradle to Cradle,2032.67,Low Stock
MAT09549,Jute,Coatings,255.59,32.06,30.0,10.32,77.8,Supplier D,GOTS,1401.04,Low Stock
MAT09550,Biodegradable Plastic,Office Supplies,100.82,32.21,73.7,1.53,26.9,Supplier B,EcoCert,3896.02,In Stock
MAT09551,Sustainable Bamboo,Toys,376.63,35.42,54.6,6.31,17.8,Supplier E,EcoCert,1335.47,Pre-Order
MAT09552,Cardboard,Furniture,469.79,1.54,34.8,11.52,82.7,Supplier E,GOTS,2623.63,Pre-Order
MAT09553,Linen,Office Supplies,89.11,57.61,67.6,12.77,20.6,Supplier A,Cradle to Cradle,1720.59,Low Stock
MAT09554,Recycled Aluminum,Office Supplies,327.69,89.86,82.1,7.5,34.8,Supplier E,Cradle to Cradle,3559.87,Pre-Order
MAT09555,Biodegradable Plastic,Insulation,65.42,84.96,33.5,13.39,64.0,Supplier B,FSC,495.51,Pre-Order
MAT09556,Mushroom Composite,Adhesives,254.7,18.13,59.6,14.68,99.1,Supplier C,ISO 14001,3692.67,Low Stock
MAT09557,Algae-based Material,Footwear,40.36,40.4,25.6,5.78,68.3,Supplier B,GOTS,3425.41,Low Stock
MAT09558,Sustainable Bamboo,Coatings,378.96,5.09,31.5,9.8,18.9,Supplier A,Cradle to Cradle,1705.65,Low Stock
MAT09559,Organic Cotton,Textiles,219.68,77.54,97.6,3.7,25.9,Supplier B,None,517.92,Low Stock
MAT09560,Certified Wood,Adhesives,82.16,13.17,71.5,2.75,26.3,Supplier A,Cradle to Cradle,405.04,Pre-Order
MAT09561,Algae-based Material,Automotive,332.39,93.28,70.6,3.28,24.6,Supplier A,Cradle to Cradle,1474.91,Pre-Order
MAT09562,Cardboard,Coatings,93.46,27.9,33.5,10.38,8.2,Supplier B,None,462.31,Pre-Order
MAT09563,Recycled PET,Textiles,390.01,83.06,94.0,0.87,23.4,Supplier A,None,1991.17,Pre-Order
MAT09564,Natural Rubber,Furniture,384.74,98.65,44.1,14.9,45.2,Supplier C,None,3920.92,In Stock
MAT09565,Flax Fiber,Insulation,390.02,57.18,92.8,10.01,63.1,Supplier C,EcoCert,1005.13,Low Stock
MAT09566,Certified Wood,Construction,84.85,89.69,99.0,12.11,43.4,Supplier C,ISO 14001,2951.48,In Stock
MAT09567,Recycled Copper,Toys,146.16,61.3,42.8,13.15,22.7,Supplier A,EcoCert,1279.03,Pre-Order
MAT09568,Recycled Paper,Bags & Luggage,236.53,26.06,82.0,9.49,20.8,Supplier A,None,873.16,Low Stock
MAT09569,Recycled Glass,Footwear,30.45,55.99,40.7,2.13,13.8,Supplier E,EcoCert,621.67,Pre-Order
MAT09570,Biodegradable Plastic,Bags & Luggage,81.05,41.36,87.1,8.65,9.6,Supplier D,ISO 14001,2352.22,In Stock
MAT09571,Jute,Adhesives,176.66,83.19,34.9,12.66,90.2,Supplier D,GOTS,471.44,Pre-Order
MAT09572,Recycled Aluminum,Automotive,343.66,87.09,69.7,6.2,7.5,Supplier A,EcoCert,2069.19,In Stock
MAT09573,Hemp Fiber,Electronics,375.18,13.19,27.2,6.45,23.9,Supplier B,None,1171.13,In Stock
MAT09574,Recycled Aluminum,Sports Equipment,218.55,68.26,23.7,13.83,51.0,Supplier C,None,3167.28,Pre-Order
MAT09575,Cellulose,Coatings,327.18,86.63,92.8,1.92,2.9,Supplier E,ISO 14001,781.86,In Stock
MAT09576,Linen,Office Supplies,256.17,28.31,84.3,7.47,12.2,Supplier E,FSC,3863.65,Pre-Order
MAT09577,Corn Plastic,Toys,435.84,99.71,39.6,13.27,48.2,Supplier E,ISO 14001,2333.13,In Stock
MAT09578,Organic Cotton,Furniture,100.76,44.43,64.2,13.63,35.2,Supplier B,ISO 14001,2362.18,In Stock
MAT09579,Jute,Automotive,209.74,80.74,30.2,2.64,2.0,Supplier B,None,2840.26,Low Stock
MAT09580,Corn Plastic,Electronics,82.63,78.81,73.9,10.24,16.2,Supplier E,Cradle to Cradle,3891.04,In Stock
MAT09581,Recycled Glass,Adhesives,165.42,50.87,54.4,11.56,21.3,Supplier B,FSC,728.74,In Stock
MAT09582,Wool,Bags & Luggage,158.21,23.95,84.6,7.94,3.1,Supplier E,Cradle to Cradle,1019.24,In Stock
MAT09583,Cork,Bags & Luggage,158.07,58.87,28.5,5.74,71.7,Supplier C,None,1450.01,In Stock
MAT09584,Mycelium Leather,Household Items,158.81,34.05,36.5,6.23,78.6,Supplier A,Cradle to Cradle,3950.8,Low Stock
MAT09585,Recycled PET,Accessories,114.54,39.4,49.2,5.49,91.7,Supplier B,Cradle to Cradle,890.59,In Stock
MAT09586,Cork,Toys,50.94,30.94,39.8,13.35,78.5,Supplier B,GOTS,2406.17,Low Stock
MAT09587,Biodegradable Plastic,Food Packaging,405.61,4.63,57.2,1.87,86.4,Supplier A,Cradle to Cradle,3102.54,Low Stock
MAT09588,Organic Cotton,Insulation,225.0,51.45,82.1,1.83,64.2,Supplier E,Cradle to Cradle,3301.74,Pre-Order
MAT09589,Cork,Cosmetics,148.97,82.53,85.2,12.28,11.8,Supplier C,Cradle to Cradle,1177.77,Low Stock
MAT09590,Cork,Cosmetics,401.1,64.61,97.6,10.08,7.9,Supplier A,ISO 14001,3482.68,In Stock
MAT09591,Linen,Bags & Luggage,256.71,53.35,90.3,7.0,45.8,Supplier B,EcoCert,735.38,Pre-Order
MAT09592,Cardboard,Bags & Luggage,255.77,88.73,84.6,1.88,13.4,Supplier C,GOTS,3075.98,Pre-Order
MAT09593,Mycelium Leather,Flooring,347.17,49.58,77.9,10.66,21.4,Supplier D,GOTS,1776.2,Pre-Order
MAT09594,Recycled Copper,Household Items,425.56,29.0,77.5,9.13,59.6,Supplier D,None,2759.75,In Stock
MAT09595,Linen,Office Supplies,94.56,37.02,78.8,0.75,26.7,Supplier D,Cradle to Cradle,1965.44,In Stock
MAT09596,Recycled Copper,Cosmetics,101.65,46.76,60.8,6.01,19.8,Supplier E,EcoCert,575.19,Pre-Order
MAT09597,Algae-based Material,Textiles,412.2,22.27,90.2,1.18,11.5,Supplier C,GOTS,1932.24,Low Stock
MAT09598,Linen,Bags & Luggage,233.23,4.62,56.0,1.76,82.8,Supplier A,EcoCert,3295.1,In Stock
MAT09599,Hemp Fiber,Accessories,346.51,29.05,85.3,5.14,56.6,Supplier A,None,184.26,In Stock
MAT09600,Hemp Fiber,Footwear,272.67,37.22,74.0,6.16,10.0,Supplier A,EcoCert,3205.46,Pre-Order
MAT09601,Cardboard,Toys,412.75,47.84,65.4,7.06,86.7,Supplier C,Cradle to Cradle,3025.35,In Stock
MAT09602,Recycled Metal,Home Decor,427.06,5.13,65.8,13.82,6.0,Supplier A,ISO 14001,317.89,In Stock
MAT09603,Jute,Bags & Luggage,106.85,88.28,58.3,5.27,41.9,Supplier C,ISO 14001,855.73,Low Stock
MAT09604,Organic Cotton,Office Supplies,333.68,73.33,76.7,11.23,88.3,Supplier D,Cradle to Cradle,988.53,Low Stock
MAT09605,Certified Wood,Kitchen Utensils,101.03,61.2,92.7,13.34,1.6,Supplier C,EcoCert,2797.1,Pre-Order
MAT09606,Recycled Aluminum,Cosmetics,282.12,68.01,54.7,1.85,89.8,Supplier B,EcoCert,3844.56,Pre-Order
MAT09607,Recycled Metal,Accessories,397.81,67.18,97.9,1.96,93.7,Supplier A,GOTS,3080.13,Pre-Order
MAT09608,Linen,Insulation,229.22,89.69,81.3,6.52,14.3,Supplier D,Cradle to Cradle,190.9,Pre-Order
MAT09609,Recycled PET,Cosmetics,460.64,37.38,49.7,5.43,26.1,Supplier D,Cradle to Cradle,2813.7,Low Stock
MAT09610,Certified Wood,Bags & Luggage,27.83,84.46,24.2,10.68,13.4,Supplier C,Cradle to Cradle,1670.79,Low Stock
MAT09611,Algae-based Material,Accessories,10.72,13.55,20.9,12.41,48.1,Supplier D,FSC,2954.8,In Stock
MAT09612,Natural Rubber,Textiles,66.34,90.8,76.6,7.93,65.6,Supplier C,EcoCert,834.98,Pre-Order
MAT09613,Recycled Glass,Bags & Luggage,271.92,59.87,96.3,10.27,89.3,Supplier D,ISO 14001,3660.3,In Stock
MAT09614,Hemp Fiber,Cosmetics,180.21,72.47,54.7,7.76,54.7,Supplier C,GOTS,1113.86,In Stock
MAT09615,Hemp Fiber,Home Decor,107.39,46.42,67.2,3.72,7.9,Supplier C,ISO 14001,2625.29,In Stock
MAT09616,Mushroom Composite,Food Packaging,309.24,71.87,58.0,8.58,88.1,Supplier A,None,2199.5,Low Stock
MAT09617,Wool,Home Decor,131.02,50.62,95.2,5.03,51.4,Supplier D,GOTS,2273.37,Pre-Order
MAT09618,Recycled PET,Electronics,322.38,51.34,53.1,6.61,95.8,Supplier C,FSC,2004.45,In Stock
MAT09619,Recycled Aluminum,Bags & Luggage,330.23,34.89,50.5,2.65,22.8,Supplier E,ISO 14001,1367.01,Pre-Order
MAT09620,Sustainable Bamboo,Toys,97.76,81.28,49.0,1.35,18.9,Supplier D,FSC,2476.72,Low Stock
MAT09621,Mushroom Composite,Textiles,308.93,89.23,34.6,10.39,81.7,Supplier D,EcoCert,2441.03,Pre-Order
MAT09622,Sustainable Bamboo,Toys,165.17,84.61,40.7,1.01,20.5,Supplier D,FSC,1704.82,In Stock
MAT09623,Recycled Paper,Sports Equipment,410.58,72.39,35.9,12.07,40.2,Supplier B,Cradle to Cradle,1780.35,Low Stock
MAT09624,Bioplastic,Household Items,456.11,72.98,94.2,4.34,14.1,Supplier B,None,1090.62,Pre-Order
MAT09625,Cardboard,Adhesives,429.67,3.53,45.6,14.98,3.6,Supplier E,None,3686.86,Pre-Order
MAT09626,Sustainable Bamboo,Sports Equipment,303.42,48.2,95.5,8.44,15.0,Supplier C,GOTS,258.96,Low Stock
MAT09627,Wool,Coatings,255.95,5.69,96.8,5.59,87.5,Supplier B,ISO 14001,2875.95,Low Stock
MAT09628,Cork,Insulation,224.59,45.77,63.0,5.53,60.0,Supplier A,Cradle to Cradle,477.25,Pre-Order
MAT09629,Corn Plastic,Kitchen Utensils,401.89,34.05,90.0,9.99,97.0,Supplier D,GOTS,1657.51,Low Stock
MAT09630,Corn Plastic,Household Items,51.88,36.53,57.4,14.13,54.0,Supplier D,Cradle to Cradle,218.29,In Stock
MAT09631,Sustainable Bamboo,Sports Equipment,361.52,53.4,99.9,11.43,66.7,Supplier B,GOTS,2599.56,In Stock
MAT09632,Jute,Textiles,492.93,84.56,24.7,8.21,30.2,Supplier D,GOTS,1961.29,Low Stock
MAT09633,Certified Wood,Office Supplies,341.95,3.85,31.3,13.45,4.0,Supplier B,ISO 14001,1477.4,Low Stock
MAT09634,Recycled Glass,Electronics,348.94,82.53,57.4,8.78,70.8,Supplier E,ISO 14001,1643.4,Low Stock
MAT09635,Recycled Aluminum,Toys,480.1,37.05,26.4,0.51,10.0,Supplier E,None,1259.11,In Stock
MAT09636,Mushroom Composite,Furniture,236.79,45.33,47.6,10.41,97.1,Supplier D,ISO 14001,2158.0,Low Stock
MAT09637,Recycled Aluminum,Toys,230.49,84.66,22.0,13.04,80.5,Supplier D,None,2842.75,Low Stock
MAT09638,Bioplastic,Home Decor,295.53,91.19,45.9,11.15,29.1,Supplier A,Cradle to Cradle,2969.74,Low Stock
MAT09639,Recycled Glass,Accessories,36.37,81.52,33.8,0.8,11.3,Supplier A,EcoCert,1205.16,Low Stock
MAT09640,Organic Cotton,Insulation,206.84,89.91,34.9,3.39,36.9,Supplier A,GOTS,4115.14,In Stock
MAT09641,Flax Fiber,Adhesives,215.54,69.28,87.7,2.82,80.7,Supplier C,GOTS,2650.19,Pre-Order
MAT09642,Bio-based Polymer,Coatings,151.75,82.96,29.1,6.53,24.1,Supplier C,FSC,3297.59,Low Stock
MAT09643,Recycled PET,Construction,141.05,48.26,73.0,0.95,18.7,Supplier D,Cradle to Cradle,2380.44,In Stock
MAT09644,Wool,Cosmetics,483.56,85.13,94.5,8.95,10.5,Supplier C,ISO 14001,3263.56,In Stock
MAT09645,Recycled Copper,Footwear,16.22,33.79,75.2,12.08,97.2,Supplier B,ISO 14001,2926.58,Pre-Order
MAT09646,Recycled Paper,Office Supplies,318.54,27.22,51.1,4.16,10.0,Supplier A,None,3549.08,In Stock
MAT09647,Natural Rubber,Insulation,25.59,61.52,42.9,10.75,34.4,Supplier D,Cradle to Cradle,2951.48,Pre-Order
MAT09648,Bio-based Polymer,Office Supplies,269.01,7.57,27.9,0.87,7.2,Supplier A,Cradle to Cradle,1526.37,Low Stock
MAT09649,Recycled Aluminum,Food Packaging,212.05,78.27,54.8,5.61,73.4,Supplier A,ISO 14001,4101.03,Low Stock
MAT09650,Recycled Copper,Electronics,56.84,6.07,86.6,13.2,91.2,Supplier B,ISO 14001,1019.24,In Stock
MAT09651,Cellulose,Insulation,294.19,37.93,55.2,10.36,65.2,Supplier B,Cradle to Cradle,2937.37,Low Stock
MAT09652,Natural Rubber,Accessories,77.11,15.79,95.7,3.33,60.0,Supplier B,GOTS,2280.84,In Stock
MAT09653,Cellulose,Construction,368.41,96.19,54.2,5.79,54.0,Supplier B,Cradle to Cradle,3532.48,Low Stock
MAT09654,Algae-based Material,Textiles,132.06,12.73,86.7,4.21,1.5,Supplier C,EcoCert,3996.45,Pre-Order
MAT09655,Cellulose,Office Supplies,258.31,43.8,74.2,9.62,67.0,Supplier B,FSC,504.64,In Stock
MAT09656,Recycled Copper,Food Packaging,444.23,87.68,25.7,8.36,25.3,Supplier C,EcoCert,1569.53,Pre-Order
MAT09657,Recycled Metal,Insulation,148.3,50.78,61.5,2.18,97.3,Supplier D,None,2580.47,In Stock
MAT09658,Recycled Aluminum,Construction,296.01,16.35,33.8,14.6,16.5,Supplier C,None,1390.25,Low Stock
MAT09659,Flax Fiber,Sports Equipment,138.08,47.09,38.8,14.2,9.8,Supplier E,None,404.21,Low Stock
MAT09660,Algae-based Material,Accessories,467.33,41.05,27.8,7.88,35.1,Supplier C,None,1167.81,Pre-Order
MAT09661,Natural Rubber,Construction,155.7,23.6,86.4,7.9,8.0,Supplier A,EcoCert,3759.9,In Stock
MAT09662,Algae-based Material,Toys,443.93,58.37,80.2,1.05,27.3,Supplier C,FSC,201.69,In Stock
MAT09663,Organic Cotton,Kitchen Utensils,184.14,36.4,42.9,14.95,40.4,Supplier D,ISO 14001,1638.42,Low Stock
MAT09664,Linen,Insulation,80.34,11.41,90.8,11.72,44.6,Supplier A,ISO 14001,636.61,In Stock
MAT09665,Bio-based Polymer,Home Decor,51.52,30.38,42.3,4.81,92.0,Supplier B,Cradle to Cradle,1063.23,Pre-Order
MAT09666,Recycled PET,Cosmetics,247.04,66.15,69.8,12.39,17.2,Supplier C,EcoCert,2311.55,Low Stock
MAT09667,Mycelium Leather,Automotive,248.75,7.63,46.2,12.8,84.5,Supplier B,EcoCert,606.73,Low Stock
MAT09668,Hemp Fiber,Office Supplies,208.89,32.42,26.4,2.34,12.5,Supplier B,ISO 14001,1383.61,Pre-Order
MAT09669,Mushroom Composite,Kitchen Utensils,151.01,40.58,28.3,2.43,49.8,Supplier B,None,4087.75,Pre-Order
MAT09670,Sustainable Bamboo,Insulation,430.21,34.3,65.1,11.51,37.1,Supplier D,GOTS,3045.27,In Stock
MAT09671,Linen,Cosmetics,429.22,86.6,97.5,1.08,59.9,Supplier D,FSC,3558.21,In Stock
MAT09672,Recycled PET,Construction,81.9,4.68,21.5,3.4,79.3,Supplier B,Cradle to Cradle,188.41,In Stock
MAT09673,Recycled Glass,Coatings,429.42,81.86,59.1,12.56,51.9,Supplier A,EcoCert,2741.49,Low Stock
MAT09674,Cellulose,Cosmetics,91.86,76.44,82.1,14.53,22.5,Supplier B,EcoCert,1419.3,In Stock
MAT09675,Organic Cotton,Office Supplies,67.79,24.86,99.4,12.55,51.9,Supplier B,FSC,353.58,In Stock
MAT09676,Recycled PET,Kitchen Utensils,305.93,31.18,83.0,3.44,68.0,Supplier B,ISO 14001,3320.0,Pre-Order
MAT09677,Recycled Aluminum,Construction,121.19,45.52,82.7,2.13,83.4,Supplier C,EcoCert,1038.33,In Stock
MAT09678,Cardboard,Cosmetics,473.55,62.84,38.8,9.5,79.7,Supplier D,ISO 14001,402.55,In Stock
MAT09679,Natural Rubber,Food Packaging,21.13,31.31,78.3,14.05,52.4,Supplier E,Cradle to Cradle,2992.15,Pre-Order
MAT09680,Sustainable Bamboo,Household Items,64.51,21.6,30.8,10.36,48.4,Supplier E,ISO 14001,1376.97,Low Stock
MAT09681,Recycled Aluminum,Insulation,445.34,4.84,35.1,3.5,81.5,Supplier E,FSC,654.04,Pre-Order
MAT09682,Corn Plastic,Kitchen Utensils,271.39,91.33,93.6,3.12,57.2,Supplier C,None,1611.86,Low Stock
MAT09683,Cork,Home Decor,295.34,16.03,37.0,1.53,18.3,Supplier D,EcoCert,2785.48,Pre-Order
MAT09684,Bio-based Polymer,Coatings,246.67,98.01,98.6,8.97,75.0,Supplier C,Cradle to Cradle,2342.26,Pre-Order
MAT09685,Sustainable Bamboo,Footwear,326.73,26.21,55.0,11.46,87.5,Supplier B,Cradle to Cradle,3129.93,Low Stock
MAT09686,Cork Composite,Electronics,54.79,61.8,44.5,4.31,81.6,Supplier D,EcoCert,3241.98,Pre-Order
MAT09687,Biodegradable Plastic,Household Items,272.16,1.15,74.9,2.58,76.8,Supplier A,None,3042.78,In Stock
MAT09688,Recycled Metal,Flooring,384.73,56.22,45.2,12.03,81.4,Supplier B,GOTS,2734.85,Low Stock
MAT09689,Hemp Fiber,Footwear,157.94,78.23,34.7,10.7,42.3,Supplier A,EcoCert,2971.4,In Stock
MAT09690,Recycled PET,Adhesives,106.3,67.05,51.2,8.66,93.3,Supplier D,None,2748.13,Pre-Order
MAT09691,Algae-based Material,Construction,278.69,83.45,21.3,10.56,39.4,Supplier E,Cradle to Cradle,1489.85,In Stock
MAT09692,Organic Cotton,Household Items,304.1,39.18,26.4,10.55,16.4,Supplier C,None,422.47,Pre-Order
MAT09693,Jute,Kitchen Utensils,175.76,96.79,99.7,10.34,21.3,Supplier B,FSC,983.55,In Stock
MAT09694,Bioplastic,Accessories,108.64,79.68,34.0,13.78,95.7,Supplier A,EcoCert,1679.92,Pre-Order
MAT09695,Cork,Kitchen Utensils,453.55,78.31,30.7,12.81,96.3,Supplier A,None,4037.95,In Stock
MAT09696,Natural Rubber,Home Decor,348.22,44.26,48.3,14.6,1.9,Supplier E,Cradle to Cradle,642.42,In Stock
MAT09697,Hemp Fiber,Construction,65.71,31.46,78.9,5.12,28.2,Supplier E,None,2558.89,Low Stock
MAT09698,Recycled Aluminum,Food Packaging,347.92,34.79,33.4,2.84,30.4,Supplier A,GOTS,4073.64,In Stock
MAT09699,Recycled Metal,Cosmetics,145.99,99.69,46.7,6.54,27.7,Supplier D,None,3054.4,Low Stock
MAT09700,Recycled Metal,Food Packaging,11.72,99.19,87.2,0.76,66.5,Supplier C,EcoCert,342.79,Pre-Order
MAT09701,Certified Wood,Household Items,84.94,34.23,37.1,5.22,59.1,Supplier B,FSC,2240.17,Low Stock
MAT09702,Bio-based Polymer,Insulation,136.51,44.63,62.9,6.58,6.4,Supplier A,ISO 14001,3226.21,Low Stock
MAT09703,Bioplastic,Footwear,341.66,35.08,20.7,9.88,83.6,Supplier E,EcoCert,1197.69,In Stock
MAT09704,Certified Wood,Kitchen Utensils,311.37,36.44,83.8,1.43,56.9,Supplier D,FSC,3592.24,In Stock
MAT09705,Cork Composite,Kitchen Utensils,424.71,98.92,68.5,14.57,0.5,Supplier D,None,786.01,Low Stock
MAT09706,Wool,Kitchen Utensils,345.4,31.98,38.1,7.83,19.0,Supplier C,FSC,2187.88,In Stock
MAT09707,Mycelium Leather,Furniture,85.34,34.41,88.0,8.54,47.4,Supplier A,GOTS,2182.9,In Stock
MAT09708,Cork Composite,Insulation,255.56,36.18,88.4,2.92,60.0,Supplier A,Cradle to Cradle,4099.37,Low Stock
MAT09709,Jute,Home Decor,460.59,14.77,62.7,9.79,74.9,Supplier C,EcoCert,2157.17,Low Stock
MAT09710,Recycled PET,Footwear,79.33,93.37,77.6,5.42,52.2,Supplier A,GOTS,1898.21,In Stock
MAT09711,Seaweed Polymer,Furniture,11.85,78.42,70.1,7.31,73.4,Supplier B,Cradle to Cradle,834.98,Pre-Order
MAT09712,Recycled Paper,Food Packaging,19.8,49.47,35.1,13.32,83.0,Supplier E,FSC,3292.61,Low Stock
MAT09713,Flax Fiber,Insulation,499.68,76.67,42.8,4.13,9.1,Supplier B,GOTS,1122.16,Pre-Order
MAT09714,Mushroom Composite,Household Items,294.97,77.77,28.7,9.1,13.4,Supplier B,EcoCert,2197.01,Pre-Order
MAT09715,Natural Rubber,Food Packaging,473.84,18.32,58.4,4.49,69.0,Supplier A,Cradle to Cradle,3401.34,Pre-Order
MAT09716,Recycled Copper,Food Packaging,202.24,84.29,61.9,7.22,86.6,Supplier B,EcoCert,1069.87,Low Stock
MAT09717,Flax Fiber,Insulation,251.59,42.15,91.8,14.11,97.1,Supplier B,Cradle to Cradle,860.71,In Stock
MAT09718,Recycled Aluminum,Construction,458.39,4.6,71.0,7.27,97.4,Supplier C,None,258.96,Low Stock
MAT09719,Recycled Paper,Construction,447.24,84.42,23.2,13.32,56.5,Supplier E,EcoCert,3960.76,In Stock
MAT09720,Recycled PET,Insulation,445.96,16.93,78.8,10.16,39.9,Supplier C,None,4014.71,Pre-Order
MAT09721,Recycled Paper,Textiles,398.43,65.2,66.9,2.88,76.6,Supplier A,ISO 14001,3531.65,In Stock
MAT09722,Bioplastic,Adhesives,424.82,36.86,63.7,3.38,30.9,Supplier D,ISO 14001,1276.54,Pre-Order
MAT09723,Organic Cotton,Furniture,164.45,11.73,67.2,13.07,99.6,Supplier D,None,2583.79,Low Stock
MAT09724,Linen,Insulation,57.74,16.04,32.4,8.02,88.1,Supplier B,Cradle to Cradle,3838.75,In Stock
MAT09725,Certified Wood,Kitchen Utensils,395.91,81.58,41.4,6.37,16.9,Supplier D,ISO 14001,3199.65,In Stock
MAT09726,Recycled Metal,Accessories,175.68,46.96,47.1,5.28,80.0,Supplier C,EcoCert,1402.7,In Stock
MAT09727,Seaweed Polymer,Toys,200.27,89.29,94.3,10.97,7.8,Supplier C,Cradle to Cradle,2325.66,In Stock
MAT09728,Recycled Glass,Adhesives,296.59,49.86,47.7,10.07,62.2,Supplier D,Cradle to Cradle,439.9,Low Stock
MAT09729,Algae-based Material,Construction,123.53,43.28,95.8,14.17,27.0,Supplier B,Cradle to Cradle,3876.93,In Stock
MAT09730,Sustainable Bamboo,Sports Equipment,278.25,96.18,58.0,4.36,41.1,Supplier C,None,2724.06,Low Stock
MAT09731,Algae-based Material,Food Packaging,187.4,75.41,73.9,3.83,70.5,Supplier A,GOTS,1256.62,In Stock
MAT09732,Recycled Paper,Bags & Luggage,103.37,53.24,39.4,7.46,16.5,Supplier E,None,1030.03,In Stock
MAT09733,Flax Fiber,Adhesives,41.92,31.16,88.1,6.67,34.7,Supplier D,Cradle to Cradle,726.25,In Stock
MAT09734,Recycled Aluminum,Electronics,367.91,84.98,54.4,12.78,90.2,Supplier B,None,1188.56,Pre-Order
MAT09735,Cork,Kitchen Utensils,133.32,71.64,49.1,5.25,81.9,Supplier C,None,3303.4,In Stock
MAT09736,Wool,Food Packaging,409.06,95.37,98.5,5.72,94.5,Supplier C,GOTS,1226.74,Low Stock
MAT09737,Jute,Flooring,271.19,74.73,87.5,3.54,9.3,Supplier D,Cradle to Cradle,1747.15,In Stock
MAT09738,Mushroom Composite,Sports Equipment,202.4,92.11,35.3,7.23,53.3,Supplier E,None,3626.27,Low Stock
MAT09739,Recycled PET,Textiles,305.54,95.89,56.5,2.03,19.3,Supplier B,FSC,213.31,In Stock
MAT09740,Flax Fiber,Sports Equipment,249.39,47.89,99.6,2.84,67.8,Supplier B,FSC,3622.12,In Stock
MAT09741,Cork,Automotive,425.64,85.04,90.8,7.19,67.4,Supplier A,EcoCert,1888.25,Pre-Order
MAT09742,Cork Composite,Cosmetics,288.9,32.91,57.7,4.59,26.6,Supplier E,Cradle to Cradle,1700.67,In Stock
MAT09743,Recycled Copper,Coatings,28.63,42.23,33.9,1.6,61.1,Supplier A,EcoCert,2307.4,In Stock
MAT09744,Recycled Glass,Home Decor,32.89,1.42,69.8,8.21,86.0,Supplier A,EcoCert,2727.38,Pre-Order
MAT09745,Hemp Fiber,Sports Equipment,347.53,39.97,91.4,2.32,16.5,Supplier A,ISO 14001,3631.25,Pre-Order
MAT09746,Bio-based Polymer,Office Supplies,55.26,44.27,48.1,11.55,22.1,Supplier A,None,2645.21,Low Stock
MAT09747,Wool,Household Items,202.2,3.88,27.3,5.86,35.4,Supplier A,Cradle to Cradle,1752.96,In Stock
MAT09748,Algae-based Material,Adhesives,333.36,87.56,51.0,7.95,22.8,Supplier E,FSC,4081.11,Low Stock
MAT09749,Jute,Footwear,442.67,74.07,87.6,5.93,80.7,Supplier D,GOTS,3027.84,Low Stock
MAT09750,Cardboard,Accessories,273.4,77.82,56.6,1.45,44.7,Supplier C,FSC,4018.86,In Stock
MAT09751,Recycled Glass,Cosmetics,409.74,75.0,67.2,9.85,5.6,Supplier A,None,2440.2,Low Stock
MAT09752,Cork,Adhesives,415.87,29.07,24.5,4.39,29.0,Supplier E,ISO 14001,585.98,Low Stock
MAT09753,Jute,Adhesives,122.8,6.7,81.5,10.72,92.8,Supplier D,GOTS,292.16,Pre-Order
MAT09754,Jute,Flooring,343.06,83.17,34.5,13.35,82.3,Supplier B,Cradle to Cradle,3641.21,Pre-Order
MAT09755,Recycled Metal,Electronics,208.65,54.25,58.1,6.21,40.9,Supplier B,EcoCert,3864.48,In Stock
MAT09756,Recycled Paper,Office Supplies,142.46,67.77,82.1,12.45,89.1,Supplier E,FSC,1403.53,In Stock
MAT09757,Recycled Aluminum,Sports Equipment,123.76,13.33,89.4,13.3,88.8,Supplier E,None,2320.68,Pre-Order
MAT09758,Cellulose,Flooring,226.76,32.52,58.2,7.79,45.2,Supplier C,GOTS,2661.81,Pre-Order
MAT09759,Corn Plastic,Office Supplies,207.58,85.28,27.6,11.85,31.4,Supplier C,FSC,3823.81,Low Stock
MAT09760,Cellulose,Bags & Luggage,179.32,60.29,32.3,10.52,90.4,Supplier C,None,3933.37,In Stock
MAT09761,Cork,Insulation,447.84,40.71,70.8,7.45,55.6,Supplier E,FSC,1192.71,Low Stock
MAT09762,Organic Cotton,Home Decor,260.73,34.91,36.8,3.27,40.2,Supplier C,None,1486.53,Pre-Order
MAT09763,Cork,Toys,366.26,16.84,84.8,8.82,90.2,Supplier A,Cradle to Cradle,2436.05,Pre-Order
MAT09764,Organic Cotton,Sports Equipment,71.44,50.87,87.1,4.7,27.0,Supplier C,Cradle to Cradle,2442.69,Pre-Order
MAT09765,Recycled Aluminum,Home Decor,328.38,91.66,96.8,12.36,15.4,Supplier C,FSC,3187.2,Low Stock
MAT09766,Bioplastic,Sports Equipment,406.29,16.98,66.9,1.79,63.1,Supplier B,EcoCert,3466.08,In Stock
MAT09767,Natural Rubber,Food Packaging,263.58,67.71,96.7,4.12,31.4,Supplier C,EcoCert,1410.17,Pre-Order
MAT09768,Seaweed Polymer,Home Decor,351.83,21.57,96.8,8.52,39.6,Supplier C,ISO 14001,932.09,In Stock
MAT09769,Bioplastic,Food Packaging,367.84,84.77,48.3,12.96,56.4,Supplier C,Cradle to Cradle,1943.86,In Stock
MAT09770,Mushroom Composite,Insulation,180.25,39.53,97.7,3.98,8.8,Supplier B,GOTS,3118.31,Low Stock
MAT09771,Cellulose,Sports Equipment,330.95,74.18,33.5,2.45,97.0,Supplier D,EcoCert,3803.89,In Stock
MAT09772,Cork,Office Supplies,281.78,89.88,39.1,1.64,24.3,Supplier C,FSC,688.9,Low Stock
MAT09773,Bioplastic,Accessories,494.49,61.2,88.7,14.61,52.7,Supplier E,GOTS,3785.63,Pre-Order
MAT09774,Biodegradable Plastic,Food Packaging,440.8,89.38,50.1,13.35,63.2,Supplier B,EcoCert,939.56,Low Stock
MAT09775,Recycled Aluminum,Insulation,311.24,77.58,83.4,2.16,82.8,Supplier C,GOTS,3229.53,Low Stock
MAT09776,Flax Fiber,Sports Equipment,86.48,19.29,62.4,9.68,94.4,Supplier D,GOTS,573.53,Pre-Order
MAT09777,Linen,Bags & Luggage,119.96,1.06,69.1,3.23,97.1,Supplier A,GOTS,2853.54,Low Stock
MAT09778,Flax Fiber,Toys,357.69,98.07,27.1,2.95,31.3,Supplier B,EcoCert,1810.23,Pre-Order
MAT09779,Natural Rubber,Construction,185.96,22.74,23.7,13.26,40.8,Supplier E,ISO 14001,942.05,Low Stock
MAT09780,Recycled PET,Sports Equipment,231.87,74.06,83.9,9.91,60.8,Supplier B,None,504.64,Pre-Order
MAT09781,Recycled Glass,Household Items,38.26,69.29,69.9,1.89,20.0,Supplier A,FSC,1347.92,In Stock
MAT09782,Seaweed Polymer,Bags & Luggage,173.53,6.46,52.5,12.78,55.7,Supplier D,FSC,3868.63,In Stock
MAT09783,Cork,Home Decor,330.41,74.38,37.9,6.46,58.0,Supplier E,None,1138.76,Pre-Order
MAT09784,Organic Cotton,Office Supplies,214.78,9.08,50.7,9.9,81.0,Supplier E,FSC,602.58,Pre-Order
MAT09785,Recycled Glass,Adhesives,351.28,20.06,32.2,11.3,67.8,Supplier C,Cradle to Cradle,802.61,Pre-Order
MAT09786,Recycled Glass,Footwear,160.61,63.27,66.4,5.88,22.6,Supplier A,None,1163.66,In Stock
MAT09787,Bio-based Polymer,Sports Equipment,236.52,55.36,56.3,13.79,42.3,Supplier D,ISO 14001,3963.25,In Stock
MAT09788,Hemp Fiber,Electronics,58.23,25.92,44.0,2.17,4.8,Supplier D,EcoCert,3889.38,Pre-Order
MAT09789,Biodegradable Plastic,Sports Equipment,118.75,84.72,51.7,11.08,26.5,Supplier E,EcoCert,3924.24,In Stock
MAT09790,Linen,Bags & Luggage,294.33,45.96,69.8,12.63,6.3,Supplier A,ISO 14001,3695.16,Low Stock
MAT09791,Flax Fiber,Toys,63.12,76.63,65.4,9.28,22.5,Supplier E,None,3697.65,Low Stock
MAT09792,Cork Composite,Office Supplies,284.86,76.0,43.9,8.43,28.2,Supplier C,EcoCert,4120.12,Low Stock
MAT09793,Recycled Copper,Construction,418.01,10.26,59.3,4.61,78.7,Supplier C,Cradle to Cradle,2716.59,In Stock
MAT09794,Flax Fiber,Construction,424.93,30.07,64.4,2.73,49.6,Supplier B,ISO 14001,656.53,Pre-Order
MAT09795,Certified Wood,Coatings,378.03,43.29,87.1,10.01,3.7,Supplier C,ISO 14001,1625.97,In Stock
MAT09796,Cork,Footwear,452.78,10.71,35.8,10.96,6.4,Supplier B,FSC,366.86,Low Stock
MAT09797,Corn Plastic,Kitchen Utensils,247.01,68.75,83.7,13.39,79.4,Supplier C,Cradle to Cradle,3685.2,Low Stock
MAT09798,Hemp Fiber,Flooring,307.29,72.67,20.7,3.32,12.6,Supplier B,ISO 14001,1661.66,Pre-Order
MAT09799,Corn Plastic,Kitchen Utensils,402.85,47.19,29.1,2.42,15.2,Supplier E,ISO 14001,3648.68,Low Stock
MAT09800,Flax Fiber,Footwear,71.62,84.48,29.5,6.61,86.2,Supplier D,FSC,3876.1,Pre-Order
MAT09801,Corn Plastic,Coatings,419.06,78.41,48.3,3.29,28.6,Supplier D,EcoCert,2113.18,In Stock
MAT09802,Recycled Glass,Flooring,98.21,15.12,58.2,8.14,59.9,Supplier E,GOTS,1195.2,Pre-Order
MAT09803,Hemp Fiber,Furniture,443.29,20.25,31.6,4.38,77.1,Supplier A,ISO 14001,4037.95,In Stock
MAT09804,Corn Plastic,Textiles,475.64,3.86,94.8,8.58,80.8,Supplier A,None,1787.82,Pre-Order
MAT09805,Cork Composite,Footwear,237.6,94.83,34.6,13.06,12.6,Supplier B,None,2831.96,In Stock
MAT09806,Recycled Aluminum,Coatings,193.26,23.41,28.4,3.92,83.6,Supplier C,None,3148.19,Low Stock
MAT09807,Certified Wood,Home Decor,37.34,27.06,47.0,1.32,79.8,Supplier B,ISO 14001,2807.89,In Stock
MAT09808,Bio-based Polymer,Construction,420.39,59.61,24.4,6.89,24.2,Supplier D,GOTS,2793.78,Low Stock
MAT09809,Certified Wood,Food Packaging,382.2,88.86,78.5,12.2,39.3,Supplier A,None,903.04,In Stock
MAT09810,Linen,Coatings,304.47,59.58,57.9,5.53,83.6,Supplier B,EcoCert,341.13,Pre-Order
MAT09811,Recycled Aluminum,Textiles,363.18,86.26,34.9,0.81,52.2,Supplier A,FSC,371.84,In Stock
MAT09812,Wool,Office Supplies,144.34,1.69,78.0,6.21,41.7,Supplier B,Cradle to Cradle,2212.78,Pre-Order
MAT09813,Cellulose,Accessories,357.72,96.12,63.1,12.05,67.8,Supplier C,ISO 14001,3914.28,Low Stock
MAT09814,Algae-based Material,Sports Equipment,57.1,71.99,74.3,8.19,51.4,Supplier C,ISO 14001,3151.51,Pre-Order
MAT09815,Recycled Paper,Textiles,346.21,45.25,94.6,8.84,92.9,Supplier E,EcoCert,2934.88,Pre-Order
MAT09816,Recycled Paper,Toys,87.33,75.48,92.8,8.41,0.2,Supplier A,None,2655.17,Pre-Order
MAT09817,Seaweed Polymer,Home Decor,438.68,34.83,82.0,4.69,19.8,Supplier E,Cradle to Cradle,3075.98,Low Stock
MAT09818,Jute,Adhesives,194.76,85.4,87.8,11.59,11.0,Supplier E,EcoCert,1220.1,Pre-Order
MAT09819,Recycled Metal,Bags & Luggage,185.16,59.01,99.2,5.87,17.6,Supplier B,ISO 14001,3483.51,Low Stock
MAT09820,Recycled Copper,Kitchen Utensils,76.09,88.11,79.4,4.91,17.8,Supplier D,EcoCert,3383.91,Pre-Order
MAT09821,Certified Wood,Toys,103.24,90.3,83.8,12.6,31.3,Supplier B,FSC,2437.71,Low Stock
MAT09822,Cork Composite,Office Supplies,198.36,59.34,52.2,6.02,76.0,Supplier D,ISO 14001,3626.27,Low Stock
MAT09823,Hemp Fiber,Sports Equipment,385.68,57.07,52.7,4.2,63.0,Supplier D,EcoCert,965.29,Low Stock
MAT09824,Cork Composite,Footwear,361.24,62.02,26.2,8.93,76.6,Supplier B,ISO 14001,234.06,In Stock
MAT09825,Wool,Accessories,26.12,98.0,99.1,11.69,79.2,Supplier A,ISO 14001,1582.81,In Stock
MAT09826,Cardboard,Adhesives,433.63,14.68,86.1,12.92,42.9,Supplier C,ISO 14001,2763.07,Pre-Order
MAT09827,Cardboard,Household Items,84.48,28.14,84.8,11.9,55.0,Supplier A,Cradle to Cradle,3393.04,Low Stock
MAT09828,Cellulose,Food Packaging,202.56,76.66,63.7,13.31,63.1,Supplier E,EcoCert,1693.2,Low Stock
MAT09829,Hemp Fiber,Footwear,322.92,87.08,98.9,9.24,48.3,Supplier B,None,1578.66,In Stock
MAT09830,Recycled Metal,Footwear,240.36,7.82,93.9,6.83,63.1,Supplier D,FSC,3481.85,In Stock
MAT09831,Algae-based Material,Food Packaging,234.39,59.54,43.8,12.07,31.9,Supplier E,ISO 14001,1638.42,In Stock
MAT09832,Linen,Sports Equipment,451.1,9.54,64.3,2.02,38.0,Supplier B,None,653.21,In Stock
MAT09833,Recycled Aluminum,Office Supplies,110.19,89.66,82.3,8.38,81.7,Supplier E,FSC,3205.46,In Stock
MAT09834,Recycled Metal,Coatings,171.11,9.66,54.0,12.62,83.6,Supplier E,EcoCert,2430.24,Pre-Order
MAT09835,Algae-based Material,Coatings,427.57,36.94,33.3,5.4,13.4,Supplier D,GOTS,3046.93,In Stock
MAT09836,Bioplastic,Automotive,83.74,78.64,92.0,1.68,19.6,Supplier D,ISO 14001,1229.23,Pre-Order
MAT09837,Sustainable Bamboo,Coatings,399.32,84.15,62.1,13.58,32.9,Supplier D,FSC,693.05,Low Stock
MAT09838,Wool,Sports Equipment,97.77,18.17,28.9,0.64,46.9,Supplier A,None,293.82,Low Stock
MAT09839,Cork Composite,Footwear,377.29,35.08,76.5,1.32,100.0,Supplier A,ISO 14001,2854.37,Pre-Order
MAT09840,Cork Composite,Electronics,388.22,87.52,36.5,13.61,4.9,Supplier E,EcoCert,3998.11,Pre-Order
MAT09841,Linen,Textiles,385.99,13.7,68.2,13.65,77.4,Supplier B,FSC,2220.25,Pre-Order
MAT09842,Recycled Aluminum,Flooring,132.38,49.36,53.6,2.99,2.4,Supplier B,ISO 14001,378.48,Pre-Order
MAT09843,Cardboard,Cosmetics,244.27,70.81,51.7,7.96,43.9,Supplier D,GOTS,3620.46,Low Stock
MAT09844,Linen,Accessories,353.63,40.09,78.8,14.26,20.0,Supplier C,GOTS,942.05,Low Stock
MAT09845,Recycled Metal,Household Items,24.98,53.1,25.3,9.54,61.8,Supplier E,None,200.03,Low Stock
MAT09846,Jute,Insulation,389.98,38.77,29.1,12.61,37.0,Supplier C,ISO 14001,3339.09,Pre-Order
MAT09847,Hemp Fiber,Bags & Luggage,341.3,57.52,89.9,1.36,39.6,Supplier E,None,2106.54,Pre-Order
MAT09848,Bioplastic,Adhesives,441.44,51.29,30.6,13.27,32.9,Supplier C,None,3825.47,Pre-Order
MAT09849,Linen,Office Supplies,320.86,20.51,41.3,6.22,89.1,Supplier D,EcoCert,4122.61,Low Stock
MAT09850,Linen,Cosmetics,388.54,70.14,20.6,7.42,52.5,Supplier E,ISO 14001,644.08,In Stock
MAT09851,Recycled Glass,Furniture,405.86,15.17,53.5,4.99,9.4,Supplier E,GOTS,631.63,In Stock
MAT09852,Mushroom Composite,Construction,52.6,66.0,41.2,2.63,82.7,Supplier A,EcoCert,371.01,Pre-Order
MAT09853,Recycled PET,Insulation,196.47,60.35,32.7,12.1,61.0,Supplier D,EcoCert,2532.33,Pre-Order
MAT09854,Organic Cotton,Electronics,58.7,1.15,99.0,4.1,6.2,Supplier D,Cradle to Cradle,2263.41,Pre-Order
MAT09855,Cardboard,Furniture,304.23,13.32,95.1,4.73,62.0,Supplier A,EcoCert,3041.95,Low Stock
MAT09856,Recycled Glass,Construction,354.5,14.94,90.2,1.02,56.9,Supplier E,FSC,938.73,Pre-Order
MAT09857,Wool,Food Packaging,101.49,77.55,66.3,10.78,56.9,Supplier D,Cradle to Cradle,1349.58,In Stock
MAT09858,Cork,Cosmetics,30.29,3.22,85.8,12.01,39.7,Supplier E,None,520.41,Pre-Order
MAT09859,Mycelium Leather,Insulation,26.48,52.27,83.4,10.83,90.6,Supplier E,GOTS,588.47,Low Stock
MAT09860,Hemp Fiber,Adhesives,383.55,83.18,85.0,12.4,65.6,Supplier D,ISO 14001,1526.37,Low Stock
MAT09861,Corn Plastic,Insulation,318.94,58.22,29.1,9.38,42.9,Supplier E,FSC,4130.91,Pre-Order
MAT09862,Bio-based Polymer,Textiles,58.37,22.96,96.9,2.27,39.8,Supplier C,Cradle to Cradle,937.9,In Stock
MAT09863,Natural Rubber,Adhesives,450.48,29.7,63.9,10.47,59.9,Supplier C,Cradle to Cradle,2604.54,Pre-Order
MAT09864,Cork,Bags & Luggage,14.54,41.38,66.9,9.25,85.4,Supplier D,ISO 14001,971.93,Low Stock
MAT09865,Recycled Aluminum,Food Packaging,476.55,46.51,55.0,6.64,64.6,Supplier D,ISO 14001,2996.3,Low Stock
MAT09866,Recycled Metal,Bags & Luggage,199.24,38.41,54.7,5.67,92.1,Supplier D,GOTS,3616.31,Low Stock
MAT09867,Seaweed Polymer,Footwear,400.71,38.11,94.7,0.82,50.3,Supplier C,ISO 14001,683.09,Pre-Order
MAT09868,Corn Plastic,Construction,346.77,11.05,26.6,9.09,68.0,Supplier D,ISO 14001,924.62,In Stock
MAT09869,Jute,Office Supplies,290.45,11.35,67.9,13.2,11.5,Supplier D,GOTS,2105.71,In Stock
MAT09870,Wool,Textiles,348.02,44.11,74.6,14.83,16.0,Supplier E,GOTS,1215.95,In Stock
MAT09871,Seaweed Polymer,Bags & Luggage,219.5,64.84,72.4,10.75,98.2,Supplier C,None,1768.73,Pre-Order
MAT09872,Linen,Cosmetics,174.89,51.16,81.4,5.45,81.8,Supplier C,EcoCert,2901.68,In Stock
MAT09873,Wool,Flooring,400.08,63.88,43.5,13.84,79.7,Supplier D,GOTS,3549.08,Pre-Order
MAT09874,Wool,Insulation,27.09,86.13,53.0,2.91,49.6,Supplier A,ISO 14001,2914.96,In Stock
MAT09875,Recycled Paper,Kitchen Utensils,159.08,70.69,82.6,1.8,34.2,Supplier A,ISO 14001,2610.35,Low Stock
MAT09876,Organic Cotton,Office Supplies,438.24,37.61,43.2,1.87,17.9,Supplier C,ISO 14001,3200.48,Low Stock
MAT09877,Cork,Flooring,326.2,9.39,59.3,0.93,18.7,Supplier D,EcoCert,3354.86,In Stock
MAT09878,Wool,Textiles,69.37,57.88,31.7,14.07,73.2,Supplier B,EcoCert,2568.85,In Stock
MAT09879,Cellulose,Automotive,36.97,6.55,38.0,12.79,6.2,Supplier B,None,276.39,Pre-Order
MAT09880,Organic Cotton,Construction,60.07,91.43,64.0,11.36,71.1,Supplier C,None,3422.92,In Stock
MAT09881,Cardboard,Electronics,96.1,59.32,95.5,4.84,34.2,Supplier D,FSC,1173.62,Pre-Order
MAT09882,Recycled Aluminum,Electronics,384.19,29.81,39.3,3.78,67.3,Supplier A,Cradle to Cradle,2385.42,Low Stock
MAT09883,Mushroom Composite,Home Decor,90.59,45.59,39.9,11.27,39.2,Supplier B,GOTS,561.91,In Stock
MAT09884,Cork Composite,Coatings,90.46,46.31,35.3,8.71,66.2,Supplier A,FSC,3388.89,In Stock
MAT09885,Recycled Glass,Home Decor,125.93,9.95,65.4,4.81,47.1,Supplier D,GOTS,2709.12,In Stock
MAT09886,Bioplastic,Textiles,114.57,81.27,25.6,5.81,5.6,Supplier C,ISO 14001,849.92,Pre-Order
MAT09887,Hemp Fiber,Footwear,448.86,8.46,65.0,9.95,98.6,Supplier D,ISO 14001,3549.08,Pre-Order
MAT09888,Natural Rubber,Automotive,221.25,38.43,71.5,6.92,17.7,Supplier C,FSC,1450.84,Pre-Order
MAT09889,Jute,Accessories,450.02,3.53,100.0,8.87,92.5,Supplier C,GOTS,2877.61,Low Stock
MAT09890,Biodegradable Plastic,Flooring,445.14,45.14,84.7,7.06,90.4,Supplier E,Cradle to Cradle,3961.59,Pre-Order
MAT09891,Cork,Insulation,440.09,20.99,96.2,7.44,64.1,Supplier A,GOTS,1848.41,In Stock
MAT09892,Mycelium Leather,Accessories,260.42,24.55,22.1,8.11,48.0,Supplier C,None,2779.67,Low Stock
MAT09893,Jute,Insulation,337.93,46.3,55.9,9.29,61.5,Supplier C,FSC,4071.15,Pre-Order
MAT09894,Cork Composite,Insulation,13.07,10.06,92.2,9.5,70.5,Supplier A,Cradle to Cradle,982.72,Pre-Order
MAT09895,Biodegradable Plastic,Adhesives,66.24,49.92,57.8,13.57,40.7,Supplier C,EcoCert,3550.74,Pre-Order
MAT09896,Flax Fiber,Office Supplies,162.16,38.54,46.0,10.11,61.4,Supplier E,FSC,3042.78,In Stock
MAT09897,Wool,Footwear,252.49,54.34,55.5,14.34,92.5,Supplier A,EcoCert,3064.36,Pre-Order
MAT09898,Wool,Automotive,204.27,64.28,88.2,9.45,3.6,Supplier E,GOTS,3019.54,Low Stock
MAT09899,Cork Composite,Automotive,182.12,99.11,29.4,12.38,83.8,Supplier C,ISO 14001,1442.54,In Stock
MAT09900,Recycled PET,Coatings,355.03,36.83,65.4,12.47,74.0,Supplier C,FSC,2405.34,Low Stock
MAT09901,Recycled Paper,Automotive,150.7,7.78,48.1,7.85,23.7,Supplier B,FSC,2608.69,In Stock
MAT09902,Recycled Paper,Accessories,480.2,44.65,41.0,7.74,99.1,Supplier A,GOTS,2074.17,Low Stock
MAT09903,Recycled PET,Insulation,24.15,39.75,34.9,13.16,4.9,Supplier A,FSC,1585.3,Pre-Order
MAT09904,Mushroom Composite,Kitchen Utensils,35.56,45.16,96.9,10.72,19.1,Supplier A,FSC,249.83,Pre-Order
MAT09905,Mycelium Leather,Construction,219.12,78.53,76.1,13.85,24.5,Supplier A,EcoCert,884.78,Low Stock
MAT09906,Recycled PET,Sports Equipment,376.94,99.29,50.5,12.1,23.9,Supplier B,ISO 14001,573.53,Pre-Order
MAT09907,Hemp Fiber,Bags & Luggage,395.04,77.21,36.3,4.54,17.4,Supplier A,Cradle to Cradle,1044.14,Pre-Order
MAT09908,Cork,Insulation,490.01,10.29,46.4,8.01,0.7,Supplier C,EcoCert,3234.51,Pre-Order
MAT09909,Corn Plastic,Sports Equipment,115.68,48.58,73.3,7.71,4.7,Supplier A,ISO 14001,2685.05,In Stock
MAT09910,Wool,Bags & Luggage,279.0,58.81,85.0,14.35,94.3,Supplier B,Cradle to Cradle,4144.19,Low Stock
MAT09911,Cork Composite,Bags & Luggage,213.67,55.97,89.1,13.54,54.5,Supplier E,EcoCert,215.8,Pre-Order
MAT09912,Certified Wood,Accessories,222.95,89.63,94.8,7.11,31.8,Supplier D,FSC,3458.61,Pre-Order
MAT09913,Hemp Fiber,Home Decor,97.06,11.48,87.5,9.72,84.5,Supplier A,None,2262.58,Low Stock
MAT09914,Flax Fiber,Toys,62.15,54.55,21.9,13.32,70.9,Supplier A,ISO 14001,577.68,In Stock
MAT09915,Recycled PET,Household Items,252.14,66.43,43.2,10.22,80.8,Supplier D,Cradle to Cradle,1465.78,In Stock
MAT09916,Linen,Automotive,51.29,26.11,51.4,11.1,29.3,Supplier D,EcoCert,3223.72,Low Stock
MAT09917,Seaweed Polymer,Office Supplies,61.86,32.39,70.5,4.01,89.3,Supplier B,GOTS,1796.95,In Stock
MAT09918,Bio-based Polymer,Flooring,147.17,32.96,63.7,11.48,50.4,Supplier E,ISO 14001,3417.11,Pre-Order
MAT09919,Bio-based Polymer,Household Items,129.66,69.03,36.1,12.39,27.0,Supplier E,None,180.11,Low Stock
MAT09920,Recycled PET,Flooring,88.0,58.47,41.4,10.3,69.2,Supplier E,EcoCert,3517.54,Low Stock
MAT09921,Linen,Bags & Luggage,350.45,85.51,72.6,4.29,99.3,Supplier B,ISO 14001,1977.06,Low Stock
MAT09922,Certified Wood,Food Packaging,382.92,59.43,54.7,7.79,2.7,Supplier E,FSC,444.88,In Stock
MAT09923,Algae-based Material,Toys,134.53,87.43,78.9,4.24,15.4,Supplier D,FSC,838.3,Low Stock
MAT09924,Wool,Home Decor,202.53,13.62,30.5,9.95,12.7,Supplier C,GOTS,1169.47,In Stock
MAT09925,Cork,Cosmetics,473.34,93.74,84.8,4.48,63.8,Supplier C,Cradle to Cradle,2260.92,Pre-Order
MAT09926,Flax Fiber,Food Packaging,356.41,7.48,59.6,12.1,66.6,Supplier D,None,507.96,In Stock
MAT09927,Organic Cotton,Furniture,373.89,59.43,91.2,11.3,40.4,Supplier C,GOTS,2594.58,Low Stock
MAT09928,Linen,Automotive,43.18,62.99,72.3,2.8,3.1,Supplier A,None,2302.42,Low Stock
MAT09929,Recycled Aluminum,Sports Equipment,60.7,55.46,55.4,4.04,89.7,Supplier B,GOTS,2765.56,Low Stock
MAT09930,Sustainable Bamboo,Cosmetics,398.52,96.41,21.7,2.31,96.0,Supplier D,None,1408.51,In Stock
MAT09931,Mycelium Leather,Kitchen Utensils,363.63,66.78,24.0,2.87,78.6,Supplier A,None,4080.28,In Stock
MAT09932,Recycled Aluminum,Furniture,228.27,56.92,68.0,2.18,49.1,Supplier B,None,1160.34,In Stock
MAT09933,Recycled Paper,Flooring,465.11,9.7,87.3,4.54,26.2,Supplier B,ISO 14001,3479.36,Low Stock
MAT09934,Seaweed Polymer,Adhesives,475.16,27.93,33.9,7.5,12.9,Supplier E,GOTS,491.36,Low Stock
MAT09935,Hemp Fiber,Footwear,204.89,45.67,58.0,4.19,99.0,Supplier D,None,1566.21,In Stock
MAT09936,Hemp Fiber,Food Packaging,252.33,47.66,37.0,1.46,74.1,Supplier E,Cradle to Cradle,1528.86,Low Stock
MAT09937,Organic Cotton,Footwear,475.7,89.42,68.5,5.66,11.1,Supplier D,Cradle to Cradle,3980.68,Pre-Order
MAT09938,Recycled Copper,Food Packaging,451.79,23.71,79.5,2.96,0.9,Supplier A,ISO 14001,1044.14,Pre-Order
MAT09939,Algae-based Material,Coatings,395.11,54.08,36.5,6.37,11.3,Supplier C,GOTS,1484.87,In Stock
MAT09940,Recycled Copper,Household Items,72.16,53.29,92.4,9.86,77.6,Supplier D,None,2197.01,Pre-Order
MAT09941,Bio-based Polymer,Adhesives,257.24,73.17,34.0,2.11,87.6,Supplier E,Cradle to Cradle,667.32,In Stock
MAT09942,Recycled Copper,Cosmetics,493.31,29.32,62.5,10.0,48.6,Supplier E,FSC,2871.8,In Stock
MAT09943,Cellulose,Kitchen Utensils,121.36,95.11,22.5,3.13,21.0,Supplier E,Cradle to Cradle,1487.36,Low Stock
MAT09944,Cork Composite,Footwear,13.08,70.18,91.5,6.47,84.5,Supplier D,ISO 14001,2879.27,Low Stock
MAT09945,Mycelium Leather,Cosmetics,214.88,87.3,26.8,1.6,80.6,Supplier E,EcoCert,4039.61,Low Stock
MAT09946,Sustainable Bamboo,Coatings,491.09,83.27,84.8,5.39,91.1,Supplier B,ISO 14001,2272.54,Pre-Order
MAT09947,Seaweed Polymer,Kitchen Utensils,177.84,64.09,70.4,0.69,73.7,Supplier A,GOTS,1497.32,Pre-Order
MAT09948,Seaweed Polymer,Insulation,20.68,66.66,67.1,9.55,20.3,Supplier E,None,2531.5,Pre-Order
MAT09949,Cardboard,Cosmetics,124.4,25.97,39.3,2.19,66.2,Supplier D,Cradle to Cradle,2537.31,Low Stock
MAT09950,Hemp Fiber,Home Decor,313.82,93.84,44.4,7.43,18.3,Supplier B,ISO 14001,1874.97,Pre-Order
MAT09951,Cellulose,Furniture,459.18,76.59,64.4,12.53,75.0,Supplier A,FSC,4071.98,In Stock
MAT09952,Recycled Glass,Textiles,168.3,64.58,39.9,1.26,67.0,Supplier D,GOTS,3576.47,Low Stock
MAT09953,Hemp Fiber,Textiles,100.27,74.47,62.7,10.0,22.3,Supplier A,ISO 14001,3059.38,Pre-Order
MAT09954,Bioplastic,Food Packaging,326.83,80.03,67.1,9.0,96.7,Supplier C,None,724.59,Pre-Order
MAT09955,Bioplastic,Electronics,300.52,63.68,74.3,8.08,60.5,Supplier A,ISO 14001,3247.79,Pre-Order
MAT09956,Biodegradable Plastic,Adhesives,42.78,77.43,49.8,3.27,80.2,Supplier E,None,760.28,In Stock
MAT09957,Flax Fiber,Household Items,236.93,69.25,90.7,7.24,1.3,Supplier A,EcoCert,1115.52,Low Stock
MAT09958,Sustainable Bamboo,Furniture,431.55,37.0,91.1,12.44,24.2,Supplier C,Cradle to Cradle,289.67,Low Stock
MAT09959,Mushroom Composite,Bags & Luggage,188.6,75.06,80.9,3.1,28.2,Supplier A,GOTS,3090.09,In Stock
MAT09960,Organic Cotton,Food Packaging,130.1,82.59,40.2,8.65,78.0,Supplier A,GOTS,361.88,Pre-Order
MAT09961,Natural Rubber,Textiles,77.76,39.29,76.6,4.38,98.4,Supplier C,GOTS,4111.82,Pre-Order
MAT09962,Hemp Fiber,Kitchen Utensils,365.27,84.88,22.8,11.74,36.3,Supplier C,GOTS,2426.92,In Stock
MAT09963,Algae-based Material,Toys,419.17,67.87,85.8,4.4,51.7,Supplier B,GOTS,2802.08,In Stock
MAT09964,Certified Wood,Kitchen Utensils,365.93,11.0,89.7,9.06,17.5,Supplier D,None,2382.1,In Stock
MAT09965,Linen,Kitchen Utensils,60.82,4.78,56.1,8.64,7.7,Supplier A,EcoCert,2460.95,In Stock
MAT09966,Mycelium Leather,Accessories,294.32,59.54,66.6,9.66,81.0,Supplier E,FSC,1942.2,Low Stock
MAT09967,Cork,Textiles,442.6,37.46,38.0,0.96,72.7,Supplier B,Cradle to Cradle,1644.23,Pre-Order
MAT09968,Biodegradable Plastic,Automotive,455.49,28.1,54.5,6.03,91.3,Supplier D,FSC,2797.93,Low Stock
MAT09969,Cork Composite,Sports Equipment,79.93,19.19,97.8,10.27,8.6,Supplier B,GOTS,2270.88,In Stock
MAT09970,Recycled Aluminum,Toys,171.38,22.05,31.0,11.85,99.0,Supplier E,FSC,1278.2,Pre-Order
MAT09971,Recycled Copper,Household Items,80.34,25.09,85.7,3.55,18.8,Supplier D,GOTS,1463.29,In Stock
MAT09972,Algae-based Material,Textiles,198.25,16.24,20.4,9.12,45.2,Supplier D,EcoCert,2150.53,Pre-Order
MAT09973,Sustainable Bamboo,Food Packaging,390.99,2.02,83.1,2.82,75.9,Supplier B,EcoCert,1191.05,Pre-Order
MAT09974,Recycled Aluminum,Food Packaging,442.17,80.6,36.1,12.12,57.2,Supplier D,FSC,1837.62,Pre-Order
MAT09975,Bio-based Polymer,Accessories,330.08,82.6,34.6,5.34,12.4,Supplier E,None,1819.36,In Stock
MAT09976,Hemp Fiber,Cosmetics,437.96,80.28,42.6,1.14,48.8,Supplier E,EcoCert,3383.08,Pre-Order
MAT09977,Sustainable Bamboo,Food Packaging,209.46,7.37,75.8,11.08,30.2,Supplier E,ISO 14001,3497.62,Pre-Order
MAT09978,Seaweed Polymer,Coatings,240.58,87.06,26.7,6.64,74.1,Supplier B,ISO 14001,864.86,Low Stock
MAT09979,Certified Wood,Adhesives,112.94,12.4,43.0,2.33,92.3,Supplier B,ISO 14001,390.1,Pre-Order
MAT09980,Organic Cotton,Automotive,298.9,37.04,57.2,7.96,55.0,Supplier A,None,3816.34,In Stock
MAT09981,Jute,Toys,284.81,95.86,55.2,9.31,94.8,Supplier B,FSC,2690.86,Pre-Order
MAT09982,Organic Cotton,Automotive,483.59,75.82,83.5,8.36,96.6,Supplier D,None,366.86,Pre-Order
MAT09983,Mushroom Composite,Coatings,425.44,89.85,74.9,6.98,53.8,Supplier B,Cradle to Cradle,1683.24,Low Stock
MAT09984,Bio-based Polymer,Sports Equipment,96.33,44.79,43.6,4.59,46.7,Supplier A,EcoCert,3289.29,Pre-Order
MAT09985,Mushroom Composite,Construction,388.82,9.22,96.8,1.95,84.1,Supplier E,None,3907.64,In Stock
MAT09986,Wool,Textiles,75.44,41.05,20.9,5.12,15.8,Supplier E,GOTS,1237.53,In Stock
MAT09987,Certified Wood,Adhesives,379.93,85.99,40.4,13.38,59.3,Supplier D,GOTS,3215.42,In Stock
MAT09988,Linen,Household Items,387.13,82.15,31.9,3.4,49.3,Supplier B,GOTS,1662.49,Low Stock
MAT09989,Mushroom Composite,Automotive,209.97,95.32,75.4,14.67,55.9,Supplier C,ISO 14001,806.76,In Stock
MAT09990,Sustainable Bamboo,Sports Equipment,269.17,38.91,71.2,11.98,97.5,Supplier A,EcoCert,3060.21,Low Stock
MAT09991,Bioplastic,Home Decor,399.12,70.65,54.6,11.12,81.7,Supplier C,ISO 14001,1357.88,Pre-Order
MAT09992,Bioplastic,Automotive,357.25,98.54,96.6,2.94,39.2,Supplier C,GOTS,1901.53,Pre-Order
MAT09993,Hemp Fiber,Food Packaging,14.54,28.18,23.7,11.96,71.4,Supplier A,Cradle to Cradle,1291.48,Low Stock
MAT09994,Recycled Copper,Household Items,137.37,20.31,86.9,5.24,82.4,Supplier C,Cradle to Cradle,1354.56,Low Stock
MAT09995,Recycled Copper,Food Packaging,401.05,55.47,42.0,10.71,1.2,Supplier B,Cradle to Cradle,1108.88,In Stock
MAT09996,Wool,Construction,170.56,85.81,66.1,13.61,8.4,Supplier C,Cradle to Cradle,209.99,Pre-Order
MAT09997,Recycled Glass,Insulation,409.43,86.59,39.0,2.04,89.4,Supplier D,None,1367.84,Low Stock
MAT09998,Recycled Paper,Textiles,233.95,56.52,38.5,14.63,35.7,Supplier B,ISO 14001,1217.61,Pre-Order
MAT09999,Cork Composite,Cosmetics,413.08,42.63,29.0,1.13,45.6,Supplier D,GOTS,1474.08,Pre-Order
MAT10000,Cellulose,Toys,219.49,77.67,25.6,10.49,4.6,Supplier C,EcoCert,1061.57,In Stock
