Material_ID,Material_Type,Strength,Weight_Capacity,Biodegradability_Score,CO2_Emission_Score,Recyclability_Percent,Material_Type_Aluminum,Material_Type_Bamboo,Material_Type_Cotton,Material_Type_Glass,Material_Type_Paper,Material_Type_Plastic,Material_Type_Steel,Material_Type_Wood,CO2_Impact_Index,Cost_Efficiency_Index,Material_Suitability_Score,Predicted_Cost,Predicted_CO2,Cost_Score,CO2_Score,Material_Rank,Material_Rank_Position
M-1315,Aluminum,0.0489192263936291,0.4918913226621735,0.74,0.1517015170151701,0.9664664664664664,1.0,0.0,0.0,0.0,0.0,0.0,0.0,0.0,0.0050870879079161,0.0994510874430262,0.5315076304973916,0.15297177478803434,-0.013961458,0.01700965267410209,0.0052657467,0.9888623002972934,1
M-0705,Steel,0.0272591402886524,0.921335299073294,0.87,0.0412054120541205,0.871971971971972,0.0,0.0,0.0,0.0,0.0,0.0,1.0,0.0,0.0052754476493713,0.0295865259146637,0.5334952477070525,0.045212532737421866,0.009772033,0.004264015536707588,0.029002063,0.9833669607434661,2
M-0225,Aluminum,0.0280621918847174,0.5335930918281382,0.27,0.0059450594505945,0.5469469469469469,1.0,0.0,0.0,0.0,0.0,0.0,0.0,0.0,0.0026934273346737,0.0525908969279889,0.256308960837971,0.053887968628061424,0.045647316,0.005290135948902824,0.064881615,0.9649141243551937,3
M-0069,Paper,0.0517299069798567,0.4219671440606571,0.82,0.1396063960639606,0.8601601601601602,0.0,0.0,0.0,0.0,1.0,0.0,0.0,0.0,0.0195225360662015,0.1225919721855133,0.5247400108399907,0.1490234758461281,0.036666572,0.016542652492346363,0.055899806,0.9637787705934932,4
M-0600,Wood,0.0370296013741104,0.3586773378264532,0.63,0.504510045100451,0.9413413413413414,0.0,0.0,0.0,0.0,0.0,0.0,0.0,1.0,0.0295938825254118,0.1032390235733368,0.4862142429520465,0.08726891630014495,0.058101874,0.009238395404281133,0.07733766,0.9567119723501494,5
M-1249,Plastic,0.054027526824154,0.1967144060657119,0.82,0.2189421894218942,0.9091091091091092,0.0,0.0,0.0,0.0,0.0,1.0,0.0,0.0,0.0198998506501581,0.274648172731862,0.5403437434623943,0.26134545158754163,0.044612497,0.029827964435083322,0.063846685,0.9531626752863016,6
M-0526,Bamboo,0.1020990876441589,0.4330244313395113,0.58,0.3731037310373103,0.8756756756756757,0.0,1.0,0.0,0.0,0.0,0.0,0.0,0.0,0.046385869264098,0.2357808115988195,0.4775423377603662,0.3197282619679169,0.04348974,0.03673341497472307,0.06272379,0.9502713959679435,7
M-0919,Paper,0.1135648798768654,0.7647430497051391,0.67,0.0522755227552275,0.8716716716716716,0.0,0.0,0.0,0.0,1.0,0.0,0.0,0.0,0.0067084304476678,0.1485005080074208,0.5079274534522477,0.30413083659972623,0.04601408,0.03488856974161371,0.06524843,0.9499315002415741,8
M-0570,Bamboo,0.0573512681523121,0.3572030328559393,0.52,0.4950799507995079,0.9496496496496496,0.0,1.0,0.0,0.0,0.0,0.0,0.0,0.0,0.0249274489741894,0.1605560488602936,0.4638354021558197,0.33595108601221674,0.04245291,0.03865223163190899,0.061686832,0.9498304679551551,9
M-1482,Aluminum,0.0450824243235405,0.9685130581297388,0.42,0.2207872078720787,0.4521521521521521,1.0,0.0,0.0,0.0,0.0,0.0,0.0,0.0,0.1209577966650537,0.0465480329842579,0.2796786153750619,0.08823665654627467,0.07464236,0.009352858588929638,0.093880124,0.9483835085104726,10
M-0367,Aluminum,0.0886033594325102,0.3603622577927548,0.92,0.8772037720377203,0.805005005005005,1.0,0.0,0.0,0.0,0.0,0.0,0.0,0.0,0.1710503451380859,0.2458723455193816,0.5529428452745055,0.375405799836571,0.042848993,0.04331888904518934,0.062082965,0.9472990730139262,11
M-0367,Aluminum,0.0886033594325102,0.3603622577927548,0.92,0.8772037720377203,0.805005005005005,1.0,0.0,0.0,0.0,0.0,0.0,0.0,0.0,0.1710503451380859,0.2458723455193816,0.5529428452745055,0.375405799836571,0.042848993,0.04331888904518934,0.062082965,0.9472990730139262,12
M-0947,Aluminum,0.0226862075888375,0.9415543386689132,0.51,0.2406724067240672,0.4146146146146146,1.0,0.0,0.0,0.0,0.0,0.0,0.0,0.0,0.1408861095617963,0.024094396428052,0.2864588674199194,0.07126359759238797,0.079573594,0.0073453050239533964,0.09881193,0.946921381533958,13
M-1077,Wood,0.038881081442816,0.8033909014321821,0.69,0.9512095120951212,0.9448448448448448,0.0,0.0,0.0,0.0,0.0,0.0,0.0,1.0,0.0524641082246658,0.0483961580562411,0.5060058860305798,0.06318846651872705,0.082142234,0.0063901879635212145,0.101380885,0.9461144636945547,14
M-0962,Aluminum,0.0583550826473934,0.6739679865206403,0.46,0.1199261992619926,0.366966966966967,1.0,0.0,0.0,0.0,0.0,0.0,0.0,0.0,0.075917245658943,0.0865842254087255,0.2714321231490475,0.12195249175985541,0.075792074,0.013340728151102802,0.09502997,0.9458146496776243,15
M-0799,Aluminum,0.0403533427022686,0.3977464195450716,0.67,0.8144731447314474,0.8302302302302302,1.0,0.0,0.0,0.0,0.0,0.0,0.0,0.0,0.1382729182647182,0.101454693907061,0.4662104061499765,0.10338976598259007,0.07984215,0.011145150653194458,0.09908053,0.9448871582787876,16
M-0386,Aluminum,0.0731892301858172,0.6667017691659647,0.02,0.05330053300533,0.739039039039039,1.0,0.0,0.0,0.0,0.0,0.0,0.0,0.0,0.0139093583128023,0.1097779003938679,0.2569874037860385,0.144657495885659,0.083298326,0.016026249488146137,0.10253712,0.9407183163066948,17
M-1382,Paper,0.0094135492649847,0.1520640269587194,0.51,0.1350963509635096,0.609009009009009,0.0,0.0,0.0,0.0,1.0,0.0,0.0,0.0,0.0528214561424893,0.0619047617539316,0.3394681224086966,0.09750057533267435,0.08969015,0.010448584069870613,0.1089297,0.9403108573903328,18
M-1382,Paper,0.0094135492649847,0.1520640269587194,0.51,0.1350963509635096,0.609009009009009,0.0,0.0,0.0,0.0,1.0,0.0,0.0,0.0,0.0528214561424893,0.0619047617539316,0.3394681224086966,0.09750057533267435,0.08969015,0.010448584069870613,0.1089297,0.9403108573903328,19
M-0389,Aluminum,0.4791764259742577,0.9511373209772536,0.67,0.0137351373513735,0.6695695695695696,1.0,0.0,0.0,0.0,0.0,0.0,0.0,0.0,0.0045385073470354,0.5037925771741849,0.593541441260574,0.6701024556243149,0.02334594,0.07817526487706523,0.042577587,0.9396235740274269,20
M-0291,Aluminum,0.5383122532289366,0.658803706823926,0.87,0.1033210332103321,0.7845845845845847,1.0,0.0,0.0,0.0,0.0,0.0,0.0,0.0,0.0222569432901536,0.8171044433245184,0.71170027666695,1.0333657137638141,-0.019226577,0.12114161825415277,0.0,0.9394291908729236,21
M-0946,Bamboo,0.0652033282027259,0.5058972198820556,0.88,0.1527265272652726,0.6785785785785786,0.0,1.0,0.0,0.0,0.0,0.0,0.0,0.0,0.0490895774823614,0.1288862574332191,0.4936549048546639,0.3132681186675665,0.06750203,0.03596931677957092,0.08673893,0.9386458770339702,22
M-0664,Wood,0.0540721408017131,0.9672493681550128,0.64,0.4169741697416974,0.8257257257257258,0.0,0.0,0.0,0.0,0.0,0.0,0.0,1.0,0.0726678708228523,0.0559029415567485,0.4613465740384029,0.10283819973900549,0.09355852,0.011079912042898155,0.112798534,0.938060776811698,23
M-0110,Bamboo,0.062727252448192,0.1421651221566975,0.83,0.496719967199672,0.6343343343343344,0.0,1.0,0.0,0.0,0.0,0.0,0.0,0.0,0.1816334374554956,0.4412250365741361,0.4643912012795771,0.33803189403672396,0.06713754,0.03889834717177602,0.08637441,0.9373636216657198,24
M-0534,Aluminum,0.0065805616899774,0.79349199663016,0.06,0.104141041410414,0.622922922922923,1.0,0.0,0.0,0.0,0.0,0.0,0.0,0.0,0.0392691994988017,0.0082931566099815,0.2075091015528678,0.015192269041807569,0.10622856,0.0007132538521229404,0.12547009,0.9369083296078473,25
M-0734,Cotton,0.0025429967208726,0.8175021061499579,0.57,0.0407954079540795,0.4965965965965966,0.0,0.0,1.0,0.0,0.0,0.0,0.0,0.0,0.0205365472073139,0.0031106875334687,0.320996177667328,0.009744107020265104,0.1085754,6.885161922955048e-05,0.12781721,0.9360569674227308,26
M-0879,Steel,0.0938008878181534,0.9518744734625106,0.65,0.1480114801148011,0.901901901901902,0.0,0.0,0.0,0.0,0.0,0.0,1.0,0.0,0.0145196446959464,0.0985432343129363,0.503090925697832,0.25803818089783337,0.080718726,0.0294367843253869,0.09995721,0.9353030014344326,27
M-1000,Glass,0.1343996073969974,0.6316343723673127,0.8,0.0826158261582615,0.6628628628628628,0.0,0.0,0.0,1.0,0.0,0.0,0.0,0.0,0.0278528631132157,0.2127803686694742,0.4926187018176577,0.3003986455125471,0.08068618,0.0344471305442012,0.09992466,0.9328141041183394,28
M-0450,Wood,0.1273505989426487,0.773272957034541,0.62,0.2896678966789668,0.948048048048048,0.0,0.0,0.0,0.0,0.0,0.0,0.0,1.0,0.0150488126502886,0.1646901434920046,0.521354653991474,0.24623831346868685,0.08921478,0.028041109804489442,0.10845427,0.9317523090222586,29
M-1221,Aluminum,0.0210577974079279,0.0191659646166807,0.48,0.6570315703157031,0.9834834834834836,1.0,0.0,0.0,0.0,0.0,0.0,0.0,0.0,0.0108518727829921,1.098650612085005,0.4474681640082162,0.050048443563861754,0.11356885,0.004836001414203374,0.13281123,0.931176382592249,30
M-0921,Steel,0.378839590443686,0.6554338668913227,0.36,0.04920049200492,0.7703703703703705,0.0,0.0,0.0,0.0,0.0,0.0,1.0,0.0,0.0112978907566853,0.5779973107633,0.4906469472885855,0.5935515328591379,0.04964095,0.06912091125012161,0.06887573,0.9310016793560946,31
M-0921,Steel,0.378839590443686,0.6554338668913227,0.36,0.04920049200492,0.7703703703703705,0.0,0.0,0.0,0.0,0.0,0.0,1.0,0.0,0.0112978907566853,0.5779973107633,0.4906469472885855,0.5935515328591379,0.04964095,0.06912091125012161,0.06887573,0.9310016793560946,32
M-0967,Steel,0.0547636574538802,0.1653327716933445,0.6,0.1502665026650266,0.2233233233233233,0.0,0.0,0.0,0.0,0.0,0.0,1.0,0.0,0.1167084879056998,0.3312309209001416,0.2689024599785491,0.24942326473319787,0.0904673,0.02841782211561239,0.10970694,0.9309376198088167,33
M-0027,Wood,0.2268843828771554,0.7438921651221567,0.82,0.1629766297662976,0.7373373373373374,0.0,0.0,0.0,0.0,0.0,0.0,0.0,1.0,0.0428078755262027,0.3049959234937964,0.5579549543520633,0.4865691998634862,0.062721096,0.05646716600723983,0.08195743,0.9307877021726573,34
M-1211,Aluminum,0.1155502018782484,0.2753791069924178,0.55,0.2626076260762607,0.8795795795795796,1.0,0.0,0.0,0.0,0.0,0.0,0.0,0.0,0.0316233207377118,0.4196025745658888,0.4750939546251732,0.4020215097338584,0.07301841,0.04646696408775184,0.09225597,0.9306385317932232,35
M-1172,Glass,0.0,0.6240522325189555,0.74,0.4635096350963509,0.7126126126126126,0.0,0.0,0.0,1.0,0.0,0.0,0.0,0.0,0.1332068230592216,0.0,0.4357837837837838,0.0677294207386554,0.11289454,0.006927286718517498,0.13213685,0.930467930866167,36
M-1488,Aluminum,0.1828057730486961,0.7514743049705139,0.66,0.0,0.7932932932932932,1.0,0.0,0.0,0.0,0.0,0.0,0.0,0.0,0.0,0.2432625155338524,0.5091102972074665,0.8451978291059679,0.02369218,0.09888534089806703,0.042923868,0.9290953956997244,37
M-0332,Aluminum,0.0865065024872292,0.8890058972198821,0.23,0.3599835998359983,0.7656656656656657,1.0,0.0,0.0,0.0,0.0,0.0,0.0,0.0,0.084356517238846,0.097306896895574,0.3333023006945914,0.17163962998781013,0.10417137,0.019217664757167897,0.12341265,0.9286848444447937,38
M-1248,Wood,0.0659840728100113,0.8864785172704298,0.33,0.022140221402214,0.4555555555555556,0.0,0.0,0.0,0.0,0.0,0.0,0.0,1.0,0.0120541205412054,0.0744338380351796,0.2620602957906712,0.17814972622565223,0.10405107,0.019987671327352203,0.123292334,0.9283599971474411,39
M-0836,Aluminum,0.1337303977336099,0.6803917438921652,0.97,0.4559245592455924,0.6755755755755757,1.0,0.0,0.0,0.0,0.0,0.0,0.0,0.0,0.1479130627142106,0.1965488299722443,0.5471648317661166,0.28149010177045447,0.09770198,0.03221065010180842,0.11694249,0.9254234311205607,40
M-0322,Steel,0.2312565526779539,0.9064869418702612,0.68,0.0617056170561705,0.4326326326326327,0.0,0.0,0.0,0.0,0.0,0.0,1.0,0.0,0.0350097535009384,0.255112662834573,0.4262924108609714,0.5338752962108777,0.06839628,0.06206247576403344,0.08763329,0.9251521174196018,41
M-1337,Glass,0.1026344553748689,0.4541912384161752,0.77,0.4688396883968839,0.9513513513513514,0.0,0.0,0.0,1.0,0.0,0.0,0.0,0.0,0.0228084172733618,0.2259713986587882,0.557459187555353,1.0273047336890329,0.0105456,0.1204247326185443,0.029775724,0.9248997717832457,42
M-1261,Bamboo,0.0305159606504717,0.3354043807919123,0.17,0.0485854858548585,0.4773773773773774,0.0,1.0,0.0,0.0,0.0,0.0,0.0,0.0,0.0253918740388605,0.0909823228787258,0.2064195974734019,0.08700258169060532,0.12190241,0.00920689365811325,0.1411458,0.9248236553790808,43
M-0370,Bamboo,0.1267706172343795,0.3135004212299916,0.71,0.1894218942189421,0.5722722722722723,0.0,1.0,0.0,0.0,0.0,0.0,0.0,0.0,0.0810209963961501,0.4043701516152865,0.4353899285754335,0.3017886360695684,0.09657329,0.03461153700184756,0.115813665,0.9247873989530805,44
M-0129,Aluminum,0.0239577059492739,0.446609098567818,0.56,0.8097580975809757,0.7693693693693694,1.0,0.0,0.0,0.0,0.0,0.0,0.0,0.0,0.1867550207033601,0.0536434487847477,0.4083938931905204,0.05727944689532376,0.12572783,0.005691276032401021,0.14497168,0.9246685201730962,45
M-0589,Paper,0.0692408931718307,0.7613732097725359,0.38,0.6031160311603115,0.6546546546546547,0.0,0.0,0.0,0.0,1.0,0.0,0.0,0.0,0.2082833140643718,0.0909419997198444,0.3380927536651287,0.20363173460173833,0.10926653,0.023001653479723837,0.1285084,0.9242449713114953,46
M-0284,Bamboo,0.1178032077449865,0.4918913226621735,0.99,0.490159901599016,0.5871871871871872,0.0,1.0,0.0,0.0,0.0,0.0,0.0,0.0,0.2023442877071413,0.2394898279920756,0.5202774392541507,0.38563259416143586,0.088664785,0.04452850231884499,0.10790422,0.9237836397719454,47
M-0853,Steel,0.2242967721787235,0.9149115417017692,0.91,0.3167281672816728,0.5805805805805806,0.0,0.0,0.0,0.0,0.0,0.0,1.0,0.0,0.1328419440350559,0.2451565171043822,0.5368928830456636,0.4758366188560613,0.07897352,0.05519772887623181,0.098211795,0.9232952380160696,48
M-0149,Aluminum,0.0098150750630172,0.64606149957877,0.54,0.3923739237392373,0.3202202202202202,1.0,0.0,0.0,0.0,0.0,0.0,0.0,0.0,0.2667278594707868,0.0151921448302859,0.2619920960912729,0.02269681983338158,0.13288306,0.001600883344019551,0.15212776,0.9231356794937426,49
M-1156,Aluminum,0.2000267683865355,0.8069713563605728,0.16,0.8886838868388683,0.9928928928928928,1.0,0.0,0.0,0.0,0.0,0.0,0.0,0.0,0.0063159715681241,0.247873135690362,0.425878575222482,0.35090012571531803,0.09446257,0.04042038656676592,0.11370269,0.9229384606708846,50
M-1156,Aluminum,0.2000267683865355,0.8069713563605728,0.16,0.8886838868388683,0.9928928928928928,1.0,0.0,0.0,0.0,0.0,0.0,0.0,0.0,0.0063159715681241,0.247873135690362,0.425878575222482,0.35090012571531803,0.09446257,0.04042038656676592,0.11370269,0.9229384606708846,51
M-0131,Paper,0.2287135559570813,0.8227674810446504,0.5,0.2214022140221402,0.7677677677677678,0.0,0.0,0.0,0.0,1.0,0.0,0.0,0.0,0.05141673038352,0.277980454072194,0.4718157527131628,0.7235710188225865,0.05110043,0.08449946400666687,0.07033538,0.9225825776301599,52
M-0445,Paper,0.0426732695353454,0.9638795282224096,0.62,0.7544075440754408,0.8133133133133132,0.0,0.0,0.0,0.0,1.0,0.0,0.0,0.0,0.1408378448148846,0.0442723639350237,0.4470633018081321,0.059570552249503604,0.13156606,0.005962265294502574,0.1508106,0.921613567689205,53
M-0228,Wood,0.048383858662919,0.7908593091828138,0.55,0.6927019270192701,0.8285285285285287,0.0,0.0,0.0,0.0,0.0,0.0,0.0,1.0,0.118778618717118,0.0611787670984696,0.4329121020237262,0.06955553843722644,0.13067977,0.00714327778446457,0.1499242,0.921466259231032,54
M-0125,Steel,0.0222400678132458,0.6732308340353834,0.04,0.482369823698237,0.8565565565565566,0.0,0.0,0.0,0.0,0.0,0.0,1.0,0.0,0.0691927885244818,0.033034783396884,0.2778629940922653,0.15104409744278957,0.12305185,0.01678164925190907,0.14229538,0.9204614876408721,55
M-0134,Steel,0.1012737290593142,0.4918913226621735,0.22,0.005330053300533,0.4657657657657658,0.0,0.0,0.0,0.0,0.0,0.0,1.0,0.0,0.0028474969434379,0.2058859721802732,0.2462392213534554,0.35355918459322283,0.0996235,0.04073489694137327,0.11886424,0.9202004323982251,56
M-1294,Aluminum,0.1119810836735149,0.3427759056444818,0.67,0.2658876588765888,0.7056056056056057,1.0,0.0,0.0,0.0,0.0,0.0,0.0,0.0,0.0782758363119166,0.3266879472611215,0.4574741151510877,0.4371582692325697,0.089970134,0.050622898912758604,0.10920972,0.9200836923836018,57
M-0686,Wood,0.0268576144906199,0.4918913226621735,0.5,0.7320623206232062,0.8973973973973974,0.0,0.0,0.0,0.0,0.0,0.0,0.0,1.0,0.0751114993632418,0.0546005970275438,0.4299622650154672,0.04897290433431955,0.13626772,0.004708787891855665,0.15551282,0.9198891937267826,58
M-1500,Bamboo,0.1121372325949719,0.8850042122999159,0.48,0.4059040590405903,0.7983983983983984,0.0,1.0,0.0,0.0,0.0,0.0,0.0,0.0,0.081830908399174,0.1267079911355033,0.4283744125575083,0.28151171000865616,0.11036193,0.0322132058989545,0.12960395,0.9190914209658136,59
M-0561,Paper,0.0771821811773628,0.2474726200505476,0.28,0.1633866338663386,0.9676676676676677,0.0,0.0,0.0,0.0,1.0,0.0,0.0,0.0,0.0052826709448275,0.3118804386568478,0.4051731727712454,0.2863081990139149,0.10993672,0.032780529009540385,0.12917867,0.9190203989807568,60
M-1235,Plastic,0.1307635682259251,0.5834035383319293,0.55,0.1918819188191882,0.4389389389389389,0.0,0.0,0.0,0.0,0.0,1.0,0.0,0.0,0.1076574729711261,0.2241387573017592,0.3489871089720517,0.25569649770598224,0.113983914,0.0291598127757907,0.13322636,0.9188069111866057,61
M-1009,Paper,0.1069173972205491,0.3920598146588037,0.46,0.8362033620336202,0.8924924924924926,0.0,0.0,0.0,0.0,1.0,0.0,0.0,0.0,0.0898981392216323,0.2727061548183425,0.4485147066359675,0.4181817594835248,0.094939776,0.04837837953054214,0.11417995,0.9187208369936382,62
M-0203,Bamboo,0.1728122420754422,0.5579191238416176,0.97,0.2105371053710537,0.447047047047047,0.0,1.0,0.0,0.0,0.0,0.0,0.0,0.0,0.1164171141210911,0.309743697512693,0.494239010944291,0.30985272891780524,0.10922984,0.03556534847388455,0.12847172,0.9179814671438447,63
M-0073,Aluminum,0.3315264672421869,0.608150800336984,0.81,0.4028290282902829,0.975975975975976,1.0,0.0,0.0,0.0,0.0,0.0,0.0,0.0,0.00967757425322,0.5451376894033434,0.6684033796896676,0.9719389976031405,0.031161727,0.11387613809832588,0.050394308,0.9178647770398425,64
M-1395,Aluminum,0.4697405697204934,0.7608466722830666,0.41,0.2650676506765067,0.9516516516516516,1.0,0.0,0.0,0.0,0.0,0.0,0.0,0.0,0.012815583110786,0.6173910847501819,0.5963917233836928,0.7330842596568425,0.060156845,0.08562467900787411,0.07939287,0.9174912241206834,65
M-0185,Aluminum,0.1691092819380312,0.9615627632687448,0.31,0.5949159491594916,0.9483483483483484,1.0,0.0,0.0,0.0,0.0,0.0,0.0,0.0,0.0307283913679976,0.1758690254332798,0.445148217279717,0.20356158173413147,0.12409147,0.02299335588057921,0.14333512,0.916835762614806,66
M-0855,Bamboo,0.0664525195743826,0.2588458298230833,0.75,0.1234112341123411,0.3203203203203204,0.0,1.0,0.0,0.0,0.0,0.0,0.0,0.0,0.0838801080703499,0.2567252595668319,0.3476771039258491,0.3476652454176958,0.109078124,0.040037768707992985,0.12832,0.9158211188384283,67
M-0826,Paper,0.0928416873006312,0.8664700926705982,0.31,0.0313653136531365,0.1685685685685685,0.0,0.0,0.0,0.0,1.0,0.0,0.0,0.0,0.0260781076279231,0.1071492033444287,0.1807072454908231,0.27611516486195037,0.11757568,0.03157490884965665,0.13681854,0.9158032740369141,68
M-0539,Steel,0.0300921278636596,0.9518744734625106,0.35,1.0,0.9491491491491492,0.0,0.0,0.0,0.0,0.0,0.0,1.0,0.0,0.0508508508508508,0.0316135132195365,0.4017815958902086,0.043720873274113954,0.1454904,0.00408758379971603,0.1647366,0.9155879087350983,69
M-0786,Aluminum,0.1191193200829819,0.2764321819713563,0.59,0.2328823288232882,0.7018018018018017,1.0,0.0,0.0,0.0,0.0,0.0,0.0,0.0,0.0694450908473049,0.4309154177276916,0.4351882685737333,0.41265203830026115,0.10200707,0.04772433057537466,0.12124808,0.9155137940490703,70
M-1387,Aluminum,0.0764683575364161,0.9211246840775064,0.6,0.9071340713407132,0.3963963963963964,1.0,0.0,0.0,0.0,0.0,0.0,0.0,0.0,0.5475493944128631,0.083016203823475,0.3295062619334853,0.3053268514388683,0.114744544,0.03503003297818218,0.13398708,0.9154914414953563,71
M-1323,Steel,0.2024359231747305,0.8404591406908173,0.49,0.075030750307503,0.7332332332332332,0.0,0.0,0.0,0.0,0.0,0.0,1.0,0.0,0.0200157106676171,0.240863205015693,0.4479443392398622,0.32389067725074644,0.112892255,0.037225740586898155,0.13213457,0.915319843870808,72
M-0831,Steel,0.2296058355082647,0.7368365627632688,0.93,0.4454694546945469,0.6722722722722724,0.0,0.0,0.0,0.0,0.0,0.0,1.0,0.0,0.1459926921591537,0.3116098406373352,0.5725240158849876,0.37113328968949105,0.10772193,0.04281354154121432,0.12696363,0.915111414070072,73
M-1201,Steel,0.0857034508911642,0.4549283909014321,0.4,0.8409184091840919,0.950950950950951,0.0,0.0,0.0,0.0,0.0,0.0,1.0,0.0,0.0412462482983188,0.1883884677605568,0.4395666656417509,0.19045164389947244,0.12927671,0.021442727764098193,0.14852098,0.9150181479654469,74
M-0872,Cotton,0.0571281982645162,0.2476832350463352,0.76,0.1102911029110291,0.4773773773773774,0.0,0.0,1.0,0.0,0.0,0.0,0.0,0.0,0.0576406254553036,0.2306493114260141,0.3940644925190196,0.21201161431028429,0.12686287,0.02399281585232086,0.14610685,0.9149501650332627,75
M-0537,Cotton,0.0849673202614379,0.9610362257792756,0.87,0.2669126691266912,0.5452452452452453,0.0,0.0,1.0,0.0,0.0,0.0,0.0,0.0,0.1213798053896454,0.0884121009907192,0.4585605016781487,0.24294834744230878,0.1234358,0.027651976470135852,0.14267936,0.9148343300203565,76
M-0515,Plastic,0.0084320417586829,0.1343723673125526,0.66,0.8747437474374744,0.8065065065065066,0.0,0.0,0.0,0.0,0.0,1.0,0.0,0.0,0.169257223603267,0.0627508406414348,0.4433247686554251,0.05041553735274884,0.14688514,0.0048794208382779095,0.16613151,0.9144945339155588,77
M-0766,Glass,0.004349862812019,0.3341406908171861,0.41,0.7529725297252973,0.8212212212212212,0.0,0.0,0.0,1.0,0.0,0.0,0.0,0.0,0.1346155093182563,0.0130180187972978,0.3711063114911739,0.0413148210865966,0.14848326,0.003802998760584751,0.16772981,0.9142335956795793,78
M-1141,Wood,0.0963215775502464,0.3231887110362257,0.32,0.0846658466584665,0.1504504504504504,0.0,0.0,0.0,0.0,0.0,0.0,0.0,1.0,0.0719278318909315,0.2980341708324061,0.1796637661552337,0.3277152925404956,0.1147684,0.037678111610910905,0.13401094,0.9141554737994564,79
M-0441,Aluminum,0.0643779696178812,0.5311710193765796,0.75,0.2300123001230012,0.5602602602602603,1.0,0.0,0.0,0.0,0.0,0.0,0.0,0.0,0.1011455489930274,0.1211998510264899,0.4188292659252306,0.23904921293746673,0.12608132,0.02719079140050378,0.1453252,0.9137420049149634,80
M-1154,Plastic,0.0322112917977202,0.3267691659646167,0.31,0.8733087330873308,0.8037037037037037,0.0,0.0,0.0,0.0,0.0,1.0,0.0,0.0,0.1714272698282538,0.0985747634048333,0.3469956278301992,0.08635653356106918,0.14457268,0.009130479840832569,0.16381876,0.9135253792264076,81
M-0540,Plastic,0.0756429989515715,0.9952611625947768,0.8,0.2084870848708487,0.8431431431431432,0.0,0.0,0.0,0.0,0.0,1.0,0.0,0.0,0.03270262882809,0.0760030892306409,0.5232001425235715,0.39263655489584237,0.10960445,0.045356922604163775,0.12884638,0.9128983501307566,82
M-1199,Glass,0.3262174039126458,0.593407750631845,0.81,0.0600656006560065,0.9326326326326326,0.0,0.0,0.0,1.0,0.0,0.0,0.0,0.0,0.0040464613855347,0.5497347377592572,0.6532767513548481,1.2287039784130505,0.011884477,0.14424599977066468,0.031114759,0.9123196206528428,83
M-0935,Cotton,0.129804367708403,0.5152695871946082,0.78,0.0182451824518245,0.0935935935935935,0.0,0.0,1.0,0.0,0.0,0.0,0.0,0.0,0.0165375502603874,0.2519149567902239,0.3139998251614392,0.24440789956136402,0.1290316,0.027824610587995142,0.14827584,0.9119497760548985,84
M-1489,Aluminum,0.076044524749604,0.7542122999157541,0.04,0.2353423534235342,0.6295295295295296,1.0,0.0,0.0,0.0,0.0,0.0,0.0,0.0,0.0871873923944444,0.1008262844981628,0.2312766687587004,0.14784658296671005,0.14093058,0.01640345097881307,0.16017623,0.911710158282013,85
M-1489,Aluminum,0.076044524749604,0.7542122999157541,0.04,0.2353423534235342,0.6295295295295296,1.0,0.0,0.0,0.0,0.0,0.0,0.0,0.0,0.0871873923944444,0.1008262844981628,0.2312766687587004,0.14784658296671005,0.14093058,0.01640345097881307,0.16017623,0.911710158282013,86
M-1311,Glass,0.0592696691873563,0.3065501263689975,0.93,0.2373923739237392,0.4773773773773774,0.0,0.0,0.0,1.0,0.0,0.0,0.0,0.0,0.1240666250506348,0.1933435048482357,0.4459210808881557,0.347411279610635,0.11753572,0.04000772992931837,0.13677858,0.9116068459542441,87
M-0159,Aluminum,0.2571772736398314,0.9884161752316764,0.57,0.3185731857318573,0.8521521521521522,1.0,0.0,0.0,0.0,0.0,0.0,0.0,0.0,0.0471003598924877,0.2601910206381746,0.5295165551015782,0.8101608903011308,0.062877804,0.0947412127480026,0.08211417,0.9115723098702672,88
M-0928,Paper,0.4012804211559482,0.882055602358888,0.96,0.1676916769167691,0.9654654654654656,0.0,0.0,0.0,0.0,1.0,0.0,0.0,0.0,0.0057911540076361,0.4549372682918557,0.7381518081020189,1.1423488148662198,0.024582148,0.13403201200902742,0.043813944,0.9110770220640287,89
M-0347,Glass,0.218095429297999,0.4918913226621735,0.01,0.3530135301353013,0.8362362362362363,0.0,0.0,0.0,1.0,0.0,0.0,0.0,0.0,0.0578108243544897,0.4433804295168573,0.3411090425900705,0.6271062874591756,0.08558536,0.07308972838569062,0.104824424,0.9110429239121657,90
M-1097,Plastic,0.118740101273729,0.2710614995787699,0.95,0.2710127101271012,0.8328328328328328,0.0,0.0,0.0,0.0,0.0,1.0,0.0,0.0,0.0453044270182441,0.4380543286446878,0.5823458903593415,0.7277627144524036,0.07379308,0.08499525286404355,0.09303074,0.9109870019175208,91
M-0504,Cotton,0.1224207544223605,0.3453032855939342,0.51,0.7802378023780238,0.9047047047047048,0.0,0.0,1.0,0.0,0.0,0.0,0.0,0.0,0.0743529917781659,0.3545300754428603,0.4733797131803556,0.2888623642006316,0.1259811,0.03308263268101542,0.14522499,0.9108461894292219,92
M-0072,Plastic,0.0014053402931138,0.4918913226621735,0.36,0.2763427634276342,0.5206206206206206,0.0,0.0,0.0,0.0,0.0,1.0,0.0,0.0,0.1324730224279219,0.0028570079839993,0.2647483223034317,0.009161994237502294,0.16011287,0.0,0.1793608,0.910319596529007,93
M-0136,Steel,0.1760021414709228,0.5824557708508846,0.93,0.509430094300943,0.9324324324324323,0.0,0.0,0.0,0.0,0.0,0.0,1.0,0.0,0.0344209523176312,0.3021720242238909,0.6291305863180989,0.8016066992001679,0.06798766,0.09372943302774812,0.08722462,0.9095229746859055,94
M-0877,Plastic,0.1984652791719645,0.6731255265374896,0.33,0.50820008200082,0.8903903903903904,0.0,0.0,0.0,0.0,0.0,1.0,0.0,0.0,0.0557036125916814,0.2948409717157552,0.4455032287859029,0.39619177844481945,0.11658342,0.045777430288101446,0.13582619,0.9091981921831245,95
M-0844,Bamboo,0.1012737290593142,0.8401432181971357,0.31,0.490159901599016,0.8954954954954956,0.0,1.0,0.0,0.0,0.0,0.0,0.0,0.0,0.0512239176445818,0.1205432672936051,0.4021581402723744,0.2565169168157205,0.13382077,0.02925685098870237,0.15306558,0.9088387859309532,96
M-1491,Aluminum,0.7943741774297888,0.9046967144060656,0.98,0.1678966789667896,0.7107107107107107,1.0,0.0,0.0,0.0,0.0,0.0,0.0,0.0,0.0485707109323345,0.878054807457202,0.8249628841851286,1.2205431360485461,0.020458894,0.1432807448789813,0.0396902,0.9085145274407994,97
M-1491,Aluminum,0.7943741774297888,0.9046967144060656,0.98,0.1678966789667896,0.7107107107107107,1.0,0.0,0.0,0.0,0.0,0.0,0.0,0.0,0.0485707109323345,0.878054807457202,0.8249628841851286,1.2205431360485461,0.020458894,0.1432807448789813,0.0396902,0.9085145274407994,98
M-0972,Bamboo,0.1186062593410515,0.1614363942712721,0.05,0.7064370643706437,0.9315315315315316,0.0,1.0,0.0,0.0,0.0,0.0,0.0,0.0,0.0483686638668188,0.7346888859080007,0.34190196319588,0.6545407462289792,0.08762031,0.07633464408745932,0.10685961,0.9084028732139341,99
M-0846,Aluminum,0.5773494835932097,0.672704296545914,0.65,0.7414924149241492,0.990990990990991,1.0,0.0,0.0,0.0,0.0,0.0,0.0,0.0,0.0066801118461635,0.8582502420564841,0.7232370907345811,1.178429103967777,0.026205322,0.13829954641210673,0.04543731,0.908131571848454,100
M-0338,Glass,0.1644471212830979,0.6829191238416175,0.61,0.4671996719967199,0.619019019019019,0.0,0.0,0.0,1.0,0.0,0.0,0.0,0.0,0.1779941893513029,0.2407999347830559,0.4344845542189448,0.32820077337714,0.1269915,0.0377355337165538,0.1462355,0.908014485238853,101
M-1070,Steel,0.3801557027816815,0.7731676495366471,0.5,0.0256252562525625,0.5671671671671672,0.0,0.0,0.0,0.0,0.0,0.0,1.0,0.0,0.0110914522558638,0.4916853561115098,0.4722124312628227,0.6664102159014577,0.087306395,0.07773855108030607,0.106545664,0.907857892274817,102
M-0281,Paper,0.0339066229449686,0.6771272114574558,0.67,0.5440754407544075,0.6671671671671672,0.0,0.0,0.0,0.0,1.0,0.0,0.0,0.0,0.1810861702210615,0.0500741548959949,0.4147127993281376,0.09446916588907901,0.15540145,0.010090032505775628,0.17464884,0.9076305656195754,103
M-0103,Plastic,0.2074773026389167,0.6127843302443134,0.61,0.2849528495284952,0.9091091091091092,0.0,0.0,0.0,0.0,0.0,1.0,0.0,0.0,0.0258996183555429,0.3385807270487316,0.5387236537882995,0.48338548774990125,0.10968552,0.05609060026143938,0.12892744,0.9074909801436715,104
M-0484,Wood,0.0280175779071583,0.9581929233361416,0.91,0.5358753587535875,0.5442442442442442,0.0,0.0,0.0,0.0,0.0,0.0,0.0,1.0,0.244228279119628,0.0292399870473083,0.4474803044361366,0.03808680391809847,0.16376548,0.0034211926646989556,0.18301386,0.9067824754621604,105
M-1352,Cotton,0.5318209194940775,0.5710825610783488,0.58,0.595120951209512,0.9890890890890892,0.0,0.0,1.0,0.0,0.0,0.0,0.0,0.0,0.0064933116798635,0.9312488674859882,0.6834550945243577,1.1275936206061248,0.035594366,0.1322867848864888,0.054827474,0.9064428705279184,106
M-1398,Bamboo,0.3559303129670525,0.4301811288963774,0.9,0.490159901599016,0.9218218218218218,0.0,1.0,0.0,0.0,0.0,0.0,0.0,0.0,0.0383198081230061,0.827394466339603,0.6889186717333675,1.054384388244434,0.045118168,0.12362768249273723,0.064352416,0.9060099510025957,107
M-0068,Aluminum,0.3972874701644024,0.3946925021061499,0.82,0.9592045920459203,0.9332332332332332,1.0,0.0,0.0,0.0,0.0,0.0,0.0,0.0,0.0640429892787416,1.006572107329892,0.684884958035731,1.4180763651668615,0.002503876,0.166644744226131,0.021733042,0.9058111069605782,108
M-0653,Bamboo,0.0335720181132748,0.0,0.25,0.1260762607626076,0.5727727727727728,0.0,1.0,0.0,0.0,0.0,0.0,0.0,0.0,0.0538632113047857,33572.01811327487,0.2602606390771418,0.08641884314853467,0.16007614,0.009137849745973911,0.17932408,0.9057690373371914,109
M-1389,Bamboo,0.1849026299939771,0.2915964616680707,0.68,0.0817958179581795,0.5393393393393393,0.0,1.0,0.0,0.0,0.0,0.0,0.0,0.0,0.0376801155398941,0.6341023304395367,0.4397628537993926,0.6216849511990561,0.096861325,0.07244849907248863,0.11610173,0.9057248870189505,110
M-0994,Paper,0.0078297530616342,0.6967144060657119,0.99,0.7398523985239852,0.3013013013013013,0.0,0.0,0.0,0.0,1.0,0.0,0.0,0.0,0.5169339080778195,0.0112380937660731,0.390522291615044,0.09467454513040066,0.1599367,0.010114324522271158,0.17918462,0.9053505299328494,111
M-0736,Glass,0.3646300385910905,0.9674599831508004,0.74,0.010250102501025,0.6791791791791792,0.0,0.0,0.0,1.0,0.0,0.0,0.0,0.0,0.0032884462978763,0.3768937920406603,0.5716057691901899,0.6416333214794909,0.095497236,0.07480796898187596,0.11473748,0.9052272750696471,112
M-1279,Steel,0.2542773650984853,0.9681971356360572,0.73,0.3630586305863058,0.5247247247247248,0.0,0.0,0.0,0.0,0.0,0.0,1.0,0.0,0.1725527905929709,0.2626294719431968,0.4781283634568115,0.5869179123579373,0.102362275,0.06833629437451505,0.12160334,0.9050301828574889,113
M-1198,Glass,0.1447723571795043,0.7153538331929234,0.74,0.4825748257482575,0.7294294294294295,0.0,0.0,0.0,1.0,0.0,0.0,0.0,0.0,0.1305705459456997,0.2023783868675711,0.4987377717006306,0.36527362810326236,0.12859595,0.042120467621012445,0.14784014,0.9050196950644632,114
M-0673,Wood,0.038501862633563,0.8170808761583825,0.6,0.1715867158671586,0.3905905905905906,0.0,0.0,0.0,0.0,0.0,0.0,0.0,1.0,0.1045665591791053,0.0471211805781137,0.3125779222306024,0.05104264651871818,0.16662137,0.004953594577094903,0.18587008,0.9045881621183053,115
M-0652,Cotton,0.1650271029913672,0.7659014321819715,0.52,0.541410414104141,0.6910910910910911,0.0,0.0,1.0,0.0,0.0,0.0,0.0,0.0,0.1672465002928307,0.2154675270076153,0.4293381685238742,0.26282602423160356,0.14164163,0.030003084836059256,0.16088738,0.9045547698449823,116
M-0234,Paper,0.0721854156907359,0.1489048020219039,0.23,0.7263222632226322,0.8356356356356357,0.0,0.0,0.0,0.0,1.0,0.0,0.0,0.0,0.1193814971182744,0.4847723507786317,0.3485648569669851,0.3639832459466237,0.13117643,0.04196784272848248,0.15042092,0.9038056191054052,117
M-0415,Glass,0.1581342434584755,0.6080454928390902,0.61,0.6172611726117261,0.7116116116116116,0.0,0.0,0.0,1.0,0.0,0.0,0.0,0.0,0.1780109547842225,0.2600693291069162,0.4597371808668736,0.35718806427116534,0.13212547,0.04116411658611238,0.15137008,0.903732902544308,118
M-0107,Wood,0.0334604831693769,0.9028011794439764,0.35,0.1660516605166051,0.6284284284284284,0.0,0.0,0.0,0.0,0.0,0.0,0.0,1.0,0.061700076460224,0.0370629180248377,0.3069127217962792,0.06794697208304265,0.16662137,0.006953018437129715,0.18587008,0.9035884501882878,119
M-1234,Aluminum,0.4815855807624528,0.9216512215669757,0.84,0.006150061500615,0.4773773773773774,1.0,0.0,0.0,0.0,0.0,0.0,0.0,0.0,0.0032141612707418,0.52252419024572,0.5878474455181943,0.8469666478314432,0.074715614,0.09909455470848105,0.093953386,0.9034760296711921,120
M-1087,Aluminum,0.1253429699524861,0.9085930918281382,0.38,0.1650266502665026,0.6061061061061062,1.0,0.0,0.0,0.0,0.0,0.0,0.0,0.0,0.0650029898697385,0.1379526579358331,0.3459690198128263,0.3670993075285,0.13239942,0.04233640684850216,0.15164407,0.9030097635876775,121
M-1454,Glass,0.0389480024091547,0.8484625105307497,0.72,0.3003280032800328,0.3774774774774774,0.0,0.0,0.0,1.0,0.0,0.0,0.0,0.0,0.1869609461860384,0.0459041572510185,0.3448224442069051,0.07047239141574622,0.16778593,0.007251722082607127,0.18703479,0.9028567460849324,122
M-0208,Paper,0.0439001539182225,0.6264743049705139,0.5,0.3886838868388683,0.6777777777777778,0.0,0.0,0.0,0.0,1.0,0.0,0.0,0.0,0.1252425857591909,0.0700748354642467,0.3708933949006223,0.08634305334183599,0.16713837,0.009128885416265274,0.18638715,0.9022419815520069,123
M-0246,Wood,0.0886925873876285,0.4925231676495367,0.44,0.3314883148831488,0.58008008008008,0.0,0.0,0.0,0.0,0.0,0.0,0.0,1.0,0.139198546640121,0.1800776351968562,0.3415010589790754,0.182515611104444,0.15609725,0.02050406308540282,0.1753447,0.9020756156664661,124
M-0023,Plastic,0.1247406812554373,0.4878896377422072,0.34,0.2954079540795408,0.6365365365365365,0.0,0.0,0.0,0.0,0.0,1.0,0.0,0.0,0.1073699981244056,0.2556734472969086,0.3428572334631359,0.3057108298418196,0.1416212,0.03507544949466356,0.16086695,0.9020288022616785,125
M-1319,Plastic,0.1621048874612416,0.777379949452401,0.92,0.3843788437884379,0.4493493493493493,0.0,0.0,0.0,0.0,0.0,1.0,0.0,0.0,0.2116584604284481,0.2085269616851696,0.4756467597893015,0.2503620403768209,0.14831778,0.02852885940094726,0.16756432,0.9019534115075075,126
M-0689,Bamboo,0.1993798657119275,0.9526116259477676,0.99,0.2361623616236162,0.2796796796796797,0.0,1.0,0.0,0.0,0.0,0.0,0.0,0.0,0.1701125479723265,0.2092979457558225,0.4606558501886749,0.6393412016565249,0.10405348,0.07453685972959269,0.12329475,0.9010841959522642,127
M-0503,Steel,0.1145240803943875,0.2600042122999157,0.34,0.1035260352603526,0.2653653653653654,0.0,0.0,0.0,0.0,0.0,0.0,1.0,0.0,0.0760538110886614,0.4404684020806635,0.2274192417673646,0.4831554762533355,0.12258825,0.05606339477059824,0.14183173,0.9010524396968008,128
M-0843,Aluminum,0.1256552677954003,0.3992207245155854,0.5,0.3364083640836409,0.7254254254254254,1.0,0.0,0.0,0.0,0.0,0.0,0.0,0.0,0.0923691834515942,0.3147505761312715,0.4178897347457877,0.2979962042416233,0.14506543,0.03416297260006205,0.16431157,0.9007627272452914,129
M-0960,Bamboo,0.6494456713288272,0.6107834877843303,0.65,0.047560475604756,0.8414414414414414,0.0,1.0,0.0,0.0,0.0,0.0,0.0,0.0,0.0075411204562496,1.0632975858387357,0.7072107009639633,1.2534516996442848,0.034623634,0.14717313129820975,0.053856626,0.8994851212743991,130
M-0960,Bamboo,0.6494456713288272,0.6107834877843303,0.65,0.047560475604756,0.8414414414414414,0.0,1.0,0.0,0.0,0.0,0.0,0.0,0.0,0.0075411204562496,1.0632975858387357,0.7072107009639633,1.2534516996442848,0.034623634,0.14717313129820975,0.053856626,0.8994851212743991,131
M-0548,Paper,0.1017421758236855,0.6225779275484415,0.15,0.977859778597786,0.4877877877877878,0.0,0.0,0.0,0.0,1.0,0.0,0.0,0.0,0.5008717204289159,0.1634205260115701,0.2320332066658105,0.31024865808610513,0.14632909,0.035612178512916294,0.16557539,0.8994062181966974,132
M-0248,Aluminum,0.1341096165428628,0.865943555181129,0.39,0.8890938909389094,0.9123123123123122,1.0,0.0,0.0,0.0,0.0,0.0,0.0,0.0,0.0779625874336822,0.1548709045405467,0.4443375403108388,0.18821898322664343,0.16089708,0.021178651270562315,0.18014511,0.8993381170345873,133
M-0869,Bamboo,0.5566709049945348,0.4918913226621735,0.5,0.2624026240262402,0.971971971971972,0.0,1.0,0.0,0.0,0.0,0.0,0.0,0.0,0.0073546281008355,1.1316926069953128,0.6642599535894056,1.1820949386940154,0.04381891,0.1387331370567435,0.063053,0.8991069329750958,134
M-0191,Bamboo,0.271855272256798,0.5539174389216512,0.76,0.4585895858958589,0.8126126126126126,0.0,1.0,0.0,0.0,0.0,0.0,0.0,0.0,0.0859339043840888,0.4907857423667574,0.5805258926865029,0.9247932152341494,0.074401185,0.10829979009142825,0.09363892,0.8990306453073457,135
M-0744,Steel,0.070244707666912,0.3966933445661331,0.8,0.4973349733497334,0.5698698698698699,0.0,0.0,0.0,0.0,0.0,0.0,1.0,0.0,0.2139187568051856,0.1770751426863397,0.4390588440277257,0.2333842013656192,0.15705174,0.02652074045638154,0.17629932,0.8985899704361959,136
M-1220,Glass,0.0230654263980905,0.1697556866048862,0.43,0.7658876588765887,0.8957957957957958,0.0,0.0,0.0,1.0,0.0,0.0,0.0,0.0,0.0798087140030559,0.1358734484007453,0.4069649092979749,0.3312799926611969,0.14555293,0.03809974017267033,0.16479914,0.8985505604618559,137
M-0945,Steel,0.3657007740525106,0.3545703454085931,0.44,0.6910619106191062,0.9367367367367369,0.0,0.0,0.0,0.0,0.0,0.0,1.0,0.0,0.0437188315827102,1.0313884040208958,0.5593013306420253,0.9295852849245226,0.07676341,0.10886659049061737,0.09600142,0.8975659965323021,138
M-1231,Bamboo,0.1835865176559816,0.153748946925021,0.98,0.5912259122591226,0.2003003003003003,0.0,1.0,0.0,0.0,0.0,0.0,0.0,0.0,0.4728031844883013,1.194059063613927,0.4275246971524827,0.7474197150958456,0.09981931,0.0873202599134915,0.11906006,0.8968098391072515,139
M-1288,Wood,0.1485868522608133,0.3555181128896377,0.97,0.490159901599016,0.8557557557557558,0.0,0.0,0.0,0.0,0.0,0.0,0.0,1.0,0.0707027445649831,0.4179433590872469,0.607161467631052,0.5772972323930486,0.1201408,0.06719837159857459,0.13938397,0.8967088283551469,140
M-0830,Cotton,0.545539717593522,0.945134793597304,0.65,0.3542435424354243,0.706006006006006,0.0,0.0,1.0,0.0,0.0,0.0,0.0,0.0,0.1041454738871712,0.5772077634655335,0.6250176888392107,1.0175971719352817,0.0681827,0.1192765335662157,0.08741968,0.8966518925913676,141
M-0774,Paper,0.0985745834169845,0.3325610783487784,0.6,0.0957359573595736,0.7291291291291292,0.0,0.0,0.0,0.0,1.0,0.0,0.0,0.0,0.0259320821436442,0.2964095723313446,0.4381685721055325,0.6815940665559783,0.10825025,0.0795344791799118,0.12749201,0.896486755113337,142
M-1090,Plastic,0.2222445292110018,0.6543807919123842,0.27,0.2837228372283722,0.8697697697697697,0.0,0.0,0.0,0.0,0.0,1.0,0.0,0.0,0.036949290413825,0.3396251728849423,0.4308287426153316,0.9653747448109725,0.0749413,0.11309972595422592,0.09417909,0.8963605938293083,143
M-1381,Wood,0.1596288117067077,0.7506318449873631,0.56,0.4100041000410004,0.778978978978979,0.0,0.0,0.0,0.0,0.0,0.0,0.0,1.0,0.0906195248138667,0.2126589753868218,0.4655452183763768,0.22456591688603733,0.16436395,0.025477724080131617,0.18361239,0.8954549422836074,144
M-0886,Steel,0.2323049811505945,0.6169966301600674,0.95,0.098810988109881,0.0436436436436436,0.0,0.0,0.0,0.0,0.0,0.0,1.0,0.0,0.0944985165567371,0.3765087089399804,0.3910150855533308,0.4736700689611191,0.13539788,0.05494147188819523,0.15464288,0.8952078240744418,145
M-0498,Paper,0.0294229182002721,0.1470092670598146,0.12,0.9805248052480526,0.8634634634634635,0.0,0.0,0.0,0.0,1.0,0.0,0.0,0.0,0.1338774608967311,0.2001419274226658,0.3068082063191479,0.16298977578377497,0.17334476,0.018194570116949315,0.19259427,0.8946055775022744,146
M-0643,Aluminum,0.1671685739142073,0.7714827295703455,0.65,0.4907749077490775,0.8109109109109109,1.0,0.0,0.0,0.0,0.0,0.0,0.0,0.0,0.0928001802540547,0.2166845099990725,0.5051407028389562,0.33174698066180314,0.15411867,0.03815497496729193,0.1733659,0.8942395595758901,147
M-1033,Aluminum,0.459992415623815,0.8553074978938501,0.5,0.7617876178761788,0.8798798798798799,1.0,0.0,0.0,0.0,0.0,0.0,0.0,0.0,0.0915060201653067,0.5378087751454836,0.5979609302134901,0.6474884046946293,0.119052455,0.07550050137769916,0.1382955,0.8931019985758675,148
M-0015,Cotton,0.0304267326953534,0.6073083403538333,0.49,0.9723247232472324,0.7933933933933934,0.0,0.0,1.0,0.0,0.0,0.0,0.0,0.0,0.2008887115898185,0.0501008805127648,0.3971887110961594,0.056682633984275956,0.18951876,0.005620685699188074,0.2087702,0.8928045568453256,149
M-1088,Cotton,0.3363224698297976,0.7590564448188711,0.5,0.1869618696186961,0.6923923923923924,0.0,0.0,1.0,0.0,0.0,0.0,0.0,0.0,0.0575108934272525,0.4430790740878011,0.4922467056496368,0.8342345144852084,0.09824526,0.09758861286509087,0.117485836,0.8924627754933235,150
M-0732,Aluminum,0.1174239889357335,0.2350463352990732,0.47,0.013120131201312,0.1381381381381381,1.0,0.0,0.0,0.0,0.0,0.0,0.0,0.0,0.0113077407050346,0.4995759206813545,0.2294110370157348,0.5249428768085488,0.13544573,0.061005959642588994,0.15469073,0.8921516563829482,151
M-0583,Paper,0.2260813312810903,0.1185762426284751,0.44,0.8159081590815909,0.9429429429429428,0.0,0.0,0.0,0.0,1.0,0.0,0.0,0.0,0.0465533183860367,1.906616533405535,0.505315415395319,0.9087243706044759,0.09062823,0.10639918593934267,0.109867886,0.8918664641759242,152
M-1119,Steel,0.1290013161123379,0.1910278011794439,0.6,0.502050020500205,0.357957957957958,0.0,0.0,0.0,0.0,0.0,0.0,1.0,0.0,0.3223372203692007,0.6752977316292734,0.3389879138323226,0.4374572726494755,0.14659645,0.050658264687259244,0.16584277,0.8917494818912947,153
M-0245,Bamboo,0.3591202123625331,0.5114785172704297,0.49,0.4727347273472734,0.9292292292292292,0.0,1.0,0.0,0.0,0.0,0.0,0.0,0.0,0.0334558010244767,0.702120417800932,0.569416853713782,0.8115918936938307,0.103882514,0.0949104701558931,0.12312375,0.8909828898767539,154
M-0970,Glass,0.2368556068616297,0.7327295703454086,0.92,0.1482164821648216,0.9862862862862862,0.0,0.0,0.0,1.0,0.0,0.0,0.0,0.0,0.0020325984040621,0.3232506141377125,0.6666281286305378,1.42740786248229,0.031586085,0.16774846281645997,0.050818715,0.8907164109695042,155
M-0233,Paper,0.1037721118026277,0.9443976411120472,0.22,0.4444444444444445,0.9355355355355356,0.0,0.0,0.0,0.0,1.0,0.0,0.0,0.0,0.0286508730953175,0.1098816826763263,0.3881695053817117,0.28181457791718484,0.16714808,0.032249028761005216,0.18639687,0.8906770521010876,156
M-0904,Bamboo,0.3582725467889089,0.4277590564448188,0.85,0.0592455924559245,0.812912912912913,0.0,1.0,0.0,0.0,0.0,0.0,0.0,0.0,0.0110840853153276,0.8375549362101935,0.6421828925894375,1.5344906935618616,0.019255538,0.18041409485518656,0.038486697,0.8905496041825427,157
M-1255,Steel,0.269758415311517,0.8977464195450716,0.87,0.081180811808118,0.5688688688688689,0.0,0.0,0.0,0.0,0.0,0.0,1.0,0.0,0.0349995752209774,0.3004836432147202,0.5395640267852675,0.6361145601939867,0.12718931,0.0741552163505991,0.14643332,0.8897057300138255,158
M-1176,Bamboo,0.0901202346695219,0.6197346251053075,0.26,0.1537515375153751,0.2607607607607607,0.0,1.0,0.0,0.0,0.0,0.0,0.0,0.0,0.1136591696247292,0.1454172247306396,0.192276322096037,0.29066353126513894,0.16835928,0.0332956726151424,0.1876082,0.8895480650267146,159
M-0822,Paper,0.1654286287893997,0.610256950294861,0.67,0.3025830258302582,0.5426426426426426,0.0,0.0,0.0,0.0,1.0,0.0,0.0,0.0,0.1383885730749199,0.2710798420724692,0.4299642443085527,0.3919647768335268,0.15664195,0.045277465480522215,0.17588948,0.8894165286928635,160
M-0497,Aluminum,0.1285105623591871,0.5785593934288121,0.25,0.6734317343173432,0.668968968968969,1.0,0.0,0.0,0.0,0.0,0.0,0.0,0.0,0.2229268013400854,0.2221212578994131,0.3270949156343655,0.2863599559153498,0.17087957,0.03278665075531821,0.1901288,0.888542272995754,161
M-0285,Plastic,0.0740145887706618,0.7382055602358888,0.16,0.1601066010660106,0.445945945945946,0.0,0.0,0.0,0.0,0.0,1.0,0.0,0.0,0.0887077114014383,0.100262707970261,0.2113896192920485,0.12331872357363263,0.1901689,0.013502324452381443,0.20942043,0.8885386239338015,162
M-0778,Cotton,0.3052265274710566,0.6419545071609098,0.91,0.1256662566625666,0.547947947947948,0.0,0.0,1.0,0.0,0.0,0.0,0.0,0.0,0.056807689198013,0.4754636794393133,0.5594749953728071,0.7769874980304092,0.113643035,0.0908175027027846,0.13288544,0.8881485280565857,163
M-1013,Wood,0.0952285351000468,0.4194397641112047,0.75,0.1533415334153341,0.3916916916916917,0.0,0.0,0.0,0.0,0.0,0.0,0.0,1.0,0.0932789287852838,0.22703691021028,0.3805989215475262,0.22797941696987623,0.1788859,0.025881468878342445,0.19813609,0.8879912199446789,164
M-0133,Aluminum,0.0165517856744517,0.9170176916596462,0.96,0.2580975809758097,0.3218218218218218,1.0,0.0,0.0,0.0,0.0,0.0,0.0,0.0,0.1750361472583694,0.0180495619391311,0.3911672608163272,0.2635962374325063,0.17513628,0.03009418475278405,0.19438602,0.8877598974722217,165
M-0037,Paper,0.5823908630573958,0.9719882055602358,0.58,0.490159901599016,0.9394394394394396,0.0,0.0,0.0,0.0,1.0,0.0,0.0,0.0,0.0296843584051455,0.5991742086494849,0.6887881770547901,0.8207444340316188,0.109760754,0.09599302192417691,0.12900269,0.8875021438802883,166
M-0927,Steel,0.0779852327734278,0.6644903117101938,0.05,0.560270602706027,0.7498498498498499,0.0,0.0,0.0,0.0,0.0,0.0,1.0,0.0,0.1401517753916277,0.1173608012612206,0.2711490480643261,0.16372862262902838,0.18760274,0.01828196005780734,0.20685396,0.8874320419790386,167
M-1363,Aluminum,0.1816904236097169,0.3746840775063184,0.6,0.2449774497744977,0.9744744744744746,1.0,0.0,0.0,0.0,0.0,0.0,0.0,0.0,0.006253178147397,0.4849150246893754,0.5450185117862292,0.9985724098531459,0.0890495,0.11702630695446695,0.10828898,0.8873423560125412,168
M-0859,Plastic,0.2313680876218519,0.5897219882055603,0.96,0.1929069290692907,0.4773773773773774,0.0,0.0,0.0,0.0,0.0,1.0,0.0,0.0,0.1008175251922689,0.3923335061532376,0.523760448261954,0.7959168709264276,0.113126665,0.09305644679314636,0.13236901,0.8872872707831525,169
M-0574,Plastic,0.2168239309375627,0.2221988205560235,0.48,0.7312423124231242,0.7034034034034035,0.0,0.0,0.0,0.0,0.0,1.0,0.0,0.0,0.2168839811521238,0.9758060577861476,0.4417505933960461,0.6059118892867538,0.13563028,0.07058287975432899,0.15487531,0.8872709059852242,170
M-0787,Bamboo,0.1786120591581342,0.4321819713563605,0.43,0.7129971299712997,0.7895895895895897,0.0,1.0,0.0,0.0,0.0,0.0,0.0,0.0,0.1500220187387058,0.4132787985551102,0.4373217005401306,0.5916079778765413,0.13759035,0.06889102983954974,0.1568356,0.8871366847133466,171
M-0827,Glass,0.0205001226884382,0.9471356360572872,0.41,0.3206232062320623,0.5811811811811812,0.0,0.0,0.0,1.0,0.0,0.0,0.0,0.0,0.1342830325200148,0.0216443139331782,0.3055544034297296,0.10366582896366702,0.19546129,0.011177803059771535,0.21471344,0.8870543787974343,172
M-0529,Plastic,0.1397978986816569,0.4918913226621735,0.13,0.8228782287822878,0.758958958958959,0.0,0.0,0.0,0.0,0.0,1.0,0.0,0.0,0.1983474249156905,0.2842042704083201,0.3226068471603505,0.3682157453269953,0.16604856,0.04246845780575935,0.1852972,0.8861171680750217,173
M-0780,Glass,0.5379776483972428,0.6325821398483572,0.18,0.0977859778597785,0.2594594594594595,0.0,0.0,0.0,1.0,0.0,0.0,0.0,0.0,0.0724144809015657,0.8504457588392361,0.3470288971967349,0.9877678696017064,0.093133025,0.11574835856822513,0.11237298,0.8859393309550118,174
M-0780,Glass,0.5379776483972428,0.6325821398483572,0.18,0.0977859778597785,0.2594594594594595,0.0,0.0,0.0,1.0,0.0,0.0,0.0,0.0,0.0724144809015657,0.8504457588392361,0.3470288971967349,0.9877678696017064,0.093133025,0.11574835856822513,0.11237298,0.8859393309550118,175
M-1050,Aluminum,0.0089227955118338,0.8041280539174389,0.63,0.3089380893808938,0.2635635635635636,1.0,0.0,0.0,0.0,0.0,0.0,0.0,0.0,0.2275132656231467,0.0110962232596435,0.2716381872738026,0.018027122786583687,0.20852624,0.0010485570380114402,0.22777994,0.885585751595645,176
M-0146,Bamboo,0.2025251511298489,0.3460404380791912,0.82,0.3698236982369823,0.896896896896897,0.0,1.0,0.0,0.0,0.0,0.0,0.0,0.0,0.0381299708892984,0.5852627137779416,0.5960791295210086,1.492959034394547,0.035153493,0.17550177877549558,0.05438655,0.885055836263278,177
M-0342,Paper,0.6488879966093376,0.8043386689132266,0.34,0.523780237802378,0.923923923923924,0.0,0.0,0.0,0.0,1.0,0.0,0.0,0.0,0.0398471452181989,0.8067337987769202,0.6387323758209122,0.8868111884500585,0.10780161,0.10380732037912786,0.1270433,0.8845746863966635,178
M-0342,Paper,0.6488879966093376,0.8043386689132266,0.34,0.523780237802378,0.923923923923924,0.0,0.0,0.0,0.0,1.0,0.0,0.0,0.0,0.0398471452181989,0.8067337987769202,0.6387323758209122,0.8868111884500585,0.10780161,0.10380732037912786,0.1270433,0.8845746863966635,179
M-0893,Aluminum,0.519708224586763,0.5846672283066555,0.86,0.1049610496104961,0.4385385385385385,1.0,0.0,0.0,0.0,0.0,0.0,0.0,0.0,0.0589315843108381,0.8888942470706287,0.5974448513962668,1.3260852424872427,0.055891756,0.1557641418088899,0.07512728,0.8845542884712703,180
M-1224,Bamboo,0.5168306230341966,0.6999789385004213,0.71,0.9694546945469454,0.9065065065065064,0.0,1.0,0.0,0.0,0.0,0.0,0.0,0.0,0.0906377061768615,0.7383506220784147,0.6916842011656306,1.059007072241468,0.08801676,0.12417444815019577,0.107256114,0.8842847186834623,181
M-1236,Paper,0.0776729349305137,0.5930918281381635,0.15,0.4897498974989749,0.7825825825825826,0.0,0.0,0.0,0.0,1.0,0.0,0.0,0.0,0.106480157894672,0.1309625260085247,0.3108439487469802,0.18840530330191932,0.19321133,0.021200688991185507,0.21246321,0.8831680480076688,182
M-0752,Steel,0.4777710856811439,0.7969671440606573,0.51,0.1693316933169331,0.8335335335335337,0.0,0.0,0.0,0.0,0.0,0.0,1.0,0.0,0.0281880486472532,0.5994858003317893,0.5941684943325176,1.3641504759337666,0.055339575,0.16026645310792198,0.07457504,0.8825792550639666,183
M-1189,Glass,0.4969327890428071,0.9286015164279696,0.76,0.1227962279622796,0.3594594594594595,0.0,0.0,0.0,1.0,0.0,0.0,0.0,0.0,0.078655962235298,0.5351404721089332,0.5346109534549607,0.7682852304912247,0.12646797,0.08978820867457607,0.14571191,0.8822499388102759,184
M-1189,Glass,0.4969327890428071,0.9286015164279696,0.76,0.1227962279622796,0.3594594594594595,0.0,0.0,0.0,1.0,0.0,0.0,0.0,0.0,0.078655962235298,0.5351404721089332,0.5346109534549607,0.7682852304912247,0.12646797,0.08978820867457607,0.14571191,0.8822499388102759,185
M-1425,Cotton,0.2248098329206539,0.6085720303285594,0.45,0.1283312833128331,0.6385385385385386,0.0,0.0,1.0,0.0,0.0,0.0,0.0,0.0,0.0463868132174815,0.369404856471018,0.4164854947298231,0.5115398731656132,0.15756802,0.05942066804501263,0.17681566,0.8818818365736164,186
M-1303,Bamboo,0.1631756229226616,0.5809814658803707,0.19,0.584460844608446,0.961061061061061,0.0,1.0,0.0,0.0,0.0,0.0,0.0,0.0,0.0227582851404089,0.2808615276803567,0.4105885674873829,0.4024911665055059,0.1708027,0.046522514541491373,0.19005191,0.8817127860985475,187
M-1190,Cotton,0.0741261237145597,0.9295492839090144,0.81,0.5280852808528085,0.4756756756756757,0.0,0.0,1.0,0.0,0.0,0.0,0.0,0.0,0.2768879580687698,0.0797440708670853,0.4153531521885266,0.11235304512030451,0.20704761,0.012205316828053306,0.22630115,0.8807467673190628,188
M-1190,Cotton,0.0741261237145597,0.9295492839090144,0.81,0.5280852808528085,0.4756756756756757,0.0,0.0,1.0,0.0,0.0,0.0,0.0,0.0,0.2768879580687698,0.0797440708670853,0.4153531521885266,0.11235304512030451,0.20704761,0.012205316828053306,0.22630115,0.8807467673190628,189
M-0475,Glass,0.4180998906957549,0.398167649536647,0.58,0.1271012710127101,0.8957957957957958,0.0,0.0,0.0,1.0,0.0,0.0,0.0,0.0,0.0132444867992223,1.0500572839732665,0.6099786950170407,1.2969002801556249,0.06737563,0.15231217859284746,0.08661252,0.8805376494025356,190
M-0572,Glass,0.1569296660643779,0.2287278854254422,0.94,0.4440344403444035,0.5324324324324324,0.0,0.0,0.0,1.0,0.0,0.0,0.0,0.0,0.2076161031880589,0.686094656442208,0.504501596155481,0.6345343168960846,0.1458702,0.0739683070212406,0.16511644,0.8804576243743398,191
M-1252,Aluminum,0.2446853599232639,0.8029696714406066,0.47,0.0764657646576465,0.6877877877877878,1.0,0.0,0.0,0.0,0.0,0.0,0.0,0.0,0.0238735455422622,0.3047251520211502,0.4452104803056419,1.0645324853101277,0.095097534,0.12482798754660575,0.11433773,0.8804171425129559,192
M-1045,Wood,0.0385910905886814,0.9685130581297388,0.3,0.8681836818368184,0.7276276276276276,0.0,0.0,0.0,0.0,0.0,0.0,0.0,1.0,0.2364692490768752,0.0398456690068115,0.3237247245237608,0.048885997018259596,0.2152488,0.004698508596140455,0.2345033,0.8803990962029903,193
M-1158,Aluminum,0.3661022998505431,0.9979991575400168,0.21,0.3120131201312013,0.7966966966966967,1.0,0.0,0.0,0.0,0.0,0.0,0.0,0.0,0.0634332979966436,0.366835913886981,0.4484499289492263,0.5612204421486864,0.15483291,0.06529682764847514,0.17408022,0.8803114747532237,194
M-1418,Bamboo,0.1235137968725601,0.1606992417860152,0.5,0.7439524395243952,0.6859859859859859,0.0,1.0,0.0,0.0,0.0,0.0,0.0,0.0,0.2336114917705734,0.7685974551116627,0.4052013145448198,0.6001727054515231,0.1515779,0.06990405580162994,0.17082483,0.8796355592173338,195
M-1418,Bamboo,0.1235137968725601,0.1606992417860152,0.5,0.7439524395243952,0.6859859859859859,0.0,1.0,0.0,0.0,0.0,0.0,0.0,0.0,0.2336114917705734,0.7685974551116627,0.4052013145448198,0.6001727054515231,0.1515779,0.06990405580162994,0.17082483,0.8796355592173338,196
M-0681,Cotton,0.5053871377902697,0.5908803706823926,0.68,0.075030750307503,0.2862862862862863,0.0,0.0,1.0,0.0,0.0,0.0,0.0,0.0,0.0535504754446943,0.8553106644851773,0.4920407410019938,0.8662774865228277,0.12086759,0.10137861812703723,0.14011085,0.8792552657693976,197
M-0353,Aluminum,0.8839144303910415,0.7489469250210616,0.55,0.1219762197621976,0.9597597597597598,1.0,0.0,0.0,0.0,0.0,0.0,0.0,0.0,0.0049083523868271,1.1802081304466987,0.8064937000843446,1.3618892247672054,0.06283384,0.15999899496422085,0.08207019,0.8789654091507898,198
M-0353,Aluminum,0.8839144303910415,0.7489469250210616,0.55,0.1219762197621976,0.9597597597597598,1.0,0.0,0.0,0.0,0.0,0.0,0.0,0.0,0.0049083523868271,1.1802081304466987,0.8064937000843446,1.3618892247672054,0.06283384,0.15999899496422085,0.08207019,0.8789654091507898,199
M-0591,Aluminum,0.2554373285150237,0.392586352148273,0.44,0.4153341533415334,0.9447447447447448,1.0,0.0,0.0,0.0,0.0,0.0,0.0,0.0,0.0229493946591117,0.6506509369628134,0.517598354829433,1.0346821604276375,0.102474816,0.12129732602611303,0.12171589,0.8784933927964413,200
M-1325,Steel,0.8796984095117,0.8898483572030329,0.97,0.0744157441574415,0.8339339339339339,0.0,0.0,0.0,0.0,0.0,0.0,1.0,0.0,0.0123579298856051,0.9885925099465832,0.8930595439848601,1.5431170524508833,0.043565273,0.1814344104970205,0.062799335,0.8778831274884588,201
M-1360,Bamboo,0.9840281960338172,0.9703032855939344,0.97,0.3058630586305862,0.770970970970971,0.0,1.0,0.0,0.0,0.0,0.0,0.0,0.0,0.0700515193340121,1.0141439243788173,0.9159025697048182,1.2633197383058492,0.07725638,0.14834031137153472,0.09649445,0.877582618731633,202
M-1360,Bamboo,0.9840281960338172,0.9703032855939344,0.97,0.3058630586305862,0.770970970970971,0.0,1.0,0.0,0.0,0.0,0.0,0.0,0.0,0.0700515193340121,1.0141439243788173,0.9159025697048182,1.2633197383058492,0.07725638,0.14834031137153472,0.09649445,0.877582618731633,203
M-1244,Bamboo,0.1326373552834102,0.8833192923336142,0.65,0.2148421484214842,0.3149149149149149,0.0,1.0,0.0,0.0,0.0,0.0,0.0,0.0,0.147185151531195,0.1501577133850283,0.3425294165878386,0.3253673085761637,0.18832661,0.037400394813313725,0.20757791,0.8775108455935644,204
M-0488,Paper,0.4717705056994355,0.5447556866048863,0.77,0.2634276342763427,0.8694694694694695,0.0,0.0,0.0,0.0,1.0,0.0,0.0,0.0,0.0343853488584935,0.8660205873555659,0.680549043120615,1.1867112795110113,0.08663773,0.13927915245028474,0.10587691,0.8774219699217273,205
M-1155,Cotton,0.7453434160922616,0.7485256950294861,0.93,0.056170561705617,0.4773773773773774,0.0,0.0,1.0,0.0,0.0,0.0,0.0,0.0,0.0293560062727754,0.9957472740005632,0.7203505796501178,1.3733797522813027,0.06516846,0.16135808112170463,0.08440509,0.8771184159718645,206
M-0075,Aluminum,0.5362153962836557,0.8241364785172706,0.21,0.051250512505125,0.2153153153153153,1.0,0.0,0.0,0.0,0.0,0.0,0.0,0.0,0.0402154922450125,0.6506382857971418,0.3420807531080568,0.8179426318932235,0.13155223,0.09566162804364098,0.15079677,0.8767708004534298,207
M-0207,Cotton,0.5176559816190412,0.4441870261162594,0.93,0.3644936449364493,0.5411411411411411,0.0,0.0,1.0,0.0,0.0,0.0,0.0,0.0,0.1672511379768452,1.1653983249957145,0.6484047349899589,1.2084276900510778,0.08618646,0.14184774409405645,0.10542559,0.8763633335596708,208
M-0189,Bamboo,0.1149702201699792,0.5415964616680708,0.17,0.026650266502665,0.4981981981981982,0.0,1.0,0.0,0.0,0.0,0.0,0.0,0.0,0.0133731517495355,0.2122798356843871,0.2464475475274511,0.4104419581752801,0.18075089,0.047462924882632825,0.20000128,0.8762678953186361,209
M-1274,Aluminum,0.0492315242365432,0.1009898904802022,0.72,0.1838868388683887,0.4107107107107107,1.0,0.0,0.0,0.0,0.0,0.0,0.0,0.0,0.1083625445864068,0.487484801871258,0.3589058229078305,0.343119422859851,0.18997112,0.039500094131680916,0.20922261,0.8756386455515759,210
M-0026,Wood,0.1472484329340382,0.6008845829823084,0.93,0.2246822468224682,0.4773773773773774,0.0,0.0,0.0,0.0,0.0,0.0,0.0,1.0,0.1174240250911017,0.2450523645503633,0.4811125863868285,0.4741512837127883,0.1750999,0.05499838940629597,0.19434962,0.875325996913864,211
M-0794,Paper,0.2542996720872649,0.403748946925021,0.28,0.1576465764657646,0.98998998998999,0.0,0.0,0.0,0.0,1.0,0.0,0.0,0.0,0.0015780438084661,0.6298444718668657,0.482716865831903,1.0996773346471815,0.10160967,0.1289848792282315,0.12085064,0.875082241608323,212
M-1452,Steel,0.1078989047268509,0.6788121314237573,0.98,0.7447724477244773,0.4076076076076076,0.0,0.0,0.0,0.0,0.0,0.0,1.0,0.0,0.4411975320954411,0.1589522944268055,0.4594418441730227,0.3502813673032129,0.19057284,0.040347200545350716,0.20982441,0.8749141931967537,213
M-1402,Glass,0.1711838318945325,0.3980623420387531,0.2,0.8649036490364904,0.8244244244244244,0.0,0.0,0.0,1.0,0.0,0.0,0.0,0.0,0.1518559559969974,0.4300416888874613,0.3758008600851403,0.5124151705091112,0.17197765,0.05952419719123947,0.191227,0.8746243994383807,214
M-1048,Aluminum,0.0691293582279328,0.0741364785172704,0.78,0.0797457974579745,0.1644644644644644,1.0,0.0,0.0,0.0,0.0,0.0,0.0,0.0,0.0666304475857571,0.9324481977334722,0.3109910826305124,0.6791558008573455,0.15417291,0.07924608396435588,0.17342015,0.8736668849639853,215
M-0081,Bamboo,0.2222222222222222,0.257687447346251,0.38,0.2560475604756047,0.9322322322322324,0.0,1.0,0.0,0.0,0.0,0.0,0.0,0.0,0.0173517716158142,0.8623678108612548,0.4825585585585585,1.5753398814174107,0.049036723,0.1852456890261956,0.06827143,0.8732414413135853,216
M-1322,Glass,0.5181244283834125,0.5382266217354676,0.74,0.002050020500205,0.415015015015015,0.0,0.0,0.0,1.0,0.0,0.0,0.0,0.0,0.0011992312115313,0.9626492722777138,0.5537542758578695,1.23438814852583,0.08983187,0.14491831676460457,0.109071426,0.8730051285709086,217
M-0410,Wood,0.0261214838608936,0.6576453243470936,0.57,0.6273062730627306,0.5813813813813814,0.0,0.0,0.0,0.0,0.0,0.0,0.0,1.0,0.2626020854803142,0.0397196530929095,0.3558630079587718,0.0462208341659873,0.23242001,0.004383276250582834,0.25167656,0.8719700821505875,218
M-0410,Wood,0.0261214838608936,0.6576453243470936,0.57,0.6273062730627306,0.5813813813813814,0.0,0.0,0.0,0.0,0.0,0.0,0.0,1.0,0.2626020854803142,0.0397196530929095,0.3558630079587718,0.0462208341659873,0.23242001,0.004383276250582834,0.25167656,0.8719700821505875,219
M-1053,Glass,0.3513573802672377,0.5592881213142377,0.91,0.48359983599836,0.987087087087087,0.0,0.0,0.0,1.0,0.0,0.0,0.0,0.0,0.0062446825669458,0.6282213740213747,0.7096690782330213,1.4153901833627582,0.07098579,0.16632702578353012,0.090223104,0.8717249352273985,220
M-1208,Wood,0.4196167659327667,0.6911331086773378,0.63,0.4036490364903649,0.8322322322322322,0.0,0.0,0.0,0.0,0.0,0.0,0.0,1.0,0.0677192978135987,0.6071423196516967,0.6065163760427763,1.070021899878107,0.11195806,0.12547726908245146,0.13120027,0.8716612310264584,221
M-1029,Steel,0.2524035780410002,0.3337194608256107,0.24,0.8435834358343584,0.8979979979979981,0.0,0.0,0.0,0.0,0.0,0.0,1.0,0.0,0.0860471993108318,0.7563323429931869,0.4423608306157994,0.9286855522898767,0.12906632,0.10876017116672788,0.14831056,0.8714646359127413,222
M-0035,Wood,0.1790581989337259,0.1400589721988205,0.8,0.4585895858958589,0.7297297297297297,0.0,0.0,0.0,0.0,0.0,0.0,0.0,1.0,0.1239431313232051,1.2784394864761637,0.5305421984924092,1.1127337141662934,0.10755447,0.13052917252978005,0.12679614,0.8713373431016986,223
M-1038,Bamboo,0.6130406656405452,0.8039174389216514,0.91,0.4300943009430094,0.924924924924925,0.0,1.0,0.0,0.0,0.0,0.0,0.0,0.0,0.0322893619326583,0.7625657479169863,0.7956937437336955,1.380014910994622,0.07619762,0.16214287993524182,0.09543555,0.8712107838828678,224
M-0622,Plastic,0.1784336032478975,0.9468197135636056,0.39,0.2339073390733907,0.6337337337337338,0.0,0.0,0.0,0.0,0.0,1.0,0.0,0.0,0.0856723677346883,0.1884555340749953,0.3784935614192791,0.742076784375086,0.15215409,0.0866883043157985,0.17140108,0.8709553061074053,225
M-0771,Steel,0.0572620401971937,0.2859098567818028,0.86,0.4159491594915949,0.3695695695695695,0.0,0.0,0.0,0.0,0.0,0.0,1.0,0.0,0.262227007655462,0.2002793487513283,0.3917756869497484,0.20203069795218995,0.21618272,0.022812284737048112,0.23543735,0.8708751833889794,226
M-1251,Bamboo,0.2594748934841286,0.2866470092670597,0.5,0.1982369823698236,0.7208208208208209,0.0,1.0,0.0,0.0,0.0,0.0,0.0,0.0,0.0553436380209647,0.9052038915169478,0.4700362036398977,0.8524356281592557,0.13982002,0.09974141930629539,0.15906554,0.8705965180442248,227
M-0324,Plastic,0.0147003056057462,0.4918913226621735,0.6,0.6453464534645347,0.0742742742742742,0.0,0.0,0.0,0.0,0.0,1.0,0.0,0.0,0.5974138139779797,0.0298852104992951,0.2081624045245808,0.13485960144769718,0.22515549,0.01486736599156305,0.24441117,0.8703607317629007,228
M-0950,Steel,0.5483950121573089,0.3929022746419545,0.98,0.068880688806888,0.2773773773773774,0.0,0.0,0.0,0.0,0.0,0.0,1.0,0.0,0.0497747439936861,1.395750678476913,0.5965712180761368,1.4432118254004969,0.0708356,0.16961773706946276,0.0900729,0.8701546814368492,229
M-1103,Paper,0.8614289857012202,0.9081718618365628,0.78,0.0338253382533825,0.7908908908908909,0.0,0.0,0.0,0.0,1.0,0.0,0.0,0.0,0.007073186347479,0.948529758926275,0.8158388615477554,1.4995274521503381,0.064765975,0.17627868354662243,0.08400256,0.8698593772930703,230
M-1060,Paper,0.095540832942961,0.4644060657118786,0.86,0.8085280852808528,0.4773773773773774,0.0,0.0,0.0,0.0,1.0,0.0,0.0,0.0,0.4225550683935268,0.2057264843645493,0.4394295463903976,0.2856791891301691,0.20843378,0.03270613045604747,0.22768748,0.8698031957392309,231
M-1002,Bamboo,0.2127863659684579,0.1154170176916596,0.44,0.1707667076670766,0.6885885885885886,0.0,1.0,0.0,0.0,0.0,0.0,0.0,0.0,0.0531787014566842,1.843614803166337,0.4236911229639597,0.7071693062772071,0.15987308,0.08255948862676331,0.179121,0.8691597544091716,232
M-1152,Steel,0.0020076289901626,0.0949873631002527,0.48,0.8825338253382534,0.2211211211211211,0.0,0.0,0.0,0.0,0.0,0.0,1.0,0.0,0.6873869564521471,0.0211355257069091,0.2111393879324014,0.492647861509409,0.18559922,0.05718614299840631,0.2048502,0.8689818300816075,233
M-1343,Bamboo,0.2012982667469718,0.5679233361415333,0.5,0.3819188191881918,0.5862862862862863,0.0,1.0,0.0,0.0,0.0,0.0,0.0,0.0,0.1580050530235031,0.354445573004651,0.4064051925846746,0.5029985859048185,0.18551162,0.05841041457588366,0.20476258,0.8684135037067786,234
M-1343,Bamboo,0.2012982667469718,0.5679233361415333,0.5,0.3819188191881918,0.5862862862862863,0.0,1.0,0.0,0.0,0.0,0.0,0.0,0.0,0.1580050530235031,0.354445573004651,0.4064051925846746,0.5029985859048185,0.18551162,0.05841041457588366,0.20476258,0.8684135037067786,235
M-1126,Cotton,0.5410783198376051,0.7783277169334457,0.64,0.035670356703567,0.543943943943944,0.0,0.0,1.0,0.0,0.0,0.0,0.0,0.0,0.0162676821963414,0.6951796947302823,0.5716145111182253,0.9270927470455548,0.13568708,0.10857177602503663,0.15493211,0.8682480562366348,236
M-1136,Glass,0.4600816435789332,0.8795282224094355,0.88,0.6275112751127512,0.8232232232232233,0.0,0.0,0.0,1.0,0.0,0.0,0.0,0.0,0.1109294206055173,0.5230998946442709,0.6949996243985402,1.20273566424708,0.103257366,0.1411744979381456,0.12249853,0.8681634874463133,237
M-0412,Cotton,0.1261237145597715,0.8804759898904803,0.09,0.1022960229602296,0.4111111111111111,0.0,0.0,1.0,0.0,0.0,0.0,0.0,0.0,0.0602409912988018,0.1432447593837287,0.2007828191572419,0.27752203271877984,0.21286808,0.031741311534588215,0.2321223,0.8680681932050265,238
M-0489,Aluminum,0.9686586807646836,0.9631423757371524,0.7,0.035260352603526,0.6623623623623623,1.0,0.0,0.0,0.0,0.0,0.0,0.0,0.0,0.0119052221553246,1.00572635930067,0.7961721810145821,1.4375117637404358,0.0759218,0.16894354044189377,0.09515972,0.8679483713269714,239
M-1277,Aluminum,0.7303754266211604,0.9734625105307496,0.26,0.0211152111521115,0.8268268268268268,1.0,0.0,0.0,0.0,0.0,0.0,0.0,0.0,0.0036565881174327,0.7502853663440827,0.6181982186965123,1.4537172888410204,0.07420692,0.1708603110002462,0.09344463,0.8678475292480496,240
M-0112,Bamboo,0.4517834437529278,0.4221777590564448,0.61,0.2244772447724477,0.9097097097097098,0.0,1.0,0.0,0.0,0.0,0.0,0.0,0.0,0.0202681155940688,1.070123576947946,0.636626290414084,1.5784876336680127,0.060355425,0.18561800148145347,0.07959148,0.8673952578204076,241
M-0594,Paper,0.7267170804613086,0.9513479359730416,0.83,0.0129151291512915,0.4895895895895896,0.0,0.0,0.0,0.0,1.0,0.0,0.0,0.0,0.0065920163706141,0.7638806887590839,0.6865637090614003,1.5815057551886622,0.06055565,0.18597498136556115,0.07979173,0.867116643251002,242
M-1242,Paper,0.15628276338977,0.6070977253580455,0.57,0.2964329643296433,0.4773773773773774,0.0,0.0,0.0,0.0,1.0,0.0,0.0,0.0,0.1549225732497565,0.257425616068622,0.3767263185691212,0.4554787162969571,0.19396919,0.05278981996782554,0.21322116,0.8669945087372862,243
M-1346,Glass,0.7926342323049811,0.6450084245998315,0.44,0.2695776957769578,0.906006006006006,0.0,0.0,0.0,1.0,0.0,0.0,0.0,0.0,0.0253386843177741,1.2288723266279975,0.7208554947237943,1.7155648553700253,0.046392217,0.20183133496792544,0.065626614,0.8662710256181586,244
M-1076,Steel,0.5290994668629682,0.7521061499578771,0.16,0.1902419024190242,0.8573573573573574,0.0,0.0,0.0,0.0,0.0,0.0,1.0,0.0,0.0271366077024133,0.7034894787166978,0.5168469939523945,1.1060465434120936,0.11897701,0.12973822179286976,0.13822006,0.8660208606578444,245
M-1300,Plastic,0.0788105913582725,0.5636057287278855,0.52,0.4401394013940139,0.4773773773773774,0.0,0.0,0.0,0.0,0.0,1.0,0.0,0.0,0.2300268082760907,0.1398325948594609,0.3307374497565222,0.18776022415554142,0.22775316,0.021124389784099667,0.24700916,0.86593322604072,246
M-1300,Plastic,0.0788105913582725,0.5636057287278855,0.52,0.4401394013940139,0.4773773773773774,0.0,0.0,0.0,0.0,0.0,1.0,0.0,0.0,0.2300268082760907,0.1398325948594609,0.3307374497565222,0.18776022415554142,0.22775316,0.021124389784099667,0.24700916,0.86593322604072,247
M-1422,Aluminum,0.0666755894621785,0.0495998315080033,0.57,0.8075030750307503,0.8032032032032033,1.0,0.0,0.0,0.0,0.0,0.0,0.0,0.0,0.158914018569615,1.3442433813114607,0.4386311967458324,0.9900919646440145,0.13314101,0.11602324981206075,0.15238574,0.8657955043578475,248
M-0553,Steel,0.0489415333824087,0.9440817186183658,0.76,0.2689626896268963,0.2747747747747748,0.0,0.0,0.0,0.0,0.0,0.0,1.0,0.0,0.1950585271618481,0.0518403021443216,0.3300090457853959,0.11227158747966136,0.23762918,0.012195682113573612,0.25688636,0.8654589774284732,249
M-1411,Paper,0.6504048718463494,0.5101095197978096,0.62,0.570930709307093,0.9635635635635637,0.0,0.0,0.0,0.0,1.0,0.0,0.0,0.0,0.0208026804992774,1.2750273648623198,0.7352310178076088,1.7967228901728207,0.039289374,0.21143061241917754,0.05852292,0.8650232332626335,250
M-1003,Aluminum,0.0089227955118338,0.6059393428812132,0.68,0.3351783517835178,0.1281281281281281,1.0,0.0,0.0,0.0,0.0,0.0,0.0,0.0,0.2922325769804244,0.01472553464489,0.246007556643172,0.03163018181961396,0.24845493,0.0026575109531858554,0.2677134,0.8648145456527482,251
M-1297,Glass,0.0646902674607954,0.0827716933445661,0.5,0.557810578105781,0.708008008008008,0.0,0.0,0.0,1.0,0.0,0.0,0.0,0.0,0.1628762218553116,0.7815411683114245,0.3882785093867206,0.6728791829516817,0.17310345,0.07850369293827489,0.19235294,0.8645716856949595,252
M-0875,Plastic,0.1727453211091034,0.7330454928390902,0.95,0.8019680196801968,0.5137137137137138,0.0,0.0,0.0,0.0,0.0,1.0,0.0,0.0,0.3899860500106502,0.2356539766530504,0.5082122425577555,0.33084240989716257,0.21380135,0.03804798339504433,0.2330557,0.8644481603567877,253
M-1179,Bamboo,0.6415489973008544,0.8647851727042967,0.74,0.2656826568265683,0.773073073073073,0.0,1.0,0.0,0.0,0.0,0.0,0.0,0.0,0.0602905488514344,0.741858528212412,0.7105415208422636,2.058706524981982,0.009892605,0.24241773038391703,0.02912265,0.8642298094963807,254
M-0620,Glass,0.2352048896919404,0.353201347935973,0.18,0.5871258712587125,0.9016016016016016,0.0,0.0,0.0,1.0,0.0,0.0,0.0,0.0,0.0577722453901215,0.6659210819702064,0.4185624363572566,1.1918197740042442,0.1133345,0.13988337920513277,0.13257687,0.8637698764284127,255
M-0327,Glass,0.3825648575698766,0.9793597304128054,0.43,0.490159901599016,0.5743743743743743,0.0,0.0,0.0,1.0,0.0,0.0,0.0,0.0,0.2086246147746763,0.3906271159234898,0.4543382553402629,0.679314863310739,0.17419647,0.07926489768533755,0.19344608,0.8636445087288377,256
M-0428,Aluminum,0.1041513306118807,0.0581297388374052,0.81,0.1633866338663386,0.770970970970971,1.0,0.0,0.0,0.0,0.0,0.0,0.0,0.0,0.037420282110729,1.7916739524539254,0.5159518235360436,1.226187122127159,0.10991131,0.14394830895235067,0.12915327,0.8634492122492694,257
M-0442,Cotton,0.5811639786745187,0.5954085930918281,0.87,0.1535465354653546,0.4866866866866867,0.0,0.0,1.0,0.0,0.0,0.0,0.0,0.0,0.0788174808675013,0.9760742611765204,0.6394715974758135,1.1240430880012588,0.12267987,0.13186683204193503,0.14192334,0.8631049148916226,258
M-0001,Bamboo,0.1141002476075754,0.0939342881213142,0.9,0.3839688396883969,0.2874874874874875,0.0,1.0,0.0,0.0,0.0,0.0,0.0,0.0,0.2735826026928938,1.2146686286863655,0.4018863452892764,0.9292573785976544,0.14591192,0.10882780611372508,0.16515817,0.8630070132024262,259
M-1407,Plastic,0.1392848379397265,0.340564448188711,0.18,0.2484624846248462,0.7125125125125126,0.0,0.0,0.0,0.0,0.0,1.0,0.0,0.0,0.0714298554396955,0.4089811185500746,0.3234676889296444,0.36854701287731495,0.21244857,0.04250763974423089,0.23170274,0.862894807647492,260
M-0613,Paper,0.6220973030850565,0.950821398483572,0.76,0.003690036900369,0.540940940940941,0.0,0.0,0.0,0.0,1.0,0.0,0.0,0.0,0.0016939448673766,0.6542728737535151,0.639121203516305,0.8810400819851877,0.15240552,0.10312472065512492,0.17165254,0.862611369390169,261
M-1091,Paper,0.3703629347074438,0.8895324347093513,0.5,0.2447724477244772,0.5686686686686687,0.0,0.0,0.0,0.0,1.0,0.0,0.0,0.0,0.1055780257502274,0.4163563956743877,0.4687457744835781,0.6025552527173272,0.18551643,0.07018586070610734,0.2047674,0.8625233666535534,262
M-0958,Aluminum,0.2136340315420821,0.74863100252738,0.2,0.3347683476834768,0.7625625625625626,1.0,0.0,0.0,0.0,0.0,0.0,0.0,0.0,0.0794865386091298,0.2853658817962017,0.3742223813856016,0.6366509742052198,0.18306252,0.0742186627725717,0.2023132,0.861734068794054,263
M-0985,Cotton,0.1279751946284771,0.3912173546756529,0.43,0.3765887658876588,0.0874874874874874,0.0,0.0,1.0,0.0,0.0,0.0,0.0,0.0,0.3436419609441339,0.3271196075004645,0.2064363240976371,0.3409844967276616,0.21805894,0.03924757756532231,0.23731379,0.8617193151625941,264
M-0897,Wood,0.1249637511432331,0.4918913226621735,0.68,0.5106601066010661,0.5149149149149149,0.0,0.0,0.0,0.0,0.0,0.0,0.0,1.0,0.2477136012601367,0.2540469639105486,0.4084599749317678,0.3303245094412678,0.21946572,0.037986726734747615,0.23872073,0.8616462716590811,265
M-1148,Plastic,0.1855049186910259,0.8451979780960406,0.5,0.3271832718327183,0.4907907907907908,0.0,0.0,0.0,0.0,0.0,1.0,0.0,0.0,0.1666047351164202,0.219480765474786,0.3714392047136475,0.45398716924843346,0.20489281,0.0526134015271232,0.22414608,0.8616202577377774,266
M-0289,Aluminum,0.0623703406277186,0.7537910699241787,0.66,0.526650266502665,0.5380380380380381,1.0,0.0,0.0,0.0,0.0,0.0,0.0,0.0,0.2432923903813612,0.0827421023863945,0.3843595476624989,0.18773462042187908,0.236595,0.02112136140442278,0.25585204,0.8615132974834423,267
M-0870,Wood,0.7301969707109237,0.2145113732097725,0.86,0.6711767117671177,0.4382382382382382,0.0,0.0,0.0,0.0,0.0,0.0,0.0,1.0,0.3770414120557622,3.403985326277012,0.6815502597558409,1.4417023795554378,0.08854386,0.16943920158003684,0.10778328,0.8613887590534741,268
M-0696,Paper,0.174596801177809,0.1025695029486099,0.98,0.3392783927839278,0.7084084084084085,0.0,0.0,0.0,0.0,1.0,0.0,0.0,0.0,0.0989307265445026,1.7022125870367022,0.5763612429936461,1.367014244332668,0.09751854,0.16060517628528798,0.11675902,0.8613179033024205,269
M-0318,Aluminum,0.1076535278502754,0.2811710193765795,0.98,0.7246822468224682,0.4978978978978979,1.0,0.0,0.0,0.0,0.0,0.0,0.0,0.0,0.3638644794856357,0.382874256439055,0.4864307805094795,0.7288708764277052,0.17319569,0.08512632496661104,0.19244519,0.8612142431363158,270
M-0318,Aluminum,0.1076535278502754,0.2811710193765795,0.98,0.7246822468224682,0.4978978978978979,1.0,0.0,0.0,0.0,0.0,0.0,0.0,0.0,0.3638644794856357,0.382874256439055,0.4864307805094795,0.7288708764277052,0.17319569,0.08512632496661104,0.19244519,0.8612142431363158,271
M-0109,Wood,0.5637645274264427,0.5342249368155013,0.4,0.8532185321853218,0.9103103103103104,0.0,0.0,0.0,0.0,0.0,0.0,0.0,1.0,0.076524905389194,1.0552923184280787,0.6185989040636701,1.1198472908550887,0.12715963,0.13137055806200038,0.14640364,0.861112900714674,272
M-0884,Cotton,0.7952441499921925,0.5444397641112048,0.86,0.0740057400574005,0.9843843843843844,0.0,0.0,1.0,0.0,0.0,0.0,0.0,0.0,0.0011556451900855,1.460662394173262,0.8714129753121923,2.0718057697654344,0.014831279,0.24396709373880568,0.034061912,0.8609854969069901,273
M-0461,Plastic,0.4245689174418345,0.7734835720303286,0.11,0.1656416564165641,0.4773773773773774,0.0,0.0,0.0,0.0,0.0,1.0,0.0,0.0,0.0865680768919801,0.5489041834763151,0.346040780189947,0.7749948603058827,0.16827391,0.09058181584289401,0.18752283,0.8609476777890785,274
M-0692,Wood,0.0910348212094849,0.601832350463353,0.83,0.2314473144731447,0.0749749749749749,0.0,0.0,0.0,0.0,0.0,0.0,0.0,1.0,0.2140945578624955,0.1512625067045503,0.3079064209762864,0.17839467341569354,0.23917286,0.020016643394552013,0.2584302,0.8607765719346592,275
M-0741,Bamboo,0.2352048896919404,0.1793386689132266,0.26,0.009430094300943,0.4773773773773774,0.0,1.0,0.0,0.0,0.0,0.0,0.0,0.0,0.0049283806151374,1.311505095984894,0.3152951690899893,1.2597903036806235,0.111910895,0.1479228539713411,0.13115309,0.8604620271201835,276
M-0383,Paper,0.0781190747061054,0.0043176074136478,0.66,0.1834768347683477,0.6717717717717717,0.0,0.0,0.0,0.0,1.0,0.0,0.0,0.0,0.0602222763969381,18.088950261889995,0.4307791614139736,0.30685169332635315,0.22462142,0.035210389493502255,0.24387704,0.8604562860734278,277
M-1147,Bamboo,0.6150929086082669,0.8257160909856782,0.15,0.4965149651496515,0.7066066066066066,0.0,1.0,0.0,0.0,0.0,0.0,0.0,0.0,0.1456742104958587,0.7449196768762723,0.5030191454252887,0.8112550776359007,0.1653008,0.09487063194642975,0.18454936,0.8602900032931045,278
M-1147,Bamboo,0.6150929086082669,0.8257160909856782,0.15,0.4965149651496515,0.7066066066066066,0.0,1.0,0.0,0.0,0.0,0.0,0.0,0.0,0.1456742104958587,0.7449196768762723,0.5030191454252887,0.8112550776359007,0.1653008,0.09487063194642975,0.18454936,0.8602900032931045,279
M-1218,Plastic,0.3603917107229695,0.6680707666385847,0.5,0.0670356703567035,0.0326326326326326,0.0,0.0,0.0,0.0,0.0,1.0,0.0,0.0,0.064848119952671,0.5394505930647047,0.3039464740789775,0.754080876453398,0.17316099,0.08810813428938144,0.19241048,0.8597406908771408,280
M-1218,Plastic,0.3603917107229695,0.6680707666385847,0.5,0.0670356703567035,0.0326326326326326,0.0,0.0,0.0,0.0,0.0,1.0,0.0,0.0,0.064848119952671,0.5394505930647047,0.3039464740789775,0.754080876453398,0.17316099,0.08810813428938144,0.19241048,0.8597406908771408,281
M-0178,Glass,0.5404760311405563,0.9562973883740522,0.66,0.2388273882738827,0.6496496496496497,0.0,0.0,0.0,1.0,0.0,0.0,0.0,0.0,0.0836732591550139,0.5651750935808869,0.6090853073511174,1.5451566004174577,0.079606354,0.18167564584548423,0.09884471,0.8597398235711696,282
M-0472,Cotton,0.1484083963505766,0.7834877843302445,0.61,0.4208692086920869,0.2447447447447447,0.0,0.0,1.0,0.0,0.0,0.0,0.0,0.0,0.3178636816398194,0.1894199372329773,0.315786781963654,0.3587467728448753,0.21993533,0.04134847881347588,0.2391904,0.8597305607698825,283
M-0638,Bamboo,0.1281313435499342,0.4095408593091828,0.05,0.9169741697416974,0.9766766766766768,0.0,1.0,0.0,0.0,0.0,0.0,0.0,0.0,0.0213868850400215,0.3128650726108114,0.3592555404229766,0.36876723119454163,0.21893887,0.04253368690927183,0.23819382,0.8596362441017262,284
M-0387,Glass,0.8512123848401705,0.9664069081718618,0.73,0.5865108651086511,0.8675675675675676,0.0,0.0,0.0,1.0,0.0,0.0,0.0,0.0,0.0776730605143889,0.8808003097267645,0.8197552242063385,1.2438074336668128,0.11581778,0.14603241879628212,0.13506043,0.8594535758153294,285
M-0469,Steel,0.6537732271520666,0.8474094355518114,0.69,0.0895858958589585,0.9384384384384384,0.0,0.0,0.0,0.0,0.0,0.0,1.0,0.0,0.0055150476429689,0.7714953695682857,0.7500408223923583,2.031549945972433,0.02302463,0.239205681975242,0.04225624,0.8592690391115564,286
M-0765,Steel,0.1932900577751009,0.621524852569503,0.5,0.490159901599016,0.60990990990991,0.0,0.0,0.0,0.0,0.0,0.0,1.0,0.0,0.1912065201733098,0.3109927881133247,0.4102889960830134,0.5557736059914908,0.19820261,0.06465258223726625,0.21745509,0.8589461643352396,287
M-1272,Wood,0.5590800597827299,0.4693555181128896,0.44,0.2088970889708897,0.8424424424424425,0.0,0.0,0.0,0.0,0.0,0.0,0.0,1.0,0.0329133151191371,1.1911628755696966,0.6083647566458248,1.203038199437913,0.121820815,0.14121028144673634,0.14106418,0.8588627683146988,288
M-0287,Aluminum,0.3379285730219277,0.740838247683235,0.98,0.1422714227142271,0.2650650650650651,1.0,0.0,0.0,0.0,0.0,0.0,0.0,0.0,0.1045602387955811,0.4561429137005142,0.5086909487282906,0.940926418920361,0.1530161,0.11020800655746045,0.1722632,0.8587643941955587,289
M-0346,Bamboo,0.1739722054919806,0.7756950294860994,0.47,0.4762197621976219,0.5928928928928929,0.0,1.0,0.0,0.0,0.0,0.0,0.0,0.0,0.1938724497355083,0.2242788397502017,0.3884567500646601,0.3424995840803642,0.22410414,0.039426780325675176,0.2433597,0.8586067599145054,290
M-0016,Steel,0.5688282138794084,0.6315290648694187,0.3,0.511070110701107,0.9065065065065064,0.0,0.0,0.0,0.0,0.0,0.0,1.0,0.0,0.0477817300695529,0.900714384828258,0.5894832375037153,1.2604018538052224,0.116380155,0.14799518740493936,0.13562289,0.8581909618957893,291
M-0905,Glass,0.084744250373642,0.4427127211457455,0.38,0.1842968429684296,0.752952952952953,0.0,0.0,0.0,1.0,0.0,0.0,0.0,0.0,0.0455299908354438,0.1914199771227407,0.3737835860353427,0.7978492435785113,0.17167202,0.09328500557074165,0.19092134,0.8578968290084142,292
M-1010,Cotton,0.5468112159539583,0.8960614995787701,0.99,0.2125871258712587,0.1963963963963964,0.0,0.0,1.0,0.0,0.0,0.0,0.0,0.0,0.1708357804298763,0.6102378084240873,0.5746434053005022,0.8828183206531012,0.16190754,0.10333504864531498,0.1811557,0.8577546274217083,293
M-1092,Bamboo,0.4304802694684244,0.5790859309182814,0.95,0.6443214432144321,0.4773773773773774,0.0,1.0,0.0,0.0,0.0,0.0,0.0,0.0,0.3367369624647197,0.743377628615784,0.600405321000583,0.9169116963918416,0.15829153,0.1073675732593127,0.17753926,0.8575465837726798,294
M-1069,Steel,0.6238149412210846,0.804865206402696,0.89,0.6467814678146782,0.9066066066066066,0.0,0.0,0.0,0.0,0.0,0.0,1.0,0.0,0.0604051160631726,0.7750542093314989,0.7885079584704159,1.517074502379997,0.087839715,0.17835412812847856,0.107079044,0.8572834139435541,295
M-0143,Paper,0.8301545874322426,0.4307076663858466,0.68,0.8679786797867979,0.9307307307307308,0.0,0.0,0.0,0.0,1.0,0.0,0.0,0.0,0.0601242488901365,1.9274155646744195,0.8152810541921163,1.7192324288510912,0.06415436,0.2022651312704499,0.08339087,0.8571719997646603,296
M-1476,Cotton,0.4673314149322982,0.9290227464195452,0.06,0.08610086100861,0.4773773773773774,0.0,0.0,1.0,0.0,0.0,0.0,0.0,0.0,0.0449982577903857,0.5030349511876226,0.3481457791861325,0.6986432931654878,0.18528867,0.08155104176612557,0.20453961,0.8569546731491294,297
M-0211,Bamboo,0.0798813268196926,0.9943133951137322,0.57,0.7999179991799918,0.5316316316316316,0.0,1.0,0.0,0.0,0.0,0.0,0.0,0.0,0.3746562881044226,0.0803380974993886,0.3624420202173665,0.28898183689357587,0.23414934,0.033096763771426944,0.2534061,0.8567485644014416,298
M-1369,Aluminum,0.0805505364830801,0.7962299915754002,0.76,0.5,0.1716716716716717,1.0,0.0,0.0,0.0,0.0,0.0,0.0,0.0,0.4141641641641641,0.1011647842590315,0.3117217160947335,0.4247022086340413,0.21820913,0.049149610631131,0.237464,0.8566931967772728,299
M-0151,Glass,0.2054473666599746,0.3407750631844987,0.43,0.2412874128741287,0.4773773773773774,0.0,0.0,0.0,1.0,0.0,0.0,0.0,0.0,0.1261022605221047,0.6028808618190529,0.3543921598772031,0.6634899709705191,0.18999931,0.0773931479247737,0.20925081,0.8566780221565402,300
M-0253,Paper,0.8730509268553838,0.573820556023589,0.76,0.2300123001230012,0.8318318318318318,0.0,0.0,0.0,0.0,1.0,0.0,0.0,0.0,0.038680747167832,1.5214676369172404,0.826769920291703,1.8420561388180188,0.050739862,0.2167925760567799,0.069974765,0.8566163293808393,301
M-0631,Aluminum,0.1609226170559236,0.3317186183656276,0.06,0.2013120131201312,0.4312312312312312,1.0,0.0,0.0,0.0,0.0,0.0,0.0,0.0,0.1144999858406992,0.48511636980889,0.2117384161917388,0.5899197399073662,0.19961636,0.06869134702676073,0.218869,0.8562198261499726,302
M-0888,Wood,0.1497691226661313,0.7382055602358888,0.66,0.9335793357933578,0.6237237237237238,0.0,0.0,0.0,0.0,0.0,0.0,0.0,1.0,0.351283756080804,0.2028824054588103,0.4450247661835697,0.3134358751457725,0.23339422,0.03598915881964074,0.2526509,0.855679977203148,303
M-0455,Steel,0.4872738629012468,0.4918913226621735,0.11,0.915539155391554,0.9347347347347348,0.0,0.0,0.0,0.0,0.0,0.0,1.0,0.0,0.0597529058373666,0.9906108317854382,0.5083299655809191,1.4584272450182088,0.09821685,0.17141739910911838,0.11745741,0.8555625943537984,304
M-0739,Steel,0.3868031854379977,0.7187236731255265,0.78,0.6650266502665028,0.5996996996996997,0.0,0.0,0.0,0.0,0.0,0.0,1.0,0.0,0.2662103678093838,0.5381799177088246,0.568631184085109,0.8966875582989172,0.1650726,0.10497548585554366,0.18432114,0.85535168943097,305
M-1441,Aluminum,0.2580472462022351,0.827190395956192,0.33,0.7898728987289872,0.8740740740740741,1.0,0.0,0.0,0.0,0.0,0.0,0.0,0.0,0.0994654761362428,0.3119559118527162,0.4644411207031163,1.3457727296922244,0.113263674,0.15809275477318613,0.13250603,0.8547006087045439,306
M-1410,Plastic,0.748444087532624,0.9110151642796968,0.5,0.490159901599016,0.7838838838838839,0.0,0.0,0.0,0.0,0.0,1.0,0.0,0.0,0.105931454209437,0.8215486364332384,0.6845428001782148,1.0818384490519106,0.14453885,0.12687491670059953,0.16378494,0.8546700736144791,307
M-0500,Paper,0.6157621182716545,0.636267902274642,0.97,0.6859368593685936,0.813013013013013,0.0,0.0,0.0,0.0,1.0,0.0,0.0,0.0,0.1282612665966499,0.9677702557367232,0.7812087512125656,1.4208212475691826,0.104758605,0.16696940570684532,0.12399995,0.8545153205115981,308
M-0810,Steel,0.9002208391889179,0.9518744734625106,1.0,0.8318983189831899,0.8112112112112112,0.0,0.0,0.0,0.0,0.0,0.0,1.0,0.0,0.1570530760362659,0.9457338320886708,0.9034516990389304,1.1941753824142705,0.1316287,0.14016199781325075,0.15087326,0.8544823717384209,309
M-0951,Glass,0.966271832965268,0.5536015164279697,0.25,0.490159901599016,0.9974974974974976,0.0,0.0,0.0,1.0,0.0,0.0,0.0,0.0,0.0012266263803779,1.7454252903328185,0.7607579824353565,1.8930557212861276,0.049804516,0.22282474703281405,0.069039315,0.8540679689909554,310
M-0371,Paper,0.8889111958776685,0.7892796967144061,0.29,0.490159901599016,0.9082082082082082,0.0,0.0,0.0,0.0,1.0,0.0,0.0,0.0,0.044992655632262,1.1262294891766658,0.7150269408135299,1.6154374068636972,0.08284527,0.18998837744642197,0.10208401,0.8539638058570579,311
M-1065,Wood,0.0792567311338642,0.2177759056444818,0.77,0.2749077490774907,0.2299299299299299,0.0,0.0,0.0,0.0,0.0,0.0,0.0,1.0,0.2116982295949085,0.3639354269421473,0.3316816714325246,0.2938537268479458,0.23955312,0.03367300521810074,0.25881052,0.8537582373048901,312
M-1379,Wood,0.882062950322336,0.7929654591406908,0.34,0.554530545305453,0.868068068068068,0.0,0.0,0.0,0.0,0.0,0.0,0.0,1.0,0.0731602861574161,1.112358461262278,0.7152456005493548,1.3393761078953292,0.11599332,0.1573361698271814,0.13523601,0.8537139101087062,313
M-0326,Wood,0.4261750206339646,0.6407961246840775,0.58,0.1250512505125051,0.4773773773773774,0.0,0.0,0.0,0.0,0.0,0.0,0.0,1.0,0.065354612505084,0.6650701200384992,0.4876832214667991,0.7518173300770212,0.1857884,0.0878404046709473,0.2050394,0.8535600992234977,314
M-0979,Cotton,0.8138481786343662,0.4918913226621735,0.74,0.490159901599016,0.9344344344344344,0.0,0.0,1.0,0.0,0.0,0.0,0.0,0.0,0.0321376111659014,1.6545250680672008,0.8278696017840768,1.9114671824651535,0.048689064,0.2250024331309296,0.06792373,0.8535369173835765,315
M-0979,Cotton,0.8138481786343662,0.4918913226621735,0.74,0.490159901599016,0.9344344344344344,0.0,0.0,1.0,0.0,0.0,0.0,0.0,0.0,0.0321376111659014,1.6545250680672008,0.8278696017840768,1.9114671824651535,0.048689064,0.2250024331309296,0.06792373,0.8535369173835765,316
M-0022,Steel,0.8464386892413392,0.3846882898062342,0.9,0.1256662566625666,0.8706706706706707,0.0,0.0,0.0,0.0,0.0,0.0,1.0,0.0,0.016252332693497,2.2003177932707345,0.8697766768977371,2.334158884425173,-0.0010364277,0.27499791334820617,0.018192315,0.8534048855888207,317
M-0019,Cotton,0.3401592718998862,0.4918913226621735,0.16,0.8579335793357933,0.881981981981982,0.0,0.0,1.0,0.0,0.0,0.0,0.0,0.0,0.1012516206243143,0.6915319801270897,0.448658303354549,0.7447424487194451,0.18736409,0.08700359597725371,0.20661527,0.8531905674193169,318
M-0435,Paper,0.0996676258671841,0.3375105307497893,0.13,0.1410414104141041,0.2281281281281281,0.0,0.0,0.0,0.0,1.0,0.0,0.0,0.0,0.1088658974677835,0.2953013950242539,0.147305488785312,0.4872849612339681,0.21853904,0.05655182542513776,0.23779394,0.8528271186246923,319
M-1320,Aluminum,0.328247339891588,0.8625737152485257,0.5,0.4182041820418204,0.5710710710710711,1.0,0.0,0.0,0.0,0.0,0.0,0.0,0.0,0.1793798718767968,0.3805436608433544,0.4526202572779565,0.5861623770982285,0.20756578,0.06824693054751046,0.22681938,0.8524668441673344,320
M-0546,Cotton,0.5053871377902697,0.5938289806234205,0.3,0.7947929479294793,0.9790790790790792,0.0,0.0,1.0,0.0,0.0,0.0,0.0,0.0,0.0166278004121382,0.8510636954700386,0.5858785788398315,1.1105689924613351,0.14558756,0.1302731317779169,0.16483377,0.8524465495099254,321
M-0222,Glass,0.93716121260791,0.9644060657118788,0.54,0.3103731037310372,0.6021021021021021,0.0,0.0,0.0,1.0,0.0,0.0,0.0,0.0,0.1234968055386259,0.9717485965494694,0.7174951156737948,1.2857103772825942,0.124979764,0.15098864996636222,0.14422353,0.852393911956726,322
M-0323,Paper,0.0390149233754935,0.321609098567818,0.5,0.8216482164821649,0.6236236236236237,0.0,0.0,0.0,0.0,1.0,0.0,0.0,0.0,0.3092489783756696,0.1213112509502448,0.3526930564372845,0.10292417652293916,0.26523757,0.011090081276361621,0.28449804,0.8522059414079465,323
M-0056,Paper,0.7360190947823952,0.3972198820556023,0.97,0.534030340303403,0.8003003003003003,0.0,0.0,0.0,0.0,1.0,0.0,0.0,0.0,0.106645698589118,1.8529214551196944,0.8254977280030481,1.8197833846693603,0.063266896,0.21415818074156542,0.0825033,0.8516692614117776,324
M-0590,Steel,0.0275268241540074,0.3718407750631845,0.22,0.6289462894628947,0.533933933933934,0.0,0.0,0.0,0.0,0.0,0.0,1.0,0.0,0.2931305228968205,0.0740283260247722,0.2371909098417831,0.08373239637457792,0.26870418,0.008820099963048613,0.28796506,0.851607420378278,325
M-1233,Steel,0.4566909812844364,0.2771693344566133,0.66,0.6215662156621566,0.6887887887887888,0.0,0.0,0.0,0.0,0.0,0.0,1.0,0.0,0.1934383748241886,1.6476906959749849,0.5873130291504113,1.736578365356167,0.07326652,0.2043167883561423,0.09250412,0.8515895451403473,326
M-1447,Cotton,0.5053871377902697,0.9618786857624264,0.74,0.6609266092660927,0.6777777777777778,0.0,0.0,1.0,0.0,0.0,0.0,0.0,0.0,0.2129652407635187,0.5254161671890165,0.6274881884494412,1.2981567159388399,0.12678602,0.15246078834802534,0.14603,0.8507546088801293,327
M-1353,Bamboo,0.1553235628722478,0.185341196293176,0.57,0.3638786387863879,0.3890890890890891,0.0,1.0,0.0,0.0,0.0,0.0,0.0,0.0,0.2222974306820145,0.8380367017263329,0.3498561518756258,0.8192959339042504,0.1839611,0.09582169502297028,0.20321187,0.8504832156036348,328
M-0933,Aluminum,0.6401882709852996,0.3099199663016007,0.94,0.1129561295612956,0.6153153153153154,1.0,0.0,0.0,0.0,0.0,0.0,0.0,0.0,0.0434524930834893,2.065650086939579,0.7226699029887145,2.1015054503780473,0.032447126,0.2474799372312189,0.051679857,0.8504201028467834,329
M-0933,Aluminum,0.6401882709852996,0.3099199663016007,0.94,0.1129561295612956,0.6153153153153154,1.0,0.0,0.0,0.0,0.0,0.0,0.0,0.0,0.0434524930834893,2.065650086939579,0.7226699029887145,2.1015054503780473,0.032447126,0.2474799372312189,0.051679857,0.8504201028467834,330
M-0672,Wood,0.5059448125097593,0.7129317607413649,0.96,0.490159901599016,0.6905905905905907,0.0,0.0,0.0,0.0,0.0,0.0,0.0,1.0,0.1516600856699257,0.7096669424808549,0.6975551021810809,1.2237962484625633,0.13688211,0.143665519211161,0.15612729,0.8501035959256351,331
M-0099,Wood,0.5008811260567936,0.5939342881213142,0.71,0.4481344813448135,0.5993993993993995,0.0,0.0,0.0,0.0,0.0,0.0,0.0,1.0,0.1795229423765709,0.8433260930515483,0.5931722702425373,1.0400484504631098,0.15928207,0.12193204453623414,0.17852992,0.8497690186349743,332
M-0099,Wood,0.5008811260567936,0.5939342881213142,0.71,0.4481344813448135,0.5993993993993995,0.0,0.0,0.0,0.0,0.0,0.0,0.0,1.0,0.1795229423765709,0.8433260930515483,0.5931722702425373,1.0400484504631098,0.15928207,0.12193204453623414,0.17852992,0.8497690186349743,333
M-1434,Paper,0.301880479154119,0.4918913226621735,0.94,0.3068880688806888,0.4773773773773774,0.0,0.0,0.0,0.0,1.0,0.0,0.0,0.0,0.1603866474100176,0.613712524562916,0.5459654048748608,0.9756434322179101,0.16696788,0.11431429429263987,0.18621664,0.8497345341075901,334
M-0351,Paper,0.054830578420219,0.6298441449031171,0.63,0.2654776547765478,0.009009009009009,0.0,0.0,0.0,0.0,1.0,0.0,0.0,0.0,0.2630859641929752,0.0870540621991348,0.2136349340707903,0.25954549203861904,0.25188226,0.029615067324487643,0.2711411,0.8496219104123869,335
M-0375,Aluminum,0.6545093577817931,0.3775273799494524,0.79,0.04510045100451,0.4102102102102102,1.0,0.0,0.0,0.0,0.0,0.0,0.0,0.0,0.0265997855173746,1.733669288304699,0.6218668061757803,1.8263083136995522,0.068275996,0.21492994171708354,0.08751299,0.8487785329802358,336
M-0644,Aluminum,0.518525954181445,0.6549073294018535,0.05,0.1892168921689216,0.5369369369369369,1.0,0.0,0.0,0.0,0.0,0.0,0.0,0.0,0.0876193536710141,0.7917534880874543,0.3834914627536591,1.5231371316939464,0.1047179,0.17907120883416724,0.123959236,0.8484847776594182,337
M-1362,Wood,0.1995583216221642,0.1431128896377422,0.87,0.7636326363263632,0.3053053053053053,0.0,0.0,0.0,0.0,0.0,0.0,0.0,1.0,0.5304915411516478,1.39440219343697,0.4324149202404572,0.7223721453934198,0.19943962,0.0843576626594131,0.21869224,0.8484750471206871,338
M-0717,Glass,0.9776707042316356,0.7273588879528222,0.13,0.9079540795407952,0.8372372372372372,0.0,0.0,0.0,1.0,0.0,0.0,0.0,0.0,0.1477811144477811,1.3441361290671685,0.6812394528638255,1.9448495937539687,0.055196684,0.22895086570118342,0.07443213,0.8483085035605507,339
M-0948,Cotton,0.132436592384394,0.8766849199663016,0.51,0.8421484214842149,0.6899899899899901,0.0,0.0,1.0,0.0,0.0,0.0,0.0,0.0,0.2610744405742355,0.1510650386508827,0.4129716339507546,0.32676836294777417,0.24680437,0.037566109886011806,0.26606262,0.8481856364060236,340
M-0502,Steel,0.4801356264917799,0.6743892165122157,0.06,0.7982779827798279,0.9150150150150153,0.0,0.0,0.0,0.0,0.0,0.0,1.0,0.0,0.0678416423803876,0.7119552074389899,0.4845587551012165,1.1825821086104662,0.1456071,0.1387907589447707,0.16485332,0.8481779607647553,341
M-1347,Glass,0.5765687389859243,0.2298862679022746,0.84,0.1141861418614186,0.4773773773773774,0.0,0.0,0.0,1.0,0.0,0.0,0.0,0.0,0.0596762609267734,2.50804989874874,0.6258407088075829,1.5541820499407186,0.10184351,0.18274316546084424,0.121084504,0.8480861653548383,342
M-1470,Aluminum,0.109772691784336,0.2611625947767481,0.06,0.2886428864288642,0.733933933933934,1.0,0.0,0.0,0.0,0.0,0.0,0.0,0.0,0.0767980772900821,0.4203215684719519,0.2820892568939146,0.7432236696001691,0.19803455,0.08682395655906765,0.21728702,0.8479445122728916,343
M-1487,Bamboo,0.5053871377902697,0.6621735467565291,0.69,0.9440344403444034,0.7032032032032032,0.0,1.0,0.0,0.0,0.0,0.0,0.0,0.0,0.2801863979600757,0.7632234435252196,0.6201158160770688,1.0854532225296942,0.1580296,0.12730246788047947,0.1772773,0.8477101176689903,344
M-0044,Cotton,0.6105422828972317,0.5167438921651222,0.5,0.018040180401804,0.317017017017017,0.0,0.0,1.0,0.0,0.0,0.0,0.0,0.0,0.0123211362243752,1.1815158546398117,0.4893220182639978,1.218296994522372,0.14281192,0.1430150738858761,0.1620578,0.8474635620165079,345
M-0113,Cotton,0.5231658078475987,0.2951769165964616,0.37,0.5424354243542435,0.9585585585585584,0.0,0.0,1.0,0.0,0.0,0.0,0.0,0.0,0.0224793058741398,1.7723744847851195,0.607833890706607,1.567526383716243,0.101807766,0.184321517655111,0.121048756,0.8473148632005569,346
M-0311,Cotton,0.8737647504963304,0.7948609941027802,0.29,0.3386633866338663,0.944044044044044,0.0,0.0,1.0,0.0,0.0,0.0,0.0,0.0,0.0189502335463794,1.0992659819930295,0.7197191134117453,1.5661189816269592,0.10234206,0.18415505178178948,0.12158311,0.8471309183170119,347
M-0557,Cotton,0.7135782640701331,0.7575821398483572,0.48,0.3398933989339893,0.8336336336336336,0.0,0.0,1.0,0.0,0.0,0.0,0.0,0.0,0.0565468297325615,0.9419141299963032,0.6795213957181433,1.1373823015869093,0.15347657,0.13344457862613104,0.17272371,0.8469158554184562,348
M-0507,Cotton,0.198063753373932,0.4701979780960404,1.0,0.629561295612956,0.0503503503503503,0.0,0.0,1.0,0.0,0.0,0.0,0.0,0.0,0.5978626638118232,0.4212339086229927,0.3943306064546779,0.45684328136765606,0.23397833,0.05295121912868195,0.25323507,0.8469068544869056,349
M-1108,Wood,0.4590555220950724,0.3830033698399325,0.94,0.4563345633456334,0.4773773773773774,0.0,0.0,0.0,0.0,0.0,0.0,0.0,1.0,0.2384907662890442,1.1985647116426468,0.6088354220512422,1.0936215218481793,0.15870194,0.12826860477195964,0.17794971,0.846890841773814,350
M-0704,Cotton,0.569542037520355,0.4618786857624262,0.8,0.6152111521115211,0.4773773773773774,0.0,0.0,1.0,0.0,0.0,0.0,0.0,0.0,0.3215232657832084,1.2330960964005382,0.6110300282213552,1.1639914956416282,0.15042104,0.1365918829824541,0.16966783,0.84687014595737,351
M-0854,Glass,0.3531196323808249,0.4341828138163436,0.37,0.906109061090611,0.9047047047047048,0.0,0.0,0.0,1.0,0.0,0.0,0.0,0.0,0.0863479305463724,0.8132952476441043,0.5236592643637414,1.1453973061968918,0.15294668,0.1343925839987505,0.17219377,0.8467068251804953,352
M-1371,Bamboo,0.8034308148743001,0.6730202190395956,0.32,0.109881098810988,0.4773773773773774,0.0,1.0,0.0,0.0,0.0,0.0,0.0,0.0,0.0574263480372541,1.1937674357738668,0.5605855391629333,1.252344271911251,0.14059295,0.14704214604095905,0.15983856,0.8465596483578469,353
M-0551,Aluminum,0.0284637176827499,0.7929654591406908,0.08,0.2968429684296843,0.1289289289289289,1.0,0.0,0.0,0.0,0.0,0.0,0.0,0.0,0.2585713224499612,0.0358952353591286,0.0740641657517786,0.043145092621087656,0.28421882,0.004019481137386999,0.30348155,0.8462494849190155,354
M-0519,Cotton,0.5990764906645252,0.5008424599831509,0.81,0.2652726527265273,0.4851851851851852,0.0,0.0,1.0,0.0,0.0,0.0,0.0,0.0,0.1365662915888418,1.1961351969828635,0.6281861518213656,1.2573103920104327,0.14086784,0.1476295329189696,0.1601135,0.8461284842562478,355
M-1188,Aluminum,0.8249570590465992,0.5970935130581299,0.57,0.1113161131611316,0.5856856856856857,1.0,0.0,0.0,0.0,0.0,0.0,0.0,0.0,0.0461198590964888,1.3816188911558225,0.6766885293243454,1.5764171520561578,0.103352115,0.18537310733759937,0.1225933,0.84601679705399,356
M-0476,Cotton,0.6377345022195453,0.3030749789385004,0.73,0.6424764247642477,0.9728728728728728,0.0,0.0,1.0,0.0,0.0,0.0,0.0,0.0,0.0174285396507619,2.1042066892043367,0.76595566274968,2.0893023458479987,0.04311784,0.24603656829756732,0.06235184,0.8458057951114464,357
M-0987,Paper,0.4482589395257534,0.2196714406065711,0.51,0.490159901599016,0.9153153153153152,0.0,0.0,0.0,0.0,1.0,0.0,0.0,0.0,0.0415090367119887,2.0405788650046275,0.6068981704048959,1.130056296796171,0.15664211,0.13257806734642374,0.17588964,0.8457661458035262,358
M-0097,Plastic,0.0824466305293448,0.6789174389216512,0.97,0.0104551045510455,0.4165165165165165,0.0,0.0,0.0,0.0,0.0,1.0,0.0,0.0,0.006100380823628,0.1214381961112995,0.4489336071666929,1.446917746487023,0.11922875,0.17005606908191787,0.13847183,0.8457360520035548,359
M-0779,Cotton,0.8028508331660309,0.6717565290648695,0.57,0.7193521935219352,0.6409409409409409,0.0,0.0,1.0,0.0,0.0,0.0,0.0,0.0,0.2582899217380562,1.1951497354762095,0.6844226155486947,1.7891426291636645,0.07950286,0.21053402801127993,0.09874119,0.8453623916716786,360
M-0811,Glass,0.3515358361774743,0.4918913226621735,0.72,0.4013940139401394,0.7360360360360361,0.0,0.0,0.0,1.0,0.0,0.0,0.0,0.0,0.1059535550310458,0.714660139997561,0.5774251452818006,0.9148706493804772,0.18301284,0.10712616060558418,0.2022635,0.8453051675638384,361
M-1408,Steel,0.3460260099489169,0.5108466722830666,0.76,0.3181631816318163,0.3851851851851852,0.0,0.0,0.0,0.0,0.0,0.0,1.0,0.0,0.1956114375958574,0.6773565364455257,0.4819659595351223,0.7338812405985725,0.20463793,0.08571894498168207,0.22389117,0.8451949430927694,362
M-1401,Glass,0.3332441053782149,0.7697978096040438,0.31,0.085280852808528,0.4773773773773774,0.0,0.0,0.0,1.0,0.0,0.0,0.0,0.0,0.0445697029542867,0.4328976626368433,0.3695108553644992,0.6198639373617698,0.21836433,0.07223311168528591,0.2376192,0.8450738410026978,363
M-1028,Glass,0.4360347096745409,0.485256950294861,0.31,0.3622386223862238,0.8039039039039039,0.0,0.0,0.0,1.0,0.0,0.0,0.0,0.0,0.0710335797051664,0.8985627322738141,0.5085850550409875,1.005848070658726,0.17298867,0.11788686360648137,0.19223814,0.8449374996337748,364
M-1015,Steel,0.1473822748667157,0.7930707666385848,0.54,0.8423534235342354,0.6598598598598598,0.0,0.0,0.0,0.0,0.0,0.0,1.0,0.0,0.2865182115284616,0.1858372483632747,0.4189108679046442,0.47087795454021864,0.23661354,0.0546112238595559,0.25587058,0.8447590977336131,365
M-0290,Cotton,0.3132570434317071,0.7692712721145746,0.58,0.4655596555965559,0.664064064064064,0.0,0.0,1.0,0.0,0.0,0.0,0.0,0.0,0.156398218636841,0.4072121858371764,0.498522036591902,0.792385578675916,0.1991872,0.0926387696752062,0.2184398,0.844460713898683,366
M-0213,Steel,0.2430569497423542,0.62363100252738,0.03,0.064370643706437,0.9544544544544544,0.0,0.0,0.0,0.0,0.0,0.0,1.0,0.0,0.0029317960847276,0.389744190094996,0.3925591162332781,0.4843307982491511,0.23634003,0.05620241048185601,0.25559703,0.8441002821810615,367
M-0266,Plastic,0.9255392714537464,0.9268112889637744,0.26,0.7755227552275523,0.8662662662662663,0.0,0.0,0.0,0.0,0.0,1.0,0.0,0.0,0.1037135536520529,0.998626455944546,0.7080955884613784,1.4410280672968028,0.12366189,0.16935944471461808,0.14290549,0.8438675333375572,368
M-0702,Cotton,0.5053871377902697,0.697451558550969,0.58,0.1564165641656416,0.4373373373373374,0.0,0.0,1.0,0.0,0.0,0.0,0.0,0.0,0.0880097604779851,0.7246186591390024,0.5073560563173091,1.0293575822535845,0.17434311,0.12066754114618325,0.19359274,0.8428698583841799,369
M-1177,Bamboo,0.5053871377902697,0.5636057287278855,0.5,0.947929479294793,0.8539539539539539,0.0,1.0,0.0,0.0,0.0,0.0,0.0,0.0,0.1384413523814918,0.8967017461466028,0.608341041302294,1.234705190514439,0.15010782,0.1449558161202722,0.16935456,0.84284481294435,370
M-0957,Paper,0.6400321220638426,0.8590985678180286,0.79,0.2558425584255842,0.5545545545545546,0.0,0.0,0.0,0.0,1.0,0.0,0.0,0.0,0.1139639024017867,0.745003426889643,0.6593792151919033,1.4828988843838724,0.12079303,0.1743118759964505,0.14003628,0.8428259195399981,371
M-0223,Aluminum,0.7321376787347477,0.9098567818028644,0.28,0.0571955719557195,0.0605605605605605,1.0,0.0,0.0,0.0,0.0,0.0,0.0,0.0,0.0537317760564993,0.8046726569552792,0.3950232396620672,1.6367221283516225,0.10277369,0.19250590941391837,0.12201479,0.842739649906345,372
M-0411,Glass,0.8257378036538847,0.4725147430497051,0.51,0.1810168101681016,0.7304304304304304,0.0,0.0,0.0,1.0,0.0,0.0,0.0,0.0,0.0487966236018716,1.7475350097848978,0.702424250590683,1.9704102441298983,0.06334155,0.23197414953733353,0.08257796,0.8427239458798127,373
M-0411,Glass,0.8257378036538847,0.4725147430497051,0.51,0.1810168101681016,0.7304304304304304,0.0,0.0,0.0,1.0,0.0,0.0,0.0,0.0,0.0487966236018716,1.7475350097848978,0.702424250590683,1.9704102441298983,0.06334155,0.23197414953733353,0.08257796,0.8427239458798127,374
M-0767,Steel,0.6467019117089384,0.7330454928390902,0.52,0.1291512915129151,0.2852852852852853,0.0,0.0,0.0,0.0,0.0,0.0,1.0,0.0,0.0923063284686901,0.8822113167805509,0.500266350269161,1.4677162941427002,0.123134315,0.17251609697706174,0.14237785,0.8425530248146917,375
M-1217,Aluminum,0.1819358004862923,0.4553496208930076,0.97,0.5366953669536696,0.274974974974975,1.0,0.0,0.0,0.0,0.0,0.0,0.0,0.0,0.3891175718563993,0.3995510100095839,0.4462668126870094,0.39350415700495994,0.25153646,0.04545954156706681,0.2707953,0.8418725863655907,376
M-0468,Aluminum,0.6798500970354012,0.974620893007582,0.5,0.490159901599016,0.7152152152152152,1.0,0.0,0.0,0.0,0.0,0.0,0.0,0.0,0.139590082087007,0.6975526631537634,0.6365046033787252,1.2857572330502736,0.14606081,0.15099419201177078,0.16530707,0.8418493666014983,377
M-0903,Wood,0.2608802337772424,0.705770850884583,0.48,0.046740467404674,0.073073073073073,0.0,0.0,0.0,0.0,0.0,0.0,0.0,1.0,0.0433249978145427,0.3696381960406422,0.2702740154328188,0.6619886444070866,0.22035779,0.07721557277448399,0.2396129,0.8415857600271333,378
M-0453,Wood,0.0189832474514265,0.125631844987363,0.13,0.5633456334563346,0.5187187187187188,0.0,0.0,0.0,0.0,0.0,0.0,0.0,1.0,0.2711277082740797,0.1511009915706037,0.2022089145961862,0.17039558494024487,0.2791446,0.019070520563713084,0.2984067,0.8412613945385856,379
M-0856,Steel,0.5178121305404982,0.4346040438079191,0.9,0.1754817548175481,0.6707707707707709,0.0,0.0,0.0,0.0,0.0,0.0,1.0,0.0,0.0577737228823739,1.1914544893532204,0.6783560834474306,2.148487010510567,0.045257058,0.25303686122402613,0.06449132,0.841235911049917,380
M-0165,Plastic,0.550915701889402,0.5056866048862679,0.97,0.0457154571545715,0.291991991991992,0.0,0.0,0.0,0.0,0.0,1.0,0.0,0.0,0.0323669097551836,1.0894388087944258,0.5989638783533584,1.4132089484871357,0.13259071,0.1660690318731511,0.15183537,0.8410478005216497,381
M-1030,Steel,0.8408396350576635,0.7919123841617524,0.23,0.1918819188191882,0.5185185185185185,0.0,0.0,0.0,0.0,0.0,0.0,1.0,0.0,0.0923875905425721,1.06178232604024,0.5608914095786209,1.2790978127178816,0.14862905,0.15020652356230088,0.16787563,0.8409589218969997,382
M-0742,Wood,0.3714336701688639,0.4918913226621735,0.69,0.540590405904059,0.3974974974974974,0.0,0.0,0.0,0.0,0.0,0.0,0.0,1.0,0.3257070723860392,0.7551117451043461,0.4748227173167947,0.7754387358020125,0.20832363,0.09063431691751363,0.22757731,0.8408941846508509,383
M-0621,Paper,0.9718708871489437,0.8944818871103623,0.2,0.2078720787207872,0.6746746746746747,0.0,0.0,0.0,0.0,1.0,0.0,0.0,0.0,0.0676260516358917,1.0865170269367412,0.6511507572619799,1.4693036723163115,0.12630188,0.17270385021117568,0.1455458,0.8408751771144706,384
M-0424,Glass,0.2575564924490843,0.1993470935130581,0.53,0.3116031160311603,0.7502502502502503,0.0,0.0,0.0,1.0,0.0,0.0,0.0,0.0,0.0778228002500245,1.291993757804427,0.4870976720547088,1.4418672404611268,0.12970668,0.1694587011351754,0.148951,0.8407951524250423,385
M-0706,Steel,0.9312721675700996,0.6949241786015165,0.5,0.6213612136121361,0.9996996996996996,0.0,0.0,0.0,0.0,0.0,0.0,1.0,0.0,0.0001865949590426,1.3401042245212835,0.8224187769379498,2.2033445059038264,0.039723158,0.25952534162945046,0.058956757,0.8407589505913531,386
M-0725,Aluminum,0.3250351335073278,0.3844776748104465,0.67,0.2865928659286593,0.3984984984984985,1.0,0.0,0.0,0.0,0.0,0.0,0.0,0.0,0.172386039175707,0.8453918378374947,0.4505636029524806,0.7920554666145967,0.20756578,0.09259972440662241,0.22681938,0.8402904472377785,387
M-1080,Aluminum,0.2907046777755471,0.671440606571188,0.5,0.0489954899548995,0.4773773773773774,1.0,0.0,0.0,0.0,0.0,0.0,0.0,0.0,0.0256061514569099,0.4329560082820483,0.409495084323432,0.6004611274396798,0.23033553,0.06993817001711193,0.24959184,0.8402349938445743,388
M-0616,Glass,0.1288451671908808,0.5803496208930076,0.67,0.4407544075440754,0.3733733733733734,0.0,0.0,0.0,1.0,0.0,0.0,0.0,0.0,0.2761884475701613,0.2220126291803081,0.3645500788883644,0.7077852417992899,0.2177887,0.08263234076004773,0.2370435,0.840162079646679,389
M-1282,Bamboo,0.5642552811795934,0.7986520640269588,0.53,0.490159901599016,0.6426426426426427,0.0,1.0,0.0,0.0,0.0,0.0,0.0,0.0,0.1751622471179666,0.7065086288337922,0.5774949052646302,1.1857219841037878,0.16191646,0.1391621397463884,0.18116462,0.8398366189733939,390
M-0214,Bamboo,0.387539316067724,0.5696082561078349,0.58,0.3144731447314473,0.6425425425425425,0.0,1.0,0.0,0.0,0.0,0.0,0.0,0.0,0.1124107707543542,0.6803599343097007,0.5217784891898524,0.9290237106180744,0.19269481,0.10880016813834886,0.21194664,0.8396265977116407,391
M-0301,Aluminum,0.8748131789689709,0.348989048020219,0.93,0.2572775727757277,0.878978978978979,1.0,0.0,0.0,0.0,0.0,0.0,0.0,0.0,0.0311359945431286,2.5066995002627928,0.8926189652812822,2.4615532756373595,0.0115640145,0.29006597296732617,0.03079426,0.8395698839359584,392
M-1368,Wood,0.6144013919560998,0.8455139005897221,0.48,0.3690036900369003,0.4773773773773774,0.0,0.0,0.0,0.0,0.0,0.0,0.0,1.0,0.1928496762445102,0.7266594492037605,0.5329737699956532,1.2775650561790857,0.15177117,0.15002523091127903,0.17101812,0.839478322731006,393
M-0618,Cotton,0.9092551696446496,0.7590564448188711,0.44,0.2302173021730217,0.5794794794794794,0.0,0.0,1.0,0.0,0.0,0.0,0.0,0.0,0.096811099742629,1.1978739894470294,0.6695459117017037,1.4297806636692953,0.13388912,0.168029114966134,0.15313394,0.8394184706784587,394
M-1308,Cotton,0.4100916817238841,0.487994945240101,0.28,0.04920049200492,0.2345345345345345,0.0,0.0,1.0,0.0,0.0,0.0,0.0,0.0,0.037661277513676,0.8403587892971387,0.318397033049914,0.9317086909789906,0.19281337,0.10911774447565452,0.2120652,0.8394085252731781,395
M-1181,Wood,0.5789555867853399,0.5811920808761584,0.42,0.7207872078720787,0.8224224224224225,0.0,0.0,0.0,0.0,0.0,0.0,0.0,1.0,0.1279956463228295,0.9961501708047772,0.6043089614408628,1.26496086190086,0.153441,0.14853442155124258,0.17268814,0.8393887184917852,396
M-0713,Aluminum,0.5053871377902697,0.3357203032855939,1.0,0.4044690446904469,0.9145145145145144,1.0,0.0,0.0,0.0,0.0,0.0,0.0,0.0,0.0345762326492133,1.50537702804145,0.7765092094704622,2.2693377154855643,0.034776926,0.2673309412871188,0.054009937,0.839329560981473,397
M-1081,Glass,0.9804813848178636,0.6207877000842461,0.8,0.0338253382533825,0.2005005005005005,0.0,0.0,0.0,1.0,0.0,0.0,0.0,0.0,0.0270433410039806,1.5794124227531914,0.6923427040772955,1.8692422195949956,0.08380751,0.22000811390000727,0.103046365,0.8384727605088644,398
M-1101,Glass,0.2837672042650962,0.2150379106992417,0.98,0.0034850348503485,0.3033033033033033,0.0,0.0,0.0,1.0,0.0,0.0,0.0,0.0,0.0024280122681106,1.319608638931302,0.4984978726970295,1.745596333546205,0.09886398,0.20538342308815727,0.11810462,0.8382559775719225,399
M-0181,Steel,0.1366526132637355,0.4918913226621735,0.94,0.6061910619106191,0.3207207207207208,0.0,0.0,0.0,0.0,0.0,0.0,1.0,0.0,0.4117730276401863,0.2778100144441309,0.4328772615217104,0.27532083395115725,0.27320924,0.031480956318408984,0.29247066,0.8380241899478282,400
M-1192,Glass,0.3322849048606928,0.5279064869418704,0.43,0.490159901599016,0.6414414414414414,0.0,0.0,0.0,1.0,0.0,0.0,0.0,0.0,0.175751027780548,0.629437757713184,0.4543463943767096,0.6989334309556569,0.22318356,0.08158535892466315,0.24243902,0.837987812187773,401
M-1338,Wood,0.6560485400075844,0.762742207245156,0.06,0.045510455104551,0.7302302302302303,0.0,0.0,0.0,0.0,0.0,0.0,0.0,1.0,0.0122773449956721,0.8601171846250497,0.4994884850721028,1.5188771553535525,0.12653473,0.17856734381419015,0.14577867,0.8378269926393946,402
M-0506,Aluminum,0.4287180173548373,0.2906486941870261,0.66,0.3806888068880689,0.5526526526526526,1.0,0.0,0.0,0.0,0.0,0.0,0.0,0.0,0.1703001279262042,1.4750334369144995,0.5352830027377307,1.3896581919317208,0.1418197,0.163283475927746,0.16106546,0.8378255324104251,403
M-0359,Aluminum,0.6954426821923307,0.7072451558550968,0.89,0.4471094710947109,0.8821821821821823,1.0,0.0,0.0,0.0,0.0,0.0,0.0,0.0,0.0526774622100575,0.9833106570250706,0.8098317275315869,2.1549531313468395,0.05137201,0.25380166643513713,0.070607,0.8377956672328042,404
M-1058,Bamboo,0.1826719311160186,0.068765796124684,0.96,0.3651086510865108,0.8552552552552553,0.0,1.0,0.0,0.0,0.0,0.0,0.0,0.0,0.052847558505615,2.656397293612577,0.6176453490229841,1.9664616072666272,0.07456053,0.23150710938663394,0.09379827,0.8373473091508393,405
M-0552,Paper,0.9365589239108614,0.9082771693344568,0.94,0.096760967609676,0.4305305305305306,0.0,0.0,0.0,0.0,1.0,0.0,0.0,0.0,0.0551024168900347,1.0311366666415944,0.7857827287235037,1.5228447002660166,0.12810276,0.17903662038683746,0.1473469,0.8368082403498895,406
M-0303,Glass,0.939414218474648,0.4918913226621735,0.82,0.943419434194342,0.9306306306306306,0.0,0.0,0.0,1.0,0.0,0.0,0.0,0.0,0.0654444112008688,1.909796463970892,0.9009548765790484,1.7970084730862237,0.09668849,0.21146439083221766,0.115928866,0.8363033715993007,407
M-1423,Aluminum,0.1723214883222913,0.7249368155012638,0.02,0.2435424354243542,0.4866866866866867,1.0,0.0,0.0,0.0,0.0,0.0,0.0,0.0,0.1250135744600689,0.237705199863437,0.2209346013349225,0.4140563567101348,0.26034018,0.04789043171470158,0.27960005,0.8362547571298242,408
M-1183,Cotton,0.5595708135358808,0.757055602358888,0.96,0.8817138171381714,0.5970970970970971,0.0,0.0,1.0,0.0,0.0,0.0,0.0,0.0,0.3552450564545685,0.7391399953350017,0.6909574545434815,0.8994029537828293,0.20300838,0.1052966596580302,0.22226143,0.836220955754481,409
M-1367,Aluminum,0.43877846929443,0.4918913226621735,0.46,0.1965969659696596,0.7316316316316317,1.0,0.0,0.0,0.0,0.0,0.0,0.0,0.0,0.0527604069834491,0.8920213816709199,0.5330008772072615,1.4215698429251615,0.14130743,0.16705794869015217,0.16055313,0.8361944618913054,410
M-1127,Paper,0.589372950545406,0.7611625947767482,0.6,0.7406724067240672,0.6542542542542542,0.0,0.0,0.0,0.0,1.0,0.0,0.0,0.0,0.2560843336161089,0.7743052276669524,0.6120254564944386,0.8438526865874444,0.21009822,0.09872623901396943,0.22935212,0.8359608222006264,411
M-1127,Paper,0.589372950545406,0.7611625947767482,0.6,0.7406724067240672,0.6542542542542542,0.0,0.0,0.0,0.0,1.0,0.0,0.0,0.0,0.2560843336161089,0.7743052276669524,0.6120254564944386,0.8438526865874444,0.21009822,0.09872623901396943,0.22935212,0.8359608222006264,412
M-0452,Aluminum,0.0214370162171808,0.9764111204717776,0.2,0.3521935219352193,0.1354354354354354,1.0,0.0,0.0,0.0,0.0,0.0,0.0,0.0,0.3044940389343833,0.0219548854092706,0.1092054371175029,0.05295432225261691,0.30384654,0.005179705347410006,0.3231116,0.8358543504646464,413
M-0906,Plastic,0.9372950545405876,0.6496419545071609,0.17,0.02870028700287,0.7538538538538538,0.0,0.0,0.0,0.0,0.0,1.0,0.0,0.0,0.0070644650390447,1.4427849144483502,0.6520741779723912,1.7314753829951874,0.105494976,0.2037132135698514,0.12473641,0.8357751865352533,414
M-0847,Plastic,0.271966807200696,0.9774641954507162,0.75,0.0485854858548585,0.2094094094094094,0.0,0.0,0.0,0.0,0.0,1.0,0.0,0.0,0.0384112279561234,0.2782368195476158,0.3966095457031012,0.7612748704591022,0.22041368,0.0889590314878067,0.2396688,0.835686083542653,415
M-0471,Steel,0.9512592295166076,0.898904802021904,0.31,0.101271012710127,0.9468468468468468,0.0,0.0,0.0,0.0,0.0,0.0,1.0,0.0,0.0053828736485563,1.0582412833212838,0.7575577458606971,1.9479876079535927,0.08057754,0.22932202635115917,0.099816,0.8354309858485731,416
M-0776,Aluminum,0.2545227419750608,0.3740522325189553,0.43,0.2599425994259942,0.6131131131131131,1.0,0.0,0.0,0.0,0.0,0.0,0.0,0.0,0.1005683830612079,0.6804452410718379,0.4147430307239582,1.1635490384028235,0.1733886,0.13653954965765241,0.19263813,0.8354111606732261,417
M-0955,Glass,0.4379531107095853,0.4918913226621735,0.42,0.086920869208692,0.049049049049049,0.0,0.0,0.0,1.0,0.0,0.0,0.0,0.0,0.0826574832314889,0.8903434563469836,0.3158959589985488,1.1074740770370708,0.1800924,0.12990706880069153,0.19934271,0.8353751092196684,418
M-0955,Glass,0.4379531107095853,0.4918913226621735,0.42,0.086920869208692,0.049049049049049,0.0,0.0,0.0,1.0,0.0,0.0,0.0,0.0,0.0826574832314889,0.8903434563469836,0.3158959589985488,1.1074740770370708,0.1800924,0.12990706880069153,0.19934271,0.8353751092196684,419
M-0232,Paper,0.7706172343795311,0.8774220724515586,0.81,0.2913079130791308,0.5369369369369369,0.0,0.0,0.0,0.0,1.0,0.0,0.0,0.0,0.1348939345249308,0.8782732738340157,0.7123279748328936,1.3670008247314807,0.14993441,0.16060358903055225,0.16918114,0.8351076363461969,420
M-0566,Plastic,0.6427981886725112,0.7719039595619208,0.18,0.490159901599016,0.9900900900900902,0.0,0.0,0.0,0.0,0.0,1.0,0.0,0.0,0.0048574404662965,0.8327426591964358,0.6081463024960315,1.3709215199464964,0.14952114,0.16106732427577083,0.16876782,0.8350824254776046,421
M-0235,Paper,0.7277208949563898,0.462826453243471,0.82,0.6920869208692088,0.8431431431431432,0.0,0.0,0.0,0.0,1.0,0.0,0.0,0.0,0.1085585790792842,1.572337357813499,0.7900313009254989,1.6358985070426086,0.118335575,0.192408492448621,0.13757855,0.835006480275247,422
M-1216,Aluminum,0.586785339846974,0.7054549283909014,0.22,0.051660516605166,0.0308308308308308,1.0,0.0,0.0,0.0,0.0,0.0,0.0,0.0,0.0500677799570788,0.8317817119850318,0.3099633851880388,1.3585986275783528,0.1511924,0.15960978697670783,0.17043927,0.8349754699521597,423
M-1116,Bamboo,0.9377188873273996,0.6366891322662174,0.64,0.5809758097580976,0.973873873873874,0.0,1.0,0.0,0.0,0.0,0.0,0.0,0.0,0.0151786472819682,1.4728026080594476,0.859249717093122,2.3548986374271133,0.033768628,0.27745098708045984,0.053001516,0.8347737486761188,424
M-0310,Wood,0.6266702357848714,0.5008424599831509,0.99,0.6381713817138172,0.9115115115115116,0.0,0.0,0.0,0.0,0.0,0.0,0.0,1.0,0.0564708209644658,1.2512297471268836,0.8211215477674019,2.006791528017986,0.07511483,0.23627728525178399,0.09435265,0.8346850335430266,425
M-0482,Wood,0.2275982065181021,0.4739890480202189,0.56,0.3517835178351783,0.4426426426426427,0.0,0.0,0.0,0.0,0.0,0.0,0.0,1.0,0.1960691318624898,0.4801750742842463,0.3918320754000336,0.6441537361554133,0.23639236,0.07510608068240168,0.2556494,0.8346222657405711,426
M-1462,Steel,0.8047469272122956,0.716301600673968,0.22,0.2291922919229192,0.7613613613613613,0.0,0.0,0.0,0.0,0.0,0.0,1.0,0.0,0.0546941365309549,1.1234734125704842,0.6163071792933267,1.757501326154896,0.10488367,0.20679153169235912,0.12412503,0.8345417173453107,427
M-0104,Paper,0.8982355171875349,0.8740522325189554,0.94,0.490159901599016,0.7818818818818819,0.0,0.0,0.0,0.0,1.0,0.0,0.0,0.0,0.1069127553137393,1.02766683282995,0.8758587714395786,1.5026030133920454,0.13545313,0.17664245733376752,0.15469813,0.8343297045988023,428
M-0041,Glass,0.1507060161948738,0.610994102780118,0.21,0.2792127921279212,0.8265265265265266,0.0,0.0,0.0,1.0,0.0,0.0,0.0,0.0,0.0484360128886574,0.2466566679653227,0.3712403644359075,0.5776436287486771,0.24490936,0.06723934295444663,0.2641674,0.8342966294156066,429
M-0740,Paper,0.4471658970755537,0.8629949452401011,0.56,0.8224682246822469,0.8081081081081082,0.0,0.0,0.0,0.0,1.0,0.0,0.0,0.0,0.1578249836552419,0.5181552700704105,0.5892987912626539,1.249296822969272,0.16586928,0.14668169734375167,0.1851179,0.8341002011423484,430
M-0090,Plastic,0.6314439313837025,0.4191238416175231,0.68,0.0022550225502255,0.9687687687687688,0.0,0.0,0.0,0.0,0.0,1.0,0.0,0.0,7.042713069773354e-05,1.5065772025031468,0.7472082031841116,1.7796122025069756,0.103203796,0.20940678029109222,0.12244495,0.8340741348323764,431
M-0171,Cotton,0.8685449151219077,0.4918913226621735,0.95,0.1892168921689216,0.9351351351351352,0.0,0.0,1.0,0.0,0.0,0.0,0.0,0.0,0.0122735281406868,1.76572163277778,0.9129585065893036,2.36338197078703,0.03460712,0.2784543858299635,0.05384011,0.8338527529771138,432
M-0896,Paper,0.7549131142787034,0.3685762426284751,0.74,0.1650266502665026,0.6895895895895896,0.0,0.0,0.0,0.0,1.0,0.0,0.0,0.0,0.0512259902378803,2.048181566759546,0.7308421225883582,1.9816216309499866,0.08000475,0.23330021925995367,0.09924315,0.8337283157893538,433
M-0657,Bamboo,0.8441633763858216,0.9734625105307496,0.95,0.4450594505945059,0.67007007007007,0.0,1.0,0.0,0.0,0.0,0.0,0.0,0.0,0.1468384333492984,0.8671751609113408,0.8236863715753497,1.7349313846658767,0.10945675,0.20412198540605403,0.12869866,0.8335896763352687,434
M-1455,Aluminum,0.7394989850320105,0.9475568660488628,0.98,0.4575645756457565,0.6645645645645646,1.0,0.0,0.0,0.0,0.0,0.0,0.0,0.0,0.1534833726715645,0.780426200370835,0.7891689633821736,1.8189081994147733,0.100372195,0.2140546648530839,0.11961302,0.8331661567673744,435
M-1016,Wood,0.3226705926966918,0.0690817186183656,0.99,0.499179991799918,0.6251251251251251,0.0,0.0,0.0,0.0,0.0,0.0,0.0,1.0,0.1871300369660353,4.6707859671711,0.6136057746162142,1.246366223801658,0.16828233,0.14633506950121342,0.18753125,0.8330668413818816,436
M-1117,Bamboo,0.0401079658256932,0.3246630160067396,0.36,0.3544485444854449,0.1936936936936937,0.0,1.0,0.0,0.0,0.0,0.0,0.0,0.0,0.2857940966797055,0.1235368376175714,0.1821512944383854,0.10871981708889883,0.3028934,0.011775582865151478,0.32215834,0.8330330402477222,437
M-0612,Plastic,0.2082357402574226,0.2826453243470935,0.6,0.51640016400164,0.4540540540540541,0.0,0.0,0.0,0.0,0.0,1.0,0.0,0.0,0.281926576022517,0.7367360631292214,0.3995105123191853,0.5814655173666905,0.24704164,0.067691391470915,0.26629993,0.8330043376669855,438
M-0525,Plastic,0.479109505007919,0.5467565290648695,0.6,0.0243952439524395,0.4304304304304305,0.0,0.0,0.0,0.0,0.0,1.0,0.0,0.0,0.0138947885975356,0.8762741792094747,0.5007729311322967,1.271511528084326,0.16566265,0.14930922668715327,0.18491125,0.8328897611223658,439
M-0254,Steel,0.5053871377902697,0.956402695871946,0.15,0.4903649036490365,0.7673673673673674,0.0,0.0,0.0,0.0,0.0,0.0,1.0,0.0,0.1140748784865225,0.5284244926819444,0.477365065326318,1.0749206851831006,0.189002,0.12605669167974592,0.20825338,0.8328449623418898,440
M-0426,Steel,0.5388030069820875,0.2874894692502105,1.0,0.0297252972529725,0.4773773773773774,0.0,0.0,0.0,0.0,0.0,0.0,1.0,0.0,0.0155351128085855,1.874159544792259,0.6587344160060482,2.4266061066867404,0.029394308,0.2859324626906428,0.048626676,0.8327204305537684,441
M-0192,Glass,0.5053871377902697,0.5419123841617524,0.9,0.2146371463714637,0.4773773773773774,0.0,0.0,0.0,1.0,0.0,0.0,0.0,0.0,0.1121742283488901,0.9325976301028576,0.6153680683293211,1.509586457010436,0.13790539,0.17746845087859642,0.15715069,0.8326904316671013,442
M-0640,Cotton,0.4522965044948582,0.8361415332771694,0.04,0.490159901599016,0.424024024024024,0.0,0.0,1.0,0.0,0.0,0.0,0.0,0.0,0.2823203277077816,0.5409323010063026,0.3201258090051505,1.07886400102869,0.18890496,0.12652310246669649,0.20815633,0.8326602825798421,443
M-1273,Glass,0.93716121260791,0.2686394271272114,0.95,0.7921279212792127,0.802002002002002,0.0,0.0,0.0,1.0,0.0,0.0,0.0,0.0,0.1568397425715998,3.4885338094110785,0.9004650856437647,1.8647316956417648,0.09641717,0.2194746144013712,0.115657516,0.8324339348873939,444
M-0226,Plastic,0.2600325682036182,0.8703664700926707,0.9,0.4071340713407134,0.4362362362362362,0.0,0.0,0.0,0.0,0.0,1.0,0.0,0.0,0.2295274364155053,0.2987618185867307,0.5048838981523182,0.734606369305442,0.23055685,0.08580471235717388,0.24981318,0.8321910517503567,445
M-0270,Glass,0.5053871377902697,0.7230412805391744,0.23,0.6428864288642886,0.7482482482482482,0.0,0.0,0.0,1.0,0.0,0.0,0.0,0.0,0.1618477846440126,0.6989731463745125,0.4956293295905823,1.0064316841456722,0.19849135,0.11795589272724682,0.21774386,0.8321501242888615,446
M-0721,Plastic,0.5659506123268421,0.3806866048862679,0.91,0.7908979089790898,0.8185185185185186,0.0,0.0,0.0,0.0,0.0,1.0,0.0,0.0,0.143533324222131,1.4866536368997945,0.7449358004862925,1.6383858822414548,0.12454528,0.1927026962784341,0.14378898,0.8317541626320575,447
M-0541,Bamboo,0.3952129202079011,0.7119839932603201,0.5,0.490159901599016,0.7229229229229229,0.0,1.0,0.0,0.0,0.0,0.0,0.0,0.0,0.135812072835443,0.5550860256171172,0.5249620449600373,1.066940979179031,0.19269481,0.1251128613849561,0.21194664,0.831470251088337,448
M-0083,Steel,0.1381694885007472,0.6040438079191238,0.82,0.0834358343583435,0.5118118118118118,0.0,0.0,0.0,0.0,0.0,0.0,1.0,0.0,0.0407323888053695,0.2287404621136101,0.4548113389438424,0.5261861067323144,0.25671297,0.06115300742415398,0.27597243,0.8314372833190967,449
M-0126,Cotton,0.1535166967811015,0.2754844144903117,0.42,0.7937679376793767,0.4349349349349349,0.0,0.0,1.0,0.0,0.0,0.0,0.0,0.0,0.4485305313513595,0.5572588917824557,0.3178871591929211,0.7701125330029629,0.2278752,0.09000433987883905,0.24713121,0.8314322232876808,450
M-0391,Glass,0.824600147226126,0.2981255265374894,0.34,0.5715457154571546,0.9465465465465466,0.0,0.0,0.0,1.0,0.0,0.0,0.0,0.0,0.0305510922977097,2.7659402093574936,0.7158040228544144,2.403629996800259,0.035128724,0.2832148752812543,0.054361776,0.831211674600641,451
M-0785,Plastic,0.4118985478150304,0.2780117944397641,0.56,0.6381713817138172,0.8410410410410412,0.0,0.0,0.0,0.0,0.0,1.0,0.0,0.0,0.1014430584746287,1.481581265513573,0.5850717314383245,1.5669196770037959,0.13409656,0.18424975709463826,0.15334141,0.8312044151805557,452
M-0009,Aluminum,0.8940641102857525,0.3170808761583824,0.43,0.4151291512915129,1.0,1.0,0.0,0.0,0.0,0.0,0.0,0.0,0.0,0.0,2.819663240036991,0.786625644114301,2.508059762455015,0.023274839,0.29556670584399625,0.04250648,0.83096340771457,453
M-0300,Cotton,0.0181132748890227,0.0660278011794439,0.2,0.1324313243132431,0.4873873873873874,0.0,0.0,1.0,0.0,0.0,0.0,0.0,0.0,0.0678859671479597,0.2743238490699985,0.2134615261718253,0.595640721476897,0.2495746,0.06936801803675831,0.2688332,0.8308993958802644,454
M-0164,Aluminum,0.4077494479020277,0.4918913226621735,0.98,0.047970479704797,0.2154154154154154,1.0,0.0,0.0,0.0,0.0,0.0,0.0,0.0,0.0376368988915114,0.8289404593575366,0.5217244037854357,1.4424790565426384,0.1501799,0.16953106602584628,0.16942665,0.830521142082635,455
M-0806,Paper,0.2096187735617568,0.9689342881213144,0.56,0.491389913899139,0.4498498498498499,0.0,0.0,0.0,0.0,1.0,0.0,0.0,0.0,0.2703382349138806,0.2163392913144802,0.3868024643796577,0.5901620267661442,0.25142527,0.06872000443308968,0.2706841,0.8302979511649935,456
M-0091,Cotton,0.0099043030181355,0.7514743049705139,0.53,0.8103731037310373,0.4773773773773774,0.0,0.0,1.0,0.0,0.0,0.0,0.0,0.0,0.4235193167747493,0.0131798117018951,0.3061749344204674,0.025623785932648458,0.31822097,0.001947081471482147,0.33748776,0.8302825806612774,457
M-1436,Plastic,0.9386557808561422,0.5660278011794441,0.94,0.01230012300123,0.1492492492492492,0.0,0.0,0.0,0.0,0.0,1.0,0.0,0.0,0.010464338877623,1.6583180553714736,0.7022370871172317,1.7706522779593459,0.11210411,0.20834701089322577,0.13134633,0.8301533295300603,458
M-1436,Plastic,0.9386557808561422,0.5660278011794441,0.94,0.01230012300123,0.1492492492492492,0.0,0.0,0.0,0.0,0.0,1.0,0.0,0.0,0.010464338877623,1.6583180553714736,0.7022370871172317,1.7706522779593459,0.11210411,0.20834701089322577,0.13134633,0.8301533295300603,459
M-1118,Steel,0.1622164224051395,0.2695871946082561,0.15,0.1611316113161131,0.3459459459459459,0.0,0.0,0.0,0.0,0.0,0.0,1.0,0.0,0.1053887836175659,0.6017193098564995,0.2136703527458396,0.8437787699161745,0.22174557,0.09871749623652888,0.24100085,0.8301408288675716,460
M-1299,Aluminum,0.542372125186821,0.3025484414490311,0.33,0.1412464124641246,0.8708708708708709,1.0,0.0,0.0,0.0,0.0,0.0,0.0,0.0,0.0182390262341061,1.7926727036387258,0.5772101113359897,2.1064360687767874,0.07290366,0.24806312500961644,0.09214122,0.8298978282534677,461
M-0205,Paper,0.4171406901782327,0.5806655433866892,0.23,0.7033620336203362,0.8200200200200201,0.0,0.0,0.0,0.0,1.0,0.0,0.0,0.0,0.1265910847296661,0.7183825121821114,0.4818622820772991,0.7971929295622807,0.22823395,0.09320737751638755,0.24749,0.8296513093892939,462
M-0102,Plastic,0.7495817439603828,0.9136478517270432,0.5,0.9961049610496104,0.9322322322322324,0.0,0.0,0.0,0.0,0.0,1.0,0.0,0.0,0.0675038096727313,0.8204265156613187,0.7295023672538228,1.7915821667483929,0.11272722,0.2108225736640359,0.13196951,0.8286039574135112,463
M-0964,Bamboo,0.4583193914653461,0.6942923336141534,0.75,0.3482984829848298,0.4475475475475475,0.0,1.0,0.0,0.0,0.0,0.0,0.0,0.0,0.192418351110438,0.6601235663311907,0.5425920208504027,0.9570534903632586,0.21172674,0.11211549770892444,0.23098083,0.8284518369433245,464
M-1044,Aluminum,0.6795824131700462,0.5420176916596462,0.5,0.3173431734317343,0.6527527527527528,1.0,0.0,0.0,0.0,0.0,0.0,0.0,0.0,0.1101965434068755,1.2537988516395693,0.6176587910938444,1.3818808146461035,0.16259141,0.16236357683717392,0.18183964,0.8278983891269605,465
M-0378,Aluminum,0.4067679403957259,0.6873420387531592,0.95,0.490159901599016,0.2781781781781782,1.0,0.0,0.0,0.0,0.0,0.0,0.0,0.0,0.3538081131562066,0.5917975704440148,0.5311606296117438,1.149284120429551,0.19049697,0.13485231184099597,0.20974852,0.8276995833559111,466
M-1259,Cotton,0.0623703406277186,0.8477253580454929,0.18,0.8544485444854448,0.693993993993994,0.0,0.0,1.0,0.0,0.0,0.0,0.0,0.0,0.2614663864356361,0.0735736715459914,0.2871463344492856,0.09605728651178456,0.3151618,0.010277873555900228,0.3344282,0.8276469676295511,467
M-0998,Paper,0.2575787994378638,0.412173546756529,0.04,0.7970479704797048,0.7421421421421421,0.0,0.0,0.0,0.0,1.0,0.0,0.0,0.0,0.2055250822778498,0.6249265061726756,0.3376741624177881,0.9397569170952877,0.21543553,0.11006967924919205,0.23469007,0.8276201252992627,468
M-1035,Aluminum,0.6586361507060161,0.4665122156697556,0.42,0.2045920459204592,0.9455455455455456,1.0,0.0,0.0,0.0,0.0,0.0,0.0,0.0,0.0111409482463192,1.4118274222101872,0.6731181239460702,1.9733363725682258,0.093236186,0.23232024858723976,0.112476155,0.8276017981254513,469
M-0265,Glass,0.7050346873675523,0.6268955349620894,0.64,0.1027060270602706,0.5046046046046047,0.0,0.0,0.0,1.0,0.0,0.0,0.0,0.0,0.0508800928850129,1.1246428207011674,0.6253952563284023,1.4933690071697245,0.15009561,0.1755502698759264,0.16934235,0.8275536880920318,470
M-0155,Steel,0.4197952218430033,0.6774431339511373,0.84,0.3456334563345634,0.2625625625625626,0.0,0.0,0.0,0.0,0.0,0.0,1.0,0.0,0.2548830503320048,0.6196750415338046,0.4986868575059701,0.9490751601485372,0.21466035,0.11117183014088988,0.23391478,0.827456696111291,471
M-0801,Aluminum,0.9517945972473176,0.2054549283909014,0.93,0.490159901599016,0.9464464464464464,1.0,0.0,0.0,0.0,0.0,0.0,0.0,0.0,0.0262498045400874,4.63259738816798,0.9436517728328612,2.1531738451555107,0.0724176,0.2535912145451025,0.0916551,0.8273768437765382,472
M-1266,Glass,0.4094224720604965,0.9383951137320976,0.21,0.2300123001230012,0.7727727727727728,0.0,0.0,0.0,1.0,0.0,0.0,0.0,0.0,0.0522650571851063,0.4363002638962147,0.4586008206560305,0.7438557946856768,0.23909564,0.08689872357498209,0.25835297,0.8273741556542585,473
M-1266,Glass,0.4094224720604965,0.9383951137320976,0.21,0.2300123001230012,0.7727727727727728,0.0,0.0,0.0,1.0,0.0,0.0,0.0,0.0,0.0522650571851063,0.4363002638962147,0.4586008206560305,0.7438557946856768,0.23909564,0.08689872357498209,0.25835297,0.8273741556542585,474
M-0466,Bamboo,0.2183854201521336,0.2999157540016848,0.82,0.2990979909799098,0.6121121121121121,0.0,1.0,0.0,0.0,0.0,0.0,0.0,0.0,0.1160164879927077,0.7281534533776223,0.5169878016944871,1.7552740073529522,0.119882494,0.20652808702906483,0.13912565,0.82717313390513,475
M-1498,Aluminum,0.8313145508487809,0.4113310867733782,0.86,0.070520705207052,0.5912912912912913,1.0,0.0,0.0,0.0,0.0,0.0,0.0,0.0,0.0288224263624017,2.021030154418248,0.7679132077268997,2.2246708425481874,0.06543932,0.26204779578898585,0.084675975,0.8266381145335524,476
M-0592,Cotton,0.4611523790403533,0.7546335299073295,0.05,0.1410414104141041,0.3964964964964965,0.0,0.0,1.0,0.0,0.0,0.0,0.0,0.0,0.0851189853239873,0.6110936629112157,0.3184099005650903,1.1473599935753738,0.19320692,0.1346247283667345,0.2124588,0.826458233691751,477
M-1041,Steel,0.1475161167993932,0.0669755686604886,0.11,0.1396063960639606,0.5492492492492492,0.0,0.0,0.0,0.0,0.0,0.0,1.0,0.0,0.0629276878354369,2.2025033493006814,0.2567812214945321,0.8574178451986759,0.22769764,0.10033071011157378,0.24695364,0.826357826740287,478
M-0723,Paper,0.8786276740502799,0.7865417017691659,0.21,0.8048380483804839,0.8714714714714715,0.0,0.0,0.0,0.0,1.0,0.0,0.0,0.0,0.1034446500621162,1.1170756172220373,0.6758925110615535,1.283098799363886,0.17745906,0.150679755584085,0.19670907,0.8263055888932527,479
M-0422,Plastic,0.9816859622119608,0.395324347093513,0.99,0.2835178351783518,0.8874874874874876,0.0,0.0,0.0,0.0,0.0,1.0,0.0,0.0,0.0318993039780247,2.4832355664251047,0.9559206311310308,2.2511552267111603,0.06412966,0.26518033777726435,0.08336616,0.8257267495738827,480
M-0777,Aluminum,0.2827187757924557,0.9448188711036226,0.75,0.8747437474374744,0.5857857857857858,1.0,0.0,0.0,0.0,0.0,0.0,0.0,0.0,0.3623312939836105,0.2992303447875396,0.513823246052718,0.7823440156971166,0.23814045,0.0914510653485559,0.25739768,0.8255756265883792,481
M-0682,Steel,0.5143322402908831,0.6613310867733783,0.55,0.3284132841328413,0.4603603603603604,0.0,0.0,0.0,0.0,0.0,0.0,1.0,0.0,0.1772248263023171,0.7777215873500051,0.5088410042244614,1.5392258816080695,0.14889707,0.1809741673600205,0.16814367,0.8254410789543625,482
M-0017,Paper,0.762140578643289,0.5919334456613311,0.6,0.2882328823288232,0.975875875875876,0.0,0.0,0.0,0.0,1.0,0.0,0.0,0.0,0.0069533658299545,1.2875422003728765,0.7776189942200784,2.059604811767597,0.088295594,0.2425239786944739,0.10753498,0.8249705195207421,483
M-0252,Aluminum,0.5407437150059113,0.7648483572030329,0.81,0.047560475604756,0.1867867867867867,1.0,0.0,0.0,0.0,0.0,0.0,0.0,0.0,0.0386768071884923,0.7069937497017054,0.5153335220384005,1.096416301369308,0.20246467,0.12859916802553742,0.22171766,0.8248415881578703,484
M-0088,Aluminum,0.3605478596444266,0.3692080876158382,0.12,0.5694956949569495,0.6195195195195196,1.0,0.0,0.0,0.0,0.0,0.0,0.0,0.0,0.2166819956487852,0.9765411300481758,0.3660749997136265,0.8558220489779006,0.23164341,0.10014196120068523,0.25089988,0.8244790788374091,485
M-0825,Cotton,0.2143255481942492,0.4918913226621735,0.76,0.3046330463304633,0.0082082082082082,0.0,0.0,1.0,0.0,0.0,0.0,0.0,0.0,0.3021325548590821,0.4357163922264462,0.3161926817401621,0.6003589532816067,0.2622839,0.06992608497717627,0.281544,0.8242649575562345,486
M-1372,Glass,0.5038925695420374,0.2206192080876158,0.92,0.4042640426404264,0.6293293293293294,0.0,0.0,0.0,1.0,0.0,0.0,0.0,0.0,0.1498488238135634,2.2839819339755336,0.6663558266156138,2.047034005754107,0.09125672,0.24103711845934653,0.11049646,0.8242332100746023,487
M-0597,Steel,0.3440183809587543,0.787910699241786,0.8,0.2084870848708487,0.4552552552552553,0.0,0.0,0.0,0.0,0.0,0.0,1.0,0.0,0.1135722438305463,0.4366204757332656,0.5141839289600783,1.0106448447858833,0.21412943,0.118454220440952,0.2333838,0.8240809874996702,488
M-0121,Cotton,0.3715005911352027,0.6525905644481887,0.4,0.3823288232882328,0.5034034034034034,0.0,0.0,1.0,0.0,0.0,0.0,0.0,0.0,0.189863192425718,0.569269680108924,0.419621257475102,0.8152877078618959,0.23736161,0.09534760673385155,0.25661874,0.824016827545855,489
M-1020,Steel,0.3927368444533672,0.688921651221567,0.35,0.6371463714637147,0.7195195195195196,0.0,0.0,0.0,0.0,0.0,0.0,1.0,0.0,0.1787071204045373,0.5700739317497888,0.4779505936372028,1.0541589488878222,0.20914578,0.12360101778926326,0.22839956,0.8239997111776378,490
M-0880,Steel,0.4488612282228021,0.8388795282224094,0.51,0.2820828208282082,0.4773773773773774,0.0,0.0,0.0,0.0,0.0,0.0,1.0,0.0,0.1474228636180255,0.5350716974846711,0.4757577045023341,0.8185411405149837,0.23749559,0.09573241894353406,0.25675273,0.8237574258202862,491
M-0773,Aluminum,0.349728970086328,0.6857624262847516,0.89,0.8560885608856089,0.5606606606606607,1.0,0.0,0.0,0.0,0.0,0.0,0.0,0.0,0.3761133827554492,0.5099848674943901,0.5750897862327294,0.8446294944755057,0.23591803,0.0988181189425796,0.255175,0.8230034432943657,492
M-0926,Aluminum,0.3026166097838453,0.1857624262847514,0.89,0.525420254202542,0.5782782782782783,1.0,0.0,0.0,0.0,0.0,0.0,0.0,0.0,0.2215811342297607,1.629043002899682,0.5615301273970217,1.3587675002155415,0.1757023,0.1596297610347569,0.1949521,0.8227090692249388,493
M-0374,Cotton,0.8093644738896696,0.9102780117944398,0.9,0.7595325953259533,0.8801801801801802,0.0,0.0,1.0,0.0,0.0,0.0,0.0,0.0,0.0910070587192358,0.8891388941223234,0.8577998436099219,2.737506585329502,0.012749262,0.3227054077412561,0.031979647,0.8226574728625081,494
M-0971,Cotton,0.1395525218050815,0.5151642796967144,0.35,0.7980729807298073,0.5544544544544544,0.0,0.0,1.0,0.0,0.0,0.0,0.0,0.0,0.3555778615844217,0.2708888337491187,0.3271573450583689,0.2657677363023458,0.30523303,0.030351027099784197,0.32449827,0.8225753534592708,495
M-1011,Steel,0.4528764862031273,0.2044018534119629,0.48,0.1170561705617056,0.6142142142142143,0.0,0.0,0.0,0.0,0.0,0.0,1.0,0.0,0.0451586067412225,2.215607456762745,0.5094148587455152,1.9146010073280413,0.11025857,0.22537309827105517,0.12950057,0.8225631669079447,496
M-0184,Glass,0.5244596131968146,0.2885425442291491,0.22,0.0604756047560475,0.1287287287287287,0.0,0.0,0.0,1.0,0.0,0.0,0.0,0.0,0.0526906570367004,1.81760993682226,0.3144024638973444,2.1893285320400167,0.07792148,0.2578675486309491,0.09715963,0.8224864099093694,497
M-0002,Paper,0.940172656093154,0.9099620893007582,0.91,0.96719967199672,0.5582582582582583,0.0,0.0,0.0,0.0,1.0,0.0,0.0,0.0,0.4272524677198723,1.0331986727237583,0.8165465399147391,1.937658209959836,0.10791112,0.22810027723553047,0.12715283,0.8223734462010748,498
M-0084,Cotton,0.1738160565705235,0.6869208087615839,0.38,0.490159901599016,0.4773773773773774,0.0,0.0,1.0,0.0,0.0,0.0,0.0,0.0,0.2561686532781244,0.2530361597979945,0.3267396358414226,0.6003708406449578,0.26609167,0.0699274910006125,0.28535223,0.822360139463683,499
M-1175,Aluminum,0.7939949586205357,0.8375105307497894,0.05,0.4341943419434194,0.9411411411411412,1.0,0.0,0.0,0.0,0.0,0.0,0.0,0.0,0.0255561834897627,0.9480406292552234,0.6149403257905567,2.157971685991921,0.08195543,0.25415869754869613,0.10119406,0.8223236205562012,500
M-0278,Wood,0.8445425951950746,0.95787700084246,0.16,0.07790077900779,0.9850850850850852,0.0,0.0,0.0,0.0,0.0,0.0,0.0,1.0,0.0011618834907067,0.881680751047935,0.6813425636035554,1.6204683289161412,0.14553538,0.19058342902368577,0.16478159,0.8223174928202914,501
M-0021,Wood,0.1078096767717325,0.1042544229149115,0.55,0.1896268962689626,0.1127127127127127,0.0,0.0,0.0,0.0,0.0,0.0,0.0,1.0,0.1682535343871957,1.0340917887765115,0.2419376845225068,0.7545611747188891,0.24820177,0.08816494340656873,0.2674602,0.8221874296915597,502
M-0719,Cotton,0.8708425349662048,0.9474515585509689,0.95,0.936859368593686,0.6146146146146146,0.0,0.0,1.0,0.0,0.0,0.0,0.0,0.0,0.3610519088173864,0.9191410452234872,0.8177213983708663,2.1272703208168817,0.085995615,0.25052737597759694,0.10523473,0.8221189483794762,503
M-0614,Plastic,0.6307301077427557,0.5818239258635215,0.52,0.4206642066420664,0.8502502502502503,0.0,0.0,0.0,0.0,0.0,1.0,0.0,0.0,0.0629943596733264,1.0840548070481013,0.6633671181721774,1.3767593955318056,0.17487782,0.16175782137326022,0.19412751,0.8220573318341791,504
M-1378,Steel,0.1633540788328983,0.4918913226621735,0.25,0.6920869208692088,0.4773773773773774,0.0,0.0,0.0,0.0,0.0,0.0,1.0,0.0,0.3617002816674813,0.3320931661401193,0.2835548447463725,0.6298836221745909,0.2632172,0.07341822828804839,0.28247744,0.822052166631046,505
M-0224,Paper,0.2125186821031028,0.7224094355518113,0.71,0.7009020090200903,0.4135135135135135,0.0,0.0,0.0,0.0,1.0,0.0,0.0,0.0,0.4110695566415124,0.2941799725536509,0.4220615268952952,0.7385598534059773,0.2504003,0.0862723258334288,0.269659,0.8220343308052476,506
M-0479,Aluminum,0.9844966427981888,0.2467354675652906,0.47,0.1637966379663796,0.948148148148148,1.0,0.0,0.0,0.0,0.0,0.0,0.0,0.0,0.0084931590056641,3.990073508439421,0.8192431015637199,1.8617411509714337,0.11782295,0.21912089627487114,0.13706584,0.8219066304887203,507
M-1499,Glass,0.5980280621918848,0.4025905644481886,0.46,0.993439934399344,0.913913913913914,0.0,0.0,0.0,1.0,0.0,0.0,0.0,0.0,0.0855213557140576,1.4854460823379914,0.6513853990509282,1.8978854822393878,0.11354972,0.22339600551050173,0.1327921,0.8219059470895863,508
M-0209,Wood,0.1636886836645921,0.4891533277169335,0.05,0.490159901599016,0.7031031031031032,0.0,0.0,0.0,0.0,0.0,0.0,0.0,1.0,0.1455269537680361,0.3346360737082477,0.2914064043967678,0.3894987781757904,0.29194593,0.044985790042994106,0.3112096,0.8219023103570353,509
M-0197,Plastic,0.1341765375092016,0.2594776748104465,0.66,0.3454284542845428,0.1364364364364364,0.0,0.0,0.0,0.0,0.0,1.0,0.0,0.0,0.2982994269382133,0.5171004422896017,0.2926015459346116,0.4492693285131862,0.28488597,0.05205538084194395,0.30414876,0.8218979278699292,510
M-0939,Wood,0.6053224475228088,0.8288753159224936,0.5,0.1324313243132431,0.3063063063063063,0.0,0.0,0.0,0.0,0.0,0.0,0.0,1.0,0.0918667745236011,0.7302928505673592,0.4840208709010155,1.1132347307305073,0.20643245,0.13058843218311258,0.22568591,0.821862829213219,511
M-0282,Paper,0.5953066095607753,0.8287700084245999,0.5,0.1301763017630176,0.2843843843843844,0.0,0.0,0.0,0.0,1.0,0.0,0.0,0.0,0.093156194324706,0.7183004756553755,0.4734379591396255,1.0545296943149074,0.21584505,0.12364486912483368,0.23509963,0.8206277511537353,512
M-0959,Plastic,0.6187066407905597,0.4394481887110362,0.82,0.4001640016400164,0.5377377377377378,0.0,0.0,0.0,0.0,0.0,1.0,0.0,0.0,0.1849807166740336,1.4079139447391174,0.6548039776375453,1.5047706681149862,0.16293111,0.1768988449995678,0.18217939,0.8204608818081538,513
M-0807,Cotton,0.6100738361328604,0.6039385004212301,0.66,0.470069700697007,0.1885885885885885,0.0,0.0,1.0,0.0,0.0,0.0,0.0,0.0,0.3814199193042982,1.0101572023478371,0.4986061110297207,1.2612190279092617,0.19183159,0.14809184180237164,0.21108331,0.8204124251676732,514
M-0655,Wood,0.663097548461933,0.5227464195450716,0.99,0.0957359573595736,0.3637637637637638,0.0,0.0,0.0,0.0,0.0,0.0,0.0,1.0,0.0609106851829279,1.2684855508976076,0.6713681485139024,1.9519781195275256,0.11170188,0.22979401939366806,0.13094406,0.8196309611536337,515
M-0008,Steel,0.5322670592696692,0.4306023588879528,0.34,0.5483804838048381,0.5726726726726726,0.0,0.0,0.0,0.0,0.0,0.0,1.0,0.0,0.2343379665027881,1.2360959297769212,0.4867086255096695,1.5008066391124433,0.16578954,0.1764299842846345,0.18503816,0.8192659257286812,516
M-1064,Steel,0.0178009770461085,0.0083192923336141,0.51,0.2667076670766707,0.4317317317317317,0.0,0.0,0.0,0.0,0.0,0.0,1.0,0.0,0.1515615041035295,2.139465337556978,0.2896399103379629,1.4072837401343778,0.17709725,0.16536820515805375,0.1963472,0.819142294005484,517
M-0769,Paper,0.2411831626848691,0.0683445661331086,0.2,0.5448954489544895,0.7875875875875876,0.0,0.0,0.0,0.0,1.0,0.0,0.0,0.0,0.1157425568249676,3.5288779701545656,0.3927495413502239,0.8706962123335111,0.24086902,0.10190125984872045,0.26012656,0.818986089612421,518
M-0929,Wood,0.1709607620067367,0.4918913226621735,0.68,0.1947519475194752,0.0734734734734734,0.0,0.0,0.0,0.0,0.0,0.0,0.0,1.0,0.1804428454694957,0.3475572887201794,0.2944263468447367,0.360706404761135,0.30133176,0.04158026178496126,0.32059652,0.818911611041342,519
M-0269,Bamboo,0.9157465033795088,0.6879738837405224,0.3,0.1104961049610496,0.3565565565565566,0.0,1.0,0.0,0.0,0.0,0.0,0.0,0.0,0.0710979942632259,1.331075486943057,0.5632655683187705,1.4608717939621503,0.17124736,0.17170653749958187,0.19049662,0.8188984194921677,520
M-0029,Cotton,0.7195565370630618,0.6343723673125526,0.66,0.9403444034440344,0.9900900900900902,0.0,0.0,1.0,0.0,0.0,0.0,0.0,0.0,0.0093187283224182,1.13427923387039,0.7828496418522517,2.101479637201746,0.095855884,0.24747688407891158,0.11509617,0.8187134745955806,521
M-0750,Plastic,0.8633920007138236,0.8717354675652907,0.42,0.1461664616646166,0.6692692692692692,0.0,0.0,0.0,0.0,0.0,1.0,0.0,0.0,0.048341740674664,0.9904277643967646,0.6721375810663102,1.2526555027293353,0.19646892,0.14707895805817253,0.21572119,0.8185999259830445,522
M-0439,Bamboo,0.298869035668875,0.4930497051390058,0.69,0.1432964329643296,0.5022022022022022,0.0,1.0,0.0,0.0,0.0,0.0,0.0,0.0,0.071332648761923,0.6061628805187793,0.4772082749282107,0.9060995165800719,0.23752087,0.10608872127480866,0.25677803,0.8185666235687953,523
M-0140,Aluminum,0.2408708648419549,0.6887110362257793,0.5,0.8634686346863469,0.5103103103103104,1.0,0.0,0.0,0.0,0.0,0.0,0.0,0.0,0.4228316877763372,0.349741041498207,0.399441439029875,0.7004708543492761,0.26208276,0.08176720356581615,0.28134283,0.8184449810999731,524
M-0871,Steel,0.463739989738785,0.2709561920808761,0.86,0.048380483804838,0.8616616616616616,0.0,0.0,0.0,0.0,0.0,0.0,1.0,0.0,0.0066928757375661,1.7114880257556204,0.7019944943940125,2.362121615277296,0.06560176,0.27830531245411666,0.084838435,0.818428126246029,525
M-0369,Glass,0.2633786165205559,0.8430918281381635,0.14,0.54920049200492,0.6930930930930932,0.0,0.0,0.0,1.0,0.0,0.0,0.0,0.0,0.1685534242729814,0.3123957501835067,0.3552793745361503,0.8858465753770608,0.24025734,0.10369322707286054,0.2595148,0.8183959821361771,526
M-1364,Wood,0.8941756452296505,0.7980202190395956,0.7,0.0325953259532595,0.6638638638638639,0.0,0.0,0.0,0.0,0.0,0.0,0.0,1.0,0.0109564669220265,1.1204910645180275,0.7668294172510194,2.183520112493358,0.086825565,0.25718053555926573,0.106064774,0.818377345172361,527
M-1143,Cotton,0.7998840036583461,0.8884793597304129,0.61,0.7496924969249692,0.8022022022022022,0.0,0.0,1.0,0.0,0.0,0.0,0.0,0.0,0.1482875249172912,0.9002832700781938,0.7436142621239991,1.865610427283986,0.12460711,0.219578549752435,0.14385082,0.8182853159855799,528
M-0729,Steel,0.7976309977916081,0.7039806234203875,0.59,0.536080360803608,0.8722722722722722,0.0,0.0,0.0,0.0,0.0,0.0,1.0,0.0,0.0684723263649053,1.133028151951201,0.7577340807983248,2.187271127733136,0.086887576,0.2576242012554349,0.106126785,0.8181245067331224,529
M-1472,Plastic,0.5395168306230341,0.8348778433024432,0.47,0.0719557195571955,0.1925925925925926,0.0,0.0,0.0,0.0,0.0,1.0,0.0,0.0,0.0580975809758097,0.646221706240541,0.4145845100269914,1.2624546028055614,0.19657621,0.14823798415623968,0.2158285,0.8179667613031325,530
M-0162,Aluminum,0.2658546922750898,0.1405855096882898,0.27,0.2708077080770807,0.9786786786786787,1.0,0.0,0.0,0.0,0.0,0.0,0.0,0.0,0.005773978160202,1.8910398505841437,0.4809454805136395,1.742324163535637,0.14032446,0.20499639464574324,0.15957004,0.8177167835178114,531
M-0496,Bamboo,0.6253764304356555,0.7816975568660489,0.93,0.6910619106191062,0.4773773773773774,0.0,1.0,0.0,0.0,0.0,0.0,0.0,0.0,0.3611645881223577,0.8000224958107724,0.6723637853874754,1.164230403642723,0.20870242,0.13662014074144743,0.22795615,0.8177118566283683,532
M-0070,Wood,0.5053871377902697,0.4918913226621735,0.48,0.5785157851578516,0.7103103103103103,0.0,0.0,0.0,0.0,0.0,0.0,0.0,1.0,0.1675900582829652,1.027434490245875,0.559247948209201,1.1413759662413399,0.21258616,0.13391694461131404,0.23184036,0.817121349102138,533
M-1187,Cotton,0.2676169443886769,0.2289385004212299,0.91,0.551250512505125,0.5101101101101101,0.0,0.0,1.0,0.0,0.0,0.0,0.0,0.0,0.2700520528728811,1.1689417680054497,0.5330798107885039,1.1050486188790218,0.21754204,0.12962018844605888,0.23679681,0.8167915001654555,534
M-1420,Aluminum,0.3231167324722835,0.4492417860151642,0.77,0.1271012710127101,0.1947947947947948,1.0,0.0,0.0,0.0,0.0,0.0,0.0,0.0,0.1023426050076316,0.7192474593490228,0.4186851314273518,0.9097549663770128,0.2407519,0.10652108360215212,0.26000944,0.816734739299197,535
M-0474,Paper,0.9439871511744627,0.4581929233361415,0.81,0.1381713817138171,0.3024024024024024,0.0,0.0,0.0,0.0,1.0,0.0,0.0,0.0,0.0963880239402994,2.060234985879401,0.7113155811905059,1.8694062336618256,0.12805144,0.22002751329203588,0.14729556,0.8163384611474467,536
M-0275,Aluminum,0.944634053849071,0.804759898904802,0.67,0.5272652726527265,0.6042042042042043,1.0,0.0,0.0,0.0,0.0,0.0,0.0,0.0,0.208689378185073,1.1738070961631235,0.7601148828008898,1.6007991853862873,0.16012777,0.18825698572783275,0.17937572,0.8161836456339131,537
M-1404,Wood,0.5053871377902697,0.1708087615838247,0.76,0.1752767527675277,0.9437437437437436,0.0,0.0,0.0,0.0,0.0,0.0,0.0,1.0,0.0098604139194545,2.9587719876434075,0.7132779782392309,2.5052903809617093,0.053538375,0.2952391466394492,0.07277361,0.8159936201624359,538
M-1059,Wood,0.1715407437150058,0.3697346251053074,0.25,0.5243952439524395,0.257057057057057,0.0,0.0,0.0,0.0,0.0,0.0,0.0,1.0,0.3895957458073079,0.4639551400169998,0.2207334146031194,0.48517802527712756,0.29253623,0.056302619503988044,0.31179994,0.8159487185244494,539
M-1095,Plastic,0.9434294764549732,0.4740943555181129,0.18,0.4157441574415744,0.8213213213213213,0.0,0.0,0.0,0.0,0.0,1.0,0.0,0.0,0.074284616720041,1.989957221630975,0.6777681869783857,2.0101008232444557,0.11259596,0.2366687048213211,0.13183825,0.8157465239993469,540
M-0259,Cotton,0.5053871377902697,0.8473041280539174,0.68,0.2554325543255432,0.2412412412412412,0.0,0.0,1.0,0.0,0.0,0.0,0.0,0.0,0.1938116878666284,0.5964641556590577,0.4785272274884802,0.8228027686989712,0.25309277,0.09623647934163973,0.27235177,0.8157058745326332,541
M-0321,Cotton,0.2942068750139419,0.4052232518955349,0.32,0.9760147601476016,0.3651651651651652,0.0,0.0,1.0,0.0,0.0,0.0,0.0,0.0,0.6196081690546635,0.726034716919626,0.3232322995551263,1.2134182056160687,0.20774768,0.14243801643923518,0.2270013,0.8152803445335448,542
M-1142,Aluminum,0.3997858529077159,0.8982729570345409,0.06,0.4116441164411644,0.5039039039039039,1.0,0.0,0.0,0.0,0.0,0.0,0.0,0.0,0.2042150391473884,0.4450600507528052,0.3290855123342575,0.599657240960947,0.28044748,0.06984308726446252,0.29970977,0.8152235728161712,543
M-0522,Bamboo,0.8601797943295634,0.2748525695029486,0.95,0.7203772037720377,0.9646646646646648,0.0,1.0,0.0,0.0,0.0,0.0,0.0,0.0,0.0254547700632161,3.129592953386532,0.9184713171312248,2.698064590619652,0.0325136,0.3180402547299658,0.05174634,0.8151067033320767,544
M-1197,Plastic,0.4386446273617524,0.804759898904802,0.62,0.9692496924969248,0.6253253253253254,0.0,0.0,0.0,0.0,0.0,1.0,0.0,0.0,0.3631533132148137,0.5450620525409514,0.5490554485422986,0.7832010492438486,0.259457,0.09155243427425871,0.27871677,0.8148653964655088,545
M-0792,Cotton,0.1040397956679827,0.9710404380791912,0.52,0.490159901599016,0.061061061061061,0.0,0.0,1.0,0.0,0.0,0.0,0.0,0.0,0.4602302179177948,0.1071424880423053,0.2159342365855114,0.531025048129541,0.28933957,0.061725351754018505,0.3086029,0.8148358744665043,546
M-0751,Cotton,0.5053871377902697,0.6730202190395956,0.6,0.6471914719147192,0.5432432432432432,0.0,0.0,1.0,0.0,0.0,0.0,0.0,0.0,0.2956090777123987,0.750923037035087,0.5451278280890808,1.6484751814850753,0.15747003,0.19389604679466527,0.17671765,0.814693149667376,547
M-0477,Aluminum,0.3958821298712887,0.0657118786857624,0.36,0.1941369413694137,0.85995995995996,1.0,0.0,0.0,0.0,0.0,0.0,0.0,0.0,0.0271869450426235,6.024422271384404,0.5243408399365035,1.4007316870540227,0.18677416,0.16459323598160083,0.20602529,0.8146907382547173,548
M-0007,Steel,0.6191973945437105,0.5176916596461668,0.18,0.065190651906519,0.8375375375375376,0.0,0.0,0.0,0.0,0.0,0.0,1.0,0.0,0.0105910338382663,1.1960714199944813,0.5529402190787455,1.770539390268496,0.14307822,0.20833365866916156,0.16232413,0.8146711053978564,549
M-0361,Paper,0.8156996587030717,0.8397219882055602,0.56,0.073390733907339,0.7208208208208209,0.0,0.0,0.0,0.0,1.0,0.0,0.0,0.0,0.0204891648516084,0.971391363771254,0.710526109727475,2.3959127395888187,0.069189906,0.28230208712275223,0.088427015,0.8146354491141667,550
M-0868,Wood,0.6611345334493296,0.0137952822240943,0.88,0.9897498974989748,0.7449449449449449,0.0,0.0,0.0,0.0,0.0,0.0,0.0,1.0,0.2524407145973362,47.92120969334039,0.7519372968632153,2.9133776548468755,0.008230291,0.3435072321822734,0.02746014,0.8145163142864659,551
M-1072,Plastic,0.1186062593410515,0.0664490311710193,0.29,0.5079950799507995,0.3812812812812813,0.0,0.0,0.0,0.0,0.0,1.0,0.0,0.0,0.3143060649825717,1.7848939609343464,0.248826888120805,1.3782239343401874,0.18981202,0.1619310453109017,0.2090635,0.8145027272615795,552
M-0582,Aluminum,0.7187088714894376,0.6627000842459985,0.13,0.4727347273472734,0.8622622622622622,1.0,0.0,0.0,0.0,0.0,0.0,0.0,0.0,0.0651134118948797,1.0845144041180543,0.5851622272744537,1.4452036692263681,0.18251874,0.16985333002794878,0.20176935,0.8141886590064114,553
M-0076,Plastic,0.920140980169087,0.9554549283909016,0.5,0.5772857728577286,0.8117117117117117,0.0,0.0,0.0,0.0,0.0,1.0,0.0,0.0,0.1086961500245633,0.9630386424193432,0.7615699055811482,1.9805533661471781,0.11985543,0.2331738661482934,0.13909858,0.8138637745998798,554
M-1222,Plastic,0.831626848691695,0.7793807919123843,0.9,0.8236982369823698,0.6374374374374375,0.0,0.0,0.0,0.0,0.0,1.0,0.0,0.0,0.2986421435785928,1.06703397143923,0.7938819707079092,1.6010111341280964,0.16491938,0.18828205477716364,0.18416789,0.8137750267410186,555
M-0467,Cotton,0.5053871377902697,0.6466933445661331,0.04,0.1853218532185322,0.5660660660660661,0.0,0.0,1.0,0.0,0.0,0.0,0.0,0.0,0.0804174408110447,0.7814930531506868,0.3839746749359277,0.9090178199848676,0.24771571,0.10643389478889925,0.2669741,0.8132960068406273,556
M-0467,Cotton,0.5053871377902697,0.6466933445661331,0.04,0.1853218532185322,0.5660660660660661,0.0,0.0,1.0,0.0,0.0,0.0,0.0,0.0,0.0804174408110447,0.7814930531506868,0.3839746749359277,0.9090178199848676,0.24771571,0.10643389478889925,0.2669741,0.8132960068406273,557
M-0641,Wood,0.2337103214437083,0.3323504633529907,0.19,0.7181221812218122,0.6503503503503503,0.0,0.0,0.0,0.0,0.0,0.0,0.0,1.0,0.2510911690698489,0.7032023240875109,0.3455892336825884,0.7858065591302273,0.26262626,0.0918606109367679,0.2818864,0.8131264951354826,558
M-0997,Aluminum,0.0160387249325213,0.5003159224936816,0.19,0.1635916359163591,0.1712712712712712,1.0,0.0,0.0,0.0,0.0,0.0,0.0,0.0,0.1355730884636173,0.032057130613494,0.1147968713543899,0.44314897084210686,0.30384654,0.05133147209368079,0.3231116,0.812778467091511,559
M-1393,Cotton,0.709719155011265,0.4918913226621735,0.58,0.493029930299303,0.6453453453453453,0.0,0.0,1.0,0.0,0.0,0.0,0.0,0.0,0.1748553596647078,1.44283438125277,0.6514912656081095,1.5203854165072328,0.17664824,0.17874573917970515,0.19589816,0.8126780502409465,560
M-0907,Plastic,0.552677954002989,0.4918913226621735,0.84,0.7427224272242723,0.7168168168168167,0.0,0.0,0.0,0.0,0.0,1.0,0.0,0.0,0.2103265011629096,1.123575076374108,0.6881162266462406,1.352152376482048,0.19699499,0.1588473319352048,0.21624732,0.8124526739448121,561
M-0193,Aluminum,0.5053871377902697,0.7622156697556866,0.08,0.1305863058630586,0.6734734734734734,1.0,0.0,0.0,0.0,0.0,0.0,0.0,0.0,0.0426398928653951,0.66304917990348,0.4281968971581499,0.782429509843195,0.26439178,0.09146117749617824,0.28365213,0.8124433478573644,562
M-0917,Aluminum,0.5053871377902697,0.9275484414490311,0.11,0.4052890528905289,0.6432432432432432,1.0,0.0,0.0,0.0,0.0,0.0,0.0,0.0,0.1445896080582427,0.5448627482333951,0.4281278280890808,0.782429509843195,0.26439178,0.09146117749617824,0.28365213,0.8124433478573644,563
M-1374,Plastic,0.4161145686943719,0.8744734625105308,0.49,0.5393603936039361,0.6553553553553553,0.0,0.0,0.0,0.0,0.0,1.0,0.0,0.0,0.1858876711890242,0.4758453065624667,0.5100524340843553,0.9203896092720109,0.2483378,0.10777893672774995,0.26759624,0.8123124092301192,564
M-0944,Steel,0.1437016217180842,0.3268744734625105,0.52,0.9378843788437884,0.5933933933933934,0.0,0.0,0.0,0.0,0.0,0.0,1.0,0.0,0.3813499846710179,0.43962191533029,0.3914986667052517,0.6468533013049439,0.2808416,0.07542538209144939,0.3001039,0.812235357545889,565
M-1023,Plastic,0.8922572441946062,0.7237784330244315,0.23,0.0621156211562115,0.2489489489489489,0.0,0.0,0.0,0.0,0.0,1.0,0.0,0.0,0.0466520025560615,1.232775074121908,0.5005875823625272,1.9191888934159378,0.1305352,0.22591574807251316,0.14977962,0.8121523170705397,566
M-0743,Plastic,0.2248990608757723,0.5529696714406066,0.57,0.4577695776957769,0.3369369369369369,0.0,0.0,0.0,0.0,0.0,1.0,0.0,0.0,0.3035300983640466,0.4067106493909746,0.36204070543139,0.45588617990994057,0.304599,0.05283801428748621,0.32386413,0.8116489267733025,567
M-1082,Steel,0.6009502777220104,0.7425231676495367,0.74,0.7164821648216482,0.4137137137137137,0.0,0.0,0.0,0.0,0.0,0.0,1.0,0.0,0.420063667603643,0.8093343003559343,0.5864942252029183,1.1827228223743549,0.21976426,0.1388074024042145,0.2390193,0.8110866465409271,568
M-0762,Plastic,0.7176381360280176,0.2878053917438921,0.47,0.490159901599016,0.9962962962962962,0.0,0.0,0.0,0.0,0.0,1.0,0.0,0.0,0.0018154070429593,2.493475324434825,0.7269441433000959,2.409194564716222,0.07485414,0.2838730458672161,0.09409192,0.811017516044015,569
M-0432,Wood,0.3399362020120904,0.8358256107834878,0.67,0.492619926199262,0.4098098098098098,0.0,0.0,0.0,0.0,0.0,0.0,0.0,1.0,0.2907394479350199,0.4067066035304149,0.4599174237477791,0.8532335167820755,0.25890964,0.09983579263956123,0.27816936,0.8109974218116662,570
M-0981,Paper,0.3041780989984162,0.4918913226621735,0.12,0.5772857728577286,0.5278278278278279,0.0,0.0,0.0,0.0,1.0,0.0,0.0,0.0,0.2725782773343249,0.6183835058700896,0.3160195879477148,0.7211829722453561,0.2748383,0.08421700865006479,0.2940999,0.8108415471018551,571
M-0981,Paper,0.3041780989984162,0.4918913226621735,0.12,0.5772857728577286,0.5278278278278279,0.0,0.0,0.0,0.0,1.0,0.0,0.0,0.0,0.2725782773343249,0.6183835058700896,0.3160195879477148,0.7211829722453561,0.2748383,0.08421700865006479,0.2940999,0.8108415471018551,572
M-0379,Plastic,0.3708759954493743,0.4939974726200505,0.3,0.5451004510045101,0.3246246246246246,0.0,0.0,0.0,0.0,0.0,1.0,0.0,0.0,0.3681474217144573,0.7507634456485992,0.335737785567137,0.7396070022152056,0.2737562,0.08639618137006118,0.2930177,0.8102930666082891,573
M-1405,Plastic,0.097793838809699,0.0304338668913226,0.68,0.2365723657236572,0.7956956956956958,0.0,0.0,0.0,0.0,0.0,1.0,0.0,0.0,0.0483327525967952,3.213217234000168,0.4818262442325883,2.477026062990439,0.06840747,0.29189607616175833,0.08764448,0.8102297218347111,574
M-0071,Plastic,0.8026723772557941,0.9079612468407752,0.35,0.2798277982779827,0.4824824824824825,0.0,0.0,0.0,0.0,0.0,1.0,0.0,0.0,0.1448157874972143,0.8840371723038776,0.5708136956470624,1.2469632568521756,0.21422222,0.14640568587226543,0.23347661,0.8100588525680559,575
M-1340,Wood,0.3786388275446697,0.1965037910699241,0.12,0.7902829028290284,0.8848848848848849,0.0,0.0,0.0,0.0,0.0,0.0,0.0,1.0,0.0909735073326709,1.9268681719314165,0.4529209964833334,1.4294774742279412,0.19414581,0.16799325407355672,0.2133978,0.8093044725020248,576
M-0390,Aluminum,0.5914251935131276,0.7028222409435552,0.56,0.0453054530545305,0.1262262262262262,1.0,0.0,0.0,0.0,0.0,0.0,0.0,0.0,0.0395867166879876,0.8414991978909614,0.4424379452731189,1.1324704995271362,0.22931695,0.13286361642230288,0.24857314,0.809281622133907,577
M-1123,Glass,0.5045394722166454,0.264743049705139,0.2,0.9358343583435836,0.9409409409409408,0.0,0.0,0.0,1.0,0.0,0.0,0.0,0.0,0.0552694966389103,1.9057632183936928,0.5440980711689405,1.89265466178848,0.13943371,0.22277731018442642,0.15867919,0.8092717512588763,578
M-0648,Aluminum,0.2464253050480715,0.2825400168491996,0.08,0.3329233292332923,0.8956956956956957,1.0,0.0,0.0,0.0,0.0,0.0,0.0,0.0,0.0347253362423514,0.8721753315540587,0.3912788307279373,1.4439292665446248,0.19309445,0.16970259516902322,0.21234632,0.8089755447235328,579
M-1019,Cotton,0.3740882018336344,0.6286857624262848,0.71,0.3005330053300533,0.1028028028028028,0.0,0.0,1.0,0.0,0.0,0.0,0.0,0.0,0.2696373700473741,0.5950311414064444,0.3934761215742945,0.7654276530149986,0.27335656,0.08945021775230452,0.29261798,0.8089659027910994,580
M-1442,Plastic,0.9074259965647238,0.5249578770008425,0.7,0.2148421484214842,0.3951951951951952,0.0,0.0,0.0,0.0,0.0,1.0,0.0,0.0,0.1299375636399006,1.7285658673855846,0.6915289571844481,1.9342921838615856,0.13557325,0.22770214760481955,0.15481827,0.8087397928825039,581
M-1380,Plastic,0.42588502977983,0.6276326874473462,0.85,0.6988519885198852,0.2336336336336336,0.0,0.0,0.0,0.0,0.0,1.0,0.0,0.0,0.5355766590698939,0.6785566777206467,0.4954441020020221,1.0809588352648913,0.2365967,0.1267708770104806,0.25585374,0.8086876903142253,582
M-0606,Glass,0.8735193736197551,0.5062131423757372,0.61,0.7619926199261993,0.7610610610610611,0.0,0.0,0.0,1.0,0.0,0.0,0.0,0.0,0.1820697080844682,1.7255925911516428,0.7607260677662203,1.9102715290145127,0.13883804,0.2248610126389705,0.15808344,0.8085277742438692,583
M-0576,Wood,0.3349394365254634,0.848357203032856,0.95,0.3589585895858958,0.1937937937937937,0.0,0.0,0.0,0.0,0.0,0.0,0.0,1.0,0.2893946426951757,0.3948089796598472,0.4771139127483234,0.767453296540498,0.27469042,0.0896898084997376,0.29395202,0.8081790867388625,584
M-0286,Glass,0.6957103660576858,0.8344566133108677,0.99,0.1008610086100861,0.8367367367367368,0.0,0.0,0.0,1.0,0.0,0.0,0.0,0.0,0.0164668974017067,0.8337276273354662,0.8263051674440953,2.125852596207182,0.1145244,0.2503596891686316,0.1337669,0.8079367031790319,585
M-0135,Bamboo,0.799727854736889,0.3189764111204717,0.89,0.6473964739647398,0.943943943943944,0.0,1.0,0.0,0.0,0.0,0.0,0.0,0.0,0.0362904930350605,2.507161406595174,0.8700743250779388,2.8471530393341635,0.029411998,0.33567426210169277,0.048644368,0.8078406851464297,586
M-0182,Aluminum,0.8348836690535145,0.8270850884582983,0.18,0.0850758507585075,0.0933933933933933,1.0,0.0,0.0,0.0,0.0,0.0,0.0,0.0,0.0771303283603406,1.009427773848489,0.4159714856394238,1.7156894168301562,0.16394003,0.20184606795176904,0.18318842,0.8074827542669324,587
M-0980,Wood,0.6143344709897611,0.2224094355518113,0.5,0.3880688806888069,0.5427427427427428,0.0,0.0,0.0,0.0,0.0,0.0,0.0,1.0,0.1774473120106576,2.762165675659808,0.5585566112187272,1.5927681585886282,0.17972517,0.18730708526959106,0.19897544,0.806858735445191,588
M-0816,Steel,0.4221151486760802,0.2674810446503791,0.9,0.7935629356293562,0.8947947947947947,0.0,0.0,0.0,0.0,0.0,0.0,1.0,0.0,0.0834869514861315,1.578106482727913,0.7072844979088705,2.6564970498304636,0.054030802,0.3131236946139991,0.073266104,0.8068051007611424,589
M-0816,Steel,0.4221151486760802,0.2674810446503791,0.9,0.7935629356293562,0.8947947947947947,0.0,0.0,0.0,0.0,0.0,0.0,1.0,0.0,0.0834869514861315,1.578106482727913,0.7072844979088705,2.6564970498304636,0.054030802,0.3131236946139991,0.073266104,0.8068051007611424,590
M-0212,Bamboo,0.6022217760824466,0.8806866048862679,0.39,0.2388273882738827,0.3998998998998999,0.0,1.0,0.0,0.0,0.0,0.0,0.0,0.0,0.1433203396098024,0.6838086203793201,0.4778586804029486,1.0562802603855765,0.24333696,0.12385192403258168,0.2625948,0.806776643350416,591
M-0054,Paper,0.6057908942871801,0.2935973041280539,0.98,0.89339893398934,0.4773773773773774,0.0,0.0,0.0,0.0,1.0,0.0,0.0,0.0,0.4669104939297641,2.063332402706803,0.6795295709280853,1.7037370754719379,0.16702811,0.20043235899284215,0.18627688,0.8066453790601356,592
M-0141,Cotton,0.7217872359410202,0.3746840775063184,0.75,0.1361213612136121,0.4608608608608609,0.0,0.0,1.0,0.0,0.0,0.0,0.0,0.0,0.0733883535031546,1.926383726688044,0.6519731526346664,1.855344825186143,0.14974003,0.21836434634077284,0.16898674,0.8063244579655542,593
M-0601,Steel,0.8670949608512347,0.6569081718618366,0.78,0.1592865928659286,0.3294294294294294,0.0,0.0,0.0,0.0,0.0,0.0,1.0,0.0,0.1068129014623479,1.3199617207256853,0.6796668131693226,1.7577581771976714,0.16173956,0.2068219117333401,0.18098769,0.806095201173926,594
M-1344,Aluminum,0.5220950723861786,0.5795071609098569,0.12,0.8544485444854448,0.9768768768768769,1.0,0.0,0.0,0.0,0.0,0.0,0.0,0.0,0.0197575188965103,0.9009279033559476,0.5379010920175346,2.591293844364734,0.06337015,0.305411535719351,0.08260657,0.8059909476740579,595
M-0119,Cotton,0.8618305114992527,0.3433024431339511,0.66,0.7718327183271834,0.5784784784784786,0.0,0.0,1.0,0.0,0.0,0.0,0.0,0.0,0.3253441017893662,2.510404508710334,0.7162757481432447,1.9356350555254367,0.14097993,0.227860980894882,0.1602256,0.805956709550461,596
M-0414,Aluminum,0.7431127172143032,0.6780749789385004,0.38,0.577490774907749,0.6997997997997999,1.0,0.0,0.0,0.0,0.0,0.0,0.0,0.0,0.1733628462410749,1.095913644334688,0.6211850268256612,1.8746555224384684,0.14830607,0.2206483930300825,0.1675526,0.8058995008492891,597
M-0329,Cotton,0.215842423431261,0.3579401853411963,0.77,0.9120541205412054,0.5570570570570571,0.0,0.0,1.0,0.0,0.0,0.0,0.0,0.0,0.4039879362757591,0.6030108639929657,0.4844540864896215,0.9834366423189086,0.2539969,0.1152360660701005,0.27325603,0.8057539501354591,598
M-0812,Glass,0.2345356800285529,0.0921440606571187,0.29,0.3308733087330873,0.6642642642642642,0.0,0.0,0.0,1.0,0.0,0.0,0.0,0.0,0.1110859937428203,2.5452875971429902,0.3800935512907004,2.0833188111327567,0.124084875,0.2453288428085215,0.14332852,0.8056713197580394,599
M-0598,Bamboo,0.369225278279685,0.2511583824768323,0.55,0.7355473554735548,0.4710710710710711,0.0,1.0,0.0,0.0,0.0,0.0,0.0,0.0,0.3890522749071335,1.4700835566584631,0.4540114326331953,1.4504167154028784,0.1989812,0.17046992303363337,0.21823376,0.8056481563973832,600
M-0202,Cotton,0.6643467398335898,0.9668281381634374,0.83,0.2359573595735957,0.4740740740740741,0.0,0.0,1.0,0.0,0.0,0.0,0.0,0.0,0.1240960928127799,0.6871397578020507,0.6569609181556582,1.7228036646360394,0.16678941,0.20268753286293373,0.18603815,0.8056371578768331,601
M-1004,Aluminum,0.2388855428405719,0.117207245155855,0.51,0.014350143501435,0.4256256256256256,1.0,0.0,0.0,0.0,0.0,0.0,0.0,0.0,0.0082423546958192,2.038129165084923,0.3762419048239164,1.5840179042966627,0.1832499,0.18627211542437871,0.2025006,0.8056136439665635,602
M-0658,Glass,0.5053871377902697,0.2262005054759898,0.14,0.7775727757277572,0.9714714714714714,0.0,0.0,0.0,1.0,0.0,0.0,0.0,0.0,0.0221830071153564,2.234234191884784,0.5355962965575493,1.9465704839633553,0.14129582,0.2291544105827615,0.16054152,0.8051520349472858,603
M-0547,Steel,0.1648932610586896,0.0730834035383319,0.14,0.1324313243132431,0.4773773773773774,0.0,0.0,0.0,0.0,0.0,0.0,1.0,0.0,0.0692116060299742,2.256203144248213,0.2511705176366891,1.572969672904522,0.18549636,0.18496534353498423,0.20474732,0.8051436686217596,604
M-0440,Glass,0.7076446050547637,0.4044860994102779,0.7,0.6449364493644936,0.6055055055055055,0.0,0.0,0.0,1.0,0.0,0.0,0.0,0.0,0.25442387857312,1.7494862162142484,0.6747094936735571,1.515291345959615,0.19235165,0.17814321847227726,0.21160343,0.8051266743169848,605
M-0167,Cotton,0.5053871377902697,0.3843723673125526,0.73,0.3511685116851168,0.3795795795795796,0.0,0.0,1.0,0.0,0.0,0.0,0.0,0.0,0.2178721156580935,1.3148339109023517,0.5350287289899818,1.3822410340827003,0.20817122,0.16240618317089836,0.22742489,0.8050844635130845,606
M-0167,Cotton,0.5053871377902697,0.3843723673125526,0.73,0.3511685116851168,0.3795795795795796,0.0,0.0,1.0,0.0,0.0,0.0,0.0,0.0,0.2178721156580935,1.3148339109023517,0.5350287289899818,1.3822410340827003,0.20817122,0.16240618317089836,0.22742489,0.8050844635130845,607
M-1113,Cotton,0.174864485043164,0.6926074136478517,0.07,0.2373923739237392,0.009009009009009,0.0,0.0,1.0,0.0,0.0,0.0,0.0,0.0,0.2352537038883902,0.252472366199224,0.0936484967199683,0.6769726599331719,0.2926793,0.07898786460878317,0.31194305,0.804534540595999,608
M-0276,Paper,0.4727966271832964,0.2788542544229149,0.82,0.0305453054530545,0.4935935935935936,0.0,0.0,0.0,0.0,1.0,0.0,0.0,0.0,0.0154683383670673,1.6954911900861942,0.5831967289513966,1.766178834511969,0.16388066,0.2078178972334606,0.18312906,0.8045265227391848,609
M-0629,Bamboo,0.3573802672377255,0.5914069081718618,0.15,0.4462894628946289,0.5891891891891893,0.0,1.0,0.0,0.0,0.0,0.0,0.0,0.0,0.1833405361080637,0.6042872648464342,0.364708863651847,0.7192622342242609,0.28847903,0.08398982600301742,0.30774227,0.8041339530749607,610
M-1289,Paper,0.2229360458631689,0.4918913226621735,0.73,0.4581795817958179,0.3466466466466467,0.0,0.0,0.0,0.0,1.0,0.0,0.0,0.0,0.2993531662043346,0.4532212347950773,0.4121684123392616,1.9553866414996939,0.1424794,0.23019717538665183,0.16172525,0.8040387858733016,611
M-0611,Steel,0.9126012179615874,0.8671019376579613,0.06,0.4534645346453464,0.7050050050050051,0.0,0.0,0.0,0.0,0.0,0.0,1.0,0.0,0.1337697681281116,1.0524716020758926,0.5945419886861365,1.6312271095066455,0.18141344,0.19185596501074295,0.20066392,0.8037400553860164,612
M-1335,Aluminum,0.5375315086216512,0.4070134793597303,0.19,0.6683066830668306,0.6835835835835836,1.0,0.0,0.0,0.0,0.0,0.0,0.0,0.0,0.2114632057231482,1.3206692535047786,0.4770876785237355,1.3201860628644062,0.21842289,0.15506639374152997,0.23767778,0.8036279117422492,613
M-0274,Cotton,0.97153628231725,0.4918913226621735,0.83,0.456539565395654,0.7932932932932932,0.0,0.0,1.0,0.0,0.0,0.0,0.0,0.0,0.0943697900442468,1.975099503605164,0.8756025009148879,2.7035756448775863,0.055366255,0.31869209578303415,0.07460171,0.803353097187142,614
M-1295,Paper,0.8601797943295634,0.8649957877000843,0.62,0.4932349323493235,0.4512512512512512,0.0,0.0,0.0,0.0,1.0,0.0,0.0,0.0,0.270662051965865,0.9944312008564462,0.6654472931072007,1.3943809718900644,0.21063897,0.16384208081845722,0.22989292,0.8031324973767784,615
M-0694,Paper,0.4422137455664859,0.7147219882055603,0.4,0.879458794587946,0.6452452452452453,0.0,0.0,0.0,0.0,1.0,0.0,0.0,0.0,0.311992188990959,0.61872047333575,0.4904590718001679,1.1089164672965959,0.24468535,0.13007767303387446,0.26394337,0.8029894764045868,616
M-0851,Bamboo,0.189364027749894,0.092670598146588,0.2,0.3501435014350143,0.6684684684684684,0.0,1.0,0.0,0.0,0.0,0.0,0.0,0.0,0.1160836112865633,2.043387958523794,0.3362861516404981,1.5848964423759935,0.18876779,0.18637602788105018,0.20801914,0.8028024173682212,617
M-0977,Cotton,0.5081308974101586,0.2416807076663858,0.92,0.1180811808118081,0.095995995995996,0.0,0.0,1.0,0.0,0.0,0.0,0.0,0.0,0.1067458602513953,2.102479754535563,0.5080511577628622,1.7083620910321309,0.17434311,0.20097940042486462,0.19359274,0.8027139287448393,618
M-1228,Cotton,0.4280711146802293,0.5361204717775906,0.21,0.1137761377613776,0.758058058058058,0.0,0.0,1.0,0.0,0.0,0.0,0.0,0.0,0.0275272197166416,0.7984591873571035,0.4616458632895091,0.9234601263081715,0.2680964,0.10814211389216162,0.28735718,0.8022503523985923,619
M-1317,Plastic,0.1988891119587767,0.5745577085088459,0.47,0.6961869618696187,0.4813813813813814,0.0,0.0,0.0,0.0,0.0,1.0,0.0,0.0,0.3610555204651145,0.346159772732284,0.3649700591979251,0.37888274386906057,0.33257848,0.04373013791945598,0.35184696,0.8022114494566768,620
M-1182,Cotton,0.5603961721207255,0.9910488626790228,0.34,0.9415744157441572,0.7698698698698699,0.0,0.0,1.0,0.0,0.0,0.0,0.0,0.0,0.2166846428224041,0.5654570907318962,0.5571194298092512,0.8732242153491819,0.27454308,0.1022002690891979,0.29380465,0.801997542686236,621
M-0501,Bamboo,0.7963371924423922,0.388374052232519,0.38,0.2408774087740877,0.8540540540540541,0.0,1.0,0.0,0.0,0.0,0.0,0.0,0.0,0.0351550812805425,2.050433435064278,0.6887510931931731,2.43620815657387,0.08980987,0.2870681819227717,0.10904943,0.8019411930487861,622
M-0438,Cotton,0.0648687233710321,0.4918913226621735,0.58,0.9120541205412054,0.3800800800800801,0.0,0.0,1.0,0.0,0.0,0.0,0.0,0.0,0.565400517368537,0.1318758605947653,0.3139715133724368,0.3083448932486427,0.34174687,0.035387003434180775,0.36101645,0.8017982721266749,623
M-1096,Plastic,0.2383724820986414,0.7167228306655434,0.39,0.0694956949569495,0.614914914914915,0.0,0.0,0.0,0.0,0.0,1.0,0.0,0.0,0.026761755605544,0.3325862374037304,0.396823467313931,1.5743144313219801,0.19206956,0.185124399988057,0.21132131,0.8017771454015366,624
M-1239,Aluminum,0.4352762720560351,0.0318028643639427,0.73,0.4223042230422304,0.7927927927927928,1.0,0.0,0.0,0.0,0.0,0.0,0.0,0.0,0.08750447864839,13.686269915976782,0.6309483466602519,2.4840654402899007,0.084499046,0.29272868547697617,0.10373798,0.8017666671978446,625
M-1066,Glass,0.96832407593299,0.6619629317607414,0.93,0.9337843378433784,0.5162162162162163,0.0,0.0,0.0,1.0,0.0,0.0,0.0,0.0,0.4517497201999046,1.4628048893198284,0.8211944952380609,2.171143410643891,0.12153302,0.25571663373767595,0.14077637,0.8017535001334585,626
M-1285,Bamboo,0.607620067367106,0.2326242628475147,0.17,0.0719557195571955,0.794994994994995,0.0,1.0,0.0,0.0,0.0,0.0,0.0,0.0,0.0147512826479616,2.6120123839060394,0.532546525445341,2.1644473759690457,0.12236916,0.25492463458659703,0.1416126,0.8017313805764792,627
M-1432,Steel,0.2102210622588056,0.1255265374894693,0.83,0.2304223042230422,0.1528528528528528,0.0,0.0,0.0,0.0,0.0,0.0,1.0,0.0,0.1952015976616222,1.674700758600012,0.3789442807593781,1.277750175771318,0.2274755,0.15004712664017167,0.24673146,0.8016107066326882,628
M-1290,Aluminum,0.2486783109148096,0.0625526537489469,0.92,0.6057810578105781,0.9737737737737736,1.0,0.0,0.0,0.0,0.0,0.0,0.0,0.0,0.0158873510657028,3.975440218294141,0.667603456498056,3.1108175661650512,0.012253999,0.3668601940091473,0.031484324,0.8008277407528945,629
M-1336,Wood,0.4964866492672153,0.3283487784330244,0.5,0.4081590815908159,0.6611611611611611,0.0,0.0,0.0,0.0,0.0,0.0,0.0,1.0,0.138300149267759,1.512066344727219,0.5469430080552344,1.5444240361006203,0.19776501,0.18158899899474054,0.21701743,0.8006967869592146,630
M-1336,Wood,0.4964866492672153,0.3283487784330244,0.5,0.4081590815908159,0.6611611611611611,0.0,0.0,0.0,0.0,0.0,0.0,0.0,1.0,0.138300149267759,1.512066344727219,0.5469430080552344,1.5444240361006203,0.19776501,0.18158899899474054,0.21701743,0.8006967869592146,631
M-0314,Bamboo,0.4161368756831515,0.072978096040438,0.25,0.2765477654776547,0.779079079079079,0.0,1.0,0.0,0.0,0.0,0.0,0.0,0.0,0.0610951870279463,5.70213798554819,0.4751784739969843,1.0805568338715157,0.25349766,0.12672332875576767,0.27275673,0.8002599728472672,632
M-0206,Steel,0.381360280175779,0.1392165122156697,0.87,0.2146371463714637,0.3599599599599599,0.0,0.0,0.0,0.0,0.0,0.0,1.0,0.0,0.1373763677576716,2.7393125628117265,0.5215321000582995,2.057649573472188,0.13798353,0.2422927153953249,0.15722884,0.8002392211135062,633
M-0196,Plastic,0.0078074460728546,0.3024431339511373,0.02,0.1961869618696186,0.7638638638638638,0.0,0.0,0.0,0.0,0.0,1.0,0.0,0.0,0.0463268311361792,0.025814506536655,0.2382821375883009,0.027854714368059814,0.3788797,0.0022109530780019216,0.3981537,0.7998176772190481,634
M-0443,Aluminum,0.3439737669811952,0.0098989048020219,0.5,0.6826568265682658,0.5052052052052053,1.0,0.0,0.0,0.0,0.0,0.0,0.0,0.0,0.3377750444171108,34.74515905556422,0.4391510683540396,1.7004782782704269,0.18128568,0.20004691227064536,0.20053615,0.7997084704846839,635
M-0688,Steel,0.7041424078163688,0.5840353833192924,0.78,0.2091020910209102,0.2275275275275275,0.0,0.0,0.0,0.0,0.0,0.0,1.0,0.0,0.1615256092500865,1.2056481889269808,0.5839152213848058,1.5660807869643383,0.19755006,0.18415053416175906,0.21680246,0.7995235014513966,636
M-1225,Aluminum,0.5053871377902697,0.8384582982308342,0.25,0.7132021320213201,0.5165165165165165,1.0,0.0,0.0,0.0,0.0,0.0,0.0,0.0,0.3448214512175151,0.6027569124185832,0.4321098100710628,0.8979424186324497,0.2778427,0.1051239092683754,0.29710466,0.7988857170176525,637
M-0449,Bamboo,0.7492694461174685,0.7743260320134794,0.44,0.9846248462484624,0.9331331331331332,0.0,1.0,0.0,0.0,0.0,0.0,0.0,0.0,0.0658387785079052,0.9676395310249548,0.7116477183869274,2.315213832264954,0.11041015,0.2727571147328099,0.12965216,0.7987953639206549,638
M-0761,Paper,0.8128443641392847,0.5490732940185342,0.17,0.8034030340303403,0.8375375375375376,0.0,0.0,0.0,0.0,1.0,0.0,0.0,0.0,0.1305228352583826,1.4803904917680353,0.6273990069169751,2.046467347536693,0.14219691,0.24097009478803408,0.16144271,0.7987935966313087,639
M-1125,Wood,0.7323607486225434,0.8152906486941871,0.3,0.2064370643706436,0.5358358358358358,0.0,0.0,0.0,0.0,0.0,0.0,0.0,1.0,0.0958206874361035,0.8982806947618437,0.5436950501997682,1.4799239982212151,0.20952183,0.17396000993992725,0.22877565,0.7986321698986201,640
M-1478,Cotton,0.5053871377902697,0.0923546756529064,0.88,0.0863058630586306,0.1257257257257257,0.0,0.0,1.0,0.0,0.0,0.0,0.0,0.0,0.0754549957911991,5.472182778345196,0.5038725728338256,1.0097584974016083,0.2653823,0.11834938430882384,0.28464276,0.798503929852958,641
M-1428,Glass,0.642106672020344,0.3799494524010109,0.09,0.2505125051250512,0.7310310310310311,0.0,0.0,0.0,1.0,0.0,0.0,0.0,0.0,0.0673800902173185,1.689974753188728,0.5031519781174469,2.029372368116493,0.14520499,0.23894812061287457,0.16445115,0.7983003636504338,642
M-0247,Aluminum,0.9175756764594348,0.5775063184498737,0.33,0.5781057810578106,0.6674674674674675,1.0,0.0,0.0,0.0,0.0,0.0,0.0,0.0,0.1922389794468515,1.5888554952383311,0.6662705108240141,1.598588200944524,0.19638306,0.1879954730735594,0.21563531,0.7981846061713311,643
M-0229,Aluminum,0.4950143880077629,0.4918913226621735,0.05,0.7658876588765887,0.7717717717717718,1.0,0.0,0.0,0.0,0.0,0.0,0.0,0.0,0.1747971834072694,1.0063470503639749,0.4445372867346366,1.0055263652017556,0.26678467,0.11784881266122939,0.2860453,0.7980529372286504,644
M-1287,Plastic,0.1112895670213477,0.2565290648694187,0.62,0.6685116851168511,0.2714714714714715,0.0,0.0,0.0,0.0,0.0,1.0,0.0,0.0,0.4870298342623065,0.4338266046047954,0.3119572682499805,0.7490818572932838,0.29735965,0.08751685614891555,0.31662393,0.7979296088441823,645
M-1246,Aluminum,0.656226995917821,0.211352148272957,0.9,0.1273062730627306,0.2732732732732733,1.0,0.0,0.0,0.0,0.0,0.0,0.0,0.0,0.092516871114657,3.1048839408359377,0.6144727803491103,1.9535146874974503,0.15548381,0.22997576285630678,0.1747312,0.7976465210853506,646
M-0183,Wood,0.9849204755850008,0.9844144903117102,0.62,0.490159901599016,0.4273273273273273,0.0,0.0,0.0,0.0,0.0,0.0,0.0,1.0,0.2807011808856827,1.0005129798121426,0.7081663884321986,1.472175639640347,0.21241204,0.1730435431478188,0.2316662,0.7976451247693218,647
M-1475,Cotton,0.0092127863659684,0.3726832350463352,0.4,0.5949159491594916,0.3500500500500501,0.0,0.0,1.0,0.0,0.0,0.0,0.0,0.0,0.3866655913806385,0.0247200860664874,0.2287001295614024,0.026280026288220598,0.3835955,0.0020247008133396993,0.40287006,0.7975526200866467,648
M-0160,Paper,0.3779026969149435,0.4541912384161752,0.33,0.52460024600246,0.4833833833833834,0.0,0.0,0.0,0.0,1.0,0.0,0.0,0.0,0.2710172041660356,0.8320324852594073,0.3951760937809924,1.0247539973598538,0.26578224,0.12012303450832917,0.28504276,0.7974171013676616,649
M-1449,Wood,0.5454951036159629,0.9335509688289808,0.39,0.8085280852808528,0.5775775775775776,0.0,0.0,0.0,0.0,0.0,0.0,0.0,1.0,0.3415403923809008,0.5843221607686344,0.5084713147196585,0.8288388490127901,0.2890685,0.09695041986263905,0.3083318,0.7973588962755744,650
M-0463,Wood,0.1610118450110419,0.348251895534962,0.54,0.4510045100451004,0.2672672672672673,0.0,0.0,0.0,0.0,0.0,0.0,0.0,1.0,0.3304657671201336,0.4623417265883939,0.306584918184597,0.5247516574183807,0.32519218,0.06098334243672955,0.34445977,0.7972784427266426,651
M-0478,Cotton,0.2720337281670347,0.2283066554338668,0.64,0.0940959409594096,0.1099099099099099,0.0,0.0,1.0,0.0,0.0,0.0,0.0,0.0,0.0837538645656726,1.191522586704649,0.3337864642397868,1.2320440476067638,0.24211927,0.14464105924906065,0.26137695,0.7969909967932018,652
M-1227,Bamboo,0.2570434317071539,0.9613521482729572,0.12,0.515580155801558,0.9224224224224224,0.0,1.0,0.0,0.0,0.0,0.0,0.0,0.0,0.0399974595341548,0.2673766993626898,0.4155440994095882,1.235772045277197,0.24198754,0.14508200245404418,0.26124522,0.7968363883231869,653
M-1270,Plastic,0.663097548461933,0.2109309182813816,0.86,0.1525215252152521,0.8947947947947947,0.0,0.0,0.0,0.0,0.0,1.0,0.0,0.0,0.0160460583584814,3.143656748891677,0.7916774578232116,2.8908927683016747,0.04655308,0.3408477460952609,0.065787494,0.7966823798610763,654
M-0330,Cotton,0.9503446429766448,0.6480623420387532,0.23,0.4372693726937269,0.7388388388388388,0.0,0.0,1.0,0.0,0.0,0.0,0.0,0.0,0.1141977771129062,1.4664378947695755,0.6707895088423096,1.8523894483693206,0.16972059,0.2180147878268609,0.18896967,0.7965077702234562,655
M-1073,Plastic,0.6141337080907447,0.766849199663016,0.38,0.544280442804428,0.4121121121121121,0.0,0.0,0.0,0.0,0.0,1.0,0.0,0.0,0.3199758799389796,0.8008522503620904,0.4832871168699315,1.1526814221223836,0.2529743,0.13525414071246075,0.2722333,0.7962562759629682,656
M-1075,Aluminum,0.6431327935042048,0.782329401853412,0.54,0.07790077900779,0.4518518518518518,1.0,0.0,0.0,0.0,0.0,0.0,0.0,0.0,0.0427011677524182,0.8220731189540437,0.5548086729572375,1.871957311661577,0.1681937,0.22032925181464677,0.1874426,0.7961140737291359,657
M-0038,Aluminum,0.3991389502331079,0.3315080033698399,0.46,0.0465354653546535,0.4773773773773774,1.0,0.0,0.0,0.0,0.0,0.0,0.0,0.0,0.0243204869486132,1.2040063653650408,0.4408687933064564,1.044987995915053,0.26604754,0.12251628819604539,0.2853081,0.7960878094856947,658
M-0759,Aluminum,0.6069954716812778,0.6742839090143219,0.58,0.6256662566625666,0.6071071071071071,1.0,0.0,0.0,0.0,0.0,0.0,0.0,0.0,0.2458198255656229,0.9002062237587244,0.5989303208046433,1.43068331753226,0.22048609,0.168135879809493,0.23974122,0.7960614495601087,659
M-0969,Wood,0.984206651944054,0.7190395956192082,0.44,0.3710537105371053,0.4261261261261261,0.0,0.0,0.0,0.0,0.0,0.0,0.0,1.0,0.2129380302812036,1.3687775877195023,0.6535204986154595,1.606496057556441,0.20011602,0.18893080510626525,0.21936873,0.7958502344393219,660
M-0028,Plastic,0.7217649289522406,0.5065290648694187,0.57,0.3302583025830258,0.4536536536536537,0.0,0.0,0.0,0.0,0.0,1.0,0.0,0.0,0.1804354169667822,1.424920215028714,0.5958020676769924,1.6336309046145803,0.19705316,0.1921402830851406,0.21630551,0.7957771038526132,661
M-0028,Plastic,0.7217649289522406,0.5065290648694187,0.57,0.3302583025830258,0.4536536536536537,0.0,0.0,0.0,0.0,0.0,1.0,0.0,0.0,0.1804354169667822,1.424920215028714,0.5958020676769924,1.6336309046145803,0.19705316,0.1921402830851406,0.21630551,0.7957771038526132,662
M-1230,Glass,0.8419103705190836,0.4020640269587194,0.04,0.1236162361623616,0.7097097097097097,0.0,0.0,0.0,1.0,0.0,0.0,0.0,0.0,0.035884593080165,2.0939656873103853,0.5616770611205464,1.8296963804580428,0.17451505,0.2153306782913136,0.19376472,0.7954523026609457,663
M-1392,Wood,0.5396283655669322,0.908803706823926,0.13,0.7937679376793767,0.704004004004004,0.0,0.0,0.0,0.0,0.0,0.0,0.0,1.0,0.2349521313030948,0.5937781368373581,0.4660525474279741,1.0028600276159252,0.27293673,0.11753344136956022,0.29219812,0.7951342185413703,664
M-0698,Plastic,0.8380735684489949,0.5090564448188711,0.8,0.003280032800328,0.2560560560560561,0.0,0.0,0.0,0.0,0.0,1.0,0.0,0.0,0.0024401605377415,1.6463241564951314,0.6520462441964148,1.851478865541912,0.1728442,0.21790708515485957,0.19209366,0.7949996296890536,665
M-0636,Aluminum,0.3232059604274019,0.941133108677338,0.5,0.4842148421484215,0.3255255255255255,1.0,0.0,0.0,0.0,0.0,0.0,0.0,0.0,0.3265905511907971,0.3434217902075963,0.3769400418286184,0.771337744997011,0.3007528,0.090149256520747,0.3200175,0.7949166283342843,666
M-1146,Wood,0.7326284324878984,0.996524852569503,0.08,0.2753177531775317,0.8494494494494494,0.0,0.0,0.0,0.0,0.0,0.0,0.0,1.0,0.0414492393172179,0.7351825651074125,0.5718862078299942,1.4048838324207606,0.226593,0.16508434688011012,0.24584886,0.7945333944014747,667
M-1047,Glass,0.7158312699368713,0.6485888795282225,0.16,0.3478884788847888,0.9376376376376376,0.0,0.0,0.0,1.0,0.0,0.0,0.0,0.0,0.0216951473819042,1.1036732032537409,0.6156237992660398,1.9181376708386961,0.16699669,0.22579141069536396,0.18624544,0.7939815739339342,668
M-0953,Steel,0.3097771531820919,0.1939764111204718,0.66,0.9202542025420254,0.6451451451451452,0.0,0.0,0.0,0.0,0.0,0.0,1.0,0.0,0.3265566714726206,1.5969753972523193,0.5154544048163804,1.3631834051274236,0.23301399,0.16015206910382862,0.2522706,0.7937886608778877,669
M-0032,Aluminum,0.541569073590756,0.3620471777590565,0.33,0.48359983599836,0.4821821821821822,1.0,0.0,0.0,0.0,0.0,0.0,0.0,0.0,0.2504166117737254,1.4958480855859215,0.460282284090957,1.3597604451095509,0.23360287,0.1597472053956826,0.25285953,0.793696630885609,670
M-0032,Aluminum,0.541569073590756,0.3620471777590565,0.33,0.48359983599836,0.4821821821821822,1.0,0.0,0.0,0.0,0.0,0.0,0.0,0.0,0.2504166117737254,1.4958480855859215,0.460282284090957,1.3597604451095509,0.23360287,0.1597472053956826,0.25285953,0.793696630885609,671
M-0393,Cotton,0.6773740212808673,0.7821187868576243,0.09,0.3243132431324314,0.7752752752752753,0.0,0.0,1.0,0.0,0.0,0.0,0.0,0.0,0.0728812042875183,0.8660745229351617,0.5305321910949296,1.3532083620966064,0.23496355,0.158972232678838,0.2542204,0.7934036855204367,672
M-0033,Paper,0.2495259764884338,0.4727253580454928,0.01,0.1760967609676096,0.5034034034034034,0.0,0.0,0.0,0.0,1.0,0.0,0.0,0.0,0.0874490521681993,0.5278444331306373,0.2538314116163945,1.1327535842983494,0.2613493,0.1328970993580061,0.28060928,0.7932468103855035,673
M-0588,Glass,0.6795824131700462,0.0449663016006739,0.9,0.4089790897908979,0.2685685685685686,0.0,0.0,0.0,1.0,0.0,0.0,0.0,0.0,0.2991401610712804,15.11281284354098,0.6224035358385891,1.8205419107128034,0.18021129,0.21424789831497268,0.19946162,0.7931452388293644,674
M-0798,Bamboo,0.5053871377902697,0.3466722830665543,0.65,0.504510045100451,0.2526526526526527,0.0,1.0,0.0,0.0,0.0,0.0,0.0,0.0,0.3770442439159127,1.4578196892468505,0.4729506509119037,1.367787018004967,0.2339175,0.16069657905157533,0.25317425,0.7930645877954556,675
M-0396,Paper,0.8787392089941778,0.3601516427969671,0.65,0.2716277162771627,0.7205205205205205,0.0,0.0,0.0,0.0,1.0,0.0,0.0,0.0,0.0759143727573411,2.439907707381615,0.7626518397538272,2.3589079178026275,0.11709814,0.27792520007487176,0.13634096,0.7928669195324379,676
M-0055,Bamboo,0.4225166744741128,0.9321819713563606,0.26,0.490159901599016,0.4335335335335335,0.0,1.0,0.0,0.0,0.0,0.0,0.0,0.0,0.2776591474623455,0.4532550877424154,0.3770667298497052,0.7058062265387945,0.31312722,0.0823982651492728,0.33239338,0.7926041784156972,677
M-0377,Paper,0.0840750407102545,0.0893007582139848,0.68,0.4360393603936039,0.0703703703703703,0.0,0.0,0.0,0.0,1.0,0.0,0.0,0.0,0.4053551091066466,0.9414712811005798,0.2587411273952129,0.8102828775506744,0.30112472,0.0947556412572282,0.32038945,0.7924274545731834,678
M-0123,Plastic,0.6432220214593232,0.4918913226621735,0.16,0.4298892988929889,0.6204204204204204,0.0,0.0,0.0,0.0,0.0,1.0,0.0,0.0,0.1631771993395609,1.3076480193432116,0.4914149347098554,1.3036516608786906,0.24357,0.15311072400978884,0.26282787,0.7920307013801153,679
M-0509,Cotton,0.0612103772111802,0.7079823083403539,0.35,0.4358343583435834,0.720920920920921,0.0,0.0,1.0,0.0,0.0,0.0,0.0,0.0,0.1216322513575485,0.0864573733449576,0.3457604271607484,0.14850407933488985,0.380622,0.01648121888037309,0.3998962,0.7918112883240194,680
M-0857,Glass,0.0646456534832363,0.7237784330244315,0.85,0.491389913899139,0.1878878878878878,0.0,0.0,0.0,1.0,0.0,0.0,0.0,0.0,0.3990637008472187,0.0893167870398082,0.3372246277596609,0.22950005310464874,0.3710879,0.026061327942149867,0.39036098,0.7917888454159414,681
M-1203,Paper,0.5972696245733788,0.6778643639427128,0.5,0.4284542845428454,0.6034034034034034,0.0,0.0,0.0,0.0,1.0,0.0,0.0,0.0,0.1699235110469222,0.8811036178326627,0.5699288708503726,1.3818282862790172,0.23486294,0.162357363843341,0.25411975,0.7917614411595368,682
M-1214,Wood,0.3820517968279461,0.5995155855096883,0.75,0.2652726527265273,0.4687687687687688,0.0,0.0,0.0,0.0,0.0,0.0,0.0,1.0,0.1409211179198879,0.6372664344275628,0.518451349361809,1.6672323297272136,0.20120822,0.1961146203543635,0.22046106,0.7917121620046152,683
M-1361,Wood,0.1380133395792901,0.5715037910699242,0.97,0.8696186961869619,0.4998998998998999,0.0,0.0,0.0,0.0,0.0,0.0,0.0,1.0,0.4348963970120181,0.2414911331205342,0.496175305801686,0.23668187817987138,0.37054712,0.02691078581370798,0.38982013,0.7916345427535083,684
M-0307,Paper,0.7668696602645609,0.5227464195450716,0.82,0.1090610906109061,0.8033033033033032,0.0,0.0,0.0,0.0,1.0,0.0,0.0,0.0,0.0214519562613043,1.4669984615743108,0.7937388550968153,2.6383850349912787,0.086988404,0.310981426678791,0.10622764,0.7913954684919644,685
M-0565,Paper,0.450801936246626,0.5652906486941871,0.97,0.066420664206642,0.0662662662662662,0.0,0.0,0.0,0.0,1.0,0.0,0.0,0.0,0.0620192147867424,0.7974678863343724,0.4912006543785303,2.096626623947635,0.151982,0.24690287534627023,0.17122896,0.7909340822486446,686
M-0186,Steel,0.2701153271319904,0.3896377422072451,0.55,0.7390323903239032,0.4754754754754755,0.0,0.0,0.0,0.0,0.0,0.0,1.0,0.0,0.3876406131428681,0.6932455576717745,0.4156887734954388,0.7854644938792691,0.3077731,0.09182015185889152,0.32703865,0.7905706011983924,687
M-0756,Wood,0.3971090142541658,0.8331929233361416,0.29,0.9626896268962688,0.9471471471471472,0.0,0.0,0.0,0.0,0.0,0.0,0.0,1.0,0.0508808931933162,0.4766105502355628,0.5299877498458104,1.9671626210818545,0.16830193,0.23159002448094196,0.18755084,0.7904295663785323,688
M-0434,Cotton,0.9323429030315198,0.3792122999157539,0.32,0.2086920869208691,0.7717717717717718,0.0,0.0,1.0,0.0,0.0,0.0,0.0,0.0,0.0476294252432013,2.4586239544832664,0.7004686927441395,2.519885689715221,0.103733726,0.2969654626912374,0.12297495,0.7900297951069226,689
M-0569,Bamboo,0.0786990564143746,0.4918913226621735,0.41,0.9290692906929068,0.442942942942943,0.0,1.0,0.0,0.0,0.0,0.0,0.0,0.0,0.5175446048754782,0.1599924471039657,0.2873625054486327,0.2893455400035635,0.36765164,0.03313978214996627,0.3869243,0.7899679606162628,690
M-1304,Wood,0.9460617011309642,0.5056866048862679,0.08,0.0047150471504715,0.6936936936936936,0.0,0.0,0.0,0.0,0.0,0.0,0.0,1.0,0.001444248676721,1.8708421800129724,0.6105327885604938,2.11273401972839,0.15205452,0.2488080392834245,0.1713015,0.7899452308537216,691
M-0145,Cotton,0.667402797296393,0.890480202190396,0.73,0.7173021730217302,0.491991991991992,0.0,0.0,1.0,0.0,0.0,0.0,0.0,0.0,0.3643952480565847,0.7494855541641112,0.6335587165161548,0.9971396787436629,0.28408903,0.1168568451942557,0.30335173,0.7898957123487416,692
M-0559,Cotton,0.3375047402351157,0.4771482729570346,0.83,0.6285362853628537,0.4773773773773774,0.0,0.0,1.0,0.0,0.0,0.0,0.0,0.0,0.3284872818698157,0.7073357529049544,0.5272151093072595,1.0855505400833174,0.27369708,0.12731397848692005,0.29295856,0.7898637319536683,693
M-1240,Glass,0.7290593142831648,0.4235467565290648,0.77,0.7140221402214023,0.8392392392392393,0.0,0.0,0.0,1.0,0.0,0.0,0.0,0.0,0.1147867424620192,1.721315490507468,0.7743954974850378,2.225736124427084,0.1393819,0.262173796083894,0.15862738,0.7895994139778779,694
M-1356,Paper,0.3147293046911597,0.1829191238416175,0.11,0.1133661336613366,0.6048048048048048,0.0,0.0,0.0,0.0,1.0,0.0,0.0,0.0,0.0448017513208165,1.720583269250736,0.3403331633179053,1.5416476248743265,0.22071461,0.18126060832159616,0.23996978,0.7893848082988615,695
M-0842,Aluminum,0.9918133351178924,0.9579823083403538,0.21,0.7755227552275523,0.8406406406406407,1.0,0.0,0.0,0.0,0.0,0.0,0.0,0.0,0.1235868094416679,1.0353137956402882,0.7119175262393491,1.7318518370215026,0.1992406,0.20375774011186315,0.2184932,0.7888745332500758,696
M-0513,Bamboo,0.3083048919226393,0.6312131423757372,0.41,0.9411644116441163,0.6704704704704705,0.0,1.0,0.0,0.0,0.0,0.0,0.0,0.0,0.3101414657790221,0.4884315341260484,0.4474630979101969,1.0386249652939576,0.2813336,0.12176367637503314,0.30059597,0.7888201773316256,697
M-0718,Paper,0.4052287581699346,0.5623420387531592,0.16,0.0838458384583845,0.6512512512512513,0.0,0.0,0.0,0.0,1.0,0.0,0.0,0.0,0.0292411312501513,0.7206077611779773,0.4054668786433493,0.986929298284808,0.28943756,0.11564917333347753,0.30870092,0.7878249537576082,698
M-0599,Paper,0.98817729594682,0.5643428812131425,0.83,0.3175481754817548,0.7071071071071071,0.0,0.0,0.0,0.0,1.0,0.0,0.0,0.0,0.0930076037497111,1.7510197750750545,0.8564030505108601,2.6195066852453768,0.09646219,0.30874851754695914,0.11570255,0.787774467660036,699
M-1291,Aluminum,0.8506324031319011,0.2106149957877,0.76,0.1855268552685527,0.9804804804804804,1.0,0.0,0.0,0.0,0.0,0.0,0.0,0.0,0.0036213950728095,4.038783473926333,0.8623971053969046,3.3951184598246504,0.005025834,0.4004869712531845,0.0242553,0.7876288644030551,700
M-0065,Bamboo,0.869972562403801,0.9932603201347936,0.25,0.507380073800738,0.4773773773773774,0.0,1.0,0.0,0.0,0.0,0.0,0.0,0.0,0.2651683048362015,0.8758748022984915,0.5662022381747337,1.2237848542613676,0.26184538,0.1436641715183678,0.28110543,0.7876151997737675,701
M-1110,Glass,0.728033192799304,0.6597514743049706,0.89,0.6728167281672817,0.1966966966966967,0.0,0.0,0.0,1.0,0.0,0.0,0.0,0.0,0.540475900254498,1.1034944485297535,0.6172222861287306,2.2957000042046114,0.13551009,0.27044904196906666,0.1547551,0.7873979287115307,702
M-0407,Wood,0.1559704655468558,0.8225568660488627,0.54,0.6752767527675277,0.4773773773773774,0.0,0.0,0.0,0.0,0.0,0.0,0.0,1.0,0.3529149075274537,0.1896164050999308,0.3676013994319556,0.42019955855908314,0.35768428,0.04861704244560939,0.37695575,0.7872136049750103,703
M-0407,Wood,0.1559704655468558,0.8225568660488627,0.54,0.6752767527675277,0.4773773773773774,0.0,0.0,0.0,0.0,0.0,0.0,0.0,1.0,0.3529149075274537,0.1896164050999308,0.3676013994319556,0.42019955855908314,0.35768428,0.04861704244560939,0.37695575,0.7872136049750103,704
M-0273,Cotton,0.9246916058801222,0.2994945240101094,0.67,0.6453464534645347,0.9603603603603604,0.0,0.0,1.0,0.0,0.0,0.0,0.0,0.0,0.0255813008580536,3.08749724703368,0.8589847504601571,3.214763967777907,0.030263824,0.37915485283825334,0.049496293,0.7856744270469073,705
M-0535,Glass,0.3244774587878382,0.8541491154170178,0.55,0.490159901599016,0.2078078078078078,0.0,0.0,0.0,1.0,0.0,0.0,0.0,0.0,0.3883008469724337,0.3798834103410735,0.3571333258574776,0.6075525045943125,0.33886185,0.07077692981439138,0.35813108,0.7855459946598743,706
M-0050,Wood,0.922773204845078,0.3389848357203032,0.57,0.023370233702337,0.5271271271271272,0.0,0.0,0.0,0.0,0.0,0.0,0.0,1.0,0.0110511495505345,2.7221585907396344,0.6982474200761692,2.5531809302950292,0.10910311,0.3009035848119662,0.12834498,0.7853757161627806,707
M-0805,Wood,0.2257244194606169,0.6570134793597304,0.46,0.8480934809348094,0.4773773773773774,0.0,0.0,0.0,0.0,0.0,0.0,0.0,1.0,0.4432328392352992,0.3435607989653264,0.37150298099746,0.5079405411433114,0.35135257,0.05899494326243003,0.3706233,0.785190883099391,708
M-1159,Paper,0.3249459055522095,0.241575400168492,0.74,0.5104551045510455,0.3949949949949949,0.0,0.0,0.0,0.0,1.0,0.0,0.0,0.0,0.3088278930837356,1.3451061665194526,0.4704768607193823,1.2123532662574856,0.2688197,0.14231205665722915,0.28808057,0.7848036851304003,709
M-1481,Glass,0.7428004193713891,0.1504844144903117,0.66,0.4577695776957769,0.203003003003003,0.0,0.0,0.0,1.0,0.0,0.0,0.0,0.0,0.3648409787401177,4.936029328072927,0.5560210686494566,1.6989860735514712,0.21142948,0.19987041604145342,0.23068354,0.7847230243105492,710
M-0335,Wood,0.945102500613442,0.5861415332771693,0.22,0.4575645756457565,0.6485485485485486,0.0,0.0,0.0,0.0,0.0,0.0,0.0,1.0,0.1608117342434685,1.6124107140447548,0.6386055648099415,1.853221155220453,0.19339837,0.21811316114062493,0.21265028,0.7846182773441353,711
M-0829,Bamboo,0.6061701130964331,0.1549073294018534,0.98,0.5502255022550225,0.9173173173173172,0.0,1.0,0.0,0.0,0.0,0.0,0.0,0.0,0.0454941206068717,3.913089215002408,0.8116632404337685,2.974053429259554,0.061377905,0.3506838918262896,0.08061408,0.7843510128292354,712
M-1121,Aluminum,0.8176626737156751,0.2188289806234203,0.38,0.6631816318163182,0.8398398398398399,1.0,0.0,0.0,0.0,0.0,0.0,0.0,0.0,0.1062152763669778,3.73652034052305,0.6930170214382221,2.715580641871084,0.09200739,0.320112032788927,0.11124721,0.7843203777581778,713
M-0840,Steel,0.7171027682973076,0.2531592249368155,0.73,0.0174251742517425,0.074074074074074,0.0,0.0,0.0,0.0,0.0,0.0,1.0,0.0,0.0161344206034653,2.8326044048834467,0.5280633295411453,2.7405456907049377,0.08939123,0.32306486957116964,0.10863075,0.7841521919129091,714
M-0840,Steel,0.7171027682973076,0.2531592249368155,0.73,0.0174251742517425,0.074074074074074,0.0,0.0,0.0,0.0,0.0,0.0,1.0,0.0,0.0161344206034653,2.8326044048834467,0.5280633295411453,2.7405456907049377,0.08939123,0.32306486957116964,0.10863075,0.7841521919129091,715
M-0333,Paper,0.4159361127841352,0.5032645324347094,0.63,0.8261582615826158,0.4330330330330331,0.0,0.0,0.0,0.0,1.0,0.0,0.0,0.0,0.4684044438041977,0.8264744672100036,0.485284355023564,0.8587420324339904,0.31208783,0.10048733342927826,0.33135387,0.7840793967781359,716
M-0201,Bamboo,0.5995672444176761,0.270324347093513,0.02,0.2872078720787208,0.7532532532532532,0.0,1.0,0.0,0.0,0.0,0.0,0.0,0.0,0.0708676080754801,2.2179468217246723,0.4718028737430464,1.839690711165405,0.19644244,0.21651279604013118,0.21569471,0.7838962466737859,717
M-0451,Wood,0.7579245577639475,0.5214827295703455,0.85,0.2923329233292333,0.3691691691691692,0.0,0.0,0.0,0.0,0.0,0.0,0.0,1.0,0.1844126209029858,1.4534002017443717,0.6689205738563299,1.6598807993311901,0.21789493,0.1952450899359124,0.23714975,0.7838025824190906,718
M-0451,Wood,0.7579245577639475,0.5214827295703455,0.85,0.2923329233292333,0.3691691691691692,0.0,0.0,0.0,0.0,0.0,0.0,0.0,1.0,0.1844126209029858,1.4534002017443717,0.6689205738563299,1.6598807993311901,0.21789493,0.1952450899359124,0.23714975,0.7838025824190906,719
M-0913,Steel,0.9196725334047158,0.3011794439764111,0.46,0.2462074620746207,0.7784784784784785,0.0,0.0,0.0,0.0,0.0,0.0,1.0,0.0,0.0545402516087222,3.053559923288864,0.73941255690543,2.6382839762217696,0.10354996,0.31096947356571036,0.12279116,0.7831196814054784,720
M-0175,Cotton,0.4236097169243124,0.2893850042122998,0.99,0.4428044280442804,0.6160160160160161,0.0,0.0,1.0,0.0,0.0,0.0,0.0,0.0,0.1700298084061921,1.4638224059154676,0.6512486915745297,2.7756278696816103,0.087651476,0.32721434867585547,0.10689079,0.782947430579837,721
M-0419,Cotton,0.003167592406701,0.7389427127211458,0.31,0.052480524805248,0.2624624624624624,0.0,0.0,1.0,0.0,0.0,0.0,0.0,0.0,0.0387063570335403,0.0042866491075976,0.1730057757014191,0.04250284436582177,0.41088668,0.003943516764791477,0.4301645,0.7829459985326968,722
M-0517,Cotton,0.3907515224519842,0.5299073294018535,0.65,0.2501025010250102,0.1914914914914914,0.0,0.0,1.0,0.0,0.0,0.0,0.0,0.0,0.2022100000779787,0.7373945657601838,0.4087480564282411,0.9248007242839846,0.30658433,0.10830067825306176,0.3258497,0.7829248049259746,723
M-0365,Bamboo,0.5919605612438377,0.3164490311710193,0.6,0.4192291922919229,0.5174174174174174,0.0,1.0,0.0,0.0,0.0,0.0,0.0,0.0,0.2023127063102462,1.8706288605922872,0.5720094497227602,1.8721597248758195,0.19469678,0.2203531930129278,0.21394885,0.782848980561865,724
M-0661,Cotton,0.2033951236922527,0.2305181128896377,0.08,0.4042640426404264,0.4244244244244244,0.0,0.0,1.0,0.0,0.0,0.0,0.0,0.0,0.2326845090272724,0.8823351831552001,0.2326853768042284,0.9425045025612522,0.3047243,0.11039466044511317,0.32398948,0.7828079294105077,725
M-0887,Aluminum,0.3975997680073166,0.7431550126368998,0.33,0.490159901599016,0.3267267267267267,1.0,0.0,0.0,0.0,0.0,0.0,0.0,0.0,0.3300115613768751,0.5350152070983523,0.3560579252209447,0.5885835720352629,0.34669304,0.06853330665334688,0.3659632,0.782751751276331,726
M-0356,Bamboo,0.17131767382721,0.5113732097725359,0.66,0.5965559655596556,0.0668668668668668,0.0,1.0,0.0,0.0,0.0,0.0,0.0,0.0,0.5566661372319429,0.3350143017642868,0.2865871295909441,0.5562077977284692,0.35128823,0.06470393792817748,0.37055895,0.7823685573735348,727
M-1403,Aluminum,0.7115037141136318,0.8279275484414491,0.91,0.3181631816318163,0.103003003003003,1.0,0.0,0.0,0.0,0.0,0.0,0.0,0.0,0.2853914184787494,0.8593781618631419,0.5885023865463537,1.39018631183769,0.25301826,0.16334594133264702,0.27227727,0.7821883964401142,728
M-1403,Aluminum,0.7115037141136318,0.8279275484414491,0.91,0.3181631816318163,0.103003003003003,1.0,0.0,0.0,0.0,0.0,0.0,0.0,0.0,0.2853914184787494,0.8593781618631419,0.5885023865463537,1.39018631183769,0.25301826,0.16334594133264702,0.27227727,0.7821883964401142,729
M-0012,Bamboo,0.309665618238194,0.6021482729570345,0.73,0.8263632636326363,0.4773773773773774,0.0,1.0,0.0,0.0,0.0,0.0,0.0,0.0,0.4318761360786781,0.5142671961015384,0.4860794605084908,0.7607722512360401,0.32763153,0.08889958227385975,0.34689942,0.7821004988515878,730
M-0757,Plastic,0.579156349684356,0.9064869418702612,0.73,0.516810168101681,0.4152152152152152,0.0,0.0,0.0,0.0,0.0,1.0,0.0,0.0,0.3022227229279299,0.6389013277875971,0.5752271044383069,1.2992684874625053,0.26475012,0.15259228738375236,0.28401053,0.7816985915490601,731
M-0645,Cotton,0.3350509714693613,0.151642796967144,0.95,0.4620746207462075,0.2782782782782783,0.0,0.0,1.0,0.0,0.0,0.0,0.0,0.0,0.3334892908488645,2.2094604472476727,0.5025038720712279,1.6160652996049936,0.22807568,0.19006264386561234,0.24733172,0.781302816281782,732
M-0132,Steel,0.671217292377702,0.8579401853411963,0.73,0.502870028700287,0.2059059059059059,0.0,0.0,0.0,0.0,0.0,0.0,1.0,0.0,0.3993261198878255,0.7823581660912622,0.5492586887228526,1.343939711613277,0.26120508,0.15787594753831738,0.28046507,0.7808294930143649,733
M-0764,Plastic,0.0150572174262196,0.3530960404380792,0.63,0.5002050020500205,0.1128128128128128,0.0,0.0,0.0,0.0,0.0,1.0,0.0,0.0,0.4437754687857189,0.0426432841451701,0.2288667308143317,0.241211250255449,0.39303175,0.02744651464621448,0.41230744,0.7801230220595985,734
M-0448,Wood,0.9693501974168506,0.3120261162594777,0.28,0.4034440344403444,0.7667667667667668,0.0,0.0,0.0,0.0,0.0,0.0,0.0,1.0,0.0940965565811814,3.10662165851878,0.7017701089967703,2.7090216996463785,0.101558454,0.31933624877253647,0.120799415,0.7799321682069725,735
M-1466,Wood,0.302683530750184,0.3120261162594777,0.61,0.4130791307913079,0.5068068068068068,0.0,0.0,0.0,0.0,0.0,0.0,0.0,1.0,0.2037278155564338,0.9700552130811488,0.4561154543421156,1.3447340615034438,0.2629562,0.15796990231442315,0.2822164,0.7799068488887555,736
M-0025,Paper,0.797095630060898,0.4918913226621735,0.66,0.4698646986469864,0.43003003003003,0.0,0.0,0.0,0.0,1.0,0.0,0.0,0.0,0.2678087681777718,1.6204677189246048,0.6458472610333683,1.767517883844316,0.21333617,0.20797627842262253,0.23259045,0.7797166348703957,737
M-0679,Plastic,0.6383144839278146,0.7545282224094356,0.18,0.6133661336613366,0.6641641641641642,0.0,0.0,0.0,0.0,0.0,1.0,0.0,0.0,0.2059903281715499,0.8459771536607782,0.5085750428203751,1.5356888110914881,0.24090114,0.18055580679552669,0.26015872,0.7796427377860898,738
M-0876,Glass,0.6893974882330633,0.4918913226621735,0.68,0.7863878638786387,0.6510510510510511,0.0,0.0,0.0,1.0,0.0,0.0,0.0,0.0,0.27440921856666,1.401521138817477,0.6750743106085406,1.6805323925482092,0.22392955,0.19768773623189856,0.2431851,0.7795635804142479,739
M-0770,Aluminum,0.9273461375448928,0.7841196293176074,0.02,0.0858958589585895,0.0562562562562562,1.0,0.0,0.0,0.0,0.0,0.0,0.0,0.0,0.0810636795056639,1.182657492829808,0.393815331894834,2.0805490792566235,0.17673554,0.24500124216110333,0.19598545,0.7795066532491106,740
M-0319,Bamboo,0.352740413571572,0.8038121314237574,0.67,0.490159901599016,0.1547547547547547,0.0,1.0,0.0,0.0,0.0,0.0,0.0,0.0,0.4143053262364455,0.4388338530210113,0.3885225918550552,0.6665599419905477,0.3443474,0.07775626050703577,0.36361727,0.7793132341540214,741
M-0319,Bamboo,0.352740413571572,0.8038121314237574,0.67,0.490159901599016,0.1547547547547547,0.0,1.0,0.0,0.0,0.0,0.0,0.0,0.0,0.4143053262364455,0.4388338530210113,0.3885225918550552,0.6665599419905477,0.3443474,0.07775626050703577,0.36361727,0.7793132341540214,742
M-1086,Aluminum,0.6557585491534498,0.7503159224936816,0.09,0.7441574415744158,0.4773773773773774,1.0,0.0,0.0,0.0,0.0,0.0,0.0,0.0,0.3889135137597622,0.8739754222442875,0.4325166328745932,1.12328285648335,0.29041702,0.1317769127470023,0.30968046,0.7792713126847264,743
M-0492,Steel,0.5053871377902697,0.2254633529907329,0.4,0.5682656826568265,0.9063063063063064,0.0,0.0,0.0,0.0,0.0,0.0,1.0,0.0,0.0532429108074864,2.241538988697881,0.5940467470079998,2.5678949879708375,0.119588844,0.3026439463474201,0.13883196,0.7792620477389371,744
M-1329,Wood,0.9855227642820494,0.7419966301600673,0.48,0.3681836818368183,0.3698698698698698,0.0,0.0,0.0,0.0,0.0,0.0,0.0,1.0,0.2320036313476247,1.3282020376122328,0.6491700666737807,1.496796446885158,0.24665785,0.17595566343746138,0.2659161,0.7790641137387277,745
M-1111,Aluminum,0.5053871377902697,0.7965459140690818,0.63,0.0612956129561295,0.0551551551551551,1.0,0.0,0.0,0.0,0.0,0.0,0.0,0.0,0.0579148439132038,0.6344725324570639,0.4077014016626544,1.925468622671799,0.19617862,0.22665850710545712,0.21543086,0.7789553185717526,746
M-0797,Steel,0.5053871377902697,0.4229149115417017,0.01,0.1022960229602296,0.7800800800800801,0.0,0.0,0.0,0.0,0.0,0.0,1.0,0.0,0.0224969331775399,1.19500620335595,0.4391788791401319,1.48622381876094,0.24820173,0.1747051453464321,0.26746017,0.7789173436227892,747
M-0748,Bamboo,0.462022351602757,0.3099199663016007,0.13,0.7646576465764658,0.850950950950951,0.0,1.0,0.0,0.0,0.0,0.0,0.0,0.0,0.113971495070306,1.4907747517576415,0.4790942259263881,1.3818917384123168,0.26168814,0.16236486888746754,0.2809482,0.7783434696156764,748
M-0400,Aluminum,0.8673626447165896,0.4578770008424599,0.78,0.5795407954079541,0.6182182182182182,1.0,0.0,0.0,0.0,0.0,0.0,0.0,0.0,0.2212581174860798,1.894309495369312,0.7664105233521014,2.203395970246398,0.16577147,0.25953142877170804,0.18502009,0.7777242410394084,749
M-0179,Aluminum,0.6326708157665796,0.3141322662173546,0.69,0.6804018040180402,0.6985985985985986,1.0,0.0,0.0,0.0,0.0,0.0,0.0,0.0,0.2050740572470789,2.014020429561328,0.6696479058862115,2.0157027269108467,0.18798718,0.23733129143618356,0.20723844,0.7777151364092886,750
M-0052,Wood,0.1498806576100292,0.5722409435551812,0.94,0.0067650676506765,0.1104104104104104,0.0,0.0,0.0,0.0,0.0,0.0,0.0,1.0,0.0060181337549111,0.2619183359382258,0.3750753861671347,0.6457697168803185,0.35092726,0.07529721699283519,0.37019792,0.7772524305079083,751
M-1166,Plastic,0.7215864730420041,0.5664490311710194,0.92,0.4227142271422714,0.2448448448448448,0.0,0.0,0.0,0.0,0.0,1.0,0.0,0.0,0.3192148277839134,1.2738748933427928,0.6380880426702551,1.415452845016313,0.25991258,0.1663344373306368,0.27917242,0.7772465710838271,752
M-0815,Paper,0.8225255972696246,0.6487994945240101,0.23,0.2355473554735547,0.5006006006006006,0.0,0.0,0.0,0.0,1.0,0.0,0.0,0.0,0.11763220785361,1.267763517771464,0.54819041908803,1.503099446619629,0.25042778,0.1767011748754031,0.2696865,0.7768061674136397,753
M-0343,Glass,0.6068170157710411,0.5527590564448189,0.48,0.0625256252562525,0.6897897897897899,0.0,0.0,0.0,1.0,0.0,0.0,0.0,0.0,0.0193960873542669,1.0977946193759,0.5936637432453534,1.9453719039043704,0.1985345,0.22901264393498977,0.21778703,0.7766001643530007,754
M-0965,Bamboo,0.5053871377902697,0.2296756529064869,0.51,0.490159901599016,0.0722722722722722,0.0,1.0,0.0,0.0,0.0,0.0,0.0,0.0,0.4547349317337017,2.2004288698688,0.3768365367977895,1.233574988914432,0.283059,0.14482213719666742,0.30232158,0.7764281398853623,755
M-1345,Bamboo,0.5053871377902697,0.4897851727042965,0.05,0.7484624846248463,0.5326326326326326,0.0,1.0,0.0,0.0,0.0,0.0,0.0,0.0,0.3498069410123531,1.0318526041677214,0.3769446449058976,1.233574988914432,0.283059,0.14482213719666742,0.30232158,0.7764281398853623,756
M-1469,Paper,0.8728501639563675,0.4430286436394271,0.23,0.2279622796227962,0.2951951951951952,0.0,0.0,0.0,0.0,1.0,0.0,0.0,0.0,0.1606689099924032,1.970184560983379,0.5066986241411056,1.9761176254713868,0.19546336,0.2326492119282622,0.21471551,0.776317638732486,757
M-1275,Bamboo,0.4171629971670124,0.1675442291491154,0.93,0.063140631406314,0.2301301301301301,0.0,1.0,0.0,0.0,0.0,0.0,0.0,0.0,0.0486100696842804,2.4898530342259817,0.514904237905844,1.9870882517624624,0.1947869,0.23394680477705318,0.21403898,0.7760071061177715,758
M-1275,Bamboo,0.4171629971670124,0.1675442291491154,0.93,0.063140631406314,0.2301301301301301,0.0,1.0,0.0,0.0,0.0,0.0,0.0,0.0,0.0486100696842804,2.4898530342259817,0.514904237905844,1.9870882517624624,0.1947869,0.23394680477705318,0.21403898,0.7760071061177715,759
M-0236,Paper,0.494144415445359,0.9813605728727886,0.93,0.9879048790487904,0.4773773773773774,0.0,0.0,0.0,0.0,1.0,0.0,0.0,0.0,0.5163014387901637,0.5035294116915802,0.6198709793913568,1.0569629694874,0.30571473,0.1239326740667936,0.32498002,0.7755436527050675,760
M-0394,Cotton,0.564656806977626,0.6443765796124684,0.83,0.3472734727347273,0.2648648648648649,0.0,0.0,1.0,0.0,0.0,0.0,0.0,0.0,0.2552929313076914,0.8762825164047655,0.5543221822505098,1.087684613771894,0.30275813,0.12756639422724497,0.32202306,0.7752052709373343,761
M-0283,Wood,0.2276428204956612,0.2947556866048862,0.08,0.6908569085690857,0.5861861861861862,0.0,0.0,0.0,0.0,0.0,0.0,0.0,1.0,0.2858861321345946,0.7723075704159024,0.2909129840541203,0.7240725321154386,0.34609136,0.08455878241248185,0.36536145,0.7750398827424285,762
M-0170,Wood,0.5053871377902697,0.3881634372367312,0.81,0.3183681836818368,0.4121121121121121,0.0,0.0,0.0,0.0,0.0,0.0,0.0,1.0,0.1871647990754181,1.3019923756746614,0.5687884887497415,1.6358245800999174,0.24008335,0.19239974845628874,0.2593408,0.7741297293246739,763
M-0341,Glass,0.9430948716232797,0.8228727885425443,0.73,0.3091430914309143,0.0907907907907907,0.0,0.0,0.0,1.0,0.0,0.0,0.0,0.0,0.2810757456923918,1.146099055231384,0.6234751858865492,1.8727663407370798,0.2126486,0.22042494282762845,0.2319028,0.7738361320612797,764
M-0341,Glass,0.9430948716232797,0.8228727885425443,0.73,0.3091430914309143,0.0907907907907907,0.0,0.0,0.0,1.0,0.0,0.0,0.0,0.0,0.2810757456923918,1.146099055231384,0.6234751858865492,1.8727663407370798,0.2126486,0.22042494282762845,0.2319028,0.7738361320612797,765
M-0243,Paper,0.2699591782105333,0.7621103622577928,0.75,0.5670356703567035,0.2399399399399399,0.0,0.0,0.0,0.0,1.0,0.0,0.0,0.0,0.4309811656675125,0.3542253686006804,0.4049656532661952,1.2739645909391977,0.2837578,0.1495993720930455,0.30302048,0.7736900753060163,766
M-0249,Aluminum,0.9506346338307792,0.9811499578770008,0.53,0.568060680606806,0.3457457457457458,1.0,0.0,0.0,0.0,0.0,0.0,0.0,0.0,0.3716561169615699,0.9688974221538218,0.6429775772560354,1.5041138044476008,0.25655702,0.17682115193311784,0.27581644,0.7736812037423033,767
M-0491,Cotton,0.8687010640433648,0.365838247683235,0.68,0.8911439114391143,0.8200200200200201,0.0,0.0,1.0,0.0,0.0,0.0,0.0,0.0,0.1603880633400928,2.374543107511354,0.797486431623352,2.3254479014257528,0.16111083,0.27396758846555275,0.18035889,0.7728367624078486,768
M-1102,Plastic,0.8158335006357492,0.4250210614995787,0.38,0.5166051660516605,0.6984984984984985,0.0,0.0,0.0,0.0,0.0,1.0,0.0,0.0,0.1557572332480081,1.9195085962297933,0.6498829498038492,1.9799460703164464,0.20201966,0.23310203590759884,0.22127259,0.7728126881581086,769
M-1184,Paper,0.6025563809141403,0.4425021061499579,0.44,0.5135301353013529,0.3373373373373373,0.0,0.0,0.0,0.0,1.0,0.0,0.0,0.0,0.3402972468163119,1.361699776882341,0.4742237535668573,1.373502941425362,0.2740516,0.16137265178960805,0.29331312,0.772657116187601,770
M-0649,Cotton,0.616275179013585,0.4254422914911541,0.17,0.9526445264452644,0.6864864864864865,0.0,0.0,1.0,0.0,0.0,0.0,0.0,0.0,0.2986669326152721,1.448548352598477,0.5034560175513799,1.5175525983959282,0.25704807,0.1784106767661632,0.27630755,0.7726408850904674,771
M-0174,Paper,0.7996609337705503,0.4918913226621735,0.5,0.4089790897908979,0.5662662662662663,0.0,0.0,0.0,0.0,1.0,0.0,0.0,0.0,0.17738802763403,1.6256828922287307,0.6397442533880999,1.9077200291586411,0.21090972,0.224559224219711,0.23016371,0.7726385337255441,772
M-0910,Wood,0.4456713288273216,0.2925442291491154,0.72,0.8359983599835998,0.6427427427427428,0.0,0.0,0.0,0.0,0.0,0.0,0.0,1.0,0.298666481159306,1.5234270957813336,0.5870913543537515,2.0497866815568297,0.19416308,0.24136270173434685,0.21341509,0.7726111059981373,773
M-1480,Cotton,0.2978206071962346,0.595513900589722,0.6,0.8070930709307094,0.5254254254254255,0.0,0.0,1.0,0.0,0.0,0.0,0.0,0.0,0.3830258507790283,0.5001060542755706,0.4567558705061214,1.1888952601266205,0.29609042,0.13953747112357853,0.31535456,0.7725539865155804,774
M-1157,Plastic,0.9584866938811928,0.8583614153327718,0.97,0.3265682656826568,0.1303303303303303,0.0,0.0,0.0,0.0,0.0,1.0,0.0,0.0,0.2840065157408331,1.116645692728292,0.7134937766515763,1.5033820330209122,0.2597494,0.17673459886449377,0.27900922,0.7721280890755962,775
M-1008,Steel,0.4864708113051819,0.2062973883740522,0.78,0.6625666256662566,0.8823823823823824,0.0,0.0,0.0,0.0,0.0,0.0,1.0,0.0,0.0779295080238089,2.3580931249115333,0.6933030392367874,3.179578793547107,0.06211918,0.3749931915753507,0.08135544,0.771825685394137,776
M-0992,Paper,0.7331861072073881,0.4291280539174389,0.11,0.0914309143091431,0.1638638638638638,0.0,0.0,0.0,0.0,1.0,0.0,0.0,0.0,0.076448691413841,1.708544552074182,0.3754336020421144,2.5772403428524306,0.13388258,0.30374930399447014,0.1531274,0.7715616469691727,777
M-1055,Aluminum,0.3478105690512837,0.2201979780960404,0.82,0.3802788027880278,0.1152152152152152,1.0,0.0,0.0,0.0,0.0,0.0,0.0,0.0,0.3364648986830208,1.579528533958887,0.419688792185078,1.319975539311493,0.28258604,0.15504149326187508,0.30184856,0.7715549730832272,778
M-0298,Bamboo,0.5053871377902697,0.4077506318449873,0.56,0.0457154571545715,0.0201201201201201,0.0,1.0,0.0,0.0,0.0,0.0,0.0,0.0,0.0447956566652753,1.2394484738258509,0.3761908911521439,1.317698262973525,0.283059,0.15477213967963957,0.30232158,0.7714531386438762,779
M-0355,Cotton,0.9954716812777442,0.4918913226621735,0.5,0.036080360803608,0.2617617617617618,0.0,0.0,1.0,0.0,0.0,0.0,0.0,0.0,0.0266359019946555,2.023759337999312,0.6267172010396262,2.796444675406958,0.10871177,0.3296765361141292,0.12795359,0.771184937461658,780
M-0654,Steel,0.7359744808048361,0.4167017691659646,0.36,0.3737187371873719,0.4047047047047047,0.0,0.0,0.0,0.0,0.0,0.0,1.0,0.0,0.2224730060113414,1.7661857210066,0.5238012037333459,1.9536109502344985,0.21039762,0.22998714870027637,0.22965154,0.7701806553909583,781
M-0891,Bamboo,0.5387806999933079,0.3713142375737152,0.5,0.4645346453464535,0.4502502502502503,0.0,1.0,0.0,0.0,0.0,0.0,0.0,0.0,0.2553778050293015,1.4510061680039368,0.5005873550723983,1.4366421195106969,0.27181485,0.16884067993935167,0.2910761,0.7700416130742618,782
M-0384,Steel,0.2177831314550848,0.1670176916596461,0.63,0.1851168511685117,0.1621621621621621,0.0,0.0,0.0,0.0,0.0,0.0,1.0,0.0,0.1550979023303746,1.3039446620674495,0.3247619012306826,1.3184690804541639,0.28595284,0.15486331106986492,0.30521578,0.7699604564817454,783
M-0936,Aluminum,0.8620758883758282,0.5358045492839091,0.39,0.8023780237802378,0.7686686686686687,1.0,0.0,0.0,0.0,0.0,0.0,0.0,0.0,0.185615176472085,1.608934229083613,0.6924309559509318,2.081588293772312,0.19603322,0.2451241592387741,0.21528545,0.769795195270559,784
M-0699,Plastic,0.944990965669544,0.3694187026116259,0.33,0.6793767937679377,0.6512512512512513,0.0,0.0,0.0,0.0,0.0,1.0,0.0,0.0,0.236931806755505,2.5580415960190983,0.6723717616431931,2.2498476987817027,0.17614032,0.2650256849027754,0.19539018,0.7697920676719605,785
M-1409,Bamboo,0.4488389212340226,0.6154170176916597,0.47,0.490159901599016,0.4025025025025024,0.0,1.0,0.0,0.0,0.0,0.0,0.0,0.0,0.2928693145790317,0.729323660229432,0.4412863192443598,1.070078930013631,0.31617665,0.1254840145401909,0.33544317,0.7695364082906269,786
M-1483,Wood,0.9030984407414844,0.4469250210614995,0.7,0.9337843378433784,0.7974974974974975,0.0,0.0,0.0,0.0,0.0,0.0,0.0,1.0,0.1890936652109263,2.0206888795522,0.810488625545843,2.302205161339801,0.17048582,0.271218464347965,0.189735,0.7695232701434461,787
M-0685,Aluminum,0.1369426041178701,0.7096672283066555,0.07,0.3872488724887248,0.0228228228228228,1.0,0.0,0.0,0.0,0.0,0.0,0.0,0.0,0.3784107600835768,0.1929670776506789,0.0826238884939949,0.24240472698031723,0.41445893,0.027587677677594673,0.43373716,0.7693375817735378,788
M-0940,Plastic,0.7644828124651454,0.4918913226621735,0.98,0.1424764247642476,0.8384384384384385,0.0,0.0,0.0,0.0,0.0,1.0,0.0,0.0,0.0230187136706201,1.5541669939625875,0.8513246565175897,3.4946896041761346,0.029981093,0.4122641297697883,0.049213532,0.7692611689359019,789
M-0660,Plastic,0.8683441522228914,0.304022746419545,0.55,0.1613366133661336,0.5974974974974975,0.0,0.0,0.0,0.0,0.0,1.0,0.0,0.0,0.0649383906251475,2.856172132766888,0.6915869101384058,2.4861043412560333,0.14946342,0.29296984429898426,0.16871008,0.7691600364658109,790
M-1200,Steel,0.4324432844810278,0.4918913226621735,0.85,0.5502255022550225,0.278978978978979,0.0,0.0,0.0,0.0,0.0,0.0,1.0,0.0,0.3967241534277205,0.8791421710763828,0.5116710074861048,1.037610920303499,0.3208068,0.12164373631937363,0.34007388,0.7691411900735743,791
M-1200,Steel,0.4324432844810278,0.4918913226621735,0.85,0.5502255022550225,0.278978978978979,0.0,0.0,0.0,0.0,0.0,0.0,1.0,0.0,0.3967241534277205,0.8791421710763828,0.5116710074861048,1.037610920303499,0.3208068,0.12164373631937363,0.34007388,0.7691411900735743,792
M-0954,Paper,0.50482946307078,0.8592038753159226,0.6,0.6492414924149241,0.3554554554554555,0.0,0.0,0.0,0.0,1.0,0.0,0.0,0.0,0.4184650620279976,0.5875542348210703,0.4885684218649486,0.7717367931521641,0.35267958,0.09019645546989644,0.37195045,0.7689265484853735,793
M-1327,Aluminum,0.2364763880523768,0.1952401010951979,0.61,0.9202542025420254,0.60990990990991,1.0,0.0,0.0,0.0,0.0,0.0,0.0,0.0,0.3589820447754026,1.211201876684115,0.4605635281939237,1.2354796474643959,0.29803967,0.1450474179826725,0.31730404,0.7688242685276991,794
M-0238,Wood,0.4332463360770929,0.4918913226621735,0.45,0.6613366133661337,0.470970970970971,0.0,0.0,0.0,0.0,0.0,0.0,0.0,1.0,0.349866266430432,0.8807747470672397,0.4495898257221285,0.982083101675472,0.32935774,0.11507597086560886,0.34862584,0.7681490951889149,795
M-1318,Cotton,0.2563742220437663,0.6675442291491155,0.34,0.5588355883558835,0.3335335335335336,0.0,0.0,1.0,0.0,0.0,0.0,0.0,0.0,0.3724451799072544,0.3840552083198211,0.3046097488775666,0.902761762974704,0.33910048,0.10569393568149436,0.35836974,0.7679681632274825,796
M-0625,Steel,0.2449307367998394,0.7806444818871103,0.51,0.4136941369413694,0.1209209209209209,0.0,0.0,0.0,0.0,0.0,0.0,1.0,0.0,0.3636698609228335,0.3137541207665107,0.287248570996212,0.7576373855718663,0.3566122,0.08852879402897519,0.37588355,0.7677938282595984,797
M-0124,Bamboo,0.4070579312498605,0.4300758213984836,0.83,0.7814678146781469,0.3403403403403404,0.0,1.0,0.0,0.0,0.0,0.0,0.0,0.0,0.5155027926655643,0.9464772594026984,0.5139252746020463,1.2994736095298973,0.2930484,0.1526165489820162,0.3123122,0.7675356326268356,798
M-1161,Cotton,0.3035311963238082,0.4113310867733782,0.88,0.0440754407544075,0.4773773773773774,0.0,0.0,1.0,0.0,0.0,0.0,0.0,0.0,0.0230348224403164,0.7379224866817589,0.5286256917427365,1.5559619841040782,0.26292914,0.18295369399225295,0.28218934,0.7674284833042047,799
M-0118,Wood,0.1793928037654197,0.5588668913226622,0.68,0.3687986879868798,0.1796796796796796,0.0,0.0,0.0,0.0,0.0,0.0,0.0,1.0,0.3025330578631112,0.3209932195976657,0.3296610254100718,0.557109298932048,0.381189,0.0648105664363322,0.40046325,0.7673630901520045,800
M-1269,Steel,0.0186709496085123,0.0710825610783487,0.56,0.9813448134481346,0.4773773773773774,0.0,0.0,0.0,0.0,0.0,0.0,1.0,0.0,0.5128730001013725,0.2626619899913722,0.3186815930566181,0.4992420626793324,0.38828418,0.05796609740160591,0.4075593,0.7672372985844678,801
M-0800,Glass,0.6323362109348859,0.2644271272114574,0.8,0.9364493644936448,0.7044044044044044,0.0,0.0,0.0,1.0,0.0,0.0,0.0,0.0,0.2768103076426159,2.3913349067787344,0.7042558056952757,2.33909123943711,0.17077944,0.2755813065311819,0.19002865,0.7671950204600141,802
M-0147,Glass,0.2910392826072408,0.154486099410278,0.15,0.088970889708897,0.4773773773773774,0.0,0.0,0.0,1.0,0.0,0.0,0.0,0.0,0.0464981997167319,1.883906706244224,0.3046289262561095,1.8251082960357286,0.23204856,0.2147880050310926,0.25130504,0.7669534756357751,803
M-0895,Paper,0.0862388186218742,0.2689553496208929,0.71,0.7826978269782697,0.1646646646646646,0.0,0.0,0.0,0.0,1.0,0.0,0.0,0.0,0.6538151517651312,0.3206424341475188,0.2968949268481491,0.31644230291481923,0.41058934,0.03634475558048338,0.42986712,0.766894062911243,804
M-0895,Paper,0.0862388186218742,0.2689553496208929,0.71,0.7826978269782697,0.1646646646646646,0.0,0.0,0.0,0.0,1.0,0.0,0.0,0.0,0.6538151517651312,0.3206424341475188,0.2968949268481491,0.31644230291481923,0.41058934,0.03634475558048338,0.42986712,0.766894062911243,805
M-0674,Wood,0.1456646367306877,0.1816554338668913,0.73,0.6469864698646987,0.416016016016016,0.0,0.0,0.0,0.0,0.0,0.0,0.0,1.0,0.3778297362553205,0.8018688555640335,0.4020706594970799,1.0493601121475329,0.32399216,0.12303341699132336,0.34325963,0.7668534752106219,806
M-1497,Cotton,0.0606527024916906,0.4918913226621735,0.8,0.6783517835178352,0.2161161161161161,0.0,0.0,1.0,0.0,0.0,0.0,0.0,0.0,0.5317490307035202,0.1233048366427671,0.329095915831511,0.16981649952767924,0.42832506,0.019002027018290287,0.44760495,0.7666965093695017,807
M-0839,Paper,0.4265988534207767,0.5831929233361416,0.67,0.7086920869208692,0.5222222222222223,0.0,0.0,0.0,0.0,1.0,0.0,0.0,0.0,0.3385973304177486,0.7314871372123222,0.5283062080349774,0.9990654010782763,0.33042297,0.11708461738007742,0.34969118,0.7666121001224842,808
M-0911,Glass,0.5996564723727943,0.4440817186183656,0.51,0.1514965149651496,0.0382382382382382,0.0,0.0,0.0,1.0,0.0,0.0,0.0,0.0,0.1457035551336494,1.3503260704187077,0.4043340604205892,1.6656459460807214,0.25171676,0.1959269847517542,0.27097562,0.7665486978468631,809
M-1328,Steel,0.5053871377902697,0.4895745577085088,0.24,0.2679376793767937,0.5855855855855856,0.0,0.0,0.0,0.0,0.0,0.0,1.0,0.0,0.1110372364984911,1.0322965062957146,0.4498305307917836,1.7722801455171324,0.23953924,0.20853955316435216,0.25879663,0.7663319072728807,810
M-0219,Cotton,0.5653260166410136,0.4757792754844145,0.59,0.8448134481344813,0.4773773773773774,0.0,0.0,1.0,0.0,0.0,0.0,0.0,0.0,0.4415186198909036,1.1882081830009206,0.5463436198696187,1.4353538680688425,0.2794916,0.16868830706527477,0.29875377,0.7662789623645413,811
M-0550,Bamboo,0.5053871377902697,0.1901853411962931,0.5,0.1605166051660516,0.6398398398398398,0.0,1.0,0.0,0.0,0.0,0.0,0.0,0.0,0.0578116862249703,2.657326149771474,0.5441068070680598,2.450407925028495,0.15955791,0.2887477139305476,0.17880578,0.7662232513392268,812
M-0454,Wood,0.3215998572352718,0.0169545071609098,0.96,0.2494874948749487,0.1125125125125125,0.0,0.0,0.0,0.0,0.0,0.0,0.0,1.0,0.2214170299861156,18.96728031684628,0.4503936966478624,1.3743375449410606,0.28718558,0.16147136771746967,0.30644867,0.7660399820205147,813
M-0554,Paper,0.5053871377902697,0.9605096882898064,0.59,0.8157031570315703,0.8884884884884885,0.0,0.0,0.0,0.0,1.0,0.0,0.0,0.0,0.0909602919853022,0.5261650327807531,0.6457014016626543,1.7183927001727597,0.24654265,0.2021658091443454,0.26580086,0.7660166636756224,814
M-0297,Wood,0.230609650003346,0.0777169334456613,0.33,0.1090610906109061,0.7300300300300301,0.0,0.0,0.0,0.0,0.0,0.0,0.0,1.0,0.0294432193571184,2.9672643079809013,0.4102528690103474,2.0646686817318707,0.20607406,0.24312292731222002,0.22532748,0.7657747979143437,815
M-0405,Cotton,0.6177474402730375,0.7679022746419546,0.25,0.1227962279622796,0.2703703703703704,0.0,0.0,1.0,0.0,0.0,0.0,0.0,0.0,0.0895957663280336,0.8044599634779142,0.4032100872203261,1.491034490233453,0.27425712,0.17527414594266,0.29351866,0.7656035958023211,816
M-0006,Cotton,0.7938165027102991,0.5720303285593935,0.19,0.4788847888478885,0.4498498498498499,0.0,0.0,1.0,0.0,0.0,0.0,0.0,0.0,0.2634585384892888,1.387715083209604,0.5094815560390746,1.513355990930537,0.27198464,0.17791430694261867,0.2912459,0.7654198927561457,817
M-0215,Glass,0.2865555778625443,0.6208930075821399,0.01,0.2640426404264042,0.2982982982982983,0.0,0.0,0.0,1.0,0.0,0.0,0.0,0.0,0.1852791701090183,0.4615209268622793,0.2071117206345072,1.3747553288734025,0.2888022,0.16152078271243558,0.30806547,0.7652068716271043,818
M-0117,Aluminum,0.1526021102411385,0.1231044650379107,0.41,0.6102911029110292,0.392992992992993,1.0,0.0,0.0,0.0,0.0,0.0,0.0,0.0,0.3704509757810291,1.239604677129031,0.3019387419943533,1.061771249379847,0.32612008,0.124501391789728,0.3453878,0.7650554107917281,819
M-0486,Wood,0.3667045885475919,0.7854886267902276,0.32,0.6818368183681838,0.4736736736736737,0.0,0.0,0.0,0.0,0.0,0.0,0.0,1.0,0.3588686677657567,0.4668484166316354,0.3847839375211389,0.5257849429416974,0.38951606,0.06110555824011588,0.40879133,0.7650515541614591,820
M-0486,Wood,0.3667045885475919,0.7854886267902276,0.32,0.6818368183681838,0.4736736736736737,0.0,0.0,0.0,0.0,0.0,0.0,0.0,1.0,0.3588686677657567,0.4668484166316354,0.3847839375211389,0.5257849429416974,0.38951606,0.06110555824011588,0.40879133,0.7650515541614591,821
M-0077,Paper,0.3444422137455665,0.8215037910699243,0.47,0.079130791307913,0.1971971971971972,0.0,0.0,0.0,0.0,1.0,0.0,0.0,0.0,0.0635264210499962,0.419282051048012,0.3379360446573857,2.0915683041813877,0.20435382,0.24630458319945633,0.22360703,0.7650441916547045,822
M-0077,Paper,0.3444422137455665,0.8215037910699243,0.47,0.079130791307913,0.1971971971971972,0.0,0.0,0.0,0.0,1.0,0.0,0.0,0.0,0.0635264210499962,0.419282051048012,0.3379360446573857,2.0915683041813877,0.20435382,0.24630458319945633,0.22360703,0.7650441916547045,823
M-0523,Wood,0.7795846438689241,0.4918913226621735,0.15,0.2544075440754407,0.6420420420420421,0.0,0.0,0.0,0.0,0.0,0.0,0.0,1.0,0.0910672049663439,1.5848684924573109,0.5494464701601822,1.9112924129599036,0.22594357,0.224981761598222,0.24519935,0.7649094429494776,824
M-1310,Paper,0.5442682192330857,0.4597725358045492,0.35,0.490159901599016,0.5521521521521522,0.0,0.0,0.0,0.0,1.0,0.0,0.0,0.0,0.2195170570324321,1.1837745691053767,0.4883529333388799,1.1188534392346894,0.31969017,0.13125300645453758,0.3389571,0.7648949462194093,825
M-1281,Plastic,0.1956099846081777,0.2785383319292333,0.3,0.55330053300533,0.3536536536536537,0.0,0.0,0.0,0.0,0.0,1.0,0.0,0.0,0.3576237779394811,0.7022706030539165,0.2743400899393672,0.609790571659448,0.38006407,0.07104164576968709,0.39933822,0.7648100693203947,826
M-1357,Paper,0.8572129648218787,0.8260320134793597,0.37,0.1256662566625666,0.4773773773773774,0.0,0.0,0.0,0.0,1.0,0.0,0.0,0.0,0.0656760286321581,1.0377466164592923,0.5970983991419647,2.156648350732378,0.1978299,0.2540021750016896,0.21708234,0.7644577442266599,827
M-1394,Wood,0.3123201499029646,0.4665122156697556,0.77,0.8948339483394835,0.3740740740740741,0.0,0.0,0.0,0.0,0.0,0.0,0.0,1.0,0.5600997676643433,0.6694776040901183,0.468150282183408,1.1135178032540167,0.3214161,0.1306219136701717,0.34068325,0.7643474173552447,828
M-0804,Aluminum,0.8843382631778536,0.2875947767481044,0.89,0.3921689216892169,0.4651651651651652,1.0,0.0,0.0,0.0,0.0,0.0,0.0,0.0,0.2097456004590076,3.0749348032061543,0.7602848548206911,2.642838042470645,0.14090486,0.31150812319615745,0.16015051,0.7641706818754511,829
M-0304,Wood,0.7985901983091303,0.948083403538332,0.56,0.6092660926609266,0.4840840840840841,0.0,0.0,0.0,0.0,0.0,0.0,0.0,1.0,0.3143300742316732,0.8423197294763244,0.6326613045488774,1.9173717980772458,0.22708298,0.22570082416074194,0.2463389,0.7639801359676485,830
M-1137,Bamboo,0.0061344219143857,0.2434709351305812,0.34,0.5559655596555966,0.21001001001001,0.0,1.0,0.0,0.0,0.0,0.0,0.0,0.0,0.4392072269071039,0.0251956017480852,0.1674567717687573,0.08036251408469637,0.4446356,0.008421514226500941,0.46391743,0.7638305257789767,831
M-0943,Cotton,0.3969528653327087,0.9532434709351304,0.34,0.7822878228782288,0.2567567567567568,0.0,0.0,1.0,0.0,0.0,0.0,0.0,0.0,0.5814301386257106,0.4164229402173179,0.3378081731601104,0.6208665724120408,0.38184723,0.07235170218656269,0.4011216,0.7632633556261171,832
M-1473,Aluminum,0.0936670458854759,0.9358677337826454,0.5,0.8273882738827387,0.0974974974974974,1.0,0.0,0.0,0.0,0.0,0.0,0.0,0.0,0.7467199877203976,0.1000856664020469,0.2167160676034396,0.1548069461992143,0.4373032,0.017226714602589246,0.45658416,0.7630945649189355,833
M-1399,Paper,0.4928729170849226,0.5971988205560237,0.62,0.6849118491184912,0.3210210210210211,0.0,0.0,0.0,0.0,1.0,0.0,0.0,0.0,0.4650407480050776,0.8253065391513893,0.4794554731402753,1.0189081631597687,0.33516693,0.11943159607519079,0.3544357,0.7630663459128669,834
M-0726,Steel,0.6669120435432421,0.0251684919966301,0.48,0.9526445264452644,0.4974974974974975,0.0,0.0,0.0,0.0,0.0,0.0,1.0,0.0,0.4787062585340568,26.49684163798508,0.5600140666665461,2.0858822046518957,0.20924975,0.2456320379963639,0.22850354,0.7629322109226822,835
M-0726,Steel,0.6669120435432421,0.0251684919966301,0.48,0.9526445264452644,0.4974974974974975,0.0,0.0,0.0,0.0,0.0,0.0,1.0,0.0,0.4787062585340568,26.49684163798508,0.5600140666665461,2.0858822046518957,0.20924975,0.2456320379963639,0.22850354,0.7629322109226822,836
M-1229,Wood,0.8728278569675879,0.4918913226621735,0.0,0.526650266502665,0.7322322322322322,0.0,0.0,0.0,0.0,0.0,0.0,0.0,1.0,0.1410199662557186,1.7744287047290164,0.5688008124567048,1.8808995908333737,0.23395067,0.22138693413809396,0.25320742,0.7627028252597876,837
M-1383,Glass,0.5586562269959178,0.458508845829823,0.1,0.6648216482164822,0.9716716716716716,0.0,0.0,0.0,1.0,0.0,0.0,0.0,0.0,0.0188332859304568,1.218417078884854,0.5449639922998686,1.6467987480852464,0.26187843,0.1936977602125344,0.28113848,0.7625818800389201,838
M-1484,Aluminum,0.8522831203015904,0.5016849199663016,0.41,0.3423534235342353,0.5907907907907908,1.0,0.0,0.0,0.0,0.0,0.0,0.0,0.0,0.1400941737145099,1.6988380306922677,0.6411504853578733,2.2038965532062296,0.19672206,0.2595906371388213,0.21597436,0.7622175010783784,839
M-0735,Plastic,0.3225813647415735,0.5466512215669755,0.21,0.1398113981139811,0.4038038038038038,0.0,0.0,0.0,0.0,0.0,1.0,0.0,0.0,0.0833550237404275,0.5901034552039244,0.3131736870377705,1.0229105184360474,0.3370896,0.11990498997696326,0.35635862,0.7618681962394313,840
M-1421,Aluminum,0.6857168350844319,0.2375737152485256,0.43,0.3433784337843378,0.8166166166166166,1.0,0.0,0.0,0.0,0.0,0.0,0.0,0.0,0.0629698989682589,2.886320770150591,0.6482717190187577,2.5790180318740363,0.15423122,0.30395956697313764,0.17347845,0.7612809893377186,841
M-0413,Wood,0.3331548774230967,0.2158803706823925,0.55,0.8126281262812628,0.6296296296296297,0.0,0.0,0.0,0.0,0.0,0.0,0.0,1.0,0.3009733801041714,1.543231249505259,0.4871508398581275,1.2121798537882797,0.31601882,0.1422915456331579,0.33528534,0.761211559293826,842
M-0328,Bamboo,0.6790024314617769,0.4918913226621735,0.28,0.9829848298482984,0.6378378378378379,0.0,1.0,0.0,0.0,0.0,0.0,0.0,0.0,0.3559999113504647,1.3803883496024971,0.5469523239360622,1.255417724681085,0.31125566,0.14740567044051658,0.3305216,0.7610363581000161,843
M-1145,Paper,0.5053871377902697,0.9013268744734626,0.5,0.9911849118491184,0.4908908908908909,0.0,0.0,0.0,0.0,1.0,0.0,0.0,0.0,0.5046212674338956,0.5607139777913853,0.4994221223833751,0.8903337921039177,0.35469517,0.1042239698200163,0.37396628,0.7609048767671617,844
M-1450,Paper,0.3786165205558902,0.2655855096882897,0.28,0.2921279212792128,0.0657657657657657,0.0,0.0,0.0,0.0,1.0,0.0,0.0,0.0,0.272915904834724,1.425586416268884,0.2551763379520858,1.7442355344870244,0.2538713,0.20522246936673932,0.2731304,0.760823571782733,845
M-1098,Wood,0.1949853889223494,0.2022957034540859,0.5,0.9805248052480526,0.4942942942942943,0.0,0.0,0.0,0.0,0.0,0.0,0.0,1.0,0.4958569885999161,0.9638584593475794,0.376282443857228,0.778980205345036,0.36859894,0.09105319779371086,0.3878717,0.7605375448800382,846
M-0430,Paper,0.5400968123313034,0.516112047177759,0.31,0.490159901599016,0.5017017017017017,0.0,0.0,0.0,0.0,1.0,0.0,0.0,0.0,0.244245844860851,1.046469984211199,0.4595492354430319,1.5057988255523418,0.28325015,0.17702045425894336,0.30251276,0.7602333904051658,847
M-0666,Steel,0.9369381427201142,0.6633319292333614,0.49,0.080770807708077,0.5437437437437438,0.0,0.0,0.0,0.0,0.0,0.0,1.0,0.0,0.0368521863396812,1.4124704223608626,0.6848983802111689,1.9803095449025658,0.22784042,0.23314502725660227,0.24709643,0.7598792692539125,848
M-1040,Glass,0.5171429208771107,0.203559393428812,0.5,0.4503895038950389,0.5817817817817819,0.0,0.0,0.0,1.0,0.0,0.0,0.0,0.0,0.1883610958231704,2.540488904379932,0.5313917028853787,2.4091954889160836,0.1771837,0.283873155180495,0.19643368,0.7598465832750594,849
M-1040,Glass,0.5171429208771107,0.203559393428812,0.5,0.4503895038950389,0.5817817817817819,0.0,0.0,0.0,1.0,0.0,0.0,0.0,0.0,0.1883610958231704,2.540488904379932,0.5313917028853787,2.4091954889160836,0.1771837,0.283873155180495,0.19643368,0.7598465832750594,850
M-0745,Glass,0.6025117669365813,0.1317396798652064,0.74,0.0686756867568675,0.8617617617617618,0.0,0.0,0.0,1.0,0.0,0.0,0.0,0.0,0.0094936059470704,4.573467873044647,0.721533235303161,3.549786779966064,0.04358286,0.4187809592922514,0.06281692,0.759201061405739,851
M-0991,Plastic,0.8274554417899127,0.4159646166807076,0.72,0.9200492004920048,0.6042042042042043,0.0,0.0,0.0,0.0,0.0,1.0,0.0,0.0,0.3641516054800187,1.9892399963073435,0.7282434379772263,2.343656178105826,0.18678132,0.2761212421387336,0.20603244,0.7589231588974644,852
M-0446,Glass,0.8716232795734903,0.5192712721145746,0.19,0.3068880688806888,0.5421421421421422,0.0,0.0,0.0,1.0,0.0,0.0,0.0,0.0,0.1405111138198469,1.6785477029691491,0.5682919544720387,1.8083227312618695,0.25014573,0.21280262805847663,0.2694044,0.7588964803128027,853
M-0251,Wood,0.1826050101496799,0.8278222409435552,0.5,0.517220172201722,0.0386386386386386,0.0,0.0,0.0,0.0,0.0,0.0,0.0,1.0,0.4972354888714052,0.2205845416245456,0.2346335956514635,0.5441297330132095,0.40000927,0.06327535855759911,0.41928577,0.7587194336057219,854
M-0064,Aluminum,0.9211224876753888,0.7025063184498737,0.5,0.9624846248462484,0.7960960960960961,1.0,0.0,0.0,0.0,0.0,0.0,0.0,0.0,0.1962543724536344,1.3111927285083709,0.7572778238989843,2.423869544378761,0.17778178,0.28560878530095785,0.19703183,0.7586796944590868,855
M-1223,Aluminum,0.2708737647504963,0.6099410278011795,0.53,0.6465764657646575,0.1615615615615615,1.0,0.0,0.0,0.0,0.0,0.0,0.0,0.0,0.5421145622867639,0.4440975574793346,0.315817974368667,2.4539895654046036,0.17489396,0.2891713461659069,0.19414367,0.7583424930084887,856
M-0200,Glass,0.5964665729773138,0.3425652906486942,0.23,0.1223862238622386,0.0199199199199199,0.0,0.0,0.0,1.0,0.0,0.0,0.0,0.0,0.1199483000836014,1.7411712397265535,0.3135626051669015,2.6831406366494632,0.14818467,0.3162750669062628,0.16743119,0.7581468712419026,857
M-0180,Glass,0.25563809141404,0.8887952822240944,0.12,0.7152521525215252,0.6385385385385386,0.0,0.0,0.0,1.0,0.0,0.0,0.0,0.0,0.2585360883638866,0.2876228181044364,0.3298167981271775,1.6734397674676011,0.26774892,0.19684882883139407,0.2870097,0.7580707424684964,858
M-0784,Paper,0.2704276249749046,0.1014111204717776,0.31,0.2308323083230832,0.5005005005005005,0.0,0.0,0.0,0.0,1.0,0.0,0.0,0.0,0.1153006224756942,2.666620357772354,0.351321200140112,2.333135353854847,0.18997224,0.27487685134925227,0.20922373,0.7579497081492454,859
M-1031,Bamboo,0.035334270226862,0.4514532434709351,0.07,0.8267732677326773,0.4557557557557558,0.0,1.0,0.0,0.0,0.0,0.0,0.0,0.0,0.4499665922585151,0.0782676666303989,0.1718604348174715,0.10061699566260715,0.45501024,0.010817190622190893,0.4742933,0.7574447589045266,860
M-0789,Cotton,0.1789020500122688,0.0675021061499578,0.08,0.1234112341123411,0.4049049049049049,0.0,0.0,1.0,0.0,0.0,0.0,0.0,0.0,0.0734414200998866,2.650278782947242,0.217032291476379,1.932862896947544,0.23853561,0.22753309322001752,0.2577929,0.7573370083540568,861
M-1312,Plastic,0.5112315688505208,0.8227674810446504,0.92,0.490159901599016,0.2571571571571572,0.0,0.0,0.0,0.0,0.0,1.0,0.0,0.0,0.3641117747513812,0.6213553151688817,0.5576397746873556,1.2456662518481572,0.32039118,0.14625227763709206,0.3396582,0.7570447608110469,862
M-1150,Aluminum,0.7835552878716902,0.5769797809604044,0.91,0.8569085690856909,0.8855855855855855,1.0,0.0,0.0,0.0,0.0,0.0,0.0,0.0,0.0980426921386331,1.3580266687001867,0.8520977908243518,3.229849980483917,0.08608752,0.38093920877971976,0.10532664,0.7568670767972929,863
M-0733,Aluminum,0.5433313257043431,0.7051390058972199,0.55,0.9608446084460844,0.4397397397397398,1.0,0.0,0.0,0.0,0.0,0.0,0.0,0.0,0.5383230503976711,0.7705297120576905,0.5142544522036592,1.111159970296352,0.33693215,0.1303430319451604,0.35620114,0.756727912991081,864
M-0730,Paper,0.4340047736955987,0.970619208087616,0.58,0.5744157441574416,0.446946946946947,0.0,0.0,0.0,0.0,1.0,0.0,0.0,0.0,0.3176823810280145,0.4471417039118786,0.4816859935623235,0.6899542976126228,0.38726068,0.08052331753293882,0.40653569,0.7564704987023263,865
M-0487,Glass,0.8644181221976844,0.99178601516428,0.06,0.6277162771627716,0.6136136136136137,0.0,0.0,0.0,1.0,0.0,0.0,0.0,0.0,0.2425410240088386,0.8715763656721216,0.5478513329631579,1.1673317183491276,0.3310497,0.13698696061828117,0.350318,0.7563475123799921,866
M-0257,Bamboo,0.691672801088581,0.8543597304128054,0.36,0.502460024600246,0.533933933933934,0.0,1.0,0.0,0.0,0.0,0.0,0.0,0.0,0.2341795670208954,0.8095793456639588,0.5448493006156125,1.5955581703445054,0.2805782,0.18763708459747028,0.29984048,0.756261217656671,867
M-1349,Cotton,0.5053871377902697,0.3723673125526537,0.42,0.9210742107421074,0.441041041041041,0.0,0.0,1.0,0.0,0.0,0.0,0.0,0.0,0.5148426819603531,1.3572238043719331,0.4604671674284202,1.342208803024728,0.31113207,0.15767121769456732,0.330398,0.7559653944896227,868
M-0931,Bamboo,0.3441745298802114,0.1104675652906487,0.27,0.5922509225092251,0.9383383383383384,0.0,1.0,0.0,0.0,0.0,0.0,0.0,0.0,0.0365191760025707,3.115587941009914,0.5001713134535861,1.492753354906285,0.29355758,0.17547745124614306,0.31282142,0.7558505653534529,869
M-1153,Paper,0.7606683173838363,0.9992628475147431,0.12,0.2004920049200492,0.2691691691691692,0.0,0.0,0.0,0.0,1.0,0.0,0.0,0.0,0.1465257385306585,0.761228697781557,0.4210180777042853,1.762745542772122,0.2616583,0.20741181150132124,0.28091836,0.7558349143711045,870
M-0128,Aluminum,0.658212317919204,0.7892796967144061,0.88,0.3396883968839688,0.191091091091091,1.0,0.0,0.0,0.0,0.0,0.0,0.0,0.0,0.2747769704924276,0.8339394598894796,0.584612254495009,1.4554205503896491,0.29800984,0.17106177078444462,0.3172742,0.7558320081891681,871
M-0909,Bamboo,0.3952575341854603,0.8250842459983151,0.19,0.490159901599016,0.4772772772772773,0.0,1.0,0.0,0.0,0.0,0.0,0.0,0.0,0.2562177183333395,0.4790505418712425,0.3582861968573673,0.6605304398540908,0.39220437,0.07704309804516238,0.41147995,0.7557384760018329,872
M-0567,Plastic,0.5251734368377612,0.4918913226621735,0.72,0.1170561705617056,0.0391391391391391,0.0,0.0,0.0,0.0,0.0,1.0,0.0,0.0,0.1124746928149962,1.067659348687263,0.4378111164768462,1.9865948616828197,0.2354523,0.23388844717539742,0.2547092,0.7557011694262554,873
M-0495,Steel,0.7606906243726159,0.6226832350463353,0.41,0.1605166051660516,0.2845845845845846,0.0,0.0,0.0,0.0,0.0,0.0,1.0,0.0,0.114836053765943,1.2216314169508584,0.5126516251244218,1.852090926683761,0.2521467,0.21797947903098058,0.2714056,0.755307456753545,874
M-0782,Glass,0.6094269334582524,0.41849199663016,0.2,0.3538335383353833,0.1192192192192192,0.0,0.0,0.0,1.0,0.0,0.0,0.0,0.0,0.3116497801614653,1.456241653661002,0.3395365391490667,1.6156934495953306,0.2806833,0.1900186618813063,0.29994562,0.7550178577180611,875
M-1078,Aluminum,0.5053871377902697,0.5182181971356361,0.17,0.4067240672406724,0.3360360360360361,1.0,0.0,0.0,0.0,0.0,0.0,0.0,0.0,0.2700501239246626,0.9752381628926652,0.3539656659269187,1.3938616085932762,0.3070846,0.16378065113505025,0.32635003,0.754934657790858,876
M-0139,Bamboo,0.0965892614156015,0.4918913226621735,0.63,0.5699056990569905,0.1493493493493493,0.0,1.0,0.0,0.0,0.0,0.0,0.0,0.0,0.4847906537123428,0.1963626122336086,0.2724405093710454,0.28780109207997145,0.4382141,0.032957106655622494,0.45749515,0.7547738701970453,877
M-0166,Aluminum,0.4345624484150884,0.9644060657118788,0.4,0.3841738417384174,0.1727727727727727,1.0,0.0,0.0,0.0,0.0,0.0,0.0,0.0,0.3177990618745026,0.450600647657341,0.3456568111978672,0.6792827789898971,0.39204457,0.07926110278938739,0.41132015,0.7547093736560417,878
M-0852,Plastic,0.321376787347476,0.7487363100252737,0.78,0.7220172201722016,0.1766766766766767,0.0,0.0,0.0,0.0,0.0,1.0,0.0,0.0,0.5944536172088446,0.4292250206372484,0.4155537179419933,0.9027571364269338,0.36756304,0.10569338845883433,0.3868357,0.7537354586140581,879
M-1465,Glass,0.7262040197193781,0.9905223251895536,0.39,0.490159901599016,0.3796796796796797,0.0,0.0,0.0,1.0,0.0,0.0,0.0,0.0,0.3040561471680783,0.7331518614974629,0.5213855117916552,1.8030065391418288,0.26112002,0.21217383507120888,0.28037998,0.7537230920631275,880
M-1365,Cotton,0.6535501572642709,0.3675231676495366,0.29,0.0984009840098401,0.4084084084084084,0.0,0.0,1.0,0.0,0.0,0.0,0.0,0.0,0.05821319474456,1.7782508329832685,0.4709425854282308,1.7994872121852388,0.26182875,0.21175757319424168,0.2810888,0.7535768137837766,881
M-0380,Aluminum,0.5053871377902697,0.3878475147430497,0.0,0.0879458794587945,0.945845845845846,1.0,0.0,0.0,0.0,0.0,0.0,0.0,0.0,0.0047626347134342,1.3030529151957422,0.4859086088698616,1.7877639301246415,0.26392785,0.21037095710117823,0.28318816,0.7532204393323302,882
M-0105,Plastic,0.202681300051306,0.7243049705139006,0.66,0.5317753177531775,0.0192192192192192,0.0,0.0,0.0,0.0,0.0,1.0,0.0,0.0,0.5215550113459093,0.2798282884614386,0.2848382857862882,0.46709789068166896,0.4204984,0.05416412232672752,0.43977734,0.7530292666040084,883
M-0385,Steel,0.6826384706328493,0.7133529907329401,0.59,0.1812218122181221,0.4866866866866867,0.0,0.0,0.0,0.0,0.0,0.0,1.0,0.0,0.0930235688743273,0.9569421065850744,0.5960613942591457,2.277144325488768,0.20645228,0.2682542979893426,0.22570574,0.7530199795873295,884
M-0796,Bamboo,0.482165562470722,0.7048230834035385,0.81,0.7583025830258302,0.0465465465465465,0.0,1.0,0.0,0.0,0.0,0.0,0.0,0.0,0.7230062165486519,0.6840934835007106,0.4498301889522528,1.4229206652690007,0.30764303,0.1672177223773462,0.32690853,0.7529368744089373,885
M-0195,Aluminum,0.2039751054005219,0.4406065711878686,0.1,0.0690856908569085,0.5666666666666668,1.0,0.0,0.0,0.0,0.0,0.0,0.0,0.0,0.0299371327046603,0.4629405365200816,0.2815900421602088,0.7350940017619214,0.38908842,0.08586238895389478,0.40836364,0.7528869853688626,886
M-0381,Cotton,0.5053871377902697,0.6330033698399327,0.27,0.7562525625256252,0.2827827827827828,0.0,0.0,1.0,0.0,0.0,0.0,0.0,0.0,0.5423973584080185,0.798394390102025,0.3679896899509427,1.0447730005531433,0.35274765,0.12249085879605168,0.37201855,0.7527452976689679,887
M-0633,Steel,0.9698855651475606,0.207139848357203,0.57,0.3564985649856498,0.9878878878878878,0.0,0.0,0.0,0.0,0.0,0.0,1.0,0.0,0.0043179505869132,4.682251583111439,0.8553205924253906,3.9028021869322607,0.014760252,0.46053520881627374,0.03399088,0.7527369562859616,888
M-0130,Paper,0.2195899975462312,0.7987573715248526,0.23,0.2355473554735547,0.2656656656656657,0.0,0.0,0.0,0.0,1.0,0.0,0.0,0.0,0.1729705104858856,0.2749141735153618,0.2365356987181922,1.2324667930195294,0.33063936,0.1446910610821292,0.3499076,0.7527006660388685,889
M-0388,Aluminum,0.5053871377902697,0.7613732097725359,0.32,0.8403034030340303,0.6267267267267268,1.0,0.0,0.0,0.0,0.0,0.0,0.0,0.0,0.313662801793183,0.6637828433159779,0.4861728731341259,1.799107677981546,0.26392785,0.2117126823324516,0.28318816,0.7525495767166935,890
M-0952,Paper,0.4309041022552365,0.5033698399326032,0.07,0.4003690036900368,0.7513513513513513,0.0,0.0,0.0,0.0,1.0,0.0,0.0,0.0,0.0995512117283334,0.8560370765873738,0.4187670463075,1.2601673422866264,0.32780123,0.14796744965675476,0.34706914,0.7524817030471413,891
M-1027,Plastic,0.6875237011755784,0.8437236731255267,0.0,0.2529725297252972,0.3411411411411412,0.0,0.0,0.0,0.0,0.0,1.0,0.0,0.0,0.1666731922574481,0.8148673650003486,0.3773518228125737,2.2221017271410486,0.21424711,0.2617439238229219,0.2335015,0.7523772911231308,892
M-1334,Aluminum,0.9094559325436656,0.8601516427969672,0.24,0.0830258302583025,0.1054054054054054,1.0,0.0,0.0,0.0,0.0,0.0,0.0,0.0,0.0742744589608058,1.0573192329984344,0.4674039946390879,1.9888490568680217,0.242433,0.23415507074587458,0.26169074,0.7520770967185849,893
M-0665,Aluminum,0.5299694394253719,0.2244102780117944,0.41,0.5157851578515785,0.4855855855855856,1.0,0.0,0.0,0.0,0.0,0.0,0.0,0.0,0.265327319939866,2.3615989540308138,0.4806634514458244,2.25848681916589,0.21067628,0.26604750995933435,0.22993025,0.7520111191019445,894
M-0514,Wood,0.4537241517767516,0.4478727885425442,0.39,0.1715867158671586,0.4773773773773774,0.0,0.0,0.0,0.0,0.0,0.0,0.0,1.0,0.0896750994536972,1.013062526506062,0.4417028739239138,1.5276590771629401,0.298125,0.17960605925633158,0.31738937,0.7515022858663716,895
M-0042,Bamboo,0.5852238506324031,0.2807497893850042,0.07,0.1812218122181221,0.3036036036036036,0.0,1.0,0.0,0.0,0.0,0.0,0.0,0.0,0.1262022169771247,2.0844958331706183,0.3461706213340423,1.7704445500581272,0.26952788,0.20832244107998413,0.28878886,0.7514443519220899,896
M-0604,Wood,0.7247986794262642,0.918597304128054,0.96,0.8638786387863878,0.5448448448448449,0.0,0.0,0.0,0.0,0.0,0.0,0.0,1.0,0.3931988158720426,0.789026798949137,0.741372925223959,1.6177194683656193,0.28760204,0.19025829701225425,0.30686516,0.7514382736454384,897
M-1355,Plastic,0.7930580650917933,0.2188289806234203,0.32,0.5217302173021731,0.8018018018018018,0.0,0.0,0.0,0.0,0.0,1.0,0.0,0.0,0.1034059890148451,3.624083239565557,0.6537637665772579,3.0119749390655897,0.12295509,0.3551692036611934,0.14219859,0.751316101957207,898
M-0703,Aluminum,0.8689910548974993,0.7146166807076664,0.83,0.7896678966789668,0.2679679679679679,1.0,0.0,0.0,0.0,0.0,0.0,0.0,0.0,0.5780621950363648,1.2160223268433006,0.6769868123493902,1.3542939311206639,0.31945378,0.15910063251355228,0.3387207,0.7510893292004917,899
M-0004,Bamboo,0.3329541145240804,0.8296124684077507,0.69,0.490159901599016,0.0863863863863863,0.0,1.0,0.0,0.0,0.0,0.0,0.0,0.0,0.4478167589483702,0.401336438236843,0.3660975617255481,0.5164243423319621,0.41888833,0.05999839734616932,0.4381671,0.7509172537347523,900
M-1333,Bamboo,0.4624684913783488,0.3615206402695871,0.84,0.7390323903239032,0.2138138138138138,0.0,1.0,0.0,0.0,0.0,0.0,0.0,0.0,0.5810170564168105,1.279227686158664,0.5011315406954837,1.3232285242162152,0.32366672,0.1554262525124045,0.34293413,0.7508198079326405,901
M-0716,Cotton,0.0451716522786589,0.7014532434709352,0.4,0.8977039770397703,0.3836836836836837,0.0,0.0,1.0,0.0,0.0,0.0,0.0,0.0,0.5532696082716583,0.0643971473536756,0.2531737660165686,0.07427310204553904,0.47182366,0.007701265691394064,0.49110872,0.7505950093871978,902
M-1257,Wood,0.4482143255481942,0.9737784330244316,0.78,0.7710127101271012,0.7570570570570572,0.0,0.0,0.0,0.0,0.0,0.0,0.0,1.0,0.187312096844692,0.4602832123452219,0.6404028473363947,3.045140639118033,0.120892614,0.3590920038798287,0.14013588,0.7503860559175991,903
M-0596,Paper,0.4238774007896674,0.3573083403538332,0.35,0.2337023370233702,0.2678678678678679,0.0,0.0,0.0,0.0,1.0,0.0,0.0,0.0,0.1711009902891821,1.1863037231825897,0.3549113206762273,1.6822234614143332,0.28236577,0.19788775387986826,0.30162826,0.7502419921577755,904
M-0610,Cotton,0.5913805795355684,0.1753369839932603,0.18,0.585280852808528,0.8760760760760762,0.0,0.0,1.0,0.0,0.0,0.0,0.0,0.0,0.0725302998775732,3.372803576652849,0.5533750546370502,2.5735175657468234,0.17701796,0.3033089782717894,0.19626792,0.7502115519879724,905
M-0835,Aluminum,0.9883111378794976,0.7014532434709352,0.69,0.2406724067240672,0.5349349349349349,1.0,0.0,0.0,0.0,0.0,0.0,0.0,0.0,0.1119283284924941,1.4089459819775805,0.7628049356322795,2.3527288649853686,0.20365803,0.27719434893335587,0.22291116,0.7499472434510505,906
M-0154,Glass,0.5820339512369225,0.3113942712721145,0.25,0.2447724477244772,0.6438438438438439,0.0,0.0,0.0,1.0,0.0,0.0,0.0,0.0,0.0871772141144835,1.869116216374104,0.5009667336479221,1.781265587039107,0.27166975,0.2096023406801049,0.290931,0.7497333364577381,907
M-0296,Paper,0.614981373664369,0.4877843302443134,0.43,0.071750717507175,0.3832832832832833,0.0,0.0,0.0,0.0,1.0,0.0,0.0,0.0,0.0442498669230936,1.2607623385400868,0.4899775344507326,1.508792339700952,0.3048075,0.1773745236118618,0.3240727,0.7492763937850802,908
M-0047,Cotton,0.932432130986638,0.2191449031171018,0.53,0.465969659696597,0.9623623623623624,0.0,0.0,1.0,0.0,0.0,0.0,0.0,0.0,0.0175379972017938,4.2548462815131325,0.820681561103364,3.56002719499608,0.06225005,0.4199921836069845,0.08148633,0.7492607434783567,909
M-0646,Steel,0.8288161681054674,0.8762636899747261,0.84,0.2431324313243132,0.0614614614614614,0.0,0.0,0.0,0.0,0.0,0.0,1.0,0.0,0.2281891567664425,0.945851382108496,0.6019649056806253,1.9880814797656159,0.24843791,0.2340642826237974,0.26769638,0.7491196683804842,910
M-0244,Aluminum,0.5892391086127284,0.3866891322662173,0.05,0.2720377203772038,0.0832832832832832,1.0,0.0,0.0,0.0,0.0,0.0,0.0,0.0,0.2493815258472905,1.5238017716135204,0.2756806284300763,1.8226512603581873,0.2685684,0.2144973897243808,0.28782925,0.7488366800891721,911
M-0555,Aluminum,0.708536884605947,0.5216933445661331,0.83,0.490159901599016,0.0404404404404404,1.0,0.0,0.0,0.0,0.0,0.0,0.0,0.0,0.4703376192921088,1.3581456114790766,0.544546885974511,1.8490261241659787,0.2654811,0.2176169777731202,0.2847416,0.7488207059691299,912
M-1341,Bamboo,0.775346316000803,0.9518744734625106,0.04,0.4520295202952029,0.8633633633633634,0.0,1.0,0.0,0.0,0.0,0.0,0.0,0.0,0.0617637933136087,0.8145459543992964,0.5811475354093303,1.579818738888748,0.297453,0.1857754430503837,0.3167173,0.7487536300554279,913
M-0530,Plastic,0.4975573847286354,0.20924599831508,0.39,0.2322673226732267,0.6064064064064064,0.0,0.0,0.0,0.0,0.0,1.0,0.0,0.0,0.091418930205318,2.3778471793388563,0.4979448758133761,2.3158280113029583,0.21064293,0.27282975911121154,0.22989689,0.7486366763759624,914
M-0823,Wood,0.7364429275692074,0.3130791912384161,0.24,0.1656416564165641,0.148048048048048,0.0,0.0,0.0,0.0,0.0,0.0,0.0,1.0,0.1411187325086464,2.35225015244862,0.4109915854420973,2.174583764349737,0.22742738,0.2561235547508955,0.24668333,0.7485965579526543,915
M-1262,Glass,0.0596488879966093,0.0670808761583824,0.71,0.7824928249282492,0.4484484484484485,0.0,0.0,0.0,1.0,0.0,0.0,0.0,0.0,0.4315851316671323,0.8891952851136182,0.3713940897331783,0.6271340054112068,0.41082835,0.07309300683264384,0.43010616,0.7484004150712269,916
M-0397,Cotton,0.7972294719935755,0.4918913226621735,0.1,0.0227552275522755,0.7543543543543544,0.0,0.0,1.0,0.0,0.0,0.0,0.0,0.0,0.0055897225638923,1.620739814923081,0.5751980951037365,2.4045351089929583,0.20064756,0.2833219308929796,0.21990032,0.7483888720831695,917
M-0824,Bamboo,0.8628566329831135,0.2711668070766638,0.76,0.4587945879458794,0.7468468468468468,0.0,1.0,0.0,0.0,0.0,0.0,0.0,0.0,0.116145296588101,3.182002473985303,0.7971967072472994,2.9359643890598797,0.13808885,0.3461787646923342,0.15733416,0.7482435357613425,918
M-1437,Wood,0.8712886747417966,0.9295492839090144,0.68,0.3704387043870439,0.241041041041041,0.0,0.0,0.0,0.0,0.0,0.0,0.0,1.0,0.2811477734396964,0.9373227998788708,0.624827782209031,2.0247361216924284,0.24612205,0.23839975080740664,0.2653802,0.7481100227343429,919
M-1348,Bamboo,0.5053871377902697,0.5528643639427128,0.26,0.2492824928249282,0.191091091091091,0.0,1.0,0.0,0.0,0.0,0.0,0.0,0.0,0.2016468292811056,0.9141233485602062,0.3374821824434352,1.2379273265739996,0.3392829,0.14533692660547015,0.3585522,0.7480554428566659,920
M-1219,Steel,0.3325525887260478,0.8377211457455771,0.96,0.93439934399344,0.4773773773773774,0.0,0.0,0.0,0.0,0.0,0.0,1.0,0.0,0.4883382357347097,0.396972421482393,0.5642342487036324,0.6351683783724144,0.41077775,0.07404330307119708,0.43005556,0.7479505691236574,921
M-0237,Wood,0.6877913850409333,0.4835720303285594,0.1,0.2222222222222222,0.4296296296296296,0.0,0.0,0.0,0.0,0.0,0.0,0.0,1.0,0.1267489711934156,1.4223112992335811,0.4340054429052621,1.6051168667852764,0.2961749,0.18876767603466088,0.31543905,0.7478966392680547,922
M-0241,Plastic,0.7992371009837382,0.2859098567818028,0.08,0.1531365313653136,0.4773773773773774,0.0,0.0,0.0,0.0,0.0,1.0,0.0,0.0,0.0800326156414717,2.7954066172229624,0.4869080536067085,2.7047987799610524,0.16691354,0.3188367667703872,0.1861623,0.7475004701361534,923
M-0293,Aluminum,0.3167369336813223,0.8462510530749789,0.47,0.8679786797867979,0.6464464464464464,1.0,0.0,0.0,0.0,0.0,0.0,0.0,0.0,0.3068769466473444,0.3742820268859768,0.4616287074064628,2.1288740475134555,0.23538315,0.25071706289588913,0.25464007,0.7473214322599793,924
M-1067,Steel,0.293336902451538,0.4842038753159224,0.91,0.7228372283722838,0.2535535535535536,0.0,0.0,0.0,0.0,0.0,0.0,1.0,0.0,0.5395592804776898,0.6058115426040447,0.4664008270466813,1.0615197579849611,0.36193997,0.12447164568163187,0.38121194,0.7471582089222608,925
M-1061,Aluminum,0.6595953512235383,0.7230412805391744,0.17,0.3595735957359574,0.2231231231231231,1.0,0.0,0.0,0.0,0.0,0.0,0.0,0.0,0.2793444120627392,0.912250042600104,0.3817750774263522,1.5355330866240249,0.3059398,0.18053738788761742,0.32520512,0.7471287473241586,926
M-1042,Plastic,0.7370229092774767,0.8777379949452401,0.95,0.3872488724887248,0.2193193193193193,0.0,0.0,0.0,0.0,0.0,1.0,0.0,0.0,0.3023177133673239,0.8396834520533722,0.6456049595067864,1.2932690142945586,0.33576944,0.15188267671315883,0.35503832,0.7465395041145433,927
M-1243,Bamboo,0.6093153985143546,0.8813184498736311,0.34,0.4087740877408773,0.2740740740740741,0.0,1.0,0.0,0.0,0.0,0.0,0.0,0.0,0.2967397081378221,0.6913672432870078,0.427948381627964,1.4713789806542865,0.31608698,0.17294931525455093,0.3353535,0.7458485955274792,928
M-1210,Steel,0.7854067679403958,0.648904802021904,0.75,0.3450184501845018,0.0384384384384384,0.0,0.0,0.0,0.0,0.0,0.0,1.0,0.0,0.3317564797269594,1.2103555947460678,0.5506942387076899,1.7230504764403298,0.2863944,0.20271672547452646,0.30565736,0.7458129587740054,929
M-0607,Bamboo,0.900912355841085,0.2209351305812973,0.22,0.1406314063140631,0.9856856856856856,0.0,1.0,0.0,0.0,0.0,0.0,0.0,0.0,0.0020130421524435,4.077704961477898,0.7220706480421397,3.685290219405927,0.054692324,0.43480814765311826,0.07392771,0.7456320721883697,930
M-1464,Glass,0.9632380824912444,0.6229991575400169,0.5,0.8234932349323493,0.5581581581581582,0.0,0.0,0.0,1.0,0.0,0.0,0.0,0.0,0.3638537676668057,1.5461281523502235,0.7027426804439453,1.6980973323474948,0.29087022,0.19976529677113028,0.31013373,0.7450504889120652,931
M-1467,Plastic,0.8293292288473979,0.3401432181971356,0.44,0.0858958589585895,0.5631631631631632,0.0,0.0,0.0,0.0,0.0,1.0,0.0,0.0,0.0375224753248533,2.438169413089209,0.6326806404879082,2.443450935348655,0.20299524,0.28792484932663553,0.22224829,0.7449134323322648,932
M-0680,Plastic,0.867987240402418,0.3933235046335299,0.8,0.8925789257892578,0.6662662662662663,0.0,0.0,0.0,0.0,0.0,1.0,0.0,0.0,0.2978836975556942,2.206796754784305,0.7870747760408471,2.4883495347630307,0.19812503,0.2932354031614898,0.2173775,0.7446935490462959,933
M-0680,Plastic,0.867987240402418,0.3933235046335299,0.8,0.8925789257892578,0.6662662662662663,0.0,0.0,0.0,0.0,0.0,1.0,0.0,0.0,0.2978836975556942,2.206796754784305,0.7870747760408471,2.4883495347630307,0.19812503,0.2932354031614898,0.2173775,0.7446935490462959,934
M-0398,Wood,0.6577215641660532,0.5006318449873631,0.4,0.7347273472734728,0.2191191191191191,0.0,0.0,0.0,0.0,0.0,0.0,0.0,1.0,0.5737345381461824,1.3137802897903257,0.448824361402157,1.8072129665426708,0.2787055,0.21267136638523523,0.29796758,0.7446805253368547,935
M-0095,Wood,0.1459992415623814,0.9420808761583824,0.16,0.9612546125461254,0.91011011011011,0.0,0.0,0.0,0.0,0.0,0.0,0.0,1.0,0.0864070712779199,0.1549751091250545,0.3794327296579856,1.4325775747605298,0.32304677,0.1683599303393313,0.34231412,0.7446629727766539,936
M-0932,Paper,0.9760869080282852,0.289279696714406,0.25,0.2072570725707257,0.5302302302302303,0.0,0.0,0.0,0.0,1.0,0.0,0.0,0.0,0.0973631072647062,3.3741861075228687,0.6245038322803832,2.8116197713077185,0.16012125,0.33147142871169794,0.1793692,0.7445796874962819,937
M-0902,Paper,0.3010551205692743,0.248525695029486,0.72,0.5387453874538745,0.1474474474474474,0.0,0.0,0.0,0.0,1.0,0.0,0.0,0.0,0.4593087552497146,1.2113592889228906,0.3806562824619439,1.3346745404719655,0.33489951,0.1567800739303019,0.35416827,0.744525830005865,938
M-0892,Bamboo,0.841999598474202,0.9211246840775064,0.31,0.3593685936859368,0.3328328328328329,0.0,1.0,0.0,0.0,0.0,0.0,0.0,0.0,0.2397589266182951,0.914098491692208,0.5296496892395307,1.7745027551724257,0.28288957,0.20880244083528746,0.30215213,0.7445227160686005,939
M-1085,Wood,0.8116397867451872,0.4918913226621735,0.55,0.2402624026240262,0.1582582582582582,0.0,0.0,0.0,0.0,0.0,0.0,0.0,1.0,0.2022388932598035,1.6500354840923446,0.5371333921755523,2.2619683241177073,0.22544664,0.26645929829380566,0.24470237,0.7444191663657543,940
M-0818,Glass,0.0926632313903945,0.9654591406908172,0.22,0.3316933169331693,0.055055055055055,0.0,0.0,0.0,1.0,0.0,0.0,0.0,0.0,0.3134319231080198,0.0959783086685392,0.1195818090726743,0.6976254535103038,0.4106134,0.08143065288195978,0.42989117,0.7443390890234214,941
M-1477,Bamboo,0.2991813335117892,0.0618155012636899,0.58,0.3349733497334973,0.3596596596596597,0.0,1.0,0.0,0.0,0.0,0.0,0.0,0.0,0.2144969487732915,4.8398296150015785,0.4015704313026136,1.08926037036943,0.3656134,0.12775277287493086,0.38488582,0.7436807046794398,942
M-0603,Paper,0.4370608311584019,0.191659646166807,0.5,0.8515785157851578,0.4965965965965966,0.0,0.0,0.0,0.0,1.0,0.0,0.0,0.0,0.4286875231114673,2.280389009948432,0.4738033114423397,1.6863254729106611,0.29511657,0.1983729350028114,0.3143806,0.7436232394249401,943
M-0138,Aluminum,0.2358517923665484,0.6013058129738837,0.64,0.9674046740467404,0.3583583583583584,1.0,0.0,0.0,0.0,0.0,0.0,0.0,0.0,0.6207271231871477,0.3922320307666164,0.3938482244541269,0.5937414149652074,0.42517674,0.06914337028358168,0.44445625,0.7432001901204697,944
M-1024,Plastic,0.955742934261304,0.5359098567818029,0.82,0.5479704797047971,0.3245245245245245,0.0,0.0,0.0,0.0,0.0,1.0,0.0,0.0,0.3701406203251222,1.7833990899169945,0.7256545310618789,2.087459083916528,0.24970883,0.24581854943180112,0.26896745,0.7426070004515646,945
M-1071,Steel,0.2032389747707956,0.5486520640269588,0.28,0.6170561705617056,0.3545545545545545,0.0,0.0,0.0,0.0,0.0,0.0,1.0,0.0,0.3982760948730608,0.3704325886363941,0.2716619562746846,0.7735609623754816,0.4055704,0.09041221607246903,0.42484757,0.7423701054428076,946
M-1021,Aluminum,0.4579624796448727,0.2533698399326031,0.01,0.3476834768347683,0.5042042042042042,1.0,0.0,0.0,0.0,0.0,0.0,0.0,0.0,0.172380006082343,1.8074790286312787,0.3374462531192103,1.3850577526641805,0.3339383,0.16273934135087925,0.35320693,0.7420268630522062,947
M-1238,Cotton,0.4951259229516608,0.0520219039595619,0.6,0.3815088150881509,0.4535535535535535,0.0,0.0,1.0,0.0,0.0,0.0,0.0,0.0,0.2084741362929144,9.517460296651812,0.5141164352467303,1.255138599596998,0.34949926,0.1473726558519763,0.36876976,0.7419287896239081,948
M-0934,Aluminum,0.8223917553369471,0.2501053074978938,0.3,0.9706847068470684,0.4826826826826827,1.0,0.0,0.0,0.0,0.0,0.0,0.0,0.0,0.5021520085070721,3.2881687933594903,0.5637615069395837,2.2508342699738977,0.23194124,0.26514237538970387,0.25119773,0.7418299495379286,949
M-1427,Bamboo,0.2770974146200004,0.1735467565290648,0.89,0.490159901599016,0.236036036036036,0.0,1.0,0.0,0.0,0.0,0.0,0.0,0.0,0.3744645014017708,1.5966637665730563,0.448649776658811,1.6214897311094192,0.30637988,0.19070423928069133,0.32564524,0.7418252612791107,950
M-1427,Bamboo,0.2770974146200004,0.1735467565290648,0.89,0.490159901599016,0.236036036036036,0.0,1.0,0.0,0.0,0.0,0.0,0.0,0.0,0.3744645014017708,1.5966637665730563,0.448649776658811,1.6214897311094192,0.30637988,0.19070423928069133,0.32564524,0.7418252612791107,951
M-0399,Cotton,0.850587789154342,0.4329191238416175,0.73,0.6246412464124641,0.4432432432432432,0.0,0.0,1.0,0.0,0.0,0.0,0.0,0.0,0.3477732344891017,1.9647684233443647,0.6922080886347097,2.861692611492901,0.15976852,0.33739398569422874,0.17901643,0.7417947940500681,952
M-0536,Wood,0.5164514042249437,0.2421019376579612,0.6,0.90979909799098,0.4773773773773774,0.0,0.0,0.0,0.0,0.0,0.0,0.0,1.0,0.4754815906517423,2.1331893335163787,0.5297937749031907,2.3964847266001983,0.21497108,0.28236974107758356,0.23422556,0.7417023513340147,953
M-0188,Bamboo,0.9145419259854112,0.340564448188711,0.16,0.8415334153341534,0.7668668668668669,0.0,1.0,0.0,0.0,0.0,0.0,0.0,0.0,0.1961893217530773,2.6853632124144715,0.6438768304542246,2.50048137424236,0.20281452,0.29467034294827876,0.22206755,0.7416310536135033,954
M-0708,Cotton,0.6758571460438555,0.8620471777590565,0.14,0.3665436654366543,0.4049049049049049,0.0,0.0,1.0,0.0,0.0,0.0,0.0,0.0,0.2181283374395305,0.7840131949478564,0.4338143298890136,1.3596779331956348,0.33782914,0.15973744598299303,0.35709825,0.7415821512179075,955
M-1250,Paper,0.280019630150126,0.7377843302443134,0.6,0.7800328003280033,0.1044044044044043,0.0,0.0,0.0,0.0,1.0,0.0,0.0,0.0,0.6985939403938585,0.3795407941459056,0.3233291733813717,1.628931493086034,0.30618888,0.19158444218497903,0.32545424,0.7414806613690583,956
M-0395,Glass,0.2648062638024492,0.0482308340353833,0.92,0.595120951209512,0.9343343343343344,0.0,0.0,0.0,1.0,0.0,0.0,0.0,0.0,0.0390790134127567,5.490279793386769,0.66222280582128,3.975745672241315,0.029477876,0.46916287895940084,0.048710253,0.7410634339754664,957
M-0881,Steel,0.7558053938298869,0.8053917438921652,0.12,0.3737187371873719,0.4888888888888889,0.0,0.0,0.0,0.0,0.0,0.0,1.0,0.0,0.1910117990068789,0.9384308457726588,0.4849888241986214,2.0800847577102655,0.25434965,0.2449463227515721,0.2736088,0.7407224367496716,958
M-1386,Paper,0.8904280711146801,0.4863100252737994,0.38,0.3355883558835588,0.0633633633633633,0.0,0.0,0.0,0.0,1.0,0.0,0.0,0.0,0.3143243489491951,1.830984750167565,0.489180237454881,1.8944224305146813,0.277167,0.22298639980215415,0.2964289,0.7402923555808336,959
M-0085,Aluminum,0.4970443239867049,0.1145745577085088,0.46,0.9669946699466996,0.9048048048048049,1.0,0.0,0.0,0.0,0.0,0.0,0.0,0.0,0.0920532463582894,4.338135758860831,0.6082591710361234,3.374416625910894,0.10237763,0.3980383825463391,0.12161869,0.740171464673562,960
M-1171,Cotton,0.6950411563942982,0.7646377422072452,0.95,0.9889298892988928,0.6482482482482482,0.0,0.0,1.0,0.0,0.0,0.0,0.0,0.0,0.3478578209205515,0.9089797809459104,0.7574909370321936,2.1910759222960126,0.24251215,0.25807422790705126,0.2617699,0.7400779406538658,961
M-0941,Paper,0.1722768743447322,0.3079191238416175,0.37,0.6965969659696597,0.0722722722722722,0.0,0.0,0.0,0.0,1.0,0.0,0.0,0.0,0.6462523203810616,0.5594855970938261,0.2015924314195745,0.7463181699567524,0.41344243,0.0871899704425731,0.43272054,0.7400447438016932,962
M-0937,Wood,0.9230408887104328,0.3569924178601516,0.5,0.7876178761787618,0.7477477477477478,0.0,0.0,0.0,0.0,0.0,0.0,0.0,1.0,0.1986783831802281,2.5855963794604877,0.7435406798084976,2.9149797956197308,0.1572275,0.3436967315193627,0.1764751,0.7399140878559841,963
M-0403,Glass,0.6968926364630038,0.3699452401010952,0.71,0.490159901599016,0.9631631631631632,0.0,0.0,0.0,1.0,0.0,0.0,0.0,0.0,0.0180559403191629,1.8837673178474903,0.7807060035341504,2.8374953520548205,0.1663932,0.33453196214387454,0.1856419,0.7399130690755962,964
M-0061,Glass,0.9853666153605924,0.4918913226621735,0.69,0.490159901599016,0.7745745745745747,0.0,0.0,0.0,1.0,0.0,0.0,0.0,0.0,0.1104945043444428,2.003216090114364,0.8335190185166094,2.976428729105741,0.15005204,0.35096483951444973,0.16929878,0.7398681887704355,965
M-1057,Cotton,0.6606660866849584,0.3726832350463352,0.08,0.490159901599016,0.7200200200200201,0.0,0.0,1.0,0.0,0.0,0.0,0.0,0.0,0.1372349594366814,1.7727234601238735,0.5042724406799894,1.6846453617382167,0.30336195,0.1981742134180363,0.32262695,0.7395994191126676,966
M-0595,Paper,0.7423096656182382,0.5774010109519798,0.5,0.8735137351373513,0.4773773773773774,0.0,0.0,0.0,0.0,1.0,0.0,0.0,0.0,0.4565180391543654,1.2856028408948044,0.5901370794605085,2.076697572875672,0.25709742,0.24454569049026928,0.2763569,0.7395487019054772,967
M-0834,Paper,0.495438220794575,0.5878264532434709,0.77,0.2554325543255432,0.1201201201201201,0.0,0.0,0.0,0.0,1.0,0.0,0.0,0.0,0.2247499652173699,0.8428293337796364,0.4652113243538661,1.1380285489014959,0.36828393,0.13352101600278657,0.38755667,0.7394611559504805,968
M-1366,Wood,0.1494568248232171,0.0870893007582139,0.63,0.7279622796227962,0.2805805805805806,0.0,0.0,0.0,0.0,0.0,0.0,0.0,1.0,0.5237102005654691,1.716113315972456,0.332956904103461,1.209975914978127,0.35982448,0.1420308663279524,0.3790962,0.7394364618345742,969
M-0814,Paper,0.2726137098753039,0.6239469250210615,0.05,0.5715457154571546,0.7211211211211211,0.0,0.0,0.0,0.0,1.0,0.0,0.0,0.0,0.1593920283547179,0.4369174075963178,0.3403818202864579,2.206286361527436,0.24232401,0.2598733008724407,0.26158172,0.7392724901029489,970
M-1492,Bamboo,0.5053871377902697,0.8177127211457457,0.42,0.109881098810988,0.6777777777777778,0.0,1.0,0.0,0.0,0.0,0.0,0.0,0.0,0.0354061318390961,0.6180489879540516,0.5314881884494412,2.419769349810725,0.21736355,0.2851238190821684,0.23661831,0.7391289353523713,971
M-1180,Glass,0.0618572798857882,0.5871946082561078,0.92,0.5895858958589586,0.1687687687687687,0.0,0.0,0.0,1.0,0.0,0.0,0.0,0.0,0.4900822101314106,0.1053435669750597,0.3513735425849459,0.1974081889683511,0.48033905,0.02226553977994565,0.49962515,0.7390546569155234,972
M-0727,Glass,0.8076914497312007,0.8393007582139849,0.42,0.0461254612546125,0.6678678678678679,0.0,0.0,0.0,1.0,0.0,0.0,0.0,0.0,0.0153197477920725,0.9623373736878018,0.6494369402528406,2.4115879315364785,0.218742,0.2841561304959419,0.23799692,0.738923474280399,973
M-1138,Plastic,0.2443953690691293,0.5576032013479361,0.5,0.7421074210742108,0.3942942942942943,0.0,0.0,0.0,0.0,0.0,1.0,0.0,0.0,0.4494986991911961,0.4382954225924681,0.36604643591594,1.5323890693033777,0.3230721,0.18016551719550702,0.34233946,0.7387475133615513,974
M-0624,Plastic,0.4909322090610988,0.4196503791069924,0.4,0.8298482984829848,0.6046046046046046,0.0,0.0,0.0,0.0,0.0,1.0,0.0,0.0,0.3281181960968758,1.169857251764048,0.4977542650058209,1.5735335680022162,0.31850785,0.18503204038772741,0.33777466,0.7385966477243415,975
M-0490,Steel,0.1830065359477124,0.0756107834877843,0.33,0.4536695366953669,0.4342342342342342,0.0,0.0,0.0,0.0,0.0,0.0,1.0,0.0,0.2566706928330544,2.420344125030176,0.3024728846493552,1.8854429808014301,0.2818147,0.2219243209905305,0.30107713,0.7384992757764022,976
M-1083,Steel,0.5814093555510941,0.169966301600674,0.65,0.5366953669536696,0.2062062062062062,0.0,0.0,0.0,0.0,0.0,0.0,1.0,0.0,0.4260254514457057,3.4207129846485045,0.4894256040822995,1.9393533538483476,0.2757858,0.2283007768723829,0.29504752,0.7383258507682153,977
M-0360,Glass,0.1512413839255839,0.0627632687447346,0.58,0.4575645756457565,0.4161161161161161,0.0,0.0,0.0,1.0,0.0,0.0,0.0,0.0,0.2671645815557254,2.4096733213078614,0.3593313884050684,1.7513879089507458,0.29851612,0.20606844385440826,0.31778055,0.7380755009255028,978
M-0579,Plastic,0.6579892480314082,0.4289174389216512,0.09,0.3593685936859368,0.189089089089089,0.0,0.0,0.0,0.0,0.0,1.0,0.0,0.0,0.291415913658636,1.5340661261513184,0.34692242593929,1.5850871215716884,0.31852877,0.18639858119333905,0.3377956,0.7379029167063776,979
M-0579,Plastic,0.6579892480314082,0.4289174389216512,0.09,0.3593685936859368,0.189089089089089,0.0,0.0,0.0,0.0,0.0,1.0,0.0,0.0,0.291415913658636,1.5340661261513184,0.34692242593929,1.5850871215716884,0.31852877,0.18639858119333905,0.3377956,0.7379029167063776,980
M-1486,Bamboo,0.5922505520979723,0.471145745577085,0.01,0.5619106191061911,0.5483483483483483,0.0,1.0,0.0,0.0,0.0,0.0,0.0,0.0,0.2537878591999133,1.2570405243329297,0.4044047253436934,1.5907622008151336,0.31916553,0.18706982292988483,0.3384324,0.7372488878257146,981
M-1313,Aluminum,0.8062414954605277,0.0569713563605728,0.5,0.1808118081180811,0.9494494494494496,1.0,0.0,0.0,0.0,0.0,0.0,0.0,0.0,0.0091401364464094,14.151450755483912,0.7573314330190459,3.480720918659837,0.095840186,0.41061192998173224,0.11508047,0.7371538008308292,982
M-1459,Wood,0.2901023890784983,0.2816975568660488,0.87,0.6605166051660516,0.3055055055055055,0.0,0.0,0.0,0.0,0.0,0.0,0.0,1.0,0.4587251458100165,1.0298327130459726,0.468692607283051,1.267326481794411,0.35788175,0.14881422430592453,0.37715325,0.7370162640496211,983
M-1458,Paper,0.858372928238417,0.2775905644481887,0.43,0.5436654366543665,0.0583583583583583,0.0,0.0,0.0,0.0,1.0,0.0,0.0,0.0,0.5119380142750376,3.092215463912733,0.4898566788028743,2.3684120626397447,0.22829247,0.2790493392121742,0.24754852,0.7367010701113964,984
M-1195,Plastic,0.78839590443686,0.9815711878685762,0.79,0.5940959409594097,0.3815815815815816,0.0,0.0,0.0,0.0,0.0,1.0,0.0,0.0,0.3673998721969201,0.8031970691313222,0.6668328362492185,1.4570730690236777,0.33621746,0.17125722875604224,0.3554864,0.7366281891345521,985
M-0230,Steel,0.5958865912690445,0.7945450716090986,0.5,0.3015580155801558,0.0386386386386386,0.0,0.0,0.0,0.0,0.0,0.0,1.0,0.0,0.2899062243875692,0.7499710999291295,0.3999462280992094,1.8182776399143612,0.29399836,0.2139800830127438,0.31326225,0.736378831493773,986
M-0014,Glass,0.7435588569898949,0.4435551811288963,0.29,0.0510455104551045,0.4773773773773774,0.0,0.0,0.0,1.0,0.0,0.0,0.0,0.0,0.0266775385471572,1.67635778425511,0.5276367560091711,2.160919491687999,0.25374028,0.25450736055929996,0.27299938,0.7362466316910607,987
M-0423,Wood,0.6309977916081108,0.7134582982308341,0.44,0.6394013940139401,0.3784784784784785,0.0,0.0,0.0,0.0,0.0,0.0,0.0,1.0,0.397401727270526,0.8844201668866,0.4979426601867879,1.0427360629270301,0.3860436,0.1222499321956052,0.40531847,0.7362157994976335,988
M-0220,Bamboo,0.4746258002632225,0.5432813816343725,0.4,0.3573185731857318,0.4710710710710711,0.0,1.0,0.0,0.0,0.0,0.0,0.0,0.0,0.1889961302015422,0.8736263429625524,0.4511716414266103,1.8015338241126662,0.2967559,0.21199964405973462,0.31602013,0.7359901124145602,989
M-0820,Aluminum,0.450266568515916,0.676284751474305,0.86,0.2359573595735957,0.0375375375375375,1.0,0.0,0.0,0.0,0.0,0.0,0.0,0.0,0.2271001013313436,0.665793368460497,0.4493678886676276,1.823655371884383,0.29422706,0.21461615486150337,0.313491,0.7359464291572305,990
M-0573,Aluminum,0.8718686564500658,0.6345829823083404,0.67,0.7078720787207872,0.4826826826826827,1.0,0.0,0.0,0.0,0.0,0.0,0.0,0.0,0.3661944847676704,1.373921625438113,0.6945522673848312,1.9356616771326005,0.28136542,0.22786412966744635,0.3006278,0.7357540362452639,991
M-0316,Cotton,0.7371567512101541,0.2953875315922493,0.1,0.020910209102091,0.6014014014014014,0.0,0.0,1.0,0.0,0.0,0.0,0.0,0.0,0.0083347800444971,2.495549665508735,0.505283120904482,2.5176285258392377,0.2125927,0.29669848798748616,0.2318469,0.7357273066091699,992
M-1406,Cotton,0.2375471235137968,0.2045071609098567,0.3,0.4159491594915949,0.1812812812812812,0.0,0.0,1.0,0.0,0.0,0.0,0.0,0.0,0.3405453629110866,1.161553272284831,0.2394032337899031,1.2085564741083532,0.36764708,0.1418629765217525,0.38691974,0.7356086433080324,993
M-0137,Aluminum,0.6520109750384796,0.3713142375737152,0.92,0.4436244362443624,0.2069069069069069,1.0,0.0,0.0,0.0,0.0,0.0,0.0,0.0,0.351835476312721,1.7559499558890022,0.5988764620874639,1.72352294367727,0.30690143,0.2027726083468143,0.32616684,0.7355302766228347,994
M-0999,Cotton,0.7599544937428896,0.8708930075821399,0.39,0.7195571955719557,0.3027027027027027,0.0,0.0,1.0,0.0,0.0,0.0,0.0,0.0,0.5017452877231475,0.8726142184084474,0.5117926083079667,1.4874583874070388,0.33610407,0.17485116868220307,0.35537297,0.7348879329909754,995
M-0148,Aluminum,0.8965178790515069,0.0254844144903117,0.83,0.456129561295613,0.4773773773773774,1.0,0.0,0.0,0.0,0.0,0.0,0.0,0.0,0.2383836275800195,35.17768484371006,0.750820364833816,3.70451956403455,0.07390692,0.4370825720492292,0.09314459,0.7348864198891676,996
M-0376,Paper,0.5497334314840839,0.9645113732097724,0.68,0.8435834358343584,0.4822822822822823,0.0,0.0,0.0,0.0,1.0,0.0,0.0,0.0,0.4367380911046347,0.569959957750093,0.5685780572783182,1.0322693090022022,0.3911894,0.12101193678107176,0.41046485,0.7342616050853018,997
M-0562,Glass,0.8950010038144951,0.6409014321819714,0.94,0.9866748667486676,0.5269269269269269,0.0,0.0,0.0,1.0,0.0,0.0,0.0,0.0,0.4667693113367571,1.3964699755740315,0.7980784796038761,1.5763202194415975,0.327064,0.185361642261301,0.34633183,0.7341532614728041,998
M-1350,Steel,0.3942537196903789,0.6619629317607414,0.04,0.490159901599016,0.4773773773773774,0.0,0.0,0.0,0.0,0.0,0.0,1.0,0.0,0.2561686532781244,0.5955818750452359,0.3129147010893648,1.2070800472221037,0.37088093,0.1416883464761626,0.39015397,0.7340788396145874,999
M-0401,Cotton,0.7078230609650003,0.4918913226621735,0.12,0.7410824108241083,0.7705705705705705,0.0,0.0,1.0,0.0,0.0,0.0,0.0,0.0,0.1700261146755612,1.4389796879410246,0.5503003955571713,1.8826335410714663,0.2910415,0.22159202374459516,0.31030503,0.7340514735507905,1000
M-0775,Plastic,0.4844854893037988,0.0566554338668913,0.81,0.087330873308733,0.3549549549549549,0.0,0.0,0.0,0.0,0.0,1.0,0.0,0.0,0.0563323471072548,8.551288110403304,0.5432806822080061,1.8780079107299747,0.29161003,0.2210449095969596,0.31087363,0.7340407313701909,1001
M-1324,Wood,0.8779361573981127,0.9898904802021904,0.09,0.8813038130381303,0.6863863863863865,0.0,0.0,0.0,0.0,0.0,0.0,0.0,1.0,0.2763888734983444,0.8869014179400653,0.584090378875161,1.6513537944677106,0.31852978,0.1942365257720362,0.3377966,0.7339834377775485,1002
M-0161,Bamboo,0.5893060295790671,0.6886057287278855,0.04,0.6869618696186962,0.4163163163163163,0.0,1.0,0.0,0.0,0.0,0.0,0.0,0.0,0.400968434609271,0.8557947591766,0.3726173067265217,1.0786442715362639,0.38658166,0.1264971131192813,0.40585658,0.7338231536692793,1003
M-1191,Glass,0.0555444020611657,0.3420387531592249,0.34,0.2660926609266092,0.3636636636636637,0.0,0.0,0.0,1.0,0.0,0.0,0.0,0.0,0.1693244289800255,0.1623916563736641,0.2333168599235654,0.22878577414827295,0.48886484,0.025976843862458895,0.5081519,0.732935633645095,1004
M-0874,Aluminum,0.9580405541056012,0.4591406908171861,0.69,1.0,0.6910910910910911,1.0,0.0,0.0,0.0,0.0,0.0,0.0,0.0,0.3089089089089089,2.086590203561059,0.7975435489695679,1.895870415199888,0.2923994,0.22315766573746468,0.3116631,0.7325896215399132,1005
M-1114,Bamboo,0.5438666934350531,0.2642165122156697,0.33,0.4680196801968019,0.6277277277277277,0.0,1.0,0.0,0.0,0.0,0.0,0.0,0.0,0.1742307498150057,2.0584051710816107,0.5048649956923396,1.8093946833371006,0.30320355,0.2129294172964072,0.32246855,0.7323010168452275,1006
M-1114,Bamboo,0.5438666934350531,0.2642165122156697,0.33,0.4680196801968019,0.6277277277277277,0.0,1.0,0.0,0.0,0.0,0.0,0.0,0.0,0.1742307498150057,2.0584051710816107,0.5048649956923396,1.8093946833371006,0.30320355,0.2129294172964072,0.32246855,0.7323010168452275,1007
M-0115,Bamboo,0.3990497222779897,0.5774010109519798,0.11,0.5135301353013529,0.5327327327327328,0.0,1.0,0.0,0.0,0.0,0.0,0.0,0.0,0.2399558229816531,0.6911124566747952,0.3524397087310157,0.556105999975641,0.45370248,0.06469189740901403,0.4729854,0.7311613578712681,1008
M-0707,Paper,0.6889290414686922,0.7292544229149116,0.69,0.3064780647806478,0.6082082082082082,0.0,0.0,0.0,0.0,1.0,0.0,0.0,0.0,0.1200755901452908,0.944701979335264,0.6650340790499393,2.4148031031897528,0.23423088,0.28453641723930845,0.25348765,0.7309879680904745,1009
M-0127,Plastic,0.5053871377902697,0.4918913226621735,0.17,0.490159901599016,0.1927927927927928,0.0,0.0,0.0,0.0,0.0,1.0,0.0,0.0,0.3956606052547012,1.027434490245875,0.3109926929539457,1.4599308433820284,0.34729588,0.17159524296530126,0.36656612,0.7309193177282411,1010
M-1397,Glass,0.4577840237346361,0.4874684077506317,0.65,0.8987289872898729,0.3038038038038038,0.0,0.0,0.0,1.0,0.0,0.0,0.0,0.0,0.6256917023624691,0.9391030830981266,0.4692547506349956,1.4728624082580266,0.34652305,0.17312477333681905,0.3657932,0.7305410141580446,1011
M-0345,Glass,0.2283120301590488,0.1429022746419544,0.33,0.3577285772857728,0.3568568568568569,0.0,0.0,0.0,1.0,0.0,0.0,0.0,0.0,0.2300706815876967,1.5976682880856774,0.2973818691206766,1.749915380272619,0.31425953,0.2058942748843166,0.33352584,0.7302899443239702,1012
M-0458,Cotton,0.4443775234781056,0.2656908171861836,0.54,0.1000410004100041,0.4068068068068068,0.0,0.0,1.0,0.0,0.0,0.0,0.0,0.0,0.0593436404834518,1.6725299566403582,0.4617930514332843,1.9978524245528946,0.28501225,0.23521997854721227,0.30427507,0.7302524778961555,1013
M-0593,Steel,0.8683441522228914,0.4918913226621735,0.82,0.0899958999589995,0.6943943943943944,0.0,0.0,0.0,0.0,0.0,0.0,1.0,0.0,0.0275032515089915,1.765313488780066,0.8016559792074749,3.3289780578696595,0.12766889,0.3926639618537328,0.14691296,0.7302115379740048,1014
M-0990,Cotton,0.4124785295232996,0.5570766638584668,0.62,0.8940139401394013,0.0785785785785785,0.0,0.0,1.0,0.0,0.0,0.0,0.0,0.0,0.8237635954938126,0.7404327193202552,0.3745649853828934,0.9734754160060839,0.40642887,0.11405786387035696,0.42570615,0.7301179939910301,1015
M-0615,Wood,0.7326730464654575,0.4368155012636899,0.23,0.7175071750717507,0.4803803803803804,0.0,0.0,0.0,0.0,0.0,0.0,0.0,1.0,0.3728308053851309,1.6773016686546145,0.5061833327002971,2.3634923575320865,0.24215156,0.2784674422450839,0.26140928,0.730061637535295,1016
M-0647,Steel,0.4292979990631065,0.5392796967144061,0.3,0.9151291512915128,0.1624624624624624,0.0,0.0,0.0,0.0,0.0,0.0,1.0,0.0,0.7664550159015103,0.7960566763813826,0.3104579383639813,1.353928466107299,0.36226454,0.15905740573914182,0.38153657,0.7297030105446213,1017
M-1413,Steel,0.3504874077048339,0.0502316764953664,0.33,0.3444034440344403,0.4208208208208208,0.0,0.0,0.0,0.0,0.0,0.0,1.0,0.0,0.1994713040223495,6.977279176775767,0.3654412093281798,0.6853802381153722,0.44154125,0.07998230312445377,0.4608227,0.7295974977106918,1018
M-0560,Wood,0.8146958442079903,0.7186183656276327,0.78,0.4141041410414104,0.031031031031031,0.0,0.0,0.0,0.0,0.0,0.0,0.0,1.0,0.401254062590676,1.1336959218966298,0.5691876469925055,1.8027329152970302,0.31034946,0.21214147116281848,0.3296153,0.7291216169519312,1019
M-1301,Bamboo,0.4568248232171139,0.8041280539174389,0.2,0.3316933169331693,0.1272272272272272,0.0,1.0,0.0,0.0,0.0,0.0,0.0,0.0,0.2894928959299603,0.5680988903356012,0.2808980974550137,1.2414587489549709,0.37907773,0.1457546191150889,0.39835176,0.7279468110832102,1020
M-1471,Steel,0.7031385933212876,0.3435130581297388,0.3,0.490159901599016,0.871971971971972,0.0,0.0,0.0,0.0,0.0,0.0,1.0,0.0,0.0627542056201342,2.046899032748539,0.6328470289201067,3.2826639940276725,0.13939075,0.38718598854160763,0.15863623,0.7270888921041466,1021
M-0619,Bamboo,0.1771397978986816,0.2826453243470935,0.16,0.8128331283312834,0.4773773773773774,0.0,1.0,0.0,0.0,0.0,0.0,0.0,0.0,0.4248049812830461,0.6267189156196195,0.2620691323726858,1.7033165195218765,0.32637998,0.2003826161268619,0.34564772,0.7269848306952285,1022
M-0619,Bamboo,0.1771397978986816,0.2826453243470935,0.16,0.8128331283312834,0.4773773773773774,0.0,1.0,0.0,0.0,0.0,0.0,0.0,0.0,0.4248049812830461,0.6267189156196195,0.2620691323726858,1.7033165195218765,0.32637998,0.2003826161268619,0.34564772,0.7269848306952285,1023
M-0922,Bamboo,0.8780923063195698,0.2603201347935973,0.88,0.6248462484624846,0.5617617617617617,0.0,1.0,0.0,0.0,0.0,0.0,0.0,0.0,0.2738315190959717,3.3731118566911187,0.7837654510563565,3.2066954509910968,0.148825,0.3782005181079352,0.1680716,0.7268639420387524,1024
M-0701,Plastic,0.4958397465926074,0.8278222409435552,0.42,0.1432964329643296,0.5367367367367367,0.0,0.0,0.0,0.0,0.0,1.0,0.0,0.0,0.0663839731490408,0.5989681396567798,0.485356919658064,2.034744370051967,0.28761074,0.2395835147198485,0.30687386,0.7267713136525726,1025
M-1037,Cotton,0.6358607151620602,0.3879528222409436,0.88,0.8677736777367774,0.342042042042042,0.0,0.0,1.0,0.0,0.0,0.0,0.0,0.0,0.5709585969733572,1.6390113428684072,0.6209568986774368,2.515141395102728,0.23126534,0.2964043130723924,0.25052175,0.7265369688347831,1026
M-1264,Bamboo,0.1365410783198375,0.8172914911541702,0.64,0.7988929889298892,0.2212212212212212,0.0,1.0,0.0,0.0,0.0,0.0,0.0,0.0,0.6221609062937475,0.1670651324925498,0.3129827976943014,0.20254211870561042,0.5050277,0.022872774985713454,0.5243167,0.7264052484496024,1027
M-1264,Bamboo,0.1365410783198375,0.8172914911541702,0.64,0.7988929889298892,0.2212212212212212,0.0,1.0,0.0,0.0,0.0,0.0,0.0,0.0,0.6221609062937475,0.1670651324925498,0.3129827976943014,0.20254211870561042,0.5050277,0.022872774985713454,0.5243167,0.7264052484496024,1028
M-0989,Plastic,0.3659238439403065,0.616575400168492,0.37,0.8667486674866748,0.6657657657657658,0.0,0.0,0.0,0.0,0.0,1.0,0.0,0.0,0.2896970771509516,0.5934768892229907,0.4570992673058524,1.903484717854052,0.3042605,0.22405827655132593,0.3235256,0.7262080579313835,1029
M-0989,Plastic,0.3659238439403065,0.616575400168492,0.37,0.8667486674866748,0.6657657657657658,0.0,0.0,0.0,0.0,0.0,1.0,0.0,0.0,0.2896970771509516,0.5934768892229907,0.4570992673058524,1.903484717854052,0.3042605,0.22405827655132593,0.3235256,0.7262080579313835,1030
M-1306,Bamboo,0.6683396908251354,0.6242628475147431,0.66,0.7123821238212381,0.3977977977977978,0.0,1.0,0.0,0.0,0.0,0.0,0.0,0.0,0.4289980837746315,1.0706045103939026,0.5846752156693935,1.1756815624446828,0.39036748,0.1379745704136969,0.40964285,0.7261912920970379,1031
M-0961,Aluminum,0.1493675968680987,0.1603833192923336,0.42,0.4948749487494874,0.0332332332332332,1.0,0.0,0.0,0.0,0.0,0.0,0.0,0.0,0.4784286541564114,0.9313104767794996,0.1957170087172094,0.9146420140856358,0.42155334,0.10709911789027368,0.44083244,0.7260342230124894,1032
M-0627,Steel,0.4437752347810568,0.4977885425442291,0.38,0.8669536695366953,0.5276276276276276,0.0,0.0,0.0,0.0,0.0,0.0,1.0,0.0,0.4095249616159825,0.8914916784167416,0.449798382200711,1.5435940422747654,0.3472654,0.18149082829560315,0.36653563,0.7259867689509915,1033
M-0299,Steel,0.8701733253028174,0.4073294018534119,0.85,0.2548175481754817,0.2052052052052052,0.0,0.0,0.0,0.0,0.0,0.0,1.0,0.0,0.2025276609122447,2.136283767043667,0.6646308916826885,2.9721655258175925,0.17844746,0.3504605928148658,0.19769758,0.7259209136622234,1034
M-0575,Bamboo,0.9763545918936404,0.3218197135636057,0.81,0.1707667076670766,0.0678678678678678,0.0,1.0,0.0,0.0,0.0,0.0,0.0,0.0,0.1591771353148967,3.03384633351349,0.6539021971178165,3.0843647874243785,0.16589205,0.36373139027325946,0.18514068,0.7255639627398618,1035
M-0693,Steel,0.6719311160186486,0.2966512215669756,0.22,0.0157851578515785,0.1341341341341341,0.0,0.0,0.0,0.0,0.0,0.0,1.0,0.0,0.0136678293709864,2.265046634302537,0.3750126866476997,2.7877826222320676,0.20123442,0.3286519985939032,0.22048725,0.7254303747641561,1036
M-0642,Wood,0.0705346985210466,0.693871103622578,0.54,0.5850758507585075,0.0245245245245245,0.0,0.0,0.0,0.0,0.0,0.0,0.0,1.0,0.5707271437078735,0.1016537459177246,0.197571236765776,0.11809274424337221,0.51815015,0.012884201728395146,0.5374407,0.7248375405256493,1037
M-1438,Steel,0.7657543108255817,0.3875315922493681,0.36,0.3493234932349323,0.9368368368368368,0.0,0.0,0.0,0.0,0.0,0.0,1.0,0.0,0.0220643767999241,1.9759739597149464,0.6953527753812837,3.1020147642517326,0.16545263,0.3658190088927299,0.1847012,0.7247398934036717,1038
M-1435,Paper,0.6524125008365121,0.677653748946925,0.75,0.6933169331693316,0.2888888888888889,0.0,0.0,0.0,0.0,1.0,0.0,0.0,0.0,0.4930253746981913,0.9627505774147688,0.5726316670012714,1.3521108726495814,0.37305984,0.15884242291043477,0.39233315,0.724412213589796,1039
M-0520,Plastic,0.2895447143590086,0.679865206402696,0.94,0.9124641246412464,0.3551551551551551,0.0,0.0,0.0,0.0,0.0,1.0,0.0,0.0,0.5883977868807717,0.4258848456243264,0.5043644322901499,1.081026032777163,0.4052807,0.12677882505365212,0.42455786,0.7243316551401814,1040
M-0663,Steel,0.2675500234223382,0.7296756529064871,0.67,0.7097170971709718,0.2541541541541541,0.0,0.0,0.0,0.0,0.0,0.0,1.0,0.0,0.5293395486507418,0.3666692943465007,0.3842662556151816,0.6011887277212336,0.4621522,0.07002422972756715,0.48143613,0.7242698184438641,1041
M-0150,Cotton,0.0826027794508019,0.6372156697556867,0.84,0.8671586715867159,0.422022022022022,0.0,0.0,1.0,0.0,0.0,0.0,0.0,0.0,0.5011986155897594,0.1296306003458328,0.4116477183869274,3.0022240636676294,0.17927252,0.35401588152167823,0.19852275,0.723730685957682,1042
M-0334,Glass,0.8792299627473288,0.4495577085088457,0.5,0.7006970069700696,0.4844844844844845,0.0,0.0,0.0,1.0,0.0,0.0,0.0,0.0,0.3612201787683542,1.9557622755516677,0.6470373304442769,2.2498622875857337,0.26912087,0.2650274104494562,0.2883818,0.7232954021981006,1043
M-1443,Paper,0.6700573289611634,0.7755897219882056,0.77,0.6760967609676097,0.3351351351351351,0.0,0.0,0.0,0.0,1.0,0.0,0.0,0.0,0.4495129816163026,0.8639315942865972,0.5995634721250059,1.2170992216265537,0.39172176,0.1428734027084198,0.41099727,0.7230646628768997,1044
M-1054,Bamboo,0.2944299449017377,0.3212931760741364,0.5,0.7775727757277572,0.3153153153153153,0.0,1.0,0.0,0.0,0.0,0.0,0.0,0.0,0.5323921707685545,0.9163874319147324,0.3623665725552896,0.9712502465478267,0.42133057,0.1137946734289205,0.44060963,0.7227978463242513,1045
M-1330,Steel,0.7717325838185104,0.4927337826453243,0.43,0.567650676506765,0.4863863863863864,0.0,0.0,0.0,0.0,0.0,0.0,1.0,0.0,0.291553115230852,1.5662230696914523,0.5836089494433201,1.7314278641045278,0.33146468,0.20370759309103217,0.35073304,0.7227796825728311,1046
M-0993,Plastic,0.7690111311874009,0.4918913226621735,0.04,0.490159901599016,0.7365365365365365,0.0,0.0,0.0,0.0,0.0,1.0,0.0,0.0,0.1291392253261872,1.5633729085776964,0.5405654134359213,2.024054062644605,0.29731464,0.23831907766082167,0.31657892,0.722550998841632,1047
M-0364,Plastic,0.5357915634968435,0.7412594776748105,0.09,0.2419024190241902,0.1912912912912912,0.0,0.0,0.0,0.0,0.0,1.0,0.0,0.0,0.1956285929225658,0.7228114537787272,0.2987040127861248,2.031344924682135,0.29663423,0.23918143229677502,0.31589842,0.7224600746383556,1048
M-0106,Plastic,0.188181757344576,0.1205770850884582,0.08,0.4036490364903649,0.3271271271271271,0.0,0.0,0.0,0.0,0.0,1.0,0.0,0.0,0.2716044868156388,1.560663011081346,0.1974108410759685,1.3250205602019651,0.38019866,0.15563821243321382,0.3994728,0.72244449234468,1049
M-0749,Aluminum,0.3779919248700618,0.2901221566975568,0.26,0.48359983599836,0.2129129129129129,1.0,0.0,0.0,0.0,0.0,0.0,0.0,0.0,0.3806351862317422,1.302867131230428,0.2930706438218986,1.9541826049550217,0.30616656,0.23005476335213376,0.32543188,0.7222566766563764,1050
M-0122,Steel,0.2685538379174195,0.8459351305812974,0.18,0.3446084460844608,0.0827827827827827,0.0,0.0,0.0,0.0,0.0,0.0,1.0,0.0,0.3160807999471386,0.3174634918748285,0.1862563700018026,1.4665006478771079,0.36500856,0.17237231175832948,0.38428092,0.721673384106492,1051
M-0216,Steel,0.3537888420442124,0.2013479359730413,0.79,0.5043050430504304,0.1264264264264264,0.0,0.0,0.0,0.0,0.0,0.0,1.0,0.0,0.4405475586287394,1.7570931792337925,0.4164434647456129,1.7504484972638688,0.33191338,0.20595733133862107,0.35118178,0.7214304466649408,1052
M-0444,Cotton,0.6200450601173348,0.4918913226621735,0.73,0.5924559245592456,0.1763763763763763,0.0,0.0,1.0,0.0,0.0,0.0,0.0,0.0,0.48796069542277,1.2605300622737616,0.5199309369598468,1.2752904914237537,0.38832733,0.14975619805186682,0.40760246,0.7213206713779285,1053
M-0738,Steel,0.6948850074728412,0.5050547598989048,0.35,0.9325543255432556,0.9621621621621622,0.0,0.0,0.0,0.0,0.0,0.0,1.0,0.0,0.0352858393448798,1.3758579995443152,0.6716026516377851,2.9483579790957184,0.19049045,0.3476446640288592,0.20974201,0.7213066631657004,1054
M-0315,Glass,0.4197283008766647,0.4030117944397641,0.87,0.9309143091430916,0.1309309309309309,0.0,0.0,0.0,1.0,0.0,0.0,0.0,0.0,0.8090288320300622,1.041476366675001,0.4681705996299451,1.1250615570866263,0.4072768,0.1319872953743669,0.4265542,0.720729250796093,1055
M-1107,Steel,0.7546900443909076,0.6963984835720303,0.15,0.5391553915539155,0.4107107107107107,0.0,0.0,0.0,0.0,0.0,0.0,1.0,0.0,0.3177184975052953,1.0837027628450964,0.4700892309695763,2.061710364788755,0.29668155,0.24277302104360826,0.31594577,0.720640602319802,1056
M-0336,Cotton,0.465948381627964,0.625,0.06,0.490159901599016,0.0182182182182182,0.0,0.0,1.0,0.0,0.0,0.0,0.0,0.0,0.4812300615498647,0.745516217778794,0.2098448181166511,0.9103222878034453,0.43363807,0.10658818571705175,0.4529186,0.7202466125839027,1057
M-0408,Cotton,0.8809922148609158,0.8506739679865207,0.85,0.8585485854858549,0.4620620620620621,0.0,0.0,1.0,0.0,0.0,0.0,0.0,0.0,0.4618458556957941,1.0356390490085228,0.746015504562985,2.0297123370609054,0.3018106,0.23898833174206413,0.3210754,0.7199681293035667,1058
M-1196,Steel,0.5160052644493519,0.6497472620050548,0.94,0.5377203772037721,0.1408408408408408,0.0,0.0,0.0,0.0,0.0,0.0,1.0,0.0,0.4619873871411387,0.7941618233144847,0.530654358031993,3.5210720996662506,0.12552841,0.4153846204849887,0.14477223,0.7199215739680922,1059
M-1204,Plastic,0.7352383501751099,0.3733150800336984,0.67,0.3177531775317753,0.0569569569569569,0.0,0.0,0.0,0.0,0.0,1.0,0.0,0.0,0.2996549234761617,1.9694794558775544,0.512182427157131,2.0074213704315595,0.3047445,0.2363517822759314,0.3240097,0.7198192655078092,1060
M-0101,Bamboo,0.0640879787637467,0.6363732097725359,0.5,0.7324723247232473,0.2268268268268268,0.0,1.0,0.0,0.0,0.0,0.0,0.0,0.0,0.566327951567804,0.1007080076149757,0.2436832395535467,0.10992028992518951,0.52917284,0.011917573388409552,0.5484647,0.719808855565393,1061
M-0176,Wood,0.0193178522831203,0.9004844144903118,0.5,0.5752357523575236,0.0394394394394394,0.0,0.0,0.0,0.0,0.0,0.0,0.0,1.0,0.5525487767390187,0.0214527098076924,0.1695589727450799,0.1012122502479338,0.5302102,0.01088759663845983,0.5495022,0.7198051047168876,1062
M-0079,Bamboo,0.7370898302438154,0.6366891322662174,0.84,0.4376793767937679,0.6765765765765765,0.0,1.0,0.0,0.0,0.0,0.0,0.0,0.0,0.1415557624044709,1.157690048721563,0.7498089050704992,3.568305671889707,0.120210476,0.42097135217321213,0.13945366,0.7197874917023763,1063
M-1474,Plastic,0.5053871377902697,0.4918913226621735,0.35,0.4257892578925789,0.8984984984984985,0.0,0.0,0.0,0.0,0.0,1.0,0.0,0.0,0.0432182489993068,1.027434490245875,0.5767044046656573,2.6674390080877197,0.22691786,0.31441789664127395,0.24617375,0.7197041745121382,1064
M-1307,Cotton,0.4608177742086595,0.2737994945240101,0.44,0.3640836408364083,0.3364364364364365,0.0,0.0,1.0,0.0,0.0,0.0,0.0,0.0,0.2415926381486036,1.6830421545065894,0.4172580406143947,1.8418578426577517,0.32498875,0.21676912181882865,0.34425634,0.7194872683619022,1065
M-0988,Paper,0.5053871377902697,0.9602990732940186,0.35,0.6498564985649856,0.2087087087087087,0.0,0.0,0.0,0.0,1.0,0.0,0.0,0.0,0.5142257879035247,0.5262804323826532,0.3697674677287205,1.15903811326222,0.4061249,0.13600600270704302,0.42540213,0.7192959313180254,1066
M-1120,Wood,0.7255125030672109,0.6949241786015165,0.81,0.8300533005330053,0.0083083083083083,0.0,0.0,0.0,0.0,0.0,0.0,0.0,1.0,0.8231569617998482,1.0440152773385605,0.5356974937193768,2.4896348720919477,0.24947691,0.29338743135769624,0.2687355,0.7189385352261888,1067
M-1105,Wood,0.5053871377902697,0.1879738837405223,0.63,0.9210742107421074,0.495995995995996,0.0,0.0,0.0,0.0,0.0,0.0,0.0,1.0,0.4642250901988498,2.6885886440440543,0.5399536539149067,2.2023326176515776,0.28351498,0.2594056566702644,0.30277762,0.7189083625799755,1068
M-0669,Steel,0.4506904013027282,0.4228096040438079,0.34,0.2826978269782698,0.0857857857857857,0.0,0.0,0.0,0.0,0.0,0.0,1.0,0.0,0.2584463717510048,1.0659392101150604,0.308011896256827,2.0795681481617407,0.29825723,0.24488521877828953,0.31752163,0.7187965747520143,1069
M-0272,Cotton,0.2952553034865823,0.1344776748104464,0.24,0.5760557605576055,0.8174174174174175,0.0,0.0,1.0,0.0,0.0,0.0,0.0,0.0,0.1051777484741814,2.195554826092371,0.4353273466198581,2.5435532872047166,0.24362586,0.29976483844569324,0.26288372,0.7186757193860859,1070
M-1062,Steel,0.7640589796783332,0.6570134793597304,0.85,0.5227552275522755,0.0563563563563563,0.0,0.0,0.0,0.0,0.0,0.0,1.0,0.0,0.4932946476611913,1.1629256335764764,0.5775304987782403,1.935172309023811,0.31571677,0.22780624777979988,0.33498326,0.7186052463903658,1071
M-0819,Paper,0.6230118896250195,0.2509477674810446,0.14,0.1033210332103321,0.8212212212212212,0.0,0.0,0.0,0.0,1.0,0.0,0.0,0.0,0.0184716081395048,2.4826258199179185,0.5375711222163742,2.514613825428886,0.24914324,0.2963419127483039,0.2684018,0.7176281428327724,1072
M-0309,Cotton,0.4784626023333109,0.0768744734625105,0.89,0.2724477244772448,0.9003003003003003,0.0,0.0,1.0,0.0,0.0,0.0,0.0,0.0,0.0271629563142478,6.223865438261532,0.7284751310234145,4.444870303611188,0.021342631,0.5246503917691698,0.04057404,0.7173877839834695,1073
M-1124,Bamboo,0.8406834861362065,0.662278854254423,0.24,0.9124641246412464,0.8927927927927928,0.0,1.0,0.0,0.0,0.0,0.0,0.0,0.0,0.097822730479557,1.2693780140460795,0.6761112322923204,2.6204950649625247,0.23818022,0.30886542194410416,0.25743747,0.7168485552404114,1074
M-1280,Paper,0.653438622320373,0.4399747262005055,0.12,0.8415334153341534,0.8067067067067067,0.0,0.0,0.0,0.0,1.0,0.0,0.0,0.0,0.1626627652662912,1.4851697114367357,0.5393874609401612,2.2830176889794362,0.27912897,0.2689489925547787,0.29839107,0.7163299667515184,1075
M-0659,Paper,0.5053871377902697,0.3043386689132266,0.38,0.2175071750717507,0.1756756756756756,0.0,0.0,0.0,0.0,1.0,0.0,0.0,0.0,0.1792964551267134,1.6606022461513743,0.3688575578188106,1.2109156832326144,0.4061249,0.14214202101813955,0.42540213,0.7162279221624772,1076
M-0671,Aluminum,0.3141270159941109,0.3254001684919966,0.1,0.490159901599016,0.1961961961961962,1.0,0.0,0.0,0.0,0.0,0.0,0.0,0.0,0.3939923933773872,0.9653530669538364,0.2145096652565032,1.3149142126149471,0.3942638,0.15444284545886175,0.41353965,0.716008753242554,1077
M-0914,Plastic,0.4956166767048116,0.502843302443134,0.83,0.3700287002870028,0.5007007007007007,0.0,0.0,0.0,0.0,0.0,1.0,0.0,0.0,0.1847550707739309,0.9856265136082756,0.5974568808921348,3.0179884623417745,0.19368368,0.35588047616215934,0.21293563,0.7155919486655176,1078
M-1263,Bamboo,0.906667558946218,0.4918913226621735,0.54,0.8454284542845428,0.6371371371371372,0.0,1.0,0.0,0.0,0.0,0.0,0.0,0.0,0.3067745892674142,1.8432236430103983,0.7158081647196283,2.5457054562717385,0.249696,0.3000193944862201,0.2689546,0.7155130003248297,1079
M-1265,Wood,0.5053871377902697,0.8528854254422915,0.2,0.506970069700697,0.6775775775775775,0.0,0.0,0.0,0.0,0.0,0.0,0.0,1.0,0.1634585179685631,0.5925608881958521,0.4654281283893811,1.8133379366596314,0.3369973,0.21339582068820348,0.35626632,0.7151689297800286,1080
M-1056,Steel,0.7743648084945013,0.3506739679865206,0.5,0.4411644116441164,0.4773773773773774,0.0,0.0,0.0,0.0,0.0,0.0,1.0,0.0,0.2305625018212144,2.208212388071756,0.6029591366110137,2.1576504790696998,0.29639953,0.2541207055695513,0.3156637,0.7151077995475302,1081
M-0263,Steel,0.9444332909500546,0.4485046335299074,0.7,0.490159901599016,0.2797797797797798,0.0,0.0,0.0,0.0,0.0,0.0,1.0,0.0,0.3530230722727647,2.1057333962942915,0.6717072503139557,2.0488580367436002,0.30943373,0.24125286271178406,0.32869944,0.7150238487620966,1082
M-0261,Aluminum,0.2188092529389457,0.062447346251053,0.03,0.1299712997129971,0.2505505505505506,1.0,0.0,0.0,0.0,0.0,0.0,0.0,0.0,0.097406919014135,3.5038438337389275,0.1716888663407434,2.679465293247913,0.23502946,0.3158403515866295,0.25428632,0.7149366646979801,1083
M-1074,Glass,0.7743648084945013,0.5839300758213986,0.39,0.3571135711357113,0.7281281281281282,0.0,0.0,0.0,1.0,0.0,0.0,0.0,0.0,0.0970891350555146,1.3261236480782004,0.645184361836239,1.8488359744076959,0.3334961,0.21759448708206933,0.3527647,0.7148204085175667,1084
M-0899,Bamboo,0.7817707287693234,0.7877000842459984,0.87,0.6240262402624026,0.3197197197197197,0.0,1.0,0.0,0.0,0.0,0.0,0.0,0.0,0.4245127456279567,0.9924713122842128,0.6696242074236454,1.8794518164172813,0.33032992,0.22121569307316843,0.34959814,0.7145930837011858,1085
M-0821,Bamboo,0.5856030694416561,0.4918913226621735,0.5,0.9495694956949569,0.3673673673673673,0.0,1.0,0.0,0.0,0.0,0.0,0.0,0.0,0.6007286499291419,1.1905106919992368,0.4944514379868727,1.2633114711056463,0.40360755,0.1483393335367623,0.4228845,0.7143880861984997,1086
M-0724,Aluminum,0.4024403845724865,0.7347304128053918,0.36,0.8501435014350143,0.513013013013013,1.0,0.0,0.0,0.0,0.0,0.0,0.0,0.0,0.4140088222704048,0.5477380952528851,0.4228800577328985,1.0318901479575115,0.43150485,0.12096709005609209,0.4507851,0.7141239047419277,1087
M-1271,Plastic,0.9638403711882932,0.2294650379106992,0.67,0.2228372283722837,0.4981981981981982,0.0,0.0,0.0,0.0,0.0,1.0,0.0,0.0,0.1118201227057315,4.200361761435864,0.7359956079347768,3.455146526017008,0.14510098,0.4075870207263233,0.16434713,0.7140329260968565,1088
M-0018,Aluminum,0.8768654219366928,0.7029275484414491,0.43,0.4676096760967609,0.2323323323323323,1.0,0.0,0.0,0.0,0.0,0.0,0.0,0.0,0.358968829428034,1.24744602261624,0.5494458684743768,1.6490179767990236,0.3588733,0.1939602479896608,0.37814492,0.7139474160690276,1089
M-0863,Plastic,0.5317539985277386,0.7144060657118788,0.49,0.9235342353423536,0.9026026026026026,0.0,0.0,0.0,0.0,0.0,1.0,0.0,0.0,0.0899498309297407,0.7443291423746858,0.6304823801918762,3.3731653597136666,0.15504605,0.3978903842437466,0.17429338,0.7139081159001489,1090
M-1194,Cotton,0.5053871377902697,0.9959983150800338,0.36,0.02870028700287,0.1638638638638638,0.0,0.0,1.0,0.0,0.0,0.0,0.0,0.0,0.0239973470805779,0.5074171539461944,0.359314014275267,0.990539884414032,0.4373908,0.11607622923866646,0.45667177,0.713625998186987,1091
M-0865,Paper,0.3310357134890361,0.1993470935130581,0.25,0.2671176711767117,0.2453453453453453,0.0,0.0,0.0,0.0,1.0,0.0,0.0,0.0,0.201581593894017,1.6605913187093102,0.2810178889992181,1.9224278161057249,0.32831323,0.22629884406070422,0.3475812,0.7130599740935339,1092
M-0264,Aluminum,0.0363380847219433,0.5106360572872789,0.19,0.7068470684706847,0.1914914914914914,1.0,0.0,0.0,0.0,0.0,0.0,0.0,0.0,0.5714918690728449,0.0711622554676832,0.1289826813362247,0.06742504085513568,0.5479805,0.006891285021832933,0.5672746,0.7129170722565397,1093
M-0043,Plastic,0.5045840861942046,0.2070345408593091,0.59,0.490159901599016,0.3986986986986987,0.0,0.0,0.0,0.0,0.0,1.0,0.0,0.0,0.2947337866772061,2.4371858285775883,0.4984432440872914,2.7133231700597586,0.23531294,0.31984502166294365,0.25456983,0.712792574913386,1094
M-0177,Glass,0.2664569809721385,0.1161541701769166,0.6,0.9838048380483804,0.4032032032032032,0.0,0.0,0.0,1.0,0.0,0.0,0.0,0.0,0.587131576020465,2.293974349710791,0.4075437533498164,1.9758269461105227,0.32373458,0.23261483071337613,0.34300202,0.7121915739869551,1095
M-1496,Steel,0.5053871377902697,0.2125105307497893,0.58,0.9950799507995078,0.6698698698698698,0.0,0.0,0.0,0.0,0.0,0.0,1.0,0.0,0.328505873647325,2.3781633683929906,0.5771158160770689,3.332590483902959,0.16367975,0.39309123538062424,0.18292812,0.7119903247449525,1096
M-0832,Steel,0.3891677262486337,0.8833192923336142,0.3,0.965969659696597,0.3944944944944945,0.0,0.0,0.0,0.0,0.0,0.0,1.0,0.0,0.584899947097569,0.4405737416271787,0.3640154388478018,0.5405677916906186,0.4938984,0.06285405630325408,0.51318604,0.7119799530781551,1097
M-1130,Plastic,0.5639429833366794,0.6992417860151644,0.82,0.8899138991389914,0.0446446446446446,0.0,0.0,0.0,0.0,0.0,1.0,0.0,0.0,0.850184009347601,0.8065052577095149,0.4849705867280651,1.6287875792831028,0.3666107,0.1915674202286594,0.38588324,0.7112746689397398,1098
M-0011,Glass,0.1490106850476254,0.7742207245155855,0.12,0.490159901599016,0.2805805805805806,0.0,0.0,0.0,1.0,0.0,0.0,0.0,0.0,0.3526305518310438,0.1924651302452903,0.1797784481932243,1.357138320526302,0.39879814,0.15943706356625661,0.41807452,0.7112442089957947,1099
M-1276,Cotton,0.2579134042695576,0.1473251895534962,0.53,0.999179991799918,0.4063063063063063,0.0,0.0,1.0,0.0,0.0,0.0,0.0,0.0,0.5932068599965278,1.750628350948462,0.384057253599715,1.3590843430154285,0.39975107,0.1596672368306154,0.41902754,0.7106526130309585,1100
M-1448,Cotton,0.8646188850967008,0.6681760741364786,0.06,0.3532185321853219,0.2896896896896897,0.0,0.0,1.0,0.0,0.0,0.0,0.0,0.0,0.2508947652039083,1.2939966343713525,0.4507544609455872,1.9805881822296008,0.3276062,0.23317798415380886,0.3468741,0.7099739638986281,1101
M-1005,Aluminum,0.9763545918936404,0.3372999157540017,0.86,0.3983189831898319,0.2472472472472472,1.0,0.0,0.0,0.0,0.0,0.0,0.0,0.0,0.2998357110698234,2.8946099648472625,0.7227160109316303,2.551505238630233,0.26088572,0.3007053859613877,0.28014565,0.7095744844485053,1102
M-0709,Cotton,0.2132548127328292,0.2742207245155855,0.42,0.7693726937269373,0.2252252252252252,0.0,0.0,1.0,0.0,0.0,0.0,0.0,0.0,0.5960905555001496,0.7776729327683475,0.2788694926606992,0.7863582634462358,0.46973756,0.09192586587810904,0.48902237,0.7095258799843769,1103
M-0158,Plastic,0.3398915880345312,0.2179865206402695,0.31,0.4415744157441574,0.8025025025025025,0.0,0.0,0.0,0.0,0.0,1.0,0.0,0.0,0.0872098420683906,1.5592249824036113,0.4697073859645632,2.5945275194952138,0.25679165,0.30579401103236364,0.2760511,0.7090774424494402,1104
M-0930,Aluminum,0.6943719467309108,0.68544650379107,0.63,0.3163181631816318,0.0532532532532532,1.0,0.0,0.0,0.0,0.0,0.0,0.0,0.0,0.2994731919291165,1.0130198780949402,0.4827247546683403,1.498880737242789,0.3863913,0.1762021908636181,0.4056662,0.7090658034148172,1105
M-1122,Glass,0.2110910348212095,0.595513900589722,0.13,0.3359983599835998,0.0318318318318318,0.0,0.0,0.0,1.0,0.0,0.0,0.0,0.0,0.3253029166928305,0.3544680991393698,0.1329859634780333,0.8604881121287784,0.46245757,0.10069385769373336,0.48174152,0.7087823122620276,1106
M-1298,Aluminum,0.7073100002230698,0.4847304128053917,0.53,0.490159901599016,0.031031031031031,1.0,0.0,0.0,0.0,0.0,0.0,0.0,0.0,0.4749497344823298,1.45917921046111,0.4512333093985372,1.4682840126582208,0.39068872,0.17258324605919437,0.4099641,0.7087263197566196,1107
M-0628,Wood,0.5135514956835977,0.2047177759056445,0.84,0.6683066830668306,0.403003003003003,0.0,0.0,0.0,0.0,0.0,0.0,0.0,1.0,0.3989770828639217,2.508570566679703,0.57832149917434,2.8178300117898214,0.23109682,0.3322059686937411,0.2503532,0.7087204219918212,1108
M-0456,Glass,0.7701041736376006,0.8074978938500422,0.48,0.2630176301763017,0.1835835835835835,0.0,0.0,0.0,1.0,0.0,0.0,0.0,0.0,0.2147319110828746,0.9536906855263309,0.5071167445301153,2.6275691396222443,0.25366697,0.3097021352225186,0.27292606,0.7086859012159883,1109
M-0312,Bamboo,0.9846081777420864,0.7073504633529908,0.21,0.998359983599836,0.5205205205205206,0.0,1.0,0.0,0.0,0.0,0.0,0.0,0.0,0.478693125269591,1.3919645731343258,0.6129994272529908,2.7814799840405597,0.236231,0.3279065299188404,0.255488,0.7083027309102163,1110
M-0543,Glass,0.5664636730687724,0.5698188711036226,0.57,0.490159901599016,0.106006006006006,0.0,0.0,0.0,1.0,0.0,0.0,0.0,0.0,0.4382000081262074,0.9941100719630048,0.4293872710293108,1.3290034017658945,0.40851998,0.15610929827590872,0.4277975,0.7080466027026371,1111
M-0373,Plastic,0.862187423319726,0.433972198820556,0.7,0.8202132021320214,0.4773773773773774,0.0,0.0,0.0,0.0,0.0,1.0,0.0,0.0,0.4286619748079363,1.9867296544186648,0.6980881825411036,2.227282064871558,0.3030459,0.2623566481118624,0.32231086,0.7076662434813765,1112
M-0473,Glass,0.4307479533337794,0.7807497893850043,0.9,0.7952029520295202,0.1315315315315315,0.0,0.0,0.0,1.0,0.0,0.0,0.0,0.0,0.6906086898706824,0.5517099171594545,0.4817586407929712,0.8412278108897437,0.46774065,0.09841577178594323,0.48702523,0.7072794985455431,1113
M-0533,Aluminum,0.5585446920520198,0.9815711878685762,0.21,0.5949159491594916,0.1404404404404404,1.0,0.0,0.0,0.0,0.0,0.0,0.0,0.0,0.5113656912344899,0.5690306825673875,0.32855000895294,1.8677630045830398,0.34650326,0.21983315407816925,0.3657734,0.7071967181584022,1114
M-1144,Bamboo,0.2015882576011063,0.3254001684919966,0.24,0.6927019270192701,0.4417417417417417,0.0,1.0,0.0,0.0,0.0,0.0,0.0,0.0,0.3867065712699168,0.6195068645122722,0.2851578255629651,1.0227252846225108,0.44748986,0.11988308073810833,0.46677202,0.7066724496993815,1115
M-1178,Cotton,0.4795779517722902,0.6248946925021063,0.23,0.490159901599016,0.8641641641641641,0.0,0.0,1.0,0.0,0.0,0.0,0.0,0.0,0.0665812799269134,0.7674528045665377,0.5200804299581653,1.8622207560625077,0.34887838,0.219177623404199,0.3681488,0.7063367864424317,1116
M-0039,Aluminum,0.4605277833545249,0.4822030328559393,0.12,0.0932759327593275,0.8512512512512513,1.0,0.0,0.0,0.0,0.0,0.0,0.0,0.0,0.0138746782863223,0.955047556585056,0.4755864887171854,2.1707573376073714,0.31311223,0.25567096947038553,0.3323784,0.7059753215392213,1117
M-1430,Bamboo,0.5113654107831983,0.4918913226621735,0.91,0.5260352603526035,0.0946946946946947,0.0,1.0,0.0,0.0,0.0,0.0,0.0,0.0,0.4762225119748695,1.039588111511142,0.5059545727216878,1.316460702915872,0.41495287,0.15462576252320812,0.43423116,0.7055715377027819,1118
M-1237,Aluminum,0.7274755180798144,0.3550968828980623,0.73,0.95079950799508,0.7845845845845847,1.0,0.0,0.0,0.0,0.0,0.0,0.0,0.0,0.2048168709915326,2.04866194116018,0.7453655826073011,3.8050337590492647,0.1212333,0.4489712734954879,0.14047661,0.7052760561338403,1119
M-0368,Plastic,0.8775792455776394,0.2705349620893008,0.41,0.2404674046740467,0.0656656656656656,0.0,0.0,0.0,0.0,0.0,1.0,0.0,0.0,0.2246769524752304,3.2438543060976155,0.4937313979307555,2.7358521611485,0.24845707,0.3225097243837908,0.26771554,0.7048873660538397,1120
M-0268,Cotton,0.5053871377902697,0.4770429654591406,0.9,0.7673226732267322,0.0783783783783783,0.0,0.0,1.0,0.0,0.0,0.0,0.0,0.0,0.7071811664062586,1.059414172242698,0.4956683686296214,0.9581586318446615,0.45942158,0.11224621255100573,0.47870517,0.7045243098393043,1121
M-0508,Glass,0.4902406924089317,0.890480202190396,0.45,0.490159901599016,0.0437437437437437,0.0,0.0,0.0,1.0,0.0,0.0,0.0,0.0,0.46871847247001,0.5505345774880401,0.3442194000866958,1.2728530023730231,0.42245093,0.14946789469731658,0.4417301,0.7044009967326481,1122
M-0306,Steel,0.348814383546365,0.9555602358887954,0.5,0.7097170971709718,0.1196196196196196,0.0,0.0,0.0,0.0,0.0,0.0,1.0,0.0,0.6248210079698395,0.3650361383924523,0.3254116393044319,0.9017508379662935,0.46703452,0.10557436465366303,0.486319,0.7040533149284938,1123
M-1429,Wood,0.6935688951348458,0.8018112889637743,0.54,0.5539155391553916,0.0401401401401401,0.0,0.0,0.0,0.0,0.0,0.0,0.0,1.0,0.5316812917878929,0.8650015779019583,0.4514696000959803,1.359905053997746,0.41333672,0.15976430956587442,0.43261483,0.7038104286587972,1124
M-0060,Steel,0.1104419014477235,0.3454085930918281,0.05,0.8940139401394013,0.3166166166166166,0.0,0.0,0.0,0.0,0.0,0.0,1.0,0.0,0.6109542712043736,0.3197418475240851,0.1541617455640744,0.7551625579378244,0.48493135,0.08823607431045416,0.5042179,0.7037730015010076,1125
M-0363,Aluminum,0.2214414776149367,0.2469460825610783,0.07,0.8210332103321033,0.4773773773773774,1.0,0.0,0.0,0.0,0.0,0.0,0.0,0.0,0.4290905296440351,0.8967163139502442,0.2527898042591879,1.6670528338843145,0.37772933,0.19609338979596566,0.39700317,0.7034517181879547,1126
M-0087,Wood,0.9150996007049008,0.4564026958719461,0.93,0.3325133251332513,0.3667667667667668,0.0,0.0,0.0,0.0,0.0,0.0,0.0,1.0,0.210558487967262,2.005022327780737,0.7550698703119905,3.8876150939449645,0.11556288,0.45873889721733885,0.1348055,0.7032278011376532,1127
M-1164,Wood,0.3664815186597961,0.3605728727885425,0.2,0.3940139401394014,0.0491491491491491,0.0,0.0,0.0,0.0,0.0,0.0,0.0,1.0,0.374648490228646,1.0163840098162578,0.2213373522086631,1.037768698086424,0.45282692,0.12166239809103456,0.47210974,0.7031139334484555,1128
M-0571,Wood,0.2448192018559414,0.9266006739679864,0.58,0.8427634276342763,0.246046046046046,0.0,0.0,0.0,0.0,0.0,0.0,0.0,1.0,0.6354048185126495,0.2642119140661079,0.3457414945561903,0.5611080249601773,0.5100186,0.06528353107487758,0.5293082,0.7027041345213075,1129
M-0231,Wood,0.3322849048606928,0.2759056444818871,0.83,0.8113981139811399,0.1940940940940941,0.0,0.0,0.0,0.0,0.0,0.0,0.0,1.0,0.6539105320983141,1.204338175634284,0.4401421901725053,1.238665141387391,0.430192,0.1454241944788064,0.4494721,0.7025518529892879,1130
M-0058,Aluminum,0.9258738762854402,0.617312552653749,0.35,0.3870438704387043,0.4265265265265265,1.0,0.0,0.0,0.0,0.0,0.0,0.0,0.0,0.2219593927671008,1.4998437541266203,0.603307508472134,2.250168130092988,0.31061918,0.26506358514356576,0.32988504,0.7025256895515921,1131
M-0768,Cotton,0.8982132101987552,0.4046967144060657,0.9,0.5455104551045511,0.2392392392392392,0.0,0.0,1.0,0.0,0.0,0.0,0.0,0.0,0.4150029488282871,2.2194669705930337,0.7010570558512739,2.0879453802037555,0.33006033,0.24587606798798542,0.34932852,0.7023977070490981,1132
M-1296,Plastic,0.7223449106605099,0.1550126368997472,0.6,0.0826158261582615,0.1007007007007007,0.0,0.0,0.0,0.0,0.0,1.0,0.0,0.0,0.0742963545751573,4.659879769982274,0.4991481744744142,3.800207909018371,0.12803048,0.44840047759712437,0.1472746,0.7021624619618023,1133
M-0900,Glass,0.7082245867630328,0.4545071609098567,0.17,0.9464944649446494,0.5921921921921922,0.0,0.0,0.0,1.0,0.0,0.0,0.0,0.0,0.3859878328513014,1.55822193675307,0.5119474923628707,1.6559390037458817,0.38376516,0.1947788589635701,0.40303975,0.7010906937996938,1134
M-0900,Glass,0.7082245867630328,0.4545071609098567,0.17,0.9464944649446494,0.5921921921921922,0.0,0.0,0.0,1.0,0.0,0.0,0.0,0.0,0.3859878328513014,1.55822193675307,0.5119474923628707,1.6559390037458817,0.38376516,0.1947788589635701,0.40303975,0.7010906937996938,1135
M-1268,Paper,0.9000423832786812,0.4918913226621735,0.32,0.7265272652726528,0.6181181181181181,0.0,0.0,0.0,0.0,1.0,0.0,0.0,0.0,0.2774475993008178,1.82975489108583,0.6414523887469079,2.020811651264155,0.3411921,0.23793556903437865,0.3604616,0.7008014191456831,1136
M-0626,Plastic,0.8708425349662048,0.4765164279696715,0.48,0.2556375563755637,0.0785785785785785,0.0,0.0,0.0,0.0,0.0,1.0,0.0,0.0,0.2355499205642706,1.827514554245497,0.5159105875600555,2.147162915561421,0.3266953,0.2528802488218218,0.34596306,0.7005783451611564,1137
M-0626,Plastic,0.8708425349662048,0.4765164279696715,0.48,0.2556375563755637,0.0785785785785785,0.0,0.0,0.0,0.0,0.0,1.0,0.0,0.0,0.2355499205642706,1.827514554245497,0.5159105875600555,2.147162915561421,0.3266953,0.2528802488218218,0.34596306,0.7005783451611564,1138
M-0210,Steel,0.7376251979745254,0.4019587194608256,0.04,0.9551045510455104,0.9567567567567568,0.0,0.0,0.0,0.0,0.0,0.0,1.0,0.0,0.0413018184235896,1.83507242706794,0.5940771062168373,2.660035375034924,0.26639432,0.3135422035815081,0.2856549,0.7004014469801505,1139
M-0485,Steel,0.6509179325882799,0.943133951137321,0.02,0.6763017630176301,0.3387387387387388,0.0,0.0,0.0,0.0,0.0,0.0,1.0,0.0,0.4472121568062526,0.6901641507435831,0.3679887946569336,1.2442298971466772,0.43400323,0.1460823872826568,0.4532838,0.7003169129718307,1140
M-1359,Paper,0.2747328738093645,0.9275484414490311,0.77,0.936859368593686,0.7428428428428429,0.0,0.0,0.0,0.0,1.0,0.0,0.0,0.0,0.2409200918836015,0.2961921613366214,0.5637460023765987,1.7904702753663146,0.3697548,0.210691060451596,0.3890277,0.7001406124095475,1141
M-1025,Cotton,0.786678266300832,0.836457455770851,0.34,0.5895858958589586,0.3343343343343343,0.0,0.0,1.0,0.0,0.0,0.0,0.0,0.0,0.3924670878340415,0.9404869552975668,0.5169716068206331,1.7517679467162786,0.3746472,0.2061133942769039,0.3939207,0.6999829579509265,1142
M-0974,Glass,0.0981953646077316,0.0191659646166807,0.42,0.3644936449364493,0.7487487487487487,0.0,0.0,0.0,1.0,0.0,0.0,0.0,0.0,0.0915794843634121,5.123156773726898,0.3899027704677172,3.6771081761683875,0.14896803,0.43384038514696427,0.16821463,0.698972490396088,1143
M-0067,Paper,0.5902875370853689,0.2748525695029486,0.36,0.2761377613776137,0.2356356356356356,0.0,0.0,0.0,0.0,1.0,0.0,0.0,0.0,0.2110698644523982,2.147643700436048,0.4148057055248382,2.2192588256404635,0.32192785,0.26140766875788723,0.34119505,0.6986986421702049,1144
M-0898,Paper,0.8259831805304602,0.6667017691659647,0.25,0.4856498564985649,0.2002002002002001,0.0,0.0,0.0,0.0,1.0,0.0,0.0,0.0,0.3884226580003538,1.238907679300257,0.4654533322722441,1.4383220807298602,0.41497147,0.169039383787828,0.43424976,0.6983554287458871,1145
M-0302,Aluminum,0.5277164335586338,0.1109941027801179,0.69,0.3829438294382944,0.5276276276276276,1.0,0.0,0.0,0.0,0.0,0.0,0.0,0.0,0.1808920851971282,4.754411864494992,0.5763748617117419,4.093604835730487,0.10119268,0.4831031229938224,0.120433606,0.6982316353994034,1146
M-1232,Cotton,0.8024716143567779,0.5728727885425443,0.24,0.480729807298073,0.211011011011011,0.0,0.0,1.0,0.0,0.0,0.0,0.0,0.0,0.3792905246369781,1.4007825639891056,0.4562919490460145,1.8463399517280414,0.3676268,0.21729926043833847,0.38689944,0.6979006490405124,1147
M-1384,Paper,0.5261772513328425,0.3514111204717775,0.02,0.5231652316523165,0.3737737737737738,0.0,0.0,0.0,0.0,1.0,0.0,0.0,0.0,0.3276197887103996,1.4973224333481712,0.3286030326652691,2.133379039125107,0.33470395,0.25124990803563263,0.35397267,0.6973887092741149,1148
M-0586,Bamboo,0.6495795132615048,0.919966301600674,0.05,0.59430094300943,0.2341341341341341,0.0,1.0,0.0,0.0,0.0,0.0,0.0,0.0,0.4551548063028178,0.7060897839861103,0.3450720455448421,1.042347566485771,0.46595442,0.12220398129083611,0.4852388,0.6962786140985395,1149
M-0630,Bamboo,0.5053871377902697,0.1861836562763268,0.51,0.4862648626486264,0.089089089089089,0.0,1.0,0.0,0.0,0.0,0.0,0.0,0.0,0.4429439689792293,2.714440319078694,0.3818815818428346,2.322048511146075,0.31502387,0.2735655125584782,0.33429027,0.6960721107022673,1150
M-0153,Aluminum,0.1789020500122688,0.4097514743049704,0.92,0.958589585895859,0.0376376376376376,1.0,0.0,0.0,0.0,0.0,0.0,0.0,0.0,0.9225105384186976,0.4366100541936342,0.3588521112961989,0.5824543693634159,0.5209515,0.06780835172873614,0.5402424,0.6959746371639675,1151
M-0271,Wood,0.6968480224854446,0.6928180286436395,0.41,0.8341533415334154,0.5510510510510511,0.0,0.0,0.0,0.0,0.0,0.0,0.0,1.0,0.3744922659436804,1.0058153625625623,0.5670545243094932,1.6415146237500164,0.39606315,0.19307276016535435,0.4153392,0.6957940190729396,1152
M-1302,Paper,0.4833032188984809,0.1372156697556866,0.81,0.5202952029520295,0.4773773773773774,0.0,0.0,0.0,0.0,1.0,0.0,0.0,0.0,0.2719180435047593,3.52219026856576,0.5795345007726056,2.9966637284372437,0.23701301,0.3533582115728169,0.2562701,0.695185838910018,1153
M-0053,Glass,0.5752526266479288,0.5128475147430498,0.82,0.7613776137761378,0.2194194194194194,0.0,0.0,0.0,1.0,0.0,0.0,0.0,0.0,0.5943165798024347,1.1216813739553189,0.5419268764849974,1.4822277652011553,0.41641358,0.17423249680431738,0.43569204,0.6950377305416661,1154
M-0885,Aluminum,0.9274799794775704,0.2004001684919966,0.14,0.0141451414514145,0.6678678678678679,1.0,0.0,0.0,0.0,0.0,0.0,0.0,0.0,0.0046980559895689,4.628116624552571,0.6133523521513885,3.9660862793055984,0.12337929,0.46802037725854134,0.14262286,0.6946783822277773,1155
M-0995,Paper,0.4145084655022418,0.7024010109519798,0.23,0.7564575645756458,0.4636636636636637,0.0,0.0,0.0,0.0,1.0,0.0,0.0,0.0,0.4057156787784094,0.5901299527039366,0.3739024852999958,1.7014879662633886,0.39137262,0.200166336985736,0.4106481,0.6945927777427887,1156
M-1215,Plastic,0.5708135358807914,0.1794439764111204,0.5,0.8111931119311193,0.5986986986986987,0.0,0.0,0.0,0.0,0.0,1.0,0.0,0.0,0.3255328514246103,3.180994794599428,0.5579350239619262,2.3705131486048376,0.31281352,0.2792978532031409,0.33207965,0.6943112489126507,1157
M-1415,Plastic,0.4698521046643913,0.5513900589721988,0.15,0.8936039360393604,0.3764764764764765,0.0,0.0,0.0,0.0,0.0,1.0,0.0,0.0,0.5571830748337513,0.852121370158237,0.3458837848086994,1.1414773864167052,0.45934132,0.13392894047105672,0.4786249,0.6937230747063738,1158
M-1132,Plastic,0.8734301456646367,0.4324978938500421,0.47,0.5284952849528495,0.4574574574574575,0.0,0.0,0.0,0.0,0.0,1.0,0.0,0.0,0.2867311756200644,2.019496831285484,0.627609295503092,3.0775693303502965,0.23045766,0.3629276315570622,0.24971399,0.6936791906654463,1159
M-0833,Glass,0.593499743469629,0.2027169334456613,0.78,0.3751537515375153,0.0011011011011011,0.0,0.0,0.0,1.0,0.0,0.0,0.0,0.0,0.3747406693286152,2.9277120843811133,0.4717302277181819,2.57228991790699,0.29024217,0.30316377352089036,0.3095056,0.6936653074105067,1160
M-0358,Cotton,0.7579022507751678,0.4918913226621735,0.05,0.490159901599016,0.2447447447447447,0.0,0.0,1.0,0.0,0.0,0.0,0.0,0.0,0.3701958415980556,1.5407889407041775,0.3915843237334905,2.03210918861394,0.3541659,0.23927182854090792,0.37343696,0.6936456069306798,1161
M-1026,Wood,0.313368578375605,0.8217144060657119,0.83,0.6517015170151701,0.0255255255255255,0.0,0.0,0.0,0.0,0.0,0.0,0.0,1.0,0.6350664933075756,0.3813590156182921,0.3820050890078996,0.7634628977695703,0.50734067,0.08921782879943625,0.5266299,0.6920761232131969,1162
M-1084,Paper,0.747685649914118,0.1950294860994103,0.16,0.5071750717507175,0.8772772772772772,0.0,0.0,0.0,0.0,1.0,0.0,0.0,0.0,0.0622419057023403,3.833686029644669,0.6102574431488303,3.607593734526495,0.17135483,0.42561829827890696,0.1906041,0.6918887980646595,1163
M-0617,Aluminum,0.7153182091949407,0.51695450716091,0.08,0.7316523165231653,0.4934934934934935,1.0,0.0,0.0,0.0,0.0,0.0,0.0,0.0,0.3705866588195411,1.3837132969593986,0.4581753317260243,1.8475406582940352,0.3811937,0.2174412786068725,0.40046796,0.6910453796832657,1164
M-0577,Aluminum,0.1795712596756563,0.7291491154170177,0.02,0.6363263632636326,0.2146146146146146,1.0,0.0,0.0,0.0,0.0,0.0,0.0,0.0,0.4997614260426888,0.2462747462817796,0.1422128882546469,0.7820299789541986,0.5086315,0.09141392144983432,0.52792096,0.6903325585850804,1165
M-0882,Wood,0.3456690981284436,0.8232940185341198,0.31,0.7558425584255843,0.6036036036036037,0.0,0.0,0.0,0.0,0.0,0.0,0.0,1.0,0.2996132664029343,0.4198605485842837,0.4123487203324585,1.7391290366500305,0.39678225,0.20461847877405637,0.4160584,0.6896615649466586,1166
M-1258,Glass,0.7764393584510026,0.4652485256950294,0.85,0.9153341533415336,0.2574574574574574,0.0,0.0,0.0,1.0,0.0,0.0,0.0,0.0,0.6796745494982477,1.6688665233803115,0.6428129806176383,1.8841037066254602,0.38051882,0.22176591320712777,0.39979303,0.6892205289806952,1167
M-1258,Glass,0.7764393584510026,0.4652485256950294,0.85,0.9153341533415336,0.2574574574574574,0.0,0.0,0.0,1.0,0.0,0.0,0.0,0.0,0.6796745494982477,1.6688665233803115,0.6428129806176383,1.8841037066254602,0.38051882,0.22176591320712777,0.39979303,0.6892205289806952,1168
M-0924,Bamboo,0.8057730486961565,0.1604886267902274,0.11,0.8364083640836408,0.5281281281281281,0.0,1.0,0.0,0.0,0.0,0.0,0.0,0.0,0.3946775804094377,5.020717318692286,0.513747657916901,2.2018072982685646,0.34362662,0.2593435225079437,0.3628964,0.6888800324405243,1169
M-0976,Plastic,0.0592919761761359,0.8912173546756529,0.0,0.6271012710127102,0.1396396396396396,0.0,0.0,0.0,0.0,0.0,1.0,0.0,0.0,0.5395330755109353,0.0665291237159433,0.0656086823623463,0.12863007933391535,0.58892286,0.014130545400672614,0.6082218,0.6888238128308984,1170
M-0695,Plastic,0.8682103102902139,0.7593723673125526,0.41,0.965969659696597,0.3398398398398398,0.0,0.0,0.0,0.0,0.0,1.0,0.0,0.0,0.6376946852551608,1.1433246775072436,0.5722360760680375,1.577739105666473,0.4181147,0.1855294664647509,0.43739337,0.6885385831223761,1171
M-0916,Wood,0.8514354547279662,0.4912594776748104,0.71,0.487289872898729,0.2774774774774775,0.0,0.0,0.0,0.0,0.0,0.0,0.0,1.0,0.352077908166469,1.733164977483846,0.6368174251344297,2.295959411496503,0.33440107,0.2704797243602039,0.35366976,0.6879252565142034,1172
M-0691,Plastic,0.9703763189007116,0.265480202190396,0.87,0.4091840918409183,0.6397397397397397,0.0,0.0,0.0,0.0,0.0,1.0,0.0,0.0,0.1474127674209674,3.655160180436368,0.8410724494822066,4.051728775301226,0.12808658,0.47815007153560707,0.1473307,0.6872596135566136,1173
M-0634,Aluminum,0.2558834682906154,0.0711878685762426,0.5,0.996309963099631,0.5615615615615616,1.0,0.0,0.0,0.0,0.0,0.0,0.0,0.0,0.4368205844220604,3.594430890786901,0.4208218557847146,2.7962373156818203,0.2766423,0.3296520098483239,0.2959041,0.6872219451052113,1174
M-1416,Paper,0.9796114122554596,0.4383951137320977,0.98,0.7562525625256252,0.3633633633633634,0.0,0.0,0.0,0.0,1.0,0.0,0.0,0.0,0.4814580878541518,2.234534891096449,0.7948535739111928,2.0858152269656,0.3615664,0.24562411595395173,0.38083833,0.686768774742827,1175
M-0676,Steel,0.9655580093243212,0.9022746419545072,0.39,0.7168921689216892,0.3678678678678679,0.0,0.0,0.0,0.0,0.0,0.0,1.0,0.0,0.4531705752492959,1.0701364022558917,0.6135835640900889,1.6415024010940895,0.41457412,0.19307131448390435,0.43385237,0.6865381554812076,1176
M-1049,Steel,0.0683039996430881,0.3756318449873631,0.12,0.7238622386223862,0.2336336336336336,0.0,0.0,0.0,0.0,0.0,0.0,1.0,0.0,0.5547436735628617,0.1818371331329826,0.1334116899473253,0.20314565865720272,0.5853341,0.022944160985415483,0.6046327,0.6862115816834244,1177
M-1049,Steel,0.0683039996430881,0.3756318449873631,0.12,0.7238622386223862,0.2336336336336336,0.0,0.0,0.0,0.0,0.0,0.0,1.0,0.0,0.5547436735628617,0.1818371331329826,0.1334116899473253,0.20314565865720272,0.5853341,0.022944160985415483,0.6046327,0.6862115816834244,1178
M-0668,Paper,0.1193423899707778,0.8487784330244313,0.02,0.6654366543665436,0.1817817817817817,0.0,0.0,0.0,0.0,1.0,0.0,0.0,0.0,0.5444723936728857,0.140604714637734,0.1082714905228456,0.25076684985851544,0.5797254,0.028576739793062786,0.5990233,0.6861999888395068,1179
M-0460,Glass,0.9977023801557028,0.2933866891322662,0.06,0.9071340713407132,0.7952952952952953,0.0,0.0,0.0,1.0,0.0,0.0,0.0,0.0,0.1856946122013772,3.4006279646788955,0.6556695406508697,3.652052575522639,0.17758542,0.430876838002301,0.19683544,0.6861438593101021,1180
M-0901,Steel,0.0330589573713444,0.6304759898904803,0.05,0.5785157851578516,0.072072072072072,0.0,0.0,0.0,0.0,0.0,0.0,1.0,0.0,0.5368209537951235,0.0524348356901765,0.0498452045701593,0.06110225835354502,0.6028431,0.006143433701330034,0.62214375,0.6858564104381533,1181
M-1247,Wood,0.95703673961052,0.8633108677337827,0.12,0.3696186961869618,0.2095095095095095,0.0,0.0,0.0,0.0,0.0,0.0,0.0,1.0,0.292180064443287,1.1085643269595813,0.4816675486970608,1.9908333226035402,0.37479752,0.2343897673766954,0.39407104,0.6857695950428078,1182
M-1017,Plastic,0.7369336813223583,0.4744102780117944,0.86,0.981959819598196,0.2825825825825826,0.0,0.0,0.0,0.0,0.0,1.0,0.0,0.0,0.7044750777838108,1.5533645920281796,0.6375482473037181,1.6642429914093553,0.4142758,0.1957610449138232,0.433554,0.685342480692121,1183
M-0714,Paper,0.5053871377902697,0.4918913226621735,0.14,0.7714227142271423,0.3684684684684685,0.0,0.0,0.0,0.0,1.0,0.0,0.0,0.0,0.4871777681740781,1.027434490245875,0.3546953956566484,1.1070094823878218,0.48056367,0.1298521170888697,0.49984977,0.6851490582091433,1184
M-0710,Cotton,0.6581677039416449,0.8073925863521483,0.55,0.8107831078310783,0.4773773773773774,0.0,0.0,1.0,0.0,0.0,0.0,0.0,0.0,0.4237335941927987,0.815175789190109,0.5714802947898712,2.4470229732964937,0.32279795,0.288347345798008,0.34206527,0.6847936897432843,1185
M-1256,Plastic,0.7590622141917063,0.622893850042123,0.5,0.8072980729807298,0.3638638638638639,0.0,0.0,0.0,0.0,0.0,1.0,0.0,0.0,0.5135514768561099,1.2186040936770868,0.5627840448358418,1.4024742073532377,0.44645086,0.16479933924490986,0.4657329,0.6847338792333266,1186
M-1256,Plastic,0.7590622141917063,0.622893850042123,0.5,0.8072980729807298,0.3638638638638639,0.0,0.0,0.0,0.0,0.0,1.0,0.0,0.0,0.5135514768561099,1.2186040936770868,0.5627840448358418,1.4024742073532377,0.44645086,0.16479933924490986,0.4657329,0.6847338792333266,1187
M-0670,Bamboo,0.9341943831002252,0.3030749789385004,0.18,0.584460844608446,0.4773773773773774,0.0,1.0,0.0,0.0,0.0,0.0,0.0,0.0,0.3054524594294991,3.082376856035133,0.5708909664533033,2.663981225078308,0.2985534,0.3140089141104103,0.31781784,0.6840866244448482,1188
M-0866,Aluminum,0.6688081375895067,0.4918913226621735,0.32,0.7017220172201722,0.4486486486486487,1.0,0.0,0.0,0.0,0.0,0.0,0.0,0.0,0.3868953824673382,1.3596637043852322,0.4981178496303973,2.590070750463899,0.30736142,0.3052668696030314,0.3266269,0.6840531167693766,1189
M-0788,Cotton,0.6804746927212295,0.9808340353833194,0.62,0.8737187371873719,0.3511511511511512,0.0,0.0,1.0,0.0,0.0,0.0,0.0,0.0,0.5669113968416962,0.6937707852730747,0.5635352224338371,1.1927686805705224,0.473309,0.13999561476415234,0.49259424,0.6837050715699502,1190
M-0908,Glass,0.3034642753574695,0.0640269587194608,0.55,0.7226322263222632,0.6698698698698698,0.0,0.0,0.0,1.0,0.0,0.0,0.0,0.0,0.2385626709119944,4.739558802539706,0.4873466711039487,3.368465159510242,0.21735767,0.3973344500600427,0.23661242,0.68302656284277,1191
M-0711,Bamboo,0.3921345557563185,0.1953454085930918,0.4,0.3983189831898319,0.4797797797797798,0.0,1.0,0.0,0.0,0.0,0.0,0.0,0.0,0.2072135891529085,2.007380420149612,0.4207877562364613,2.3719456977019036,0.3358127,0.27946729343513627,0.35508156,0.6827255741686623,1192
M-0772,Steel,0.9347743648084944,0.4329191238416175,0.58,0.8532185321853218,0.5061061061061061,0.0,0.0,0.0,0.0,0.0,0.0,1.0,0.0,0.4213994232034412,2.1592305677859382,0.6997415777552296,2.2557881491535703,0.35027355,0.26572831442606926,0.36954415,0.6823637685644006,1193
M-0772,Steel,0.9347743648084944,0.4329191238416175,0.58,0.8532185321853218,0.5061061061061061,0.0,0.0,0.0,0.0,0.0,0.0,1.0,0.0,0.4213994232034412,2.1592305677859382,0.6997415777552296,2.2557881491535703,0.35027355,0.26572831442606926,0.36954415,0.6823637685644006,1194
M-1485,Bamboo,0.6671128064422583,0.2467354675652906,0.5,0.1578515785157851,0.0967967967967967,0.0,1.0,0.0,0.0,0.0,0.0,0.0,0.0,0.1425720513461391,2.703746280495521,0.4458841616159423,2.5511572629777257,0.31623873,0.3006642278081276,0.33550528,0.6819152476367305,1195
M-0755,Plastic,0.3784157576568739,0.5720303285593935,0.5,0.1539565395653956,0.5571571571571572,0.0,0.0,0.0,0.0,0.0,1.0,0.0,0.0,0.0681785516553864,0.6615297777656304,0.4685134502098967,3.0067188883289795,0.2625491,0.35454752412642926,0.28180924,0.6818216176469828,1196
M-0715,Cotton,1.0,0.8568871103622578,0.68,0.4821648216482165,0.3735735735735736,0.0,0.0,1.0,0.0,0.0,0.0,0.0,0.0,0.3020407861736274,1.1670135084232178,0.7160720720720721,2.7498998497864444,0.29333508,0.32417126856869,0.31259888,0.6816149236628138,1197
M-0024,Cotton,0.3955698320283745,0.6524852569502948,0.73,0.7796227962279623,0.1646646646646646,0.0,0.0,1.0,0.0,0.0,0.0,0.0,0.0,0.6512464699221566,0.606250059391685,0.4266273322107492,1.3514843797881377,0.45874304,0.15876832206739636,0.47802654,0.6816025694226541,1198
M-0746,Plastic,0.6675366392290705,0.8656276326874475,0.5,0.6836818368183681,0.0781781781781781,0.0,0.0,0.0,0.0,0.0,1.0,0.0,0.0,0.6302328363623976,0.7711582242336684,0.4404681091450816,1.5734789135024738,0.43361327,0.1850255759174102,0.4528938,0.6810403152498368,1199
M-0156,Plastic,0.8928372259028754,0.606044650379107,0.48,0.8956539565395655,0.4773773773773774,0.0,0.0,0.0,0.0,0.0,1.0,0.0,0.0,0.4680890197290361,1.473217777149903,0.6443481035743635,2.117680554056658,0.36936882,0.2493931095793547,0.3886417,0.680982602586612,1200
M-0366,Bamboo,0.5053871377902697,0.1019376579612468,0.34,0.8386633866338664,0.9088088088088088,0.0,1.0,0.0,0.0,0.0,0.0,0.0,0.0,0.0764787132355807,4.9577574189999485,0.5767974977587504,3.838320619983574,0.16619958,0.4529084044815462,0.18544824,0.680821675652198,1201
M-1160,Aluminum,0.1462223114501773,0.0403327716933445,0.55,0.940959409594096,0.4924924924924925,1.0,0.0,0.0,0.0,0.0,0.0,0.0,0.0,0.4775439646288354,3.625307163483184,0.3712366723278186,2.477524189931,0.32947177,0.29195499403378433,0.3487399,0.6796525568609384,1202
M-0227,Steel,0.5941243391554575,0.1306866048862678,0.37,0.3269782697826978,0.7492492492492493,0.0,0.0,0.0,0.0,0.0,0.0,1.0,0.0,0.0819900466271929,4.546141462095811,0.5734245104369577,3.75394014535477,0.17939943,0.44292798061595584,0.19864967,0.6792111723650186,1203
M-0003,Steel,0.6268709986838877,0.6694397641112046,0.31,0.6963919639196391,0.3044044044044044,0.0,0.0,0.0,0.0,0.0,0.0,1.0,0.0,0.4844071829106678,0.936409959313076,0.4350697207948764,1.6436165611476392,0.43000326,0.19332137486276507,0.44928333,0.6786976467523104,1204
M-0687,Wood,0.3058734301456646,0.780960404380792,0.35,0.6838868388683886,0.2107107107107107,0.0,0.0,0.0,0.0,0.0,0.0,0.0,1.0,0.5397845570047292,0.3916626717144687,0.290562585271479,1.2050955114642015,0.4820149,0.14145361790741,0.50130117,0.6786226063485716,1205
M-1093,Cotton,0.4378415757656874,0.632687447346251,0.35,0.6500615006150061,0.067067067067067,0.0,0.0,1.0,0.0,0.0,0.0,0.0,0.0,0.6064637823555412,0.6920334607059295,0.300256750426395,0.8192648377410511,0.5281422,0.09581801700515054,0.547434,0.6783740053180729,1206
M-1426,Wood,0.837002832987575,0.2811710193765795,0.82,0.8587535875358753,0.2882882882882883,0.0,0.0,0.0,0.0,0.0,0.0,0.0,1.0,0.611184985723731,2.9768354434534245,0.6672876196815165,2.1868632652270152,0.36682507,0.2575759597551604,0.38609764,0.6781632002228608,1207
M-0260,Glass,0.4880546075085324,0.8934288121314239,0.06,0.4622796227962279,0.2082082082082082,0.0,0.0,0.0,1.0,0.0,0.0,0.0,0.0,0.3660292108426589,0.5462707880143353,0.2756843054658754,1.9396056710387222,0.39663988,0.22833062065460374,0.415916,0.6778766917545691,1208
M-1212,Paper,0.4082402016551786,0.1562763268744734,0.2,0.6853218532185321,0.315015015015015,0.0,0.0,0.0,0.0,1.0,0.0,0.0,0.0,0.4694351793367782,2.6122804236540924,0.3178005851665759,2.5416943364701456,0.32580596,0.29954496392664265,0.34507364,0.6776906978634152,1209
M-0538,Bamboo,0.3487251555912467,0.1970303285593934,0.58,0.8193931939319392,0.2835835835835836,0.0,1.0,0.0,0.0,0.0,0.0,0.0,0.0,0.5870267356327216,1.7698969912093263,0.3985651373115737,1.5330241939018452,0.44556266,0.18024063899030676,0.4648446,0.677457373371172,1210
M-1412,Plastic,0.5053871377902697,0.5014743049705139,0.04,0.4399343993439934,0.1266266266266266,0.0,0.0,0.0,0.0,0.0,1.0,0.0,0.0,0.3842269904180523,1.0078006489671223,0.2521428431040958,1.630134690426979,0.43573412,0.19172675495946162,0.45501488,0.6766291802843225,1211
M-0808,Aluminum,0.4093555510941578,0.0769797809604043,0.68,0.4887248872488725,0.5082082082082082,1.0,0.0,0.0,0.0,0.0,0.0,0.0,0.0,0.2403508879933644,5.317633128517009,0.5202046829001256,3.7740882888328557,0.18304789,0.44531107946554893,0.20229857,0.6761951769177115,1212
M-0096,Wood,0.4129692832764505,0.6688079191238417,0.66,0.536080360803608,0.1935935935935935,0.0,0.0,0.0,0.0,0.0,0.0,0.0,1.0,0.4322986373006873,0.6174697607463904,0.4212657913886583,1.6829637603928191,0.43112835,0.1979753155773469,0.45040858,0.6758080532518234,1213
M-0048,Bamboo,0.5640545182805773,0.4918913226621735,0.1,0.6047560475604756,0.3129129129129129,0.0,1.0,0.0,0.0,0.0,0.0,0.0,0.0,0.4155200711166271,1.1467032362445797,0.3494956811861048,1.4642837309557768,0.45745748,0.17211009741731023,0.47674084,0.6755745327427609,1214
M-0204,Aluminum,0.9146757679180888,0.3474094355518113,0.14,0.4091840918409183,0.0069069069069069,1.0,0.0,0.0,0.0,0.0,0.0,0.0,0.0,0.4063578954107859,2.632839069630302,0.4099423792393076,2.434834340123672,0.3429363,0.2869056885195666,0.362206,0.6754441497349295,1215
M-0973,Aluminum,0.3011889625019518,0.0836141533277169,0.2,0.1873718737187371,0.0051051051051051,1.0,0.0,0.0,0.0,0.0,0.0,0.0,0.0,0.1864153206096625,3.6020858721802176,0.1820071165323122,2.9106792025741806,0.2879643,0.34318806240299643,0.3072275,0.6747922226322726,1216
M-0632,Paper,0.3893461821588704,0.855412805391744,0.07,0.6256662566625666,0.1747747747747747,0.0,0.0,0.0,0.0,1.0,0.0,0.0,0.0,0.5163155775701901,0.4551553642281539,0.2291709052959805,1.2611567416555105,0.483323,0.14808447465711475,0.50260943,0.6746530467996317,1217
M-0803,Aluminum,0.8190680140087889,0.2686394271272114,0.15,0.490159901599016,0.6624624624624625,1.0,0.0,0.0,0.0,0.0,0.0,0.0,0.0,0.1654473661853735,3.0489380275625053,0.5713659443422543,2.951681215938182,0.2846776,0.3480377325964329,0.3039404,0.6740109409117521,1218
M-0427,Aluminum,0.7795846438689241,0.367944397641112,0.58,0.5785157851578516,0.9924924924924924,1.0,0.0,0.0,0.0,0.0,0.0,0.0,0.0,0.0043432116002841,2.1187509039841785,0.7835816052953174,3.683665372082811,0.20005539,0.4346159626118169,0.2193081,0.673037972098995,1219
M-0074,Plastic,0.3964621115795579,0.3094987363100253,0.33,0.9993849938499384,0.9665665665665666,0.0,0.0,0.0,0.0,0.0,1.0,0.0,0.0,0.0334128716662541,1.280977219258186,0.5475548146017932,2.187567584560263,0.378184,0.25765926582227444,0.3974579,0.6724414182573045,1220
M-0340,Paper,0.2293158446541301,0.7143007582139849,0.04,0.6400164001640015,0.0856856856856856,0.0,0.0,0.0,0.0,1.0,0.0,0.0,0.0,0.5851761560658648,0.321034971588903,0.1294320435673577,0.590224350086935,0.5677405,0.06872737596259267,0.58703697,0.6721178283799403,1221
M-1390,Aluminum,0.8582167793169599,0.2076663858466722,0.93,0.4479294792947929,0.287987987987988,1.0,0.0,0.0,0.0,0.0,0.0,0.0,0.0,0.3189311697921783,4.132650756968694,0.7086831081231805,3.4330188210743073,0.23214711,0.4049697816615707,0.25140363,0.6718132942793068,1222
M-1373,Aluminum,0.9675879453032634,0.4918913226621735,0.06,0.4833948339483395,0.1178178178178178,1.0,0.0,0.0,0.0,0.0,0.0,0.0,0.0,0.4264423094681397,1.9670726716501177,0.4403805234666507,2.3454449118626153,0.36140838,0.2763328114757631,0.3806803,0.6714934478397323,1223
M-0524,Bamboo,0.5053871377902697,0.4598778433024431,0.48,0.7187371873718738,0.0232232232232232,0.0,1.0,0.0,0.0,0.0,0.0,0.0,0.0,0.7020457932307052,1.0989571387129409,0.3531218220830748,1.088826487256426,0.5104137,0.1277014536877024,0.5297033,0.6712976136197871,1224
M-0637,Aluminum,0.7731825380891834,0.5071609098567819,0.96,0.5645756457564576,0.0945945945945946,1.0,0.0,0.0,0.0,0.0,0.0,0.0,0.0,0.511169841428144,1.52452801178922,0.6256513936140518,3.270361513410588,0.25263062,0.38573086552059066,0.27188957,0.6711897835521131,1225
M-0722,Glass,0.738026723772558,0.1631213142375737,0.99,0.1978269782697826,0.0382382382382382,0.0,0.0,0.0,1.0,0.0,0.0,0.0,0.0,0.1902624231447519,4.524376246266867,0.6036821609804945,3.5395658242173793,0.22092399,0.4175720365985588,0.24017918,0.6711243911512517,1226
M-0722,Glass,0.738026723772558,0.1631213142375737,0.99,0.1978269782697826,0.0382382382382382,0.0,0.0,0.0,1.0,0.0,0.0,0.0,0.0,0.1902624231447519,4.524376246266867,0.6036821609804945,3.5395658242173793,0.22092399,0.4175720365985588,0.24017918,0.6711243911512517,1227
M-0421,Plastic,0.5053871377902697,0.6451137320977255,0.18,0.8507585075850758,0.4832832832832833,0.0,0.0,0.0,0.0,0.0,1.0,0.0,0.0,0.4396011427581743,0.7834065983067813,0.4011398401010928,2.2350138529593977,0.37598458,0.26327115496543274,0.39525822,0.6707353134922821,1228
M-0418,Plastic,0.5061678823975552,0.6519587194608256,0.09,0.8343583435834359,0.4585585585585585,0.0,0.0,0.0,0.0,0.0,1.0,0.0,0.0,0.451756184228509,0.77637907264602,0.3670347205265896,1.7254477858449098,0.43626493,0.2030002764275156,0.45554575,0.6707269851659495,1229
M-0791,Wood,0.7085145776171674,0.1794439764111204,0.17,0.5924559245592456,0.1918918918918919,0.0,0.0,0.0,0.0,0.0,0.0,0.0,1.0,0.4787684363330119,3.948366746104461,0.3919733986144345,1.8149109058692787,0.4257047,0.21358186964690942,0.44498426,0.6707169365659343,1230
M-0720,Paper,0.5053871377902697,0.496419545071609,0.88,0.8253382533825339,0.3342342342342342,0.0,0.0,0.0,0.0,1.0,0.0,0.0,0.0,0.5494819542790024,1.018062493197914,0.5664251253863781,1.4355551792511096,0.4719928,0.16871211791650245,0.49127787,0.6700050042837074,1231
M-0697,Bamboo,0.6920297129090544,0.5141112047177759,0.18,0.3362033620336203,0.5577577577577578,0.0,1.0,0.0,0.0,0.0,0.0,0.0,0.0,0.1486833286751285,1.3460674665153047,0.498139212490949,2.531403127067487,0.3424018,0.2983277317129117,0.36167145,0.6700004102665911,1232
M-0996,Aluminum,0.4799348635927636,0.1717565290648693,0.05,0.6055760557605576,0.5997997997997998,1.0,0.0,0.0,0.0,0.0,0.0,0.0,0.0,0.2423516587518227,2.794258081178507,0.3869138853770454,3.0307926264624285,0.28348017,0.3573949377213159,0.3027428,0.6699311266107242,1233
M-0406,Paper,0.7523478105690513,0.4167017691659646,0.01,0.1264862648626486,0.4773773773773774,0.0,0.0,0.0,0.0,1.0,0.0,0.0,0.0,0.0661045834682571,1.8054783078952996,0.4471523374408337,3.057592240268845,0.2809511,0.3605647647031952,0.30021346,0.6696108895714676,1234
M-1375,Glass,0.9846304847308662,0.2497893850042122,0.91,0.8181631816318163,0.2833833833833833,0.0,0.0,0.0,1.0,0.0,0.0,0.0,0.0,0.5863093310612786,3.94182700312609,0.7518672089073615,3.8480960569642013,0.18807724,0.4540646317363372,0.20732851,0.6693034274995033,1235
M-1305,Plastic,0.8499855004572933,0.1441659646166807,0.44,0.490159901599016,0.802002002002002,0.0,0.0,0.0,0.0,0.0,1.0,0.0,0.0,0.0970506792155008,5.895840997396891,0.7125948007835179,4.388230195907622,0.1268391,0.5179510660642477,0.14608307,0.6679829310539319,1236
M-1457,Wood,0.2778781592272859,0.4918913226621735,0.8,0.93029930299303,0.1269269269269269,0.0,0.0,0.0,0.0,0.0,0.0,0.0,1.0,0.8122192713418626,0.5649166421695296,0.3892293417689924,1.0227490489586228,0.52494574,0.11988589155599394,0.5442371,0.6679385156039153,1237
M-0511,Aluminum,0.2667915858038323,0.1473251895534962,0.12,0.7615826158261583,0.2563563563563564,1.0,0.0,0.0,0.0,0.0,0.0,0.0,0.0,0.5663460713686215,1.8108904235723584,0.2196235412284398,1.7053872356147042,0.44434124,0.20062753800485125,0.46362305,0.6678747075600744,1238
M-1043,Bamboo,0.5109415779963863,0.3895324347093513,0.06,0.952029520295203,0.4291291291291291,0.0,1.0,0.0,0.0,0.0,0.0,0.0,0.0,0.5434859213457,1.3116757958854626,0.3511153699372932,1.2328807829640023,0.50101745,0.14474002732864663,0.520306,0.6674769907492815,1239
M-1314,Steel,0.4577617167458565,0.4188079191238416,0.33,0.5756457564575646,0.1697697697697697,0.0,0.0,0.0,0.0,0.0,0.0,1.0,0.0,0.4779185089148188,1.093008519740948,0.3330356176292736,1.7103255181295034,0.44476682,0.20121163228593397,0.46404865,0.6673698569365236,1240
M-1169,Glass,0.389792321934462,0.2320977253580454,0.76,0.7613776137761378,0.1137137137137137,0.0,0.0,0.0,1.0,0.0,0.0,0.0,0.0,0.6747985377751675,1.6794246557500547,0.4180310428878989,1.6467841299242136,0.4525826,0.19369603119354173,0.4718654,0.6672192915178303,1241
M-0462,Steel,0.4498650427178835,0.5182181971356361,0.5,0.968839688396884,0.1707707707707707,0.0,0.0,0.0,0.0,0.0,0.0,1.0,0.0,0.8033901880560348,0.8680979886589151,0.3811772483183847,1.2956041692458167,0.49418932,0.15215887611009174,0.513477,0.6671820482368396,1242
M-1128,Plastic,0.5070601619487385,0.1877632687447346,0.7,0.8273882738827387,0.3872872872872873,0.0,0.0,0.0,0.0,0.0,1.0,0.0,0.0,0.5069513137573817,2.7005146684116266,0.5290102509656815,2.5942680757165526,0.3407097,0.305763324325614,0.35997912,0.6671287763986326,1243
M-0790,Bamboo,0.5239242454661045,0.5189553496208931,0.09,0.8665436654366544,0.3938938938938939,0.0,1.0,0.0,0.0,0.0,0.0,0.0,0.0,0.525217406828723,1.0095728587748094,0.3547378663546099,1.0971844421819525,0.51802206,0.12869002282260247,0.5373126,0.6669986751693567,1244
M-0532,Cotton,0.7019117089384104,0.8440395956192082,0.73,0.4030340303403034,0.0534534534534534,0.0,0.0,1.0,0.0,0.0,0.0,0.0,0.0,0.3814904695593503,0.8316089446189153,0.5158007196114002,2.136550034949932,0.39628142,0.2516249697136688,0.4155575,0.6664087632930374,1245
M-1417,Aluminum,0.6333177184411877,0.8395113732097725,0.21,0.3296432964329643,0.0521521521521521,1.0,0.0,0.0,0.0,0.0,0.0,0.0,0.0,0.3124516890814553,0.7543875929067907,0.3319727330221207,1.7152841983483444,0.44665584,0.20179813918359793,0.4659379,0.6661319741761301,1246
M-0754,Plastic,0.339311606326262,0.6251053074978938,0.01,0.611931119311193,0.1297297297297297,0.0,0.0,0.0,0.0,0.0,1.0,0.0,0.0,0.532545460589741,0.5428062431243429,0.1776435614494237,1.171105099722883,0.51196873,0.13743327175462247,0.5312585,0.6656541023905873,1247
M-0975,Paper,0.6915612661446832,0.1658593091828138,0.22,0.1022960229602296,0.903803803803804,0.0,0.0,0.0,0.0,1.0,0.0,0.0,0.0,0.0098404882947728,4.169540437685025,0.6137656475990144,3.826734683746186,0.19930947,0.45153803349184135,0.21856208,0.6649499425259872,1248
M-0258,Wood,0.8492047558500078,0.4393428812131423,0.41,0.3204182041820418,0.0,0.0,0.0,0.0,0.0,0.0,0.0,0.0,1.0,0.3204182041820418,1.9328930984656787,0.4626819023400031,2.5468826973602,0.35067484,0.3001586371855119,0.36994547,0.664947948148043,1249
M-0142,Aluminum,0.8557183965736465,0.1669123841617523,0.53,0.5678556785567855,0.9015015015015015,1.0,0.0,0.0,0.0,0.0,0.0,0.0,0.0,0.0559329317016893,5.12672126846573,0.7717378090799091,4.429670549526612,0.12867938,0.5228525826304545,0.14792357,0.6646119217589801,1250
M-1001,Wood,0.5341185393383746,0.5327506318449874,0.34,0.4620746207462075,0.1582582582582582,0.0,0.0,0.0,0.0,0.0,0.0,0.0,1.0,0.3889474960815674,1.002565749988702,0.3631248932128273,1.2857376495680009,0.5019032,0.15099187570038825,0.5211918,0.663908174250407,1251
M-1134,Bamboo,0.7607798523277343,0.2596882898062342,0.18,0.2439524395243952,0.8884884884884885,0.0,1.0,0.0,0.0,0.0,0.0,0.0,0.0,0.0272035052682859,2.929577314857252,0.6248584874776402,3.721051354215872,0.21400799,0.4390379328598008,0.23326235,0.6638498609726913,1252
M-1063,Bamboo,0.2628209418010663,0.7090353833192924,0.01,0.6699466994669946,0.1033033033033033,0.0,1.0,0.0,0.0,0.0,0.0,0.0,0.0,0.6007389923749087,0.3706734209755116,0.1391193677114175,0.6963791468522164,0.5718091,0.0812832411878571,0.59110606,0.6638053508225448,1253
M-0684,Paper,0.6661759129135157,0.5447556866048863,0.92,0.988519885198852,0.2104104104104104,0.0,0.0,0.0,0.0,1.0,0.0,0.0,0.0,0.7805250104553096,1.2228870783860524,0.6055934882885294,1.9581119516234622,0.4231925,0.2305195218811465,0.44247177,0.6635043528432631,1254
M-0813,Aluminum,0.7802761605210913,0.5993049705139006,0.88,0.490159901599016,0.1133133133133133,1.0,0.0,0.0,0.0,0.0,0.0,0.0,0.0,0.4346182590955039,1.301966272506863,0.6101044582024304,2.658313583051601,0.34089854,0.3133385520391633,0.360168,0.6632467189822113,1255
M-0280,Plastic,0.828838475094247,0.4918913226621735,0.36,0.2900779007790078,0.1521521521521521,0.0,0.0,0.0,0.0,0.0,1.0,0.0,0.0,0.2459419238837033,1.6849998198965277,0.4851810356833445,1.9623933926508976,0.42344418,0.2310259257192063,0.44272348,0.6631252957167899,1256
M-0563,Bamboo,0.5464543041334851,0.6669123841617524,0.12,0.8206232062320623,0.3034034034034034,0.0,1.0,0.0,0.0,0.0,0.0,0.0,0.0,0.5716433325494416,0.8193782237858772,0.345602742674415,1.0183378239159888,0.535624,0.11936413701638429,0.5549167,0.6628595915622272,1257
M-1286,Wood,0.3476098061522675,0.1297388374052232,0.38,0.2476424764247642,0.0988988988988989,0.0,0.0,0.0,0.0,0.0,0.0,0.0,1.0,0.2231509081857585,2.679283503852094,0.2827135921305767,2.596000823098761,0.34943396,0.3059682716597278,0.36870444,0.6626636450653692,1258
M-0549,Plastic,0.6356153382854848,0.9815711878685762,0.43,0.964739647396474,0.3642642642642643,0.0,0.0,0.0,0.0,0.0,1.0,0.0,0.0,0.6133194695310317,0.6475482355156013,0.4925254145934732,1.464528066121461,0.48362175,0.17213899709498479,0.50290823,0.6624763865385672,1259
M-1106,Paper,0.2499721162640255,0.0769797809604043,0.19,0.968839688396884,0.4213213213213213,0.0,0.0,0.0,0.0,1.0,0.0,0.0,0.0,0.5606468707329716,3.247201615070656,0.2833852429020065,2.3472161187532556,0.38013062,0.2765423077555602,0.39940476,0.6620264640345124,1260
M-0098,Paper,0.9974346962903478,0.3620471777590565,0.5,0.2548175481754817,0.4491491491491491,0.0,0.0,0.0,0.0,1.0,0.0,0.0,0.0,0.1403664632241918,2.754977811141317,0.6837186232608838,3.530913995611598,0.24014771,0.4165487084284105,0.2594052,0.6620230479292731,1261
M-1316,Paper,0.7860536706150036,0.4918913226621735,0.04,0.3538335383353833,0.0147147147147147,0.0,0.0,0.0,0.0,1.0,0.0,0.0,0.0,0.3486269787622801,1.598019799050324,0.3308358826604159,2.338626647978719,0.381215,0.27552635519677104,0.40048927,0.6619921870580628,1262
M-1186,Paper,0.8048361551674139,0.3894271272114574,0.35,0.5608856088560886,0.1218218218218218,0.0,0.0,0.0,0.0,1.0,0.0,0.0,0.0,0.4925575021515981,2.066712954019349,0.4634810086135121,2.0983780197456685,0.4099044,0.24711002839320062,0.42918208,0.6618539445960862,1263
M-1292,Steel,0.5601284882553704,0.8093934288121315,0.59,0.8046330463304633,0.2683683683683683,0.0,0.0,0.0,0.0,0.0,0.0,1.0,0.0,0.588694988551487,0.6920340297837432,0.4815619058126587,1.6953838720050927,0.45782202,0.1994443518549186,0.47710544,0.6617251047179111,1264
M-1165,Steel,0.4470766691204354,0.7841196293176074,0.17,0.1961869618696186,0.4773773773773774,0.0,0.0,0.0,0.0,0.0,0.0,1.0,0.0,0.1025317445366645,0.5701631259332005,0.3730438808613874,1.4867849780691096,0.4839472,0.1747715186131895,0.5032337,0.660997405099228,1265
M-1168,Aluminum,0.5920720961877356,0.6545914069081719,0.37,0.9157441574415744,0.1212212212212212,1.0,0.0,0.0,0.0,0.0,0.0,0.0,0.0,0.8047365323503085,0.9044897098398412,0.3841952048414606,1.1361265136121859,0.5258893,0.133296045492984,0.54518074,0.6607616082673782,1266
M-1006,Steel,0.8013562649177988,0.1429022746419544,0.87,0.5483804838048381,0.748948948948949,0.0,0.0,0.0,0.0,0.0,0.0,1.0,0.0,0.1376714968350884,5.607683007444053,0.8062271906518043,4.778927159705448,0.0957363,0.5641622460659592,0.11497657,0.6604305919619278,1267
M-0480,Paper,0.4076602199469094,0.4843091828138163,0.19,0.9239442394423945,0.4236236236236236,0.0,0.0,0.0,0.0,1.0,0.0,0.0,0.0,0.5325396327036342,0.8417337367932783,0.3471511750658508,2.043221489094247,0.4194779,0.24058617844712907,0.43875673,0.6603285437100521,1268
M-1376,Steel,0.6672243413861563,0.263374052232519,0.5,0.490159901599016,0.0,0.0,0.0,0.0,0.0,0.0,0.0,1.0,0.0,0.490159901599016,2.5333619708107418,0.4168897365544625,2.60304015007941,0.35344422,0.3068008750232953,0.37271518,0.6602419749124399,1269
M-0542,Plastic,0.1299828236186397,0.9815711878685762,0.08,0.6619516195161951,0.0778778778778778,0.0,0.0,0.0,0.0,0.0,1.0,0.0,0.0,0.6104002321304494,0.1324230914701133,0.0993564928108192,0.315757052457205,0.6240259,0.03626370495768035,0.643329,0.6602036353637196,1270
M-0250,Glass,0.444466751433224,0.4077506318449873,0.16,0.6305863058630586,0.621921921921922,0.0,0.0,0.0,1.0,0.0,0.0,0.0,0.0,0.2384108585830602,1.0900428513850668,0.4123632771498662,2.6763710250998316,0.34506786,0.31547436516847405,0.36433783,0.6600939015479574,1271
M-1167,Steel,0.8863458921680163,0.3128685762426285,0.33,0.3833538335383354,0.6810810810810811,0.0,0.0,0.0,0.0,0.0,0.0,1.0,0.0,0.1222587901554691,2.8329564760258457,0.6578626811915309,4.292234047581527,0.15553749,0.5065967538969699,0.17478488,0.6593091811231284,1272
M-0544,Plastic,0.6888621205023533,0.2596882898062342,0.91,0.9159491594915948,0.4930930930930931,0.0,0.0,0.0,0.0,0.0,1.0,0.0,0.0,0.4643009553218654,2.652639702686022,0.6964727761288694,2.682067947090792,0.34662703,0.3161481904396533,0.36589718,0.6589773154552222,1273
M-0221,Glass,0.6629637065292555,0.2278854254422914,0.97,0.6863468634686347,0.1988988988988989,0.0,0.0,0.0,1.0,0.0,0.0,0.0,0.0,0.5498332280620104,2.9091847188464515,0.6158551522813719,2.973676260516033,0.31240657,0.3506392807483625,0.33167264,0.6588440402984643,1274
M-1129,Wood,0.2954560663855986,0.088458298230834,0.5,0.968429684296843,0.6476476476476477,0.0,0.0,0.0,0.0,0.0,0.0,0.0,1.0,0.3412284773498385,3.34002272564505,0.4624767208485337,2.8264577963444704,0.33025885,0.3332264529616382,0.34952706,0.6586232430263983,1275
M-1207,Steel,0.6417720671886501,0.4918913226621735,0.36,0.6143911439114391,0.6697697697697699,0.0,0.0,0.0,0.0,0.0,0.0,1.0,0.0,0.202890528905289,1.3047003126930534,0.565639757806391,2.8305958289418705,0.32990468,0.33371589461829354,0.34917283,0.6585556374000208,1276
M-0516,Glass,0.0694862700484061,0.9582982308340352,0.44,0.7367773677736777,0.079079079079079,0.0,0.0,0.0,1.0,0.0,0.0,0.0,0.0,0.6785136920438274,0.0725099925082171,0.1835182317430861,0.3370726431012685,0.6254741,0.038784888092866766,0.6447774,0.6582188473621055,1277
M-0294,Plastic,0.6250418256039616,0.6138374052232519,0.62,0.8280032800328003,0.1505505505505505,0.0,0.0,0.0,0.0,0.0,1.0,0.0,0.0,0.7033469303662006,1.0182514164727683,0.4811818954067498,1.270200614452754,0.5158069,0.14915417335577744,0.5350972,0.6578743224235974,1278
M-0294,Plastic,0.6250418256039616,0.6138374052232519,0.62,0.8280032800328003,0.1505505505505505,0.0,0.0,0.0,0.0,0.0,1.0,0.0,0.0,0.7033469303662006,1.0182514164727683,0.4811818954067498,1.270200614452754,0.5158069,0.14915417335577744,0.5350972,0.6578743224235974,1279
M-1206,Wood,0.9334359454817194,0.1674389216512215,0.75,0.1881918819188191,0.5301301301301301,0.0,0.0,0.0,0.0,0.0,0.0,0.0,1.0,0.0884256950677614,5.574751446826836,0.7574134172317268,4.71403480317168,0.109442815,0.5564868540194806,0.12868471,0.6574142157719942,1280
M-0781,Aluminum,0.3092640924401615,0.1990311710193765,0.27,0.6219762197621976,0.0844844844844844,1.0,0.0,0.0,0.0,0.0,0.0,0.0,0.0,0.5694288794739799,1.5538397177512244,0.2300509823214099,1.6938551422145462,0.46664652,0.19926353548297088,0.48593098,0.6574027426325838,1281
M-0292,Glass,0.7905150683709206,0.4918913226621735,0.29,0.6486264862648626,0.3949949949949949,0.0,0.0,0.0,1.0,0.0,0.0,0.0,0.0,0.3924222705690521,1.607089665666195,0.5217045258468667,2.6979004159256466,0.34828112,0.3180208363391427,0.36755148,0.6572138439487683,1282
M-1351,Paper,0.9153449775814764,0.1413226621735467,0.45,0.531980319803198,0.8168168168168168,0.0,0.0,0.0,0.0,1.0,0.0,0.0,0.0,0.0974498483723576,6.476940687097566,0.7461830360776356,4.61823004033245,0.12495294,0.5451551787037853,0.14419669,0.6553240660836694,1283
M-0556,Cotton,0.8710656048540008,0.9776748104465038,0.08,0.084870848708487,0.9144144144144144,0.0,0.0,1.0,0.0,0.0,0.0,0.0,0.0,0.0072637212858614,0.8909554635050095,0.6467505662659248,3.303331069986993,0.2826935,0.38963046611824786,0.30195606,0.6542067381666146,1284
M-1445,Glass,0.1081888955809855,0.3451979780960404,0.5,0.5604756047560476,0.377977977977978,0.0,0.0,0.0,1.0,0.0,0.0,0.0,0.0,0.3486281689643724,0.3134102429204917,0.3066689516257876,2.9464637055006717,0.32750717,0.34742061156317766,0.34677505,0.6529021667525908,1285
M-0036,Steel,0.9086751879363804,0.2769587194608256,0.1,0.7088970889708898,0.4773773773773774,0.0,0.0,0.0,0.0,0.0,0.0,1.0,0.0,0.370485655807509,3.2808929388914527,0.5366832883877654,2.621052730987712,0.36710736,0.3089313820294354,0.38637996,0.6523443303857339,1286
M-1173,Glass,0.6187289477793392,0.762636899747262,0.6,0.054530545305453,0.1784784784784785,0.0,0.0,0.0,1.0,0.0,0.0,0.0,0.0,0.044798016548734,0.8113010748408724,0.4810351226552792,2.6804157140995715,0.3613037,0.315952766253553,0.3805756,0.6517358182301113,1287
M-0062,Bamboo,0.8388543130562806,0.8745787700084247,0.46,0.6139811398113981,0.0519519519519519,0.0,1.0,0.0,0.0,0.0,0.0,0.0,0.0,0.5820836211365117,0.9591512882217708,0.4891273108080978,1.3089277006620998,0.524038,0.1537347678256335,0.5433293,0.65146796683906,1288
M-0217,Paper,0.7185527225679805,0.395324347093513,0.31,0.7773677736777368,0.4773773773773774,0.0,0.0,0.0,0.0,1.0,0.0,0.0,0.0,0.4062699846217681,1.8176237062735288,0.5236343022404054,2.8981910778630464,0.339524,0.3417109816156252,0.35879332,0.6497478500563689,1289
M-0862,Aluminum,0.6501148809922148,0.2421019376579612,0.06,0.3741287412874129,0.1787787787787787,1.0,0.0,0.0,0.0,0.0,0.0,0.0,0.0,0.3072424618140075,2.685282910159007,0.3316795860305195,2.7726514335355414,0.35442546,0.3268622992891068,0.37369654,0.6497205824425819,1290
M-1253,Cotton,0.9064667960472016,0.9976832350463354,0.85,0.4727347273472734,0.0956956956956956,0.0,0.0,1.0,0.0,0.0,0.0,0.0,0.0,0.4274960487342611,0.9085708325391174,0.6462954271275893,2.7610515484008333,0.35593674,0.32549027844013867,0.375208,0.6496508655759587,1291
M-0116,Paper,0.5585446920520198,0.0438079191238416,0.35,0.9907749077490776,0.3035035035035035,0.0,0.0,0.0,0.0,1.0,0.0,0.0,0.0,0.690071252063872,12.74956568713994,0.4194689278718589,2.0300385669745578,0.4426889,0.23902691783476163,0.4619705,0.6495012870333181,1292
M-0677,Paper,0.001717638136028,0.8070766638584668,0.24,0.7763427634276343,0.1005005005005005,0.0,0.0,0.0,0.0,1.0,0.0,0.0,0.0,0.6983199271432153,0.0021282191453748,0.1028372054045613,0.459466497259825,0.6314585,0.053261490036850816,0.65076256,0.6479879759898755,1293
M-0239,Glass,0.2441053782149947,0.5889848357203034,0.34,0.6084460844608446,0.1573573573573573,0.0,0.0,0.0,1.0,0.0,0.0,0.0,0.0,0.5127026165156546,0.4144503371909865,0.2468493584932051,1.9607902660672851,0.45422354,0.23083630978157343,0.4735065,0.6478285899803529,1294
M-0878,Plastic,0.5346316000803052,0.0811920808761583,0.5,0.2974579745797457,0.4773773773773774,0.0,0.0,0.0,0.0,0.0,1.0,0.0,0.0,0.1554582667948801,6.5846940935246,0.5070658532453353,4.551058058210432,0.15028119,0.5372101552084949,0.16952796,0.6466309409938322,1295
M-0420,Wood,0.284904860692855,0.3157118786857624,0.1,0.7470274702747028,0.2418418418418418,0.0,0.0,0.0,0.0,0.0,0.0,0.0,1.0,0.5663649709570169,0.9024176076656936,0.2165144968296945,1.1547704105597747,0.55213267,0.1355012238219976,0.5714273,0.6465357452533842,1296
M-1433,Wood,0.0300921278636596,0.7730623420387531,0.13,0.8644936449364493,0.0688688688688688,0.0,0.0,0.0,0.0,0.0,0.0,0.0,1.0,0.8049569454653505,0.0389258243500455,0.0716975118061245,0.0430140639722884,0.68387955,0.004003983222030337,0.70318985,0.646403083462227,1297
M-0348,Paper,0.1839211224876754,0.4969460825610783,0.08,0.6816318163181632,0.0435435435435435,0.0,0.0,0.0,0.0,1.0,0.0,0.0,0.0,0.6519511516436486,0.3701020268391859,0.1106315120581332,0.7515625558326134,0.60023993,0.08781027027124864,0.6195403,0.6463247277927662,1298
M-0587,Wood,0.1970599388788507,0.9936815501263688,0.6,0.8866338663386634,0.0496496496496496,0.0,0.0,0.0,0.0,0.0,0.0,0.0,1.0,0.8426128055074344,0.1983127698617532,0.2737188704464351,0.3392273709702797,0.651251,0.03903974678550075,0.67055744,0.6452014069436296,1299
M-0651,Bamboo,0.1644471212830979,0.1279486099410278,0.12,0.6305863058630586,0.0654654654654654,0.0,1.0,0.0,0.0,0.0,0.0,0.0,0.0,0.5893046798335851,1.2852491020401855,0.1214184881528788,1.0680601861116241,0.5651362,0.12524523987215616,0.58443236,0.645161198308856,1300
M-0984,Steel,0.4244796894867162,0.0577085088458298,0.93,0.1713817138171381,0.8107107107107108,0.0,0.0,0.0,0.0,0.0,0.0,1.0,0.0,0.0324407228056264,7.355454897748444,0.6920050890078997,5.382977784172598,0.056582667,0.6356086475584527,0.07581827,0.6442865409983387,1301
M-1284,Aluminum,0.9724731758459924,0.4918913226621735,0.6,0.005330053300533,0.1092092092092092,1.0,0.0,0.0,0.0,0.0,0.0,0.0,0.0,0.0047479623945388,1.9770041755944965,0.6017520331011598,2.4912780881511694,0.39878172,0.293581789031624,0.4180581,0.6441800568029288,1302
M-0564,Bamboo,0.8171719199625241,0.1628053917438922,0.88,0.2788027880278803,0.3627627627627627,0.0,1.0,0.0,0.0,0.0,0.0,0.0,0.0,0.1776635183769255,5.019286474010201,0.6996975968138386,4.030335673144788,0.21753104,0.47561972042937806,0.23678581,0.6437972327022765,1303
M-1185,Cotton,0.6758125320662964,0.7076663858466724,0.49,0.7742927429274293,0.2625625625625626,0.0,0.0,1.0,0.0,0.0,0.0,0.0,0.0,0.570992456170808,0.954986121421628,0.4960937815952873,1.5965300285828967,0.50572056,0.18775203485342795,0.52500963,0.6436191665179882,1304
M-0753,Plastic,0.0225077516786008,0.2505265374894692,0.29,0.8724887248872488,0.125025025025025,0.0,0.0,0.0,0.0,0.0,1.0,0.0,0.0,0.7634058002241684,0.089841427829254,0.1335106081789478,0.11385955728687008,0.68204045,0.012383505325417609,0.7013505,0.6431329922770952,1305
M-0558,Wood,0.5053871377902697,0.1617523167649536,0.5,0.981959819598196,0.2976976976976977,0.0,0.0,0.0,0.0,0.0,0.0,0.0,1.0,0.6896326420721665,3.1244313742552543,0.4414641644254172,2.4524693547343364,0.4057211,0.2889915374255436,0.42499828,0.643005089594113,1306
M-0447,Glass,0.9739677440942248,0.6778643639427128,0.03,0.4460844608446084,0.131031031031031,0.0,0.0,0.0,1.0,0.0,0.0,0.0,0.0,0.3876335540132178,1.4368159164074592,0.4378964069469992,2.2940643677268526,0.42452538,0.27025558079917084,0.4438048,0.6429698093452113,1307
M-0802,Wood,0.6006825938566553,0.4832561078348779,0.02,0.9505945059450596,0.4091091091091091,0.0,0.0,0.0,0.0,0.0,0.0,0.0,1.0,0.5616976344938625,1.2429876024956474,0.3690057702753949,1.2138520509812094,0.55287933,0.1424893311616905,0.572174,0.6426683280886647,1308
M-0585,Wood,0.9752838564322202,0.3979570345408593,0.38,0.7960229602296024,0.3524524524524524,0.0,0.0,0.0,0.0,0.0,0.0,0.0,1.0,0.5154627156882181,2.4507203568774423,0.6098492783086238,2.4838251204251556,0.40291,0.29270026072440125,0.42218685,0.642556443887067,1309
M-1331,Wood,0.0240469339043922,0.4833614153327717,0.07,0.8817138171381714,0.3139139139139139,0.0,0.0,0.0,0.0,0.0,0.0,0.0,1.0,0.6049315818483509,0.0497492836463858,0.124792947735931,0.051950504559356986,0.69063425,0.005060974964503469,0.7099453,0.6424968519762139,1310
M-0045,Paper,0.0149456824823216,0.0054759898904801,0.03,0.7740877408774088,0.4676676676676677,0.0,0.0,0.0,0.0,1.0,0.0,0.0,0.0,0.4120719325311371,2.728813231570769,0.1552785732932289,1.8409832907996033,0.47907618,0.2166656808477372,0.4983621,0.6424861124941841,1311
M-0425,Cotton,0.6331838765085102,0.8905855096882898,0.87,0.9583845838458384,0.0966966966966966,0.0,0.0,1.0,0.0,0.0,0.0,0.0,0.0,0.8657119604229074,0.7109740262404469,0.5432825596124131,1.4887516834679813,0.5223857,0.1750041382279266,0.54167676,0.6416595510261124,1312
M-1444,Glass,0.5593477436480849,0.234519797809604,0.93,0.8029930299302993,0.2073073073073073,0.0,0.0,0.0,1.0,0.0,0.0,0.0,0.0,0.6365267071089129,2.385066692900269,0.5649312896514262,1.9674205360215529,0.46579212,0.23162053035840688,0.48507646,0.641651506189777,1313
M-1453,Cotton,0.4209328782707622,0.3177127211457455,0.64,0.3767937679376794,0.9376376376376376,0.0,0.0,1.0,0.0,0.0,0.0,0.0,0.0,0.0234977494920094,1.3248810178949328,0.6416644425995961,5.353673328130789,0.06570816,0.6321425507661034,0.08494486,0.6414562950434124,1314
M-0320,Wood,0.2851056235918713,0.9296545914069082,0.85,0.974989749897499,0.1828828828828828,0.0,0.0,0.0,0.0,0.0,0.0,0.0,1.0,0.7966808136549833,0.3066787595612719,0.4239071143016134,1.1108333236917114,0.5675691,0.1303043965667401,0.58686554,0.6414150295570535,1315
M-0923,Aluminum,0.8681433893238751,0.1595408593091827,0.73,0.050840508405084,0.8834834834834835,1.0,0.0,0.0,0.0,0.0,0.0,0.0,0.0,0.005923758937289,5.441477196536015,0.831302400774595,5.499766928645737,0.04861962,0.6494223309949252,0.06785428,0.641361695607741,1316
M-0923,Aluminum,0.8681433893238751,0.1595408593091827,0.73,0.050840508405084,0.8834834834834835,1.0,0.0,0.0,0.0,0.0,0.0,0.0,0.0,0.005923758937289,5.441477196536015,0.831302400774595,5.499766928645737,0.04861962,0.6494223309949252,0.06785428,0.641361695607741,1317
M-0864,Plastic,0.322335987864998,0.0914069081718618,0.11,0.543460434604346,0.3973973973973974,0.0,0.0,0.0,0.0,0.0,1.0,0.0,0.0,0.3274906723041204,3.526346837069651,0.2811536143652184,2.723970327770229,0.3790326,0.32110435502628093,0.39830664,0.6402945034856617,1318
M-0382,Wood,0.4945236342546119,0.7041912384161754,0.22,0.5811808118081181,0.4611611611611612,0.0,0.0,0.0,0.0,0.0,0.0,0.0,1.0,0.3131627937901,0.7022565817636149,0.4021578020501931,2.1931116704157763,0.44185752,0.25831501381407773,0.46113902,0.6402729814409683,1319
M-0144,Cotton,0.3954582970844765,0.1426916596461668,0.5,0.5817958179581796,0.3837837837837838,0.0,0.0,1.0,0.0,0.0,0.0,0.0,0.0,0.3585120175526079,2.771399019859112,0.4233184539689257,2.1864236258013383,0.44599417,0.25752395971800035,0.46527615,0.6385999441932383,1320
M-0066,Aluminum,0.5175890606527025,0.1315290648694186,0.58,0.4510045100451004,0.1308308308308308,1.0,0.0,0.0,0.0,0.0,0.0,0.0,0.0,0.3919992152874482,3.9351387925381034,0.4202848735103303,2.9910291203172523,0.3515055,0.35269175671342673,0.37077624,0.6382660036146459,1321
M-0783,Cotton,0.7156528140266345,0.7512636899747263,0.5,0.7886428864288643,0.2246246246246246,0.0,0.0,1.0,0.0,0.0,0.0,0.0,0.0,0.6114942741019002,0.9525974314734666,0.5036485129980411,2.1220278200939107,0.45500103,0.24990729912260073,0.47428408,0.6379043091131305,1322
M-0437,Cotton,0.5053871377902697,0.1243681550126368,0.13,0.4989749897498975,0.592992992992993,0.0,0.0,1.0,0.0,0.0,0.0,0.0,0.0,0.2030863171494577,4.063605141796761,0.4190527530140058,3.1838821984334307,0.33017343,0.3755021932729556,0.34944162,0.6375280944998823,1323
M-0505,Bamboo,0.6849360904771464,0.917860151642797,0.16,0.9104141041410414,0.3208208208208208,0.0,1.0,0.0,0.0,0.0,0.0,0.0,0.0,0.6183343039636602,0.7462306136949374,0.4182206824371048,1.5015788860334645,0.5292933,0.17652132474739668,0.5485852,0.6374467493923539,1324
M-1079,Wood,0.7985232773427915,0.140374894692502,0.31,0.4649446494464945,0.5610610610610611,0.0,0.0,0.0,0.0,0.0,0.0,0.0,1.0,0.2040823110933811,5.68846438408804,0.580727629255435,4.1956516280436285,0.21069013,0.4951730982563384,0.2299441,0.6374414033640678,1325
M-1463,Steel,0.0148341475384237,0.70650800336984,0.33,0.7082820828208283,0.0156156156156156,0.0,0.0,0.0,0.0,0.0,0.0,1.0,0.0,0.6972218220680706,0.0209964026893773,0.1096183437000542,0.38059848076509584,0.6619753,0.0439330732731571,0.681283,0.6373919647977476,1326
M-0841,Bamboo,0.6918512569988178,0.4504001684919966,0.58,0.490159901599016,0.191991991991992,0.0,1.0,0.0,0.0,0.0,0.0,0.0,0.0,0.3960531256964221,1.5360778465900262,0.5083381003971247,2.5640733740941886,0.40412202,0.302191930327039,0.42339903,0.6372045192553495,1327
M-1193,Steel,0.7846483303218897,0.2117733782645324,0.85,0.7222222222222222,0.4773773773773774,0.0,0.0,0.0,0.0,0.0,0.0,1.0,0.0,0.3774496718941163,3.7051145504569343,0.7120725453419692,3.495975666398004,0.2945247,0.41241624370548546,0.31378865,0.6368975519372353,1328
M-0152,Glass,0.0234000312297842,0.0717144060657118,0.38,0.96719967199672,0.1995995995995996,0.0,0.0,0.0,1.0,0.0,0.0,0.0,0.0,0.7741470047333106,0.3262901587469665,0.1832398923717935,0.3656320372590529,0.6662976,0.042162859836840025,0.6856058,0.6361156580847386,1329
M-0983,Paper,0.5258203395123693,0.2454717775905644,0.72,0.5526855268552685,0.0006006006006006,0.0,0.0,0.0,0.0,1.0,0.0,0.0,0.0,0.5523535835958959,2.14207190171372,0.4265083159851279,2.167901616613483,0.45323482,0.25533319813067396,0.47251767,0.6360745663342144,1330
M-0609,Paper,0.5053871377902697,0.0360151642796967,0.57,0.0161951619516195,0.1970970970970971,0.0,0.0,0.0,0.0,1.0,0.0,0.0,0.0,0.0130031425439379,14.032231024533894,0.4322839842452369,2.5663749699896807,0.40734115,0.3024641603980995,0.42661855,0.6354586466772091,1331
M-0861,Paper,0.8802114702536304,0.6379528222409436,0.34,0.977039770397704,0.3133133133133133,0.0,0.0,0.0,0.0,1.0,0.0,0.0,0.0,0.6709202026955204,1.3797416671346323,0.5480785820954462,1.471307432331925,0.5381993,0.17294085260264977,0.55749226,0.6347834456163997,1332
M-1112,Aluminum,0.655423944321756,0.2720092670598146,0.81,0.4639196391963919,0.198098098098098,1.0,0.0,0.0,0.0,0.0,0.0,0.0,0.0,0.3720180410012308,2.4095559017175976,0.5645990071581318,3.000354370799451,0.3577938,0.35379473643562626,0.3770653,0.6345699813114533,1333
M-1140,Aluminum,0.9923487028486024,0.66712299915754,0.69,0.5635506355063551,0.4004004004004005,1.0,0.0,0.0,0.0,0.0,0.0,0.0,0.0,0.3379047354037103,1.4875026293489124,0.724059601259561,3.067120622811447,0.34990722,0.36169177064795904,0.36917776,0.634565235329173,1334
M-0354,Cotton,0.9280599611858396,0.3177127211457455,0.17,0.6545715457154571,0.6138138138138138,0.0,0.0,1.0,0.0,0.0,0.0,0.0,0.0,0.2527864888258491,2.921057226735601,0.60636812861848,3.558418628232391,0.2920429,0.4198019242112138,0.31130657,0.6344457548944007,1335
M-0013,Glass,0.2462022351602756,0.8929022746419546,0.53,0.5563755637556376,0.164064064064064,0.0,0.0,0.0,1.0,0.0,0.0,0.0,0.0,0.4650943276199529,0.275732256955828,0.3067001132833295,3.3610648744604377,0.31688842,0.39645915299815554,0.33615503,0.6336929099253683,1336
M-1283,Aluminum,0.4624684913783488,0.3263479359730413,0.56,0.9264042640426404,0.2456456456456456,1.0,0.0,0.0,0.0,0.0,0.0,0.0,0.0,0.6988370904730069,1.4170982050223444,0.4266810902450332,1.5937226754618794,0.5267397,0.18741998440915875,0.5460313,0.6332743596688184,1337
M-0173,Glass,0.8947333199491401,0.7565290648694187,0.78,0.97539975399754,0.2103103103103103,0.0,0.0,0.0,1.0,0.0,0.0,0.0,0.0,0.7702631290577171,1.18268045316028,0.6549864210727492,2.802405295120772,0.38443086,0.3303815512436027,0.4037055,0.6329564706197681,1338
M-1321,Cotton,0.7564076825269357,0.3140269587194608,0.55,0.560680606806068,0.4358358358358359,0.0,0.0,1.0,0.0,0.0,0.0,0.0,0.0,0.3163159059018017,2.4087271898063007,0.5983138237615251,3.2469880257953183,0.332183,0.3829662767381298,0.35145143,0.6327911482587045,1339
M-1451,Cotton,0.9772914854223828,0.611731255265375,0.3,0.5699056990569905,0.1912912912912912,0.0,0.0,1.0,0.0,0.0,0.0,0.0,0.0,0.4608877019701127,1.5975804398256308,0.5383039815563405,2.3405933796092735,0.4398833,0.2757589779141609,0.45916456,0.6325382311223415,1340
M-0828,Plastic,0.641192085480381,0.1059393428812131,0.21,0.542640426404264,0.7149149149149149,0.0,0.0,0.0,0.0,0.0,1.0,0.0,0.0,0.1546986921320664,6.052388240798175,0.5339513086666269,4.6441297821076155,0.1700885,0.5482185698741076,0.18933763,0.631221902013153,1341
M-0431,Aluminum,0.9634388453902608,0.2676916596461668,0.4,0.2324723247232472,0.2336336336336336,1.0,0.0,0.0,0.0,0.0,0.0,0.0,0.0,0.1781589707788969,3.599048426145579,0.5754656282461943,3.083921507363143,0.35607326,0.3636789596259829,0.37534454,0.6304882478624465,1342
M-0010,Plastic,0.7883735974480804,0.4348146588037068,0.83,0.8778187781877819,0.2868868868868869,0.0,0.0,0.0,0.0,0.0,1.0,0.0,0.0,0.6259840816626384,1.813121449253013,0.6504155050452982,2.1695304328518605,0.46579495,0.25552585261063127,0.4850793,0.6296974294533514,1343
M-1456,Steel,0.9183341140779406,0.8852148272957036,0.38,0.8177531775317752,0.2551551551551552,0.0,0.0,0.0,0.0,0.0,0.0,1.0,0.0,0.6090992386400339,1.0374126690475158,0.5578801921777228,1.2929675451140072,0.57185644,0.15184701929101763,0.5911534,0.6284997987269887,1344
M-0667,Wood,0.5053871377902697,0.7422072451558552,0.42,0.9850348503485036,0.3049049049049049,0.0,0.0,0.0,0.0,0.0,0.0,0.0,1.0,0.6846928929749758,0.6809236371176989,0.4196263265875793,1.8152082192222436,0.510104,0.21361703552262348,0.5293936,0.628494675569453,1345
M-1109,Wood,0.8419772914854223,0.8221356360572872,0.92,0.945469454694547,0.1363363363363363,0.0,0.0,0.0,0.0,0.0,0.0,0.0,1.0,0.8165676131235787,1.0241330389110073,0.6536918174950699,1.8450609444418702,0.5076929,0.21714798095218577,0.5269822,0.6279349154115108,1346
M-0639,Plastic,0.9702870909455932,0.8111836562763269,0.1,0.8005330053300533,0.2863863863863864,0.0,0.0,0.0,0.0,0.0,1.0,0.0,0.0,0.5712712507505455,1.1961359025201637,0.5040307522941533,1.6981342430183088,0.52638364,0.19976966252211129,0.54567516,0.6272775894886087,1347
M-0262,Wood,0.9881996029355996,0.8838458298230835,0.39,0.9280442804428044,0.8065065065065066,0.0,0.0,0.0,0.0,0.0,0.0,0.0,1.0,0.1795705299395335,1.1180665807597048,0.7542317931261919,4.3401838098328644,0.21502179,0.5122681957041871,0.23427626,0.6267277696949416,1348
M-0325,Wood,0.9882665239019386,0.4918913226621735,0.68,0.6463714637146372,0.504004004004004,0.0,0.0,0.0,0.0,0.0,0.0,0.0,1.0,0.3205976579285312,2.0091115034146805,0.7505078107619767,4.452381516812619,0.20672947,0.5255388092831135,0.22598296,0.6242391133390188,1349
M-1099,Wood,0.8870820227977425,0.313921651221567,0.76,0.595120951209512,0.1184184184184184,0.0,0.0,0.0,0.0,0.0,0.0,0.0,1.0,0.5246476693996169,2.8257980726967005,0.6183583346446226,3.786488115856268,0.286689,0.44677771650567066,0.30595204,0.6236351205765485,1350
M-1100,Glass,0.6450288875504696,0.241575400168492,0.5,0.7091020910209103,0.0134134134134134,0.0,0.0,0.0,1.0,0.0,0.0,0.0,0.0,0.6995906115217309,2.670082371873172,0.4120355790442118,2.8413992660953853,0.40079704,0.33499371253140275,0.42007366,0.6224663146203384,1351
M-0942,Steel,0.5012380378772668,0.9141743892165124,0.36,0.6418614186141861,0.8817817817817818,0.0,0.0,0.0,0.0,0.0,0.0,1.0,0.0,0.0758797132515869,0.5482952656457416,0.5730297496854413,4.516201687774586,0.20430227,0.5330873844739603,0.22355548,0.6216785700263179,1352
M-1089,Aluminum,0.9283945660175332,0.5974094355518113,0.04,0.4587945879458794,0.3832832832832833,1.0,0.0,0.0,0.0,0.0,0.0,0.0,0.0,0.2829462919253817,1.5540313840684774,0.4983428113919983,3.11931047080349,0.36964262,0.36786472483828203,0.3889155,0.6216098830880993,1353
M-0350,Bamboo,0.3482344018380958,0.1338458298230834,0.03,0.7146371463714637,0.4773773773773774,0.0,1.0,0.0,0.0,0.0,0.0,0.0,0.0,0.3734855396602013,2.6017381382763154,0.2915069739484515,2.7682917856024756,0.41148883,0.32634664522970325,0.4307667,0.6214433265359968,1354
M-0986,Plastic,0.8867474179660488,0.2343091828138163,0.12,0.8429684296842969,0.6342342342342343,0.0,0.0,0.0,0.0,0.0,1.0,0.0,0.0,0.3083289931998418,3.784502266684079,0.5809692374566898,3.4762983594645336,0.3307329,0.4100888348517989,0.3500012,0.6199549895078851,1355
M-0093,Plastic,0.5053871377902697,0.0802443133951137,0.48,0.087740877408774,0.1211211211211211,0.0,0.0,0.0,0.0,0.0,1.0,0.0,0.0,0.0771136039688725,6.298026843036089,0.3824911914524442,4.612099325274138,0.19706717,0.544430044895872,0.21631952,0.6196252194014864,1356
M-1400,Steel,0.8281692654308594,1.0,0.13,0.8589585895858959,0.2523523523523523,0.0,0.0,0.0,0.0,0.0,0.0,1.0,0.0,0.6421983689306363,0.8281684372624223,0.4459734118780495,1.5134933344812205,0.5641828,0.1779305517771856,0.58347887,0.6192952901075772,1357
M-0349,Cotton,0.7793169600035691,0.2844355518112889,0.26,0.6613366133661337,0.2366366366366366,0.0,0.0,1.0,0.0,0.0,0.0,0.0,0.0,0.5048401414945081,2.739862211944587,0.4607177749924186,2.874123753183481,0.4036476,0.33886432659656407,0.42292455,0.6191055625079542,1358
M-1468,Wood,0.2793504204867384,0.0789806234203875,0.74,0.4358343583435834,0.3135135135135135,0.0,0.0,0.0,0.0,0.0,0.0,0.0,1.0,0.2991943973493788,3.536904008668804,0.4277942222487494,2.6366725411994834,0.43176994,0.3107788749156669,0.45105022,0.6190854515821598,1359
M-0114,Wood,0.439202302081242,0.4862047177759056,0.26,0.6941369413694136,0.0775775775775775,0.0,0.0,0.0,0.0,0.0,0.0,0.0,1.0,0.6402874789508656,0.9033260737663154,0.2769541941057701,1.2610033780814829,0.5948952,0.14806633499292027,0.61419487,0.6188693975059812,1360
M-1115,Aluminum,0.9851881594503558,0.9394481887110362,0.31,0.4536695366953669,0.3165165165165165,1.0,0.0,0.0,0.0,0.0,0.0,0.0,0.0,0.3100756352908875,1.0486870086098803,0.5820302187350973,2.510885541122977,0.44866386,0.29590093564041153,0.46794617,0.6180764462995147,1361
M-1034,Aluminum,0.6363960828927703,0.8828980623420388,0.29,0.7129971299712997,0.0128128128128128,1.0,0.0,0.0,0.0,0.0,0.0,0.0,0.0,0.7038616312089048,0.7208027622145415,0.3454022770009519,1.2560279720135392,0.5985343,0.14747784978138345,0.6178344,0.6173438805044347,1362
M-1149,Glass,0.3534988511900778,0.2491575400168492,0.09,0.4387043870438704,0.2577577577577578,0.0,0.0,0.0,1.0,0.0,0.0,0.0,0.0,0.3256249279209509,1.4187707600396624,0.2457268678033584,3.2531248545984583,0.36254084,0.38369213367263194,0.3818129,0.6172474830112868,1363
M-1358,Glass,0.9063552611033036,0.285804549283909,0.5,0.5354653546535465,0.4950950950950951,0.0,0.0,0.0,1.0,0.0,0.0,0.0,0.0,0.2703590839712201,3.171230451522699,0.66107063296985,3.751796863338553,0.30527937,0.44267447572540564,0.3245446,0.6163904578408037,1364
M-0040,Glass,0.9476678043230944,0.1961878685762426,0.98,0.7197621976219761,0.5508508508508508,0.0,0.0,0.0,1.0,0.0,0.0,0.0,0.0,0.3232805786516323,4.8303851854612905,0.838322376984493,4.786002698500637,0.18353802,0.5649991325206047,0.20278876,0.6161060560908672,1365
M-0675,Paper,0.9871511744629592,0.3711036225779275,0.32,0.2427224272242722,0.4694694694694695,0.0,0.0,0.0,0.0,1.0,0.0,0.0,0.0,0.1287716580869512,2.660034702897481,0.6317013106260245,3.7115595304759883,0.31072387,0.43791525104747103,0.32998976,0.6160474939192042,1366
M-0051,Bamboo,0.7067077115260211,0.8029696714406066,0.3,0.7831078310783108,0.0569569569569569,0.0,1.0,0.0,0.0,0.0,0.0,0.0,0.0,0.7385043920509275,0.8801164683364082,0.3897701716974955,1.478412795547936,0.57557577,0.1737812666549139,0.5948732,0.6156727717094693,1367
M-1326,Aluminum,0.8706640790559682,0.3716301600673968,0.52,0.7060270602706028,0.2500500500500501,1.0,0.0,0.0,0.0,0.0,0.0,0.0,0.0,0.5294849585132488,2.342817752144545,0.5792806466374024,2.4298491065216545,0.46323073,0.28631604091879176,0.48251477,0.6155845951211629,1368
M-1490,Aluminum,0.2371902116933235,0.5781381634372368,0.37,0.9387043870438704,0.1526526526526526,1.0,0.0,0.0,0.0,0.0,0.0,0.0,0.0,0.7954086723049413,0.4102649097202581,0.2516718804731252,0.8838091899275352,0.6460806,0.10345224750438452,0.6653864,0.6155806868652547,1369
M-0464,Aluminum,0.7945972473175846,0.3719460825610783,0.23,0.9460844608446084,0.5094094094094094,1.0,0.0,0.0,0.0,0.0,0.0,0.0,0.0,0.464140134394337,2.1363179994484884,0.5396617217498567,2.8291279235480946,0.41729861,0.3335422724848685,0.4365772,0.6149402633127721,1370
M-0837,Aluminum,0.694572709629927,0.4082771693344566,0.39,0.7591225912259122,0.4176176176176177,1.0,0.0,0.0,0.0,0.0,0.0,0.0,0.0,0.4420996231984341,1.7012242186795477,0.5201143691372561,2.3552603943440427,0.4761312,0.27749377526556007,0.4954168,0.6135447172437383,1371
M-1278,Bamboo,0.981797497155859,0.7595829823083403,0.05,0.8351783517835178,0.2276276276276276,0.0,1.0,0.0,0.0,0.0,0.0,0.0,0.0,0.6450686849210834,1.2925463411856344,0.4760072871506319,1.6883359050001452,0.5551921,0.19861072655938064,0.5744871,0.6134510916649203,1372
M-1254,Plastic,0.2472729706216958,0.0300126368997472,0.34,0.006150061500615,0.9233233233233232,0.0,0.0,0.0,0.0,0.0,1.0,0.0,0.0,0.0004715662772243,8.238687348942308,0.4779061852456753,5.4472287174075325,0.11108638,0.643208172807218,0.13032849,0.6132316679313177,1373
M-0308,Plastic,0.4002319926833076,0.2997051390058972,0.04,0.7353423534235343,0.247047047047047,0.0,0.0,0.0,0.0,0.0,1.0,0.0,0.0,0.5536781964416241,1.335414729944629,0.2462069111874372,1.6909366659124367,0.5574561,0.19891834151878818,0.5767513,0.6121651833646751,1374
M-0362,Aluminum,0.2220660733007651,0.0037910699241786,0.5,0.6699466994669946,0.9190190190190192,1.0,0.0,0.0,0.0,0.0,0.0,0.0,0.0,0.0542529409278076,58.56064833742924,0.5145321350260117,5.799278631392574,0.072249584,0.684848224950465,0.09148705,0.6118323624965387,1375
M-0623,Bamboo,0.854402284235651,0.8929022746419546,0.05,0.6268962689626896,0.0993993993993993,0.0,1.0,0.0,0.0,0.0,0.0,0.0,0.0,0.5645831563420739,0.9568811185940131,0.3865807335140802,2.0212298358346086,0.51961625,0.2379850314163519,0.538907,0.6115539885509336,1376
M-1267,Bamboo,0.3454237212518682,0.0850884582982308,0.04,0.8452234522345223,0.4734734734734735,0.0,1.0,0.0,0.0,0.0,0.0,0.0,0.0,0.4450325684438024,4.05953602432383,0.2922115305427893,3.237510728945312,0.37794012,0.3818453131493471,0.397214,0.6104703456969787,1377
M-0187,Plastic,0.5053871377902697,0.3856360572872788,0.42,0.490159901599016,0.3174174174174174,0.0,0.0,0.0,0.0,0.0,1.0,0.0,0.0,0.3345746115118809,1.310525345632911,0.4233800803413331,2.992875907057727,0.4074485,0.35291019248948,0.4267259,0.6101819566488986,1378
M-0845,Steel,0.7238617858975216,0.1886057287278854,0.43,0.2019270192701927,0.1175175175175175,0.0,0.0,0.0,0.0,0.0,0.0,1.0,0.0,0.1781970572458477,3.8379425314241127,0.4537999696142639,3.6089665840743015,0.33717558,0.42578067731802793,0.3564446,0.6088873627188547,1379
M-0860,Bamboo,0.5388476209596467,0.6135214827295704,0.38,0.9440344403444034,0.2112112112112112,0.0,1.0,0.0,0.0,0.0,0.0,0.0,0.0,0.7446437827741641,0.8782850443594272,0.392902411747222,1.9028031672797703,0.54267466,0.22397766354639687,0.56196815,0.607027094349467,1380
M-0883,Glass,0.6642128979009123,0.9331297388374052,0.8,0.5381303813038131,0.3257257257257258,0.0,0.0,0.0,1.0,0.0,0.0,0.0,0.0,0.362847472318567,0.7118111859957161,0.6034028768780827,3.5939441150789952,0.34331828,0.4240038372523563,0.36258805,0.6067040573831908,1381
M-0255,Aluminum,0.8063976443819848,0.2006107834877843,0.15,0.3077080770807708,0.3507507507507508,1.0,0.0,0.0,0.0,0.0,0.0,0.0,0.0,0.1997792380326205,4.019692314988506,0.4727842829780191,3.8177805468664996,0.31747904,0.4504789486525712,0.33674574,0.6063876561821373,1382
M-0317,Glass,0.2364540810635971,0.2325189553496208,0.13,0.6959819598195982,0.0341341341341341,0.0,0.0,0.0,1.0,0.0,0.0,0.0,0.0,0.6722252182481785,1.0169195186196422,0.1438218726656791,1.237421794227344,0.6236046,0.14527713283067115,0.64290774,0.6059075642418605,1383
M-0157,Bamboo,0.8173280688839814,0.3647851727042965,0.51,0.9669946699466996,0.231031031031031,0.0,1.0,0.0,0.0,0.0,0.0,0.0,0.0,0.7435888943474019,2.240567570927434,0.5492405368629019,1.9247862782272347,0.5472477,0.2265778002024794,0.56654173,0.6034402342199731,1384
M-1131,Plastic,0.6882821387940842,0.3684709351305813,0.2,0.5994259942599426,0.0538538538538538,0.0,0.0,0.0,0.0,0.0,1.0,0.0,0.0,0.5671445943688666,1.8679363967032296,0.3514690116737898,2.1750511556506287,0.5180757,0.2561788372474032,0.5373663,0.6032274458668074,1385
M-0608,Cotton,0.420085212697138,0.0389637742207245,0.63,0.0047150471504715,0.9465465465465466,0.0,0.0,1.0,0.0,0.0,0.0,0.0,0.0,0.0002520355533885,10.78115351875192,0.6409980490428192,6.00316618167004,0.06570816,0.7089638059736529,0.08494486,0.6030456674396376,1386
M-0963,Wood,0.780499230408887,0.1793386689132266,0.26,0.3989339893398934,0.2371371371371371,0.0,0.0,0.0,0.0,0.0,0.0,0.0,1.0,0.3043319252011339,4.352072439625898,0.4613408333046959,3.7965367613299894,0.32673442,0.4479662585415382,0.34600222,0.6030157601754894,1387
M-1104,Aluminum,0.846505610207678,0.5072662173546757,0.34,0.5678556785567855,0.2958958958958959,1.0,0.0,0.0,0.0,0.0,0.0,0.0,0.0,0.3998295138106535,1.6687567838940605,0.52937101285184,4.355315386297334,0.26180655,0.5140579408737224,0.2810666,0.6024377313091258,1388
M-0700,Glass,0.6826161636440696,0.9333403538331928,0.73,0.8253382533825339,0.1162162162162162,0.0,0.0,0.0,1.0,0.0,0.0,0.0,0.0,0.7294205644759151,0.7313681761132669,0.5269113303224927,1.4305402033800965,0.6106095,0.16811895243493105,0.62991107,0.6009849912317227,1389
M-0409,Paper,0.8719355774164045,0.2120893007582139,0.5,0.490159901599016,0.3145145145145145,0.0,0.0,0.0,0.0,1.0,0.0,0.0,0.0,0.3359974981131193,4.111152534082281,0.5931285853209162,3.8329905875513215,0.32651633,0.4522779744783347,0.3457841,0.600968963805869,1390
M-0793,Steel,0.5662406031809766,0.1133108677337826,0.21,0.4255842558425584,0.5912912912912913,0.0,0.0,0.0,0.0,0.0,0.0,1.0,0.0,0.1739399916521687,4.997187095276856,0.466883628659778,3.8732911900304434,0.3225293,0.457044682612529,0.34179658,0.6005793702053475,1391
M-0795,Aluminum,0.963371924423922,0.7382055602358888,0.4,0.6996719967199672,0.1667667667667667,1.0,0.0,0.0,0.0,0.0,0.0,0.0,0.0,0.5829899600297305,1.3050167477732564,0.5553787997995989,1.92211735823257,0.5533126,0.22626212346651314,0.57260734,0.6005652690524947,1392
M-0795,Aluminum,0.963371924423922,0.7382055602358888,0.4,0.6996719967199672,0.1667667667667667,1.0,0.0,0.0,0.0,0.0,0.0,0.0,0.0,0.5829899600297305,1.3050167477732564,0.5553787997995989,1.92211735823257,0.5533126,0.22626212346651314,0.57260734,0.6005652690524947,1393
M-0894,Steel,0.6227218987708849,0.4918913226621735,0.13,0.8759737597375974,0.2627627627627628,0.0,0.0,0.0,0.0,0.0,0.0,1.0,0.0,0.6458004745212618,1.265971982243284,0.3669175883371828,1.609579781782914,0.59071547,0.18929554440170274,0.6100147,0.6003448892752838,1394
M-0817,Aluminum,0.6668674295656829,0.0151642796967144,0.5,0.4848298482984829,0.9206206206206206,1.0,0.0,0.0,0.0,0.0,0.0,0.0,0.0,0.0384854924625322,43.973302365808735,0.6929331580124594,6.079875471344845,0.06221382,0.718036891053475,0.0814501,0.6002565058418328,1395
M-1385,Aluminum,0.7188650204108946,0.0938289806234203,0.96,0.6383763837638377,0.681981981981982,1.0,0.0,0.0,0.0,0.0,0.0,0.0,0.0,0.2030151923140853,7.661357442841277,0.7801406027589525,5.4510721551588,0.13658577,0.6436627701299684,0.1558309,0.6002531625143043,1396
M-0678,Cotton,0.9522184300341296,0.9852569502948612,0.1,0.6726117261172612,0.3097097097097097,0.0,0.0,1.0,0.0,0.0,0.0,0.0,0.0,0.4642973436741374,0.9664661216376446,0.5038002849265648,2.5426916482702144,0.48426926,0.2996629248001104,0.5035558,0.5983906502555845,1397
M-0731,Glass,0.8177295946820138,0.4378685762426284,0.16,0.6441164411644116,0.3431431431431431,0.0,0.0,0.0,1.0,0.0,0.0,0.0,0.0,0.42309230099308,1.8675186380816295,0.4780347808157484,2.6346842358814415,0.4740046,0.3105437004877491,0.49328992,0.5980831909024038,1398
M-1052,Aluminum,0.7370898302438154,0.9975779275484415,0.07,0.4407544075440754,0.123023023023023,1.0,0.0,0.0,0.0,0.0,0.0,0.0,0.0,0.3865314679172817,0.7388787091315367,0.3527428390044331,3.020277498570532,0.42891654,0.35615122069052557,0.4481965,0.5978261393848474,1399
M-1431,Aluminum,0.3032412054696736,0.7510530749789385,0.39,0.6545715457154571,0.0066066066066066,1.0,0.0,0.0,0.0,0.0,0.0,0.0,0.0,0.6502470490170367,0.4037541577524591,0.2402784641698514,2.8774557871050463,0.44760126,0.33925843567236674,0.46688345,0.5969290567905485,1400
M-0938,Steel,0.4856900666978965,0.35393850042123,0.01,0.2945879458794588,0.3118118118118118,0.0,0.0,0.0,0.0,0.0,0.0,1.0,0.0,0.2027319447368648,1.372240357800889,0.2908195702227021,3.9307345546917736,0.32442182,0.46383901661109656,0.34368932,0.5962358304586424,1401
M-1293,Paper,0.5221619933525172,0.1470092670598146,0.19,0.490159901599016,0.0408408408408408,0.0,0.0,0.0,0.0,1.0,0.0,0.0,0.0,0.4701413590712484,3.551874326845914,0.2781170495932591,2.8800548357630578,0.4490021,0.3395658481083403,0.46828443,0.5960748618860001,1402
M-0331,Aluminum,0.7861205915813424,0.1229991575400168,0.69,0.0362853628536285,0.3357357357357358,1.0,0.0,0.0,0.0,0.0,0.0,0.0,0.0,0.0241030698595274,6.391216135845892,0.6221689573532576,5.211201522730789,0.17350847,0.6152911522281943,0.19275801,0.5959754194670529,1403
M-0483,Steel,0.2106895090231769,0.0579191238416175,0.36,0.6549815498154982,0.0459459459459459,0.0,0.0,0.0,0.0,0.0,0.0,1.0,0.0,0.6248878029320833,3.6375873366449816,0.2060595873930545,2.76485969006111,0.46297902,0.3259407009825215,0.48226303,0.5958981351979025,1404
M-0063,Steel,0.12190769368043,0.4937868576242628,0.23,0.9272242722427224,0.0126126126126126,0.0,0.0,0.0,0.0,0.0,0.0,1.0,0.0,0.9155295516919132,0.2468827286822291,0.1215468612559558,0.3475462394316367,0.74981403,0.04002369281912607,0.7691322,0.5954220551388225,1405
M-0528,Plastic,0.9871957884405184,0.1658593091828138,0.34,0.1428864288642886,0.0944944944944945,0.0,0.0,0.0,0.0,0.0,1.0,0.0,0.0,0.1293844479986341,5.951971229912612,0.5252266637245557,4.783883082047176,0.22522728,0.5647484267651433,0.24448298,0.595384297028214,1406
M-0920,Cotton,0.8173280688839814,0.4098567818028644,0.7,0.1389913899138991,0.3424424424424424,0.0,0.0,1.0,0.0,0.0,0.0,0.0,0.0,0.0913948388733136,1.9941748215411568,0.6396639602863253,3.739974136811905,0.3491389,0.44127609745718693,0.36840934,0.5951572834647811,1407
M-0889,Paper,0.9930402195007696,0.5216933445661331,0.75,0.6363263632636326,0.0561561561561561,0.0,0.0,0.0,0.0,1.0,0.0,0.0,0.0,0.6005927206419212,1.903490482203005,0.6390629346471547,2.621846790533113,0.48336217,0.3090253024639018,0.5026486,0.5941630527704295,1408
M-0086,Glass,0.4172968390996899,0.3839511373209772,0.3,0.945059450594506,0.1564564564564564,0.0,0.0,0.0,1.0,0.0,0.0,0.0,0.0,0.797198797813804,1.0868459855735535,0.3038556725768129,1.6238002362220851,0.60245645,0.19097752312354077,0.62175703,0.5936327231946994,1409
M-0344,Plastic,0.5114100247607575,0.520429654591407,0.93,0.9731447314473144,0.127027027027027,0.0,0.0,0.0,0.0,0.0,1.0,0.0,0.0,0.8495290493445474,0.9826669898264704,0.5216721180124111,1.4112849994425583,0.6296986,0.1658414694300012,0.64900243,0.5925780488734088,1410
M-0605,Bamboo,0.4852885408998639,0.101832350463353,0.54,0.4046740467404674,0.1683683683683683,0.0,1.0,0.0,0.0,0.0,0.0,0.0,0.0,0.3365397377697501,4.765516784940763,0.406625926870456,4.081911234487722,0.31743014,0.4817200175131839,0.3366968,0.5907915894585112,1411
M-0747,Glass,0.6186174128354412,0.157329401853412,0.49,0.501640016400164,0.0724724724724724,0.0,0.0,0.0,1.0,0.0,0.0,0.0,0.0,0.4652849241205125,3.931963597295201,0.4161887068759183,3.241086132566286,0.42032138,0.38226820770860226,0.43960032,0.5890657368105625,1412
M-1226,Wood,0.9410426286555578,0.8031802864363943,0.45,0.9249692496924968,0.1536536536536536,0.0,0.0,0.0,0.0,0.0,0.0,0.0,1.0,0.7828443449599661,1.1716441163997178,0.5575131475583193,1.4020236335698297,0.6378998,0.1647460459047039,0.6572046,0.5890246630522867,1413
M-0581,Wood,0.5542394432175601,0.481044650379107,0.28,0.9969249692496924,0.2152152152152152,0.0,0.0,0.0,0.0,0.0,0.0,0.0,1.0,0.7823715474391981,1.1521556068135528,0.3702603418515886,1.078797579253854,0.6793719,0.12651524617684168,0.69868165,0.5874015506386147,1414
M-0527,Glass,0.2397332084141961,0.0439132266217354,0.4,0.6256662566625666,0.3016016016016016,0.0,0.0,0.0,1.0,0.0,0.0,0.0,0.0,0.4369643115850577,5.459123998224747,0.3063737638461589,4.067999342123895,0.33050218,0.4800745351527887,0.34977043,0.5850775190485141,1415
M-1342,Cotton,0.9649111066497134,0.175547598989048,0.05,0.2990979909799098,0.4435435435435435,0.0,0.0,1.0,0.0,0.0,0.0,0.0,0.0,0.1664350081939258,5.49654689474287,0.5340275057229484,4.797112827966851,0.24524274,0.5663132256418179,0.26450083,0.5845929738804843,1416
M-0849,Bamboo,0.082758928372259,0.0083192923336141,0.41,0.1951619516195162,0.9981981981981982,0.0,1.0,0.0,0.0,0.0,0.0,0.0,0.0,0.0003516431560711,9.94663709565964,0.455563030808363,6.333613557381987,0.072329246,0.7480487351517049,0.09156673,0.580192269141467,1417
M-0838,Steel,0.4026188404827232,0.015374894692502,0.5,0.2029520295202952,0.7312312312312312,0.0,0.0,0.0,0.0,0.0,0.0,1.0,0.0,0.0545471670932925,26.18506750563636,0.5304169055624587,6.008383721437861,0.113043755,0.709580930476063,0.13228609,0.579066491422716,1418
M-0402,Paper,0.8369805259987955,0.3688921651221566,0.0,0.6744567445674458,0.1039039039039039,0.0,0.0,0.0,0.0,1.0,0.0,0.0,0.0,0.60437805579257,2.26889681114486,0.3659633815706894,2.0893446684100376,0.57943934,0.2460415741607138,0.5987372,0.5776106228031422,1419
M-0499,Aluminum,0.9211224876753888,0.8114995787700084,0.58,0.986059860598606,0.1628628628628628,1.0,0.0,0.0,0.0,0.0,0.0,0.0,0.0,0.8254673287473615,1.1350854352704642,0.5913078539290143,1.5931403363135852,0.6404889,0.18735110601567886,0.65979403,0.5764274307053106,1420
M-1460,Glass,0.911017421758237,0.9637742207245156,0.18,0.9034440344403444,0.1576576576576576,0.0,0.0,0.0,1.0,0.0,0.0,0.0,0.0,0.7610091641456955,0.9452592286751073,0.4657042660005921,1.2611647153436858,0.68246627,0.14808541777562778,0.7017764,0.57506909845853,1421
M-0848,Plastic,0.0764906645251957,0.1019376579612468,0.23,0.85239852398524,0.0116116116116116,0.0,0.0,0.0,0.0,0.0,1.0,0.0,0.0,0.8425008033864123,0.7503597364826458,0.1030797492935617,0.5251176934971632,0.7708461,0.06102663675608979,0.7901668,0.5744032839950783,1422
M-1018,Glass,0.4746034932744428,0.5608677337826453,0.1,0.093890938909389,0.3781781781781781,0.0,0.0,0.0,1.0,0.0,0.0,0.0,0.0,0.0583834346851977,0.8461935292302583,0.3332948507632306,4.127251193322681,0.3459304,0.4870827748241843,0.36520046,0.5738583826093464,1423
M-1391,Aluminum,0.818956479064891,0.2382055602358888,0.58,0.7558425584255843,0.1202202202202202,1.0,0.0,0.0,0.0,0.0,0.0,0.0,0.0,0.664974999599846,3.438009760326932,0.5376486576920225,2.671341490983583,0.5182208,0.31487947775468045,0.53751135,0.5738045867604772,1424
M-0417,Steel,0.8320729884672867,0.1366891322662173,0.24,0.490159901599016,0.8603603603603603,0.0,0.0,0.0,0.0,0.0,0.0,1.0,0.0,0.0684457520250878,6.087293754656286,0.6629373034950228,5.900398056490745,0.14293084,0.6968085123032461,0.16217673,0.5705073797240788,1425
M-1039,Aluminum,0.0636641459769345,0.9021693344566134,0.49,0.9669946699466996,0.0242242242242242,1.0,0.0,0.0,0.0,0.0,0.0,0.0,0.0,0.9435699742382808,0.0705677670229315,0.179732925658041,0.09897005480599531,0.8300015,0.010622392383583526,0.8493292,0.5700242170257528,1426
M-1094,Bamboo,0.6120368511454638,0.156592249368155,0.04,0.8243132431324313,0.464964964964965,0.0,1.0,0.0,0.0,0.0,0.0,0.0,0.0,0.4410364649192037,3.908449780657839,0.396304229947675,3.695984583541456,0.40505004,0.4360730645372088,0.42432716,0.5697998852872046,1427
M-1094,Bamboo,0.6120368511454638,0.156592249368155,0.04,0.8243132431324313,0.464964964964965,0.0,1.0,0.0,0.0,0.0,0.0,0.0,0.0,0.4410364649192037,3.908449780657839,0.396304229947675,3.695984583541456,0.40505004,0.4360730645372088,0.42432716,0.5697998852872046,1428
M-0005,Glass,0.1365633853086171,0.8793176074136478,0.27,0.8630586305863058,0.0012012012012012,0.0,0.0,0.0,1.0,0.0,0.0,0.0,0.0,0.8620219235225386,0.1553059200126481,0.1359857144838072,0.5708267001857108,0.7750865,0.06643304461565264,0.79440767,0.5695796448274123,1429
M-1133,Wood,0.6354814963528073,0.0311710193765796,0.8,0.0239852398523985,0.54994994994995,0.0,0.0,0.0,0.0,0.0,0.0,0.0,1.0,0.0107945583960344,20.38627939613889,0.6591775835261079,6.20392402275834,0.11299045,0.7327092086537902,0.13223277,0.5675290105112283,1430
M-1007,Paper,0.5053871377902697,0.692396798652064,0.01,0.6184911849118491,0.262062062062062,0.0,0.0,0.0,0.0,1.0,0.0,0.0,0.0,0.4564081096266418,0.7299086432310151,0.2837734737347265,3.125655613277038,0.47869202,0.3686152208701206,0.4979779,0.5667034333519423,1431
M-0712,Plastic,0.6504717928126882,0.345513900589722,0.52,0.947519475194752,0.3674674674674674,0.0,0.0,0.0,0.0,0.0,1.0,0.0,0.0,0.5993368932688327,1.8826157474032763,0.5264289573653156,2.5640413457456073,0.5451947,0.30218814205142236,0.5644885,0.566661693697113,1432
M-0031,Aluminum,0.6933681322358294,0.2545282224094355,0.4,0.9887248872488724,0.3551551551551551,1.0,0.0,0.0,0.0,0.0,0.0,0.0,0.0,0.6375741465122359,2.724119948476792,0.5038937994408783,2.6722194592511928,0.53249097,0.3149833228146879,0.5517832,0.5666167365533189,1433
M-1370,Plastic,0.8825537040754867,0.1752316764953664,0.28,0.7248872488724887,0.5301301301301301,0.0,0.0,0.0,0.0,0.0,1.0,0.0,0.0,0.3406026772980442,5.036467636781336,0.5960605206692338,4.171033772699022,0.35834318,0.49226132711400006,0.37761474,0.5650619681644966,1434
M-1493,Bamboo,0.581788574360347,0.7573715248525695,0.5,0.5688806888068881,0.0242242242242242,0.0,1.0,0.0,0.0,0.0,0.0,0.0,0.0,0.5550999954443989,0.7681669921596354,0.3899826970114061,2.7245020757773393,0.53092444,0.3211672495587422,0.5502165,0.5643081272252524,1435
M-0020,Glass,0.8211648709540699,0.4918913226621735,0.12,0.3023780237802378,0.3284284284284284,0.0,0.0,0.0,1.0,0.0,0.0,0.0,0.0,0.2030684846388003,1.6693996493172292,0.4629944769101565,2.7476830436386326,0.52892196,0.32390906732983304,0.5482138,0.5639385763719335,1436
M-0242,Bamboo,0.6941042628655558,0.2033487784330244,0.21,0.7513325133251333,0.2407407407407407,0.0,1.0,0.0,0.0,0.0,0.0,0.0,0.0,0.5704561675246382,3.4133514588223024,0.4128639273684445,2.713926302752097,0.5329992,0.3199163594924974,0.5522915,0.5638960640090919,1437
M-0683,Bamboo,0.4874746258002632,0.0784540859309182,0.48,0.2455924559245592,0.1933933933933934,0.0,1.0,0.0,0.0,0.0,0.0,0.0,0.0,0.1980964974814913,6.213422877765977,0.3970078683381233,3.9429920935972107,0.38892806,0.46528882397901417,0.40820324,0.5632539659058482,1438
M-0602,Cotton,0.5776394744473443,0.2405223251895534,0.6,0.9602296022960228,0.042042042042042,0.0,0.0,1.0,0.0,0.0,0.0,0.0,0.0,0.9198595889862804,2.4015944149787294,0.4236684023915503,2.2340786407591544,0.59217155,0.2631605391600138,0.61147094,0.5626842615555522,1439
M-0481,Paper,0.8942648731847687,0.7477885425442292,0.7,0.8212382123821238,0.0091091091091091,0.0,0.0,0.0,0.0,1.0,0.0,0.0,0.0,0.8137574639009653,1.1958777467550314,0.5704386820066403,1.5274504507911482,0.6782241,0.17958138317304118,0.6975337,0.5614424450673796,1440
M-0968,Wood,0.6944611746860291,0.0020008424599831,1.0,0.3642886428864288,0.9230230230230232,0.0,0.0,0.0,0.0,0.0,0.0,0.0,1.0,0.0280418384764428,346.91100252308263,0.8546913767813186,6.9687277702373125,0.03518299,0.8231693015533679,0.05441605,0.5612073245874051,1441
M-0433,Steel,0.5053871377902697,0.014743049705139,0.68,0.490159901599016,0.7806806806806807,0.0,0.0,0.0,0.0,0.0,0.0,1.0,0.0,0.1075015359763207,34.27736259015174,0.6403590593203121,6.431029938121196,0.099925645,0.7595710307480033,0.11916641,0.5606312788962754,1442
M-0190,Wood,0.5053871377902697,0.1541701769165964,0.42,0.8437884378843789,0.3101101101101101,0.0,0.0,0.0,0.0,0.0,0.0,0.0,1.0,0.5821211125024163,3.278090936956874,0.4211878881491409,2.9123105875966524,0.5200829,0.3433810207157325,0.5393737,0.5586226417169475,1443
M-0267,Paper,0.178032077449865,0.0191659646166807,0.89,0.490159901599016,0.2413413413413413,0.0,0.0,0.0,0.0,1.0,0.0,0.0,0.0,0.3718640534753696,9.288485736282228,0.4106152333823484,5.519261634080041,0.21354385,0.6517281419568224,0.23279816,0.5577368494603553,1444
M-0295,Plastic,0.8861228222802204,0.0886689132266217,0.41,0.6250512505125051,0.9333333333333332,0.0,0.0,0.0,0.0,0.0,1.0,0.0,0.0,0.0416700833675003,9.993500501297166,0.7574491289120882,6.427675368092124,0.11065887,0.7591742561277581,0.12990092,0.5554624132306957,1445
M-1213,Plastic,0.8397688995962436,0.6361625947767481,0.29,0.949159491594916,0.1289289289289289,0.0,0.0,0.0,0.0,0.0,1.0,0.0,0.0,0.8267853749608567,1.3200518019126002,0.4615862385171762,1.6680225465682577,0.6746955,0.19620808627825218,0.6940047,0.5548935996163824,1446
M-0194,Bamboo,0.8296638336790916,0.8340353833192924,0.39,0.9536695366953668,0.0468468468468468,0.0,1.0,0.0,0.0,0.0,0.0,0.0,0.0,0.9089931259672958,0.9947573634344355,0.4629195875256907,1.2737342369974762,0.7218161,0.1495721260981918,0.74113095,0.5546484629175483,1447
M-0163,Aluminum,0.6233018804791541,0.4857834877843303,0.01,0.7359573595735958,0.2006006006006006,1.0,0.0,0.0,0.0,0.0,0.0,0.0,0.0,0.5883238712267003,1.2830831287389242,0.3125009323718418,2.0961240790633173,0.62492776,0.24684343492502303,0.644231,0.5544627718353553,1448
M-0873,Aluminum,0.5611992237167904,0.0625526537489469,0.15,0.0,0.1571571571571571,1.0,0.0,0.0,0.0,0.0,0.0,0.0,0.0,0.0,8.9714859178188,0.3166268366338633,6.756536446633826,0.07614394,0.7980715599315101,0.09538188,0.5532732808760437,1449
M-1162,Steel,0.8767538869927949,0.1301600673967986,0.55,0.3499384993849939,0.4131131131131131,0.0,0.0,0.0,0.0,0.0,0.0,1.0,0.0,0.2053743165059278,6.735915005367872,0.6396354887310519,5.698890293711434,0.20338519,0.6729744097624455,0.22263828,0.5521936555189771,1450
M-0120,Steel,0.9464855339177763,0.7294650379106993,0.07,0.1672816728167281,0.4773773773773774,0.0,0.0,0.0,0.0,0.0,0.0,1.0,0.0,0.0874251865641779,1.297504592028237,0.5428074267803238,2.150097700510054,0.6242046,0.2532273717536441,0.6435078,0.551632424800897,1451
M-0337,Steel,0.6125276048986148,0.0718197135636057,0.13,0.4249692496924969,0.6544544544544545,0.0,0.0,0.0,0.0,0.0,0.0,1.0,0.0,0.146846231225075,8.5285647344084,0.4803473782957823,5.785331926820868,0.19785048,0.683198625042831,0.21710292,0.5498492299542849,1452
M-1135,Glass,0.1574427268063084,0.033698399326032,0.11,0.490159901599016,0.1046046046046046,0.0,0.0,0.0,1.0,0.0,0.0,0.0,0.0,0.438886918899219,4.67197427714053,0.1273584721039047,3.1475687124616343,0.5098794,0.371207076616762,0.52916896,0.549811979975463,1453
M-0760,Bamboo,0.7645720404202636,0.0518112889637742,0.94,0.2505125051250512,0.9311311311311312,0.0,1.0,0.0,0.0,0.0,0.0,0.0,0.0,0.0172525128654689,14.756577169459398,0.8671681555074449,7.231601997485204,0.02753235,0.8542617577503124,0.046764497,0.5494868727679054,1454
M-1245,Bamboo,0.7510093912422762,0.6593302443133952,0.07,0.9665846658466584,0.1167167167167167,0.0,1.0,0.0,0.0,0.0,0.0,0.0,0.0,0.8537680772203118,1.139047175027101,0.3564187715119255,1.6416983024703102,0.68884486,0.19309448546959904,0.70815575,0.5493748816510342,1455
M-0404,Aluminum,0.5053871377902697,0.0523378264532434,0.36,0.3501435014350143,0.8908908908908909,1.0,0.0,0.0,0.0,0.0,0.0,0.0,0.0,0.0382038455019184,9.656065526072766,0.5774221223833751,6.46854075569044,0.11845286,0.7640077663853979,0.13769583,0.5491481997869802,1456
M-0956,Glass,0.1028352182738852,0.8382476832350463,0.42,0.9481344813448134,0.0309309309309309,0.0,0.0,0.0,1.0,0.0,0.0,0.0,0.0,0.9188077991891028,0.1226786517301931,0.1764133665888333,1.6226697905063592,0.6923185,0.19084381532621422,0.7116298,0.5487631883623598,1457
M-0168,Bamboo,0.9488277677396328,0.0389637742207245,0.35,0.3132431324313243,0.9115115115115116,0.0,1.0,0.0,0.0,0.0,0.0,0.0,0.0,0.0277184113182473,24.350911476216694,0.7579845605493065,6.544057050622667,0.12146306,0.7729397454421415,0.1407064,0.5431769247571283,1458
M-1012,Steel,0.8443418322960583,0.5080033698399327,0.99,0.8515785157851578,0.0875875875875875,0.0,0.0,0.0,0.0,0.0,0.0,1.0,0.0,0.7769908079461174,1.6620759237998333,0.6610130091946995,5.971099547876308,0.18986943,0.7051710020268632,0.20912091,0.5428540418165588,1459
M-0850,Wood,0.8943764081286667,0.4337615838247682,0.27,0.8745387453874539,0.2811811811811812,0.0,0.0,0.0,0.0,0.0,0.0,0.0,1.0,0.6286349079707013,2.061903081271707,0.5231049176058211,2.544131932749819,0.5951822,0.2998332799641068,0.6144819,0.5428423970357689,1460
M-1424,Bamboo,0.8557630105512056,0.111625947767481,0.03,0.0596555965559655,0.2985985985985986,0.0,1.0,0.0,0.0,0.0,0.0,0.0,0.0,0.0418425190257908,7.666276178524205,0.4408847838000619,5.757805123845327,0.21535288,0.6799427869763939,0.2346074,0.5427249072568134,1461
M-1479,Wood,0.5053871377902697,0.162910699241786,0.15,0.9620746207462074,0.5896896896896897,0.0,0.0,0.0,0.0,0.0,0.0,0.0,1.0,0.3947491361800505,3.102215127227894,0.4240617620230147,2.9517896769706353,0.54782116,0.3480505612405185,0.56711525,0.5424170957549391,1462
M-0279,Aluminum,0.3170938455017957,0.0088458298230834,0.74,0.4331693316933169,0.3836836836836837,1.0,0.0,0.0,0.0,0.0,0.0,0.0,0.0,0.2669693268504257,35.84265232212622,0.4639426433058233,5.636428027128861,0.23052585,0.6655864459136764,0.24978217,0.5423156896303276,1463
M-0094,Aluminum,0.9614981373664367,0.3548862679022747,0.41,0.490159901599016,0.0852852852852852,1.0,0.0,0.0,0.0,0.0,0.0,0.0,0.0,0.4483564745557366,2.7093058115322544,0.5331848405321603,4.222992500756542,0.39782545,0.4984069447087365,0.4171017,0.5422456721282444,1464
M-0470,Paper,0.2710745276495125,0.0235888795282224,0.25,0.1406314063140631,0.9130130130130132,0.0,0.0,0.0,0.0,1.0,0.0,0.0,0.0,0.012233102311003,11.49113658360167,0.4573337149637089,6.388669990453968,0.14338225,0.754560745673133,0.1626282,0.5414055253482097,1465
M-0277,Aluminum,0.8620981953646077,0.2108256107834877,0.4,0.6379663796637967,0.0399399399399399,1.0,0.0,0.0,0.0,0.0,0.0,0.0,0.0,0.6124860407763237,4.08913368270173,0.4768212601278251,3.6039731952711667,0.47337773,0.4251900651296015,0.492663,0.5410734694083514,1466
M-0494,Wood,0.8447656650828704,0.1409014321819713,0.45,0.9922099220992212,0.5322322322322323,0.0,0.0,0.0,0.0,0.0,0.0,0.0,1.0,0.4641238204173833,5.995394486816811,0.6325759357028179,4.9336010848815715,0.3186536,0.5824568970619771,0.33792043,0.5398113378078175,1467
M-1209,Aluminum,0.6353699614089093,0.697451558550969,0.19,0.037310373103731,0.1502502502502502,1.0,0.0,0.0,0.0,0.0,0.0,0.0,0.0,0.0317044802079652,0.9109866378997264,0.3562230596386388,2.8685327177073456,0.56770384,0.3382030254585359,0.5870003,0.537398332060237,1468
M-1209,Aluminum,0.6353699614089093,0.697451558550969,0.19,0.037310373103731,0.1502502502502502,1.0,0.0,0.0,0.0,0.0,0.0,0.0,0.0,0.0317044802079652,0.9109866378997264,0.3562230596386388,2.8685327177073456,0.56770384,0.3382030254585359,0.5870003,0.537398332060237,1469
M-1202,Plastic,0.2182292712306765,0.6750210614995787,0.05,0.997539975399754,0.0631631631631631,0.0,0.0,0.0,0.0,0.0,1.0,0.0,0.0,0.9345321951718016,0.323292057663826,0.1212406574412195,0.39516585733999415,0.86139685,0.04565608553952242,0.8807283,0.5368078050371694,1470
M-1202,Plastic,0.2182292712306765,0.6750210614995787,0.05,0.997539975399754,0.0631631631631631,0.0,0.0,0.0,0.0,0.0,1.0,0.0,0.0,0.9345321951718016,0.323292057663826,0.1212406574412195,0.39516585733999415,0.86139685,0.04565608553952242,0.8807283,0.5368078050371694,1471
M-0545,Aluminum,0.8003970644002766,0.4371314237573714,0.4,0.501230012300123,0.1606606606606606,1.0,0.0,0.0,0.0,0.0,0.0,0.0,0.0,0.4207020673810341,1.831017378030356,0.4883570239583089,4.318711372345976,0.39761862,0.5097284609078462,0.41689485,0.5366883429885361,1472
M-0198,Paper,0.9002208391889179,0.1947135636057287,0.6,0.6191061910619107,0.2287287287287287,0.0,0.0,0.0,0.0,1.0,0.0,0.0,0.0,0.4774988190322344,4.62328457881428,0.6087069542941859,4.015639618070043,0.43763345,0.473881488220526,0.45691445,0.5346020285404557,1473
M-0982,Cotton,0.6230341966137991,0.6080454928390902,0.07,0.9116441164411644,0.141041041041041,0.0,0.0,1.0,0.0,0.0,0.0,0.0,0.0,0.7830648811993626,1.024648943709433,0.3125259909578319,1.8625213172424475,0.6944878,0.21921317342908966,0.71379936,0.5334937345783324,1474
M-0313,Aluminum,0.7679627027147605,0.0502316764953664,0.77,0.2607626076260763,0.6775775775775775,1.0,0.0,0.0,0.0,0.0,0.0,0.0,0.0,0.0840757116279871,15.288110375436569,0.7414583543591775,6.752465050637191,0.11700041,0.7975899999740694,0.13624321,0.5330833953915549,1475
M-0352,Aluminum,0.5053871377902697,0.0543386689132266,0.43,0.3132431324313243,0.2014014014014014,1.0,0.0,0.0,0.0,0.0,0.0,0.0,0.0,0.2501555265802908,9.30051926884772,0.3915752755365282,5.716366591482511,0.2408525,0.6750414858262376,0.26011005,0.5324242318669639,1476
M-0256,Glass,0.658056168997747,0.1093091828138163,0.27,0.1787617876178761,0.376976976976977,0.0,0.0,0.0,1.0,0.0,0.0,0.0,0.0,0.1113727093226888,6.020081131129272,0.4573155606921919,4.63809757172443,0.37064576,0.5475050870839782,0.38991877,0.5312880692748215,1477
M-0493,Aluminum,0.7706172343795311,0.1958719460825611,0.76,0.8323083230832308,0.1197197197197197,1.0,0.0,0.0,0.0,0.0,0.0,0.0,0.0,0.7326646039233164,3.9342709128126017,0.5721628096677284,3.8472896193116592,0.46501943,0.4539692472338329,0.48430368,0.5308635348618205,1478
M-1174,Bamboo,0.3536103861339758,0.0389637742207245,0.5,0.2595325953259532,0.4773773773773774,0.0,1.0,0.0,0.0,0.0,0.0,0.0,0.0,0.1356376056253055,9.075129862959612,0.4346573676668035,5.709229213909175,0.24785405,0.6741972851532263,0.26711243,0.5293451404682019,1479
M-0078,Paper,0.3450445024426152,0.0015796124684077,0.48,0.1512915129151291,0.2135135135135135,0.0,0.0,0.0,0.0,1.0,0.0,0.0,0.0,0.1189887304278448,218.2979758410991,0.3460718550311001,6.453336967808923,0.16117568,0.7622094801338973,0.18042375,0.5286833841963379,1480
M-0169,Bamboo,0.7632782350710478,0.0309604043807919,0.67,0.4893398933989339,0.6157157157157157,0.0,1.0,0.0,0.0,0.0,0.0,0.0,0.0,0.1880456307065573,24.65257149461142,0.6910260087431338,6.693533602672119,0.13705653,0.7906196572224818,0.15630172,0.5265393104235072,1481
M-1396,Wood,0.8215440897633228,0.1545914069081718,0.5,0.4085690856908569,0.022022022022022,0.0,0.0,0.0,0.0,0.0,0.0,0.0,1.0,0.3995715682882555,5.31425900012878,0.4852242425119357,4.553847037704638,0.39117438,0.5375400324416708,0.41044983,0.526005067440244,1482
M-0089,Paper,0.5053871377902697,0.1211036225779275,0.93,0.90979909799098,0.1593593593593593,0.0,0.0,0.0,0.0,1.0,0.0,0.0,0.0,0.7648140965894143,4.17314489762822,0.5289626629239157,3.067454977456008,0.57087374,0.36173131772432743,0.59017056,0.5240490600041845,1483
M-1354,Wood,0.5053871377902697,0.278748946925021,0.33,0.8068880688806888,0.0472472472472472,0.0,0.0,0.0,0.0,0.0,0.0,0.0,1.0,0.768764828789429,1.8130483731579332,0.315329029290282,2.569538927035942,0.6339129,0.3028383895376382,0.65321726,0.5219721771965893,1484
M-0392,Glass,0.5053871377902697,0.1054128053917439,0.13,0.8193931939319392,0.1325325325325325,0.0,0.0,0.0,1.0,0.0,0.0,0.0,0.0,0.7107969388002188,4.794316417210492,0.2809146148758676,3.637222316071793,0.5094912,0.4291227322567806,0.52878076,0.5210482546811648,1485
M-1388,Paper,0.731044636284548,0.0401221566975568,0.08,0.5861008610086101,0.9645645645645644,0.0,0.0,0.0,0.0,1.0,0.0,0.0,0.0,0.0207687392189237,18.220017976029837,0.6057872238831885,6.563187570960313,0.16988374,0.7752024810166795,0.18913285,0.5178323323204299,1486
M-0912,Steel,0.5144214682460014,0.0219039595619208,0.6,0.2986879868798688,0.621921921921922,0.0,0.0,0.0,0.0,0.0,0.0,1.0,0.0,0.1129273800245509,23.48424642336536,0.5723451638749771,6.655788237947958,0.15910071,0.7861551796218802,0.17834853,0.5177481470097577,1487
M-0578,Wood,0.7894666398982801,0.0954085930918281,0.98,0.0670356703567035,0.7387387387387387,0.0,0.0,0.0,0.0,0.0,0.0,0.0,1.0,0.0175138237868865,8.2744996002493,0.8314082775809337,7.56928313305363,0.05198613,0.8942022875851176,0.07122119,0.5172882623520603,1488
M-1241,Steel,0.765196636106092,0.0845619208087615,0.98,0.6027060270602705,0.6552552552552553,0.0,0.0,0.0,0.0,0.0,0.0,1.0,0.0,0.2077797354550121,9.048843497690656,0.7966552310190134,7.067374206278373,0.112148985,0.8348370866523576,0.13139121,0.5168858505017364,1489
M-0288,Steel,0.7243079256731133,0.1429022746419544,0.79,0.8772037720377203,0.4488488488488488,0.0,0.0,0.0,0.0,0.0,0.0,1.0,0.0,0.4834718687527214,5.068518741000679,0.6613778249239,4.986589294246586,0.35885215,0.5887242805019011,0.37812376,0.5165759796373551,1490
M-0288,Steel,0.7243079256731133,0.1429022746419544,0.79,0.8772037720377203,0.4488488488488488,0.0,0.0,0.0,0.0,0.0,0.0,1.0,0.0,0.4834718687527214,5.068518741000679,0.6613778249239,4.986589294246586,0.35885215,0.5887242805019011,0.37812376,0.5165759796373551,1491
M-0635,Plastic,0.5053871377902697,0.0690817186183656,0.88,0.4784747847478475,0.6878878878878879,0.0,0.0,0.0,0.0,0.0,1.0,0.0,0.0,0.1493377756600389,7.315681083458586,0.6725212214824743,6.584351498350016,0.17216936,0.7777057255994934,0.19141874,0.515437768613713,1492
M-0372,Cotton,0.9560552321042182,0.8922704296545915,0.53,0.9112341123411234,0.1224224224224224,0.0,0.0,1.0,0.0,0.0,0.0,0.0,0.0,0.7996786249143772,1.071484752654602,0.578148819568414,2.0931450142225665,0.70901984,0.24649107461934136,0.7283331,0.5125879049014804,1493
M-1014,Glass,0.4868723371032144,0.0181128896377422,0.25,0.9751947519475196,0.7138138138138138,0.0,0.0,0.0,1.0,0.0,0.0,0.0,0.0,0.2790872668486445,26.87839811548617,0.4838930789854299,5.955301537355334,0.25351572,0.7033024318164446,0.2727748,0.5119613912132452,1494
M-0858,Glass,0.8001739945124808,0.0090564448188711,0.5,0.490159901599016,0.6252252252252252,0.0,0.0,0.0,1.0,0.0,0.0,0.0,0.0,0.183699566725397,88.34434109334295,0.6576371653725599,6.583835813926494,0.18070811,0.7776447310489143,0.1999585,0.5111983828523892,1495
M-0240,Cotton,0.8190010930424502,0.3755265374894692,0.87,0.9153341533415336,0.0309309309309309,0.0,0.0,1.0,0.0,0.0,0.0,0.0,0.0,0.8870220158658043,2.18093484839422,0.5978797164962594,2.7494190893065986,0.6372893,0.3241144047813293,0.65659404,0.5096457786045135,1496
M-0436,Cotton,0.9375627384059426,0.0193765796124684,0.63,0.7585075850758507,0.9229229229229228,0.0,0.0,1.0,0.0,0.0,0.0,0.0,0.0,0.0584635475984389,48.38389299160318,0.8409019722392539,7.428271518931353,0.08398814,0.8775235987640075,0.103227004,0.509624698413578,1497
M-0082,Paper,0.4509357781793035,0.0594987363100252,0.81,0.3140631406314063,0.0888888888888888,0.0,0.0,0.0,0.0,1.0,0.0,0.0,0.0,0.2861464170197257,7.578786161835882,0.4500409779383881,5.828740875694232,0.27352515,0.6883329847536735,0.2927866,0.50944020852038,1498
M-0082,Paper,0.4509357781793035,0.0594987363100252,0.81,0.3140631406314063,0.0888888888888888,0.0,0.0,0.0,0.0,1.0,0.0,0.0,0.0,0.2861464170197257,7.578786161835882,0.4500409779383881,5.828740875694232,0.27352515,0.6883329847536735,0.2927866,0.50944020852038,1499
M-0758,Glass,0.5324009012023467,0.0121103622577927,0.02,0.069290692906929,0.327027027027027,0.0,0.0,0.0,1.0,0.0,0.0,0.0,0.0,0.0466307636049333,43.958795870364334,0.3170684685890468,7.323951652461163,0.09820123,0.8651847669483014,0.117441796,0.5086867186426725,1500
M-0518,Wood,0.4785295232996498,0.2419966301600674,0.06,0.0637556375563755,0.3863863863863864,0.0,0.0,0.0,0.0,0.0,0.0,0.0,1.0,0.0391213271492074,1.977414088655043,0.3253277252357758,3.295264602166011,0.5775378,0.3886763737372118,0.5968354,0.5072441257153174,1501
M-0978,Cotton,0.9972562403801112,0.3544650379106991,0.84,0.986469864698647,0.4248248248248248,0.0,0.0,1.0,0.0,0.0,0.0,0.0,0.0,0.5673929772330756,2.813404201593357,0.7783499435994918,4.241759472405575,0.46574137,0.500626680169515,0.4850257,0.5071738079617361,1502
M-0978,Cotton,0.9972562403801112,0.3544650379106991,0.84,0.986469864698647,0.4248248248248248,0.0,0.0,1.0,0.0,0.0,0.0,0.0,0.0,0.5673929772330756,2.813404201593357,0.7783499435994918,4.241759472405575,0.46574137,0.500626680169515,0.4850257,0.5071738079617361,1503
M-0057,Cotton,0.934707443842156,0.0870893007582139,0.43,0.4751947519475195,0.4773773773773774,0.0,0.0,1.0,0.0,0.0,0.0,0.0,0.0,0.2483475275193192,10.732623905354906,0.6460961907500756,6.31220422659414,0.22624035,0.7455164645419303,0.24549617,0.5044936833627133,1504
M-0925,Aluminum,0.7898012447299738,0.0705560235888795,0.41,0.510250102501025,0.517917917917918,1.0,0.0,0.0,0.0,0.0,0.0,0.0,0.0,0.2459824317962899,11.193800483024544,0.5942958732673649,6.163597521678841,0.24777453,0.7279394372634288,0.2670329,0.5025138356123271,1505
M-0059,Glass,0.4493296749871734,0.1138374052232519,0.05,0.8874538745387454,0.3338338338338338,0.0,0.0,0.0,1.0,0.0,0.0,0.0,0.0,0.5911917452507859,3.947083360013517,0.2948820201450196,3.427502233700328,0.57340825,0.4043172861580069,0.59270537,0.5014886724231633,1506
M-0918,Paper,0.9309152557496264,0.1054128053917439,0.84,0.9870848708487086,0.6932932932932934,0.0,0.0,0.0,0.0,1.0,0.0,0.0,0.0,0.3027455499780223,8.831056352534793,0.8323540902878386,7.239629743538963,0.12628189,0.855211270166002,0.1455258,0.49963146581621853,1507
M-0199,Steel,0.8739878203841264,0.0577085088458298,0.16,0.543460434604346,0.8831831831831832,0.0,0.0,0.0,0.0,0.0,0.0,1.0,0.0,0.0634853180363635,15.144606805075624,0.6625500831086055,7.180235537087161,0.13597693,0.8481861928817482,0.155222,0.49829590421334646,1508
M-0568,Cotton,0.7311561712284459,0.0121103622577927,0.04,0.5795407954079541,0.6553553553553553,0.0,0.0,1.0,0.0,0.0,0.0,0.0,0.0,0.1997356314904491,60.36944116323508,0.5010690750979849,6.6979418138323386,0.20079267,0.7911410552836039,0.22004546,0.4944067412328432,1509
M-0049,Aluminum,0.6960672778781593,0.1080454928390901,0.17,0.4264042640426403,0.0978978978978979,1.0,0.0,0.0,0.0,0.0,0.0,0.0,0.0,0.3846601829381657,6.442294049421742,0.358796280520633,4.645005092693417,0.44392037,0.5483221005866186,0.46320212,0.4942378902698926,1510
M-1309,Aluminum,0.6502264159361127,0.0823504633529907,0.56,0.7544075440754408,0.4773773773773774,1.0,0.0,0.0,0.0,0.0,0.0,0.0,0.0,0.3942704492109986,7.895748168420356,0.5713037795876583,5.711720793783896,0.31897816,0.674491986307185,0.33824503,0.49363148973749027,1511
M-0030,Paper,0.6403667268955363,0.0709772535804549,0.9,0.3407134071340713,0.0545545545545545,0.0,0.0,0.0,0.0,1.0,0.0,0.0,0.0,0.3221259389771074,9.022013005288596,0.542513057124581,6.026286435602141,0.28411344,0.7116984425721969,0.30337614,0.49246270960875327,1512
M-1332,Wood,0.0622141917062615,0.8385636057287279,0.11,0.942189421894219,0.1417417417417417,0.0,0.0,0.0,0.0,0.0,0.0,0.0,1.0,0.8086418521842876,0.0741912922167711,0.1004081992050271,0.14547274626535767,0.98065436,0.016122676349712983,1.0,0.49193866182514356,1513
M-0966,Aluminum,0.995427067300185,0.1176284751474305,0.32,0.8029930299302993,0.9548548548548548,1.0,0.0,0.0,0.0,0.0,0.0,0.0,0.0,0.0362512368867432,8.462394872140422,0.7806272833765305,5.3384422620836025,0.36756244,0.6303410380850663,0.3868351,0.4914119318241661,1514
M-0339,Paper,0.991724107162774,0.2419966301600674,0.85,0.9288642886428864,0.3099099099099099,0.0,0.0,0.0,0.0,1.0,0.0,0.0,0.0,0.6410000406310369,4.098073631988901,0.7446626158380827,4.102275611407952,0.5174098,0.48412869220145305,0.53670025,0.48958552954014256,1515
M-0416,Aluminum,0.8178634366146913,0.2953875315922493,0.39,0.7810578105781057,0.0518518518518518,1.0,0.0,0.0,0.0,0.0,0.0,0.0,0.0,0.740558516696278,2.768771801011083,0.4597009302014321,2.9675381865927966,0.65895975,0.34991327654251136,0.67826706,0.48590983087356543,1516
M-0690,Plastic,0.6727564746034933,0.0424389216512215,0.24,0.2785977859778598,0.1273273273273273,0.0,0.0,0.0,0.0,0.0,1.0,0.0,0.0,0.2431246744899881,15.851972586856302,0.3793007880395955,6.666844903972476,0.22179163,0.7874629491497289,0.2410469,0.4857450726663465,1517
M-1046,Glass,0.0818889558098552,0.0665543386689132,0.32,0.8813038130381303,0.0005005005005005,0.0,0.0,0.0,1.0,0.0,0.0,0.0,0.0,0.8808627200386117,1.2303889882856844,0.1289057324740922,1.3706469331978204,0.8517406,0.16103484647623587,0.87107086,0.48394714585367893,1518
M-1046,Glass,0.0818889558098552,0.0665543386689132,0.32,0.8813038130381303,0.0005005005005005,0.0,0.0,0.0,1.0,0.0,0.0,0.0,0.0,0.8808627200386117,1.2303889882856844,0.1289057324740922,1.3706469331978204,0.8517406,0.16103484647623587,0.87107086,0.48394714585367893,1519
M-1260,Glass,0.4862031274398269,0.062447346251053,0.43,0.490159901599016,0.0395395395395395,0.0,0.0,0.0,1.0,0.0,0.0,0.0,0.0,0.4707792047890449,7.785684595797092,0.3353431128377927,5.781088195973951,0.33192,0.6826966815208251,0.3511884,0.48305746351605383,1520
M-0429,Aluminum,0.7606906243726159,0.1115206402695871,0.33,0.7115621156211561,0.2105105105105105,1.0,0.0,0.0,0.0,0.0,0.0,0.0,0.0,0.5617708114018076,6.821013594614984,0.4664294029021996,5.134137282525437,0.41593257,0.6061760840146939,0.43521097,0.4793064714804689,1521
M-1032,Cotton,0.9019607843137254,0.1835509688289806,0.19,0.5612956129561295,0.0306306306306306,0.0,0.0,1.0,0.0,0.0,0.0,0.0,0.0,0.5441027743610769,4.913925958234215,0.4269735029146794,3.983669426865626,0.55302674,0.4701000913904217,0.5723214,0.4787892468310343,1522
M-0949,Wood,0.9635503803341584,0.1025695029486099,0.14,0.2064370643706436,0.3441441441441441,0.0,0.0,0.0,0.0,0.0,0.0,0.0,1.0,0.1353929575331789,9.394029985569226,0.5306633953769067,6.997107519540382,0.20207167,0.826526025114,0.22132461,0.47607468357804406,1523
M-1339,Wood,0.8220125365276941,0.1260530749789384,0.58,0.490159901599016,0.0518518518518518,0.0,0.0,0.0,0.0,0.0,0.0,0.0,1.0,0.4647442029975855,6.521110377947231,0.5183605701666332,4.931437608676543,0.44759214,0.5822010036263893,0.46687433,0.4754623325688625,1524
M-1068,Bamboo,0.7689219032322826,0.0052653748946924,0.82,0.575850758507585,0.9412412412412412,0.0,1.0,0.0,0.0,0.0,0.0,0.0,0.0,0.0338362758001954,146.00591841784933,0.8359411336652853,8.278051257974212,0.052576996,0.9780345525758668,0.07181212,0.4750766621819533,1525
M-0728,Glass,0.7619621227330522,0.0113732097725358,0.36,0.1467814678146781,0.0126126126126126,0.0,0.0,0.0,1.0,0.0,0.0,0.0,0.0,0.1449301700224209,66.99033497455689,0.4165686328770047,6.4036418440798455,0.2744444,0.7563315990120977,0.29370597,0.474981215469499,1526
M-1170,Glass,0.4109616542862879,0.0144271272114574,0.34,0.5034850348503485,0.4112112112112112,0.0,0.0,0.0,1.0,0.0,0.0,0.0,0.0,0.2964463438428178,28.48336781782332,0.3897480250778785,5.8028978197290595,0.3459753,0.6852762983146695,0.3652454,0.4747391499130236,1527
M-0046,Paper,0.8722255682705391,0.007687447346251,0.66,0.1312013120131201,0.2856856856856857,0.0,0.0,0.0,0.0,1.0,0.0,0.0,0.0,0.0937189752277903,113.44625631023445,0.6325959330139214,7.079227335739282,0.19547863,0.8362390609440878,0.21473078,0.4745150773794613,1528
M-0656,Steel,0.4731981529813289,0.0546545914069081,0.68,0.6217712177121771,0.2168168168168168,0.0,0.0,0.0,0.0,0.0,0.0,1.0,0.0,0.4869607614995069,8.657817815169032,0.4583243062375766,5.502294159004272,0.38247803,0.6497212488464201,0.40175244,0.47426315451603707,1529
M-1051,Plastic,0.956925204666622,0.4336562763268745,0.12,0.7824928249282492,0.0376376376376376,0.0,0.0,0.0,0.0,0.0,1.0,0.0,0.0,0.7530416435295484,2.2066393368788493,0.4300613731579401,2.464023648064513,0.7444995,0.29035816572918627,0.763817,0.4729124109803928,1530
M-0531,Aluminum,0.6172789935086663,0.0500210614995787,0.5,0.6512915129151292,0.5706706706706707,1.0,0.0,0.0,0.0,0.0,0.0,0.0,0.0,0.2796185484377366,12.340135032496898,0.5681127986046677,6.521303611216937,0.27005804,0.770248495236828,0.28931907,0.47021621828486815,1531
M-1139,Paper,0.7260032568203618,0.0389637742207245,0.03,0.2771627716277163,0.4773773773773774,0.0,0.0,0.0,0.0,1.0,0.0,0.0,0.0,0.1448515346014321,18.6322972823545,0.4426145159413579,6.645850646380957,0.25729185,0.7849797729122345,0.27655137,0.46923443061770476,1532
M-0510,Plastic,0.5053871377902697,0.0622367312552653,0.4,0.3079130791307913,0.4447447447447448,0.0,0.0,0.0,0.0,0.0,1.0,0.0,0.0,0.1709703553491991,8.120269289981765,0.4555782785395312,6.200627987626937,0.31099048,0.7323193574727914,0.3302564,0.46871212001734275,1533
M-1439,Cotton,0.7882174485266233,0.0662384161752316,0.94,0.5420254202542025,0.5205205205205206,0.0,0.0,1.0,0.0,0.0,0.0,0.0,0.0,0.2598900663681311,11.899522882892718,0.7534431355668055,6.490429773424762,0.2799209,0.7665967738062615,0.29918313,0.4671100479647281,1534
M-0867,Steel,0.9946909366704588,0.7390480202190397,0.81,0.6580565805658056,0.4773773773773774,0.0,0.0,0.0,0.0,0.0,0.0,1.0,0.0,0.3439152559693765,1.3459065765023974,0.7840895878813968,5.284400096115815,0.42264357,0.6239489938906503,0.44192278,0.46706411112886315,1535
M-1022,Aluminum,0.7847821722545673,0.0100042122999157,0.4,0.928659286592866,0.7093093093093092,1.0,0.0,0.0,0.0,0.0,0.0,0.0,0.0,0.2699526094360043,78.43733333486338,0.6467056616946196,6.215622656012206,0.32492357,0.7340929093148175,0.34419113,0.46085797835459985,1536
M-1495,Wood,0.8557183965736465,0.0068449873631002,0.72,0.47539975399754,0.3331331331331331,0.0,0.0,0.0,0.0,0.0,0.0,0.0,1.0,0.3170283444576188,124.99561439244728,0.6582272985693984,6.733836932639596,0.26389834,0.7953866879608094,0.28315866,0.46072732605209654,1537
M-1205,Steel,0.99892926453858,0.9420808761583824,0.45,0.906929069290693,0.8944944944944945,0.0,0.0,0.0,0.0,0.0,0.0,1.0,0.0,0.0956860099131522,1.0603423012573063,0.8029200541637803,5.960319268348484,0.35676202,0.7038959231706405,0.3760334,0.46003534065028306,1538
M-1419,Steel,0.6755225412121617,0.0249578770008424,0.2,0.1488314883148831,0.4364364364364364,0.0,0.0,0.0,0.0,0.0,0.0,1.0,0.0,0.0838760039252044,27.065422101697937,0.4611399474157955,6.750227354633824,0.27226484,0.7973253279075257,0.29152614,0.45557426665498646,1539
M-0737,Paper,0.3944544825893952,0.0517059814658803,0.03,0.5656006560065601,0.4211211211211211,0.0,0.0,0.0,0.0,1.0,0.0,0.0,0.0,0.3274142736422358,7.62865035642589,0.2931181293720944,5.690404871450999,0.40352052,0.6719707639402313,0.42279744,0.4526158972886124,1540
M-1163,Plastic,0.9968993285596376,0.02243049705139,0.53,0.490159901599016,0.5378378378378379,0.0,0.0,0.0,0.0,0.0,1.0,0.0,0.0,0.2265333599281938,44.44194367748901,0.7191110827752065,7.03389743192871,0.24716432,0.8308774929296137,0.26642263,0.45134993885700103,1541
M-1494,Plastic,0.5053871377902697,0.0556023588879528,0.91,0.8618286182861827,0.4119119119119119,0.0,0.0,0.0,0.0,0.0,1.0,0.0,0.0,0.5068311443875199,9.08914763240622,0.5987284286896815,6.698442214277021,0.30059543,0.7912002420630387,0.3198601,0.4444698285954032,1542
M-0521,Cotton,0.6943942537196903,0.0762426284751474,0.65,0.6322263222632226,0.3208208208208208,0.0,0.0,1.0,0.0,0.0,0.0,0.0,0.0,0.4293949546102067,9.10757092241533,0.5690039477341224,6.261153899889404,0.35404584,0.7394782915969277,0.37331688,0.44360241218111995,1543
M-1036,Plastic,0.8952909946686296,0.0757160909856781,0.38,0.5674456744567445,0.4894894894894895,0.0,0.0,0.0,0.0,0.0,1.0,0.0,0.0,0.2896869809538936,11.824159948748864,0.6189632447142988,6.946406122773724,0.27498457,0.8205291231940387,0.2942462,0.4426123400295676,1544
M-1151,Steel,0.5531017867898012,0.0672914911541701,0.01,0.6834768347683478,0.5773773773773774,0.0,0.0,0.0,0.0,0.0,0.0,1.0,0.0,0.288852772411608,8.219368570003146,0.3974539279291337,5.8238099896537445,0.40894228,0.6877497653189232,0.42821985,0.4420151899246907,1545
M-0111,Cotton,0.7752570880456847,0.0116891322662173,0.81,0.602091020910209,0.0717717717717717,0.0,0.0,1.0,0.0,0.0,0.0,0.0,0.0,0.5588778815716084,66.3172212589977,0.5746343667498054,6.109439454033704,0.37959263,0.7215336843541501,0.3988667,0.4397998012994111,1546
M-0034,Plastic,0.3437730040821789,0.0457034540859309,0.83,0.8913489134891349,0.316016016016016,0.0,0.0,0.0,0.0,0.0,1.0,0.0,0.0,0.609668380968094,7.521652122478838,0.4813140064376763,5.496258550745325,0.45220286,0.6490073641595191,0.47148558,0.439753525433096,1547
M-1440,Glass,0.6642798188672511,0.0191659646166807,0.28,0.0690856908569085,0.3649649649649649,0.0,0.0,0.0,1.0,0.0,0.0,0.0,0.0,0.0438718341137365,34.657538747117975,0.4592014170363899,6.974252762327593,0.27743152,0.8238227911569475,0.29669344,0.43974188229551925,1548
M-0172,Steel,0.4860469785183697,0.0233782645324347,0.4,0.3068880688806888,0.0483483483483483,0.0,0.0,0.0,0.0,0.0,0.0,1.0,0.0,0.2920505376224933,20.78966076302628,0.3289232959118524,6.80565135125214,0.3128575,0.8038808134153901,0.33212364,0.43199777469260403,1549
M-0172,Steel,0.4860469785183697,0.0233782645324347,0.4,0.3068880688806888,0.0483483483483483,0.0,0.0,0.0,0.0,0.0,0.0,1.0,0.0,0.2920505376224933,20.78966076302628,0.3289232959118524,6.80565135125214,0.3128575,0.8038808134153901,0.33212364,0.43199777469260403,1550
M-0080,Paper,0.4507127082915076,0.0511794439764111,0.22,0.5088150881508815,0.4052052052052052,0.0,0.0,0.0,0.0,1.0,0.0,0.0,0.0,0.3026405659451989,8.806346199326438,0.3678466448781646,6.87188155350153,0.3081474,0.8117144442886519,0.32741296,0.43043629639891745,1551
M-0108,Paper,0.4706328492716768,0.0664490311710193,0.55,0.9780647806478064,0.2752752752752753,0.0,0.0,0.0,0.0,1.0,0.0,0.0,0.0,0.7088277289179298,7.082507577166227,0.4358357222912533,6.039904053967116,0.4281356,0.7133091185481284,0.44741547,0.41963770518745314,1552
M-0457,Wood,0.6826607776216289,0.1202611625947767,0.59,0.8958589585895859,0.2528528528528529,0.0,0.0,0.0,0.0,0.0,0.0,0.0,1.0,0.6693384651564233,5.67643856465357,0.5259201669045075,4.227814323658637,0.6446793,0.4989772642830151,0.66398495,0.4185188906799189,1553
M-1414,Cotton,0.8414196167659327,0.0349620893007582,0.47,0.7460024600246002,0.4811811811811812,0.0,0.0,1.0,0.0,0.0,0.0,0.0,0.0,0.3870401151458961,24.065940212774205,0.6219222010607275,6.734290447575456,0.35528466,0.795440329177088,0.37455586,0.41500190741672793,1554
M-1446,Aluminum,0.4455151799058644,0.0301179443976411,0.8,0.7402624026240262,0.3168168168168168,1.0,0.0,0.0,0.0,0.0,0.0,0.0,0.0,0.5057348246155133,14.791859038086235,0.5132511170073908,6.477088347679337,0.40254107,0.7650187655703942,0.4218179,0.40658166783965033,1555
M-0915,Paper,0.9927056146690758,0.0562342038753159,0.83,0.2519475194751948,0.3576576576576576,0.0,0.0,0.0,0.0,1.0,0.0,0.0,0.0,0.1618365598070395,17.652743233048323,0.7533795431649276,7.4159875837366345,0.29711464,0.8760706692738612,0.3163789,0.4037752196290454,1556
M-1461,Steel,0.7535970019407079,0.0103201347935973,0.95,0.490159901599016,0.1739739739739739,0.0,0.0,0.0,0.0,0.0,0.0,1.0,0.0,0.4048848356351431,73.01493653664906,0.6386309929684753,7.1192742062666605,0.33511826,0.840975757959741,0.35438704,0.4023185985668214,1557
M-0809,Wood,0.8398358205625822,0.0756107834877843,0.93,0.8466584665846659,0.528928928928929,0.0,0.0,0.0,0.0,0.0,0.0,0.0,1.0,0.3988363106854292,11.107208186648108,0.7736130069037116,7.257425465905617,0.31993687,0.8573161273974278,0.33920383,0.40174001903444045,1558
M-0459,Glass,0.2714314394699859,0.0175863521482729,0.09,0.6555965559655597,0.3833833833833834,0.0,0.0,0.0,1.0,0.0,0.0,0.0,0.0,0.4042517302049897,15.433331702330191,0.2505875908030094,6.479110776513253,0.43836376,0.7652579760878659,0.45764485,0.3885485869482469,1559
M-0580,Plastic,0.4968658680764684,0.0291701769165964,0.81,0.5334153341533415,0.5738738738738739,0.0,0.0,0.0,0.0,0.0,1.0,0.0,0.0,0.2273022099590365,17.032767292765097,0.6139085093927495,8.463760292384322,0.21388605,1.0,0.2331404,0.38342980295419693,1560
M-0580,Plastic,0.4968658680764684,0.0291701769165964,0.81,0.5334153341533415,0.5738738738738739,0.0,0.0,0.0,0.0,0.0,1.0,0.0,0.0,0.2273022099590365,17.032767292765097,0.6139085093927495,8.463760292384322,0.21388605,1.0,0.2331404,0.38342980295419693,1561
M-0763,Steel,0.9559436971603203,0.306866048862679,0.09,0.97949979499795,0.0224224224224224,0.0,0.0,0.0,0.0,0.0,0.0,1.0,0.0,0.9575370368318298,3.115172191681288,0.4161042055908549,2.746797381705053,0.9043393,0.32380431227201156,0.9236759,0.3762598964953724,1562
M-0650,Steel,0.5053871377902697,0.0375947767481044,0.13,0.531570315703157,0.2499499499499499,0.0,0.0,0.0,0.0,0.0,0.0,1.0,0.0,0.3987043418982738,13.442657168022222,0.3161398401010928,8.026126370690159,0.28188962,0.9482371715058197,0.30115205,0.3753053889995164,1563
M-0584,Plastic,0.9968993285596376,0.2889637742207245,0.64,0.4300943009430094,0.4773773773773774,0.0,0.0,0.0,0.0,0.0,1.0,0.0,0.0,0.2247770115338791,3.449899148600585,0.7339729446370683,7.225290935687006,0.4123029,0.8535152927409008,0.4315809,0.35745190305658214,1564
M-0662,Glass,0.1091034821209484,0.0014743049705138,0.0,0.9268142681426814,0.446946946946947,0.0,0.0,0.0,1.0,0.0,0.0,0.0,0.0,0.512577460609441,73.9531719214261,0.1777254769324635,5.892358445402346,0.57055384,0.6958575965051342,0.58985066,0.35714586967803585,1565
M-0465,Paper,0.6931004483704745,0.00136899747262,0.64,0.6758917589175891,0.1474474474474474,0.0,0.0,0.0,0.0,1.0,0.0,0.0,0.0,0.5762332443144251,505.9136693478408,0.5134744135824241,6.83375331673727,0.45992038,0.8072046810308733,0.47920403,0.35679564506214667,1566
M-0218,Steel,0.2950099266100068,0.0394903117101937,0.04,0.8583435834358344,0.3623623623623623,0.0,0.0,0.0,0.0,0.0,0.0,1.0,0.0,0.54731217482345,7.470248868280992,0.2387126793527114,6.411799465508063,0.5148926,0.7572964729352035,0.5341827,0.3542603998639564,1567
M-0218,Steel,0.2950099266100068,0.0394903117101937,0.04,0.8583435834358344,0.3623623623623623,0.0,0.0,0.0,0.0,0.0,0.0,1.0,0.0,0.54731217482345,7.470248868280992,0.2387126793527114,6.411799465508063,0.5148926,0.7572964729352035,0.5341827,0.3542603998639564,1568
M-0305,Plastic,0.998505431751768,0.0723462510530749,0.78,0.8347683476834767,0.4906906906906907,0.0,0.0,0.0,0.0,0.0,1.0,0.0,0.0,0.4251552905919449,13.801566987241165,0.7806093799079143,7.617060290078597,0.42148048,0.8998533138480022,0.44075954,0.32969357327390547,1569
M-0357,Plastic,0.3945214035557339,0.0468618365627632,0.97,0.8698236982369824,0.028028028028028,0.0,0.0,0.0,0.0,0.0,1.0,0.0,0.0,0.8454442552433532,8.418641134267505,0.457216969830702,6.179717271765719,0.59148306,0.7298460624534644,0.6107823,0.32968580613937193,1570
M-1377,Paper,0.6338530861718977,0.000631844987363,0.55,0.8075030750307503,0.1268268268268268,0.0,0.0,0.0,0.0,1.0,0.0,0.0,0.0,0.705090022371695,1001.5929632515612,0.4565892825168072,7.132491256798199,0.53457767,0.8425390552407527,0.5538702,0.3017953718242037,1571
M-0100,Steel,0.594414330009592,0.0101095197978095,0.07,0.6920869208692088,0.0715715715715715,0.0,0.0,0.0,0.0,0.0,0.0,1.0,0.0,0.6425531722784696,58.79166866755651,0.2802372034753083,7.045807575648723,0.5467846,0.8322862108012391,0.56607854,0.30081762276786805,1572
M-0512,Aluminum,0.797363313926253,0.0077927548441448,0.5,0.9364493644936448,0.1903903903903903,1.0,0.0,0.0,0.0,0.0,0.0,0.0,0.0,0.7581584044068669,102.30797989819716,0.5260624426876184,6.871575664788666,0.6401415,0.8116782641293969,0.6594466,0.26443756938564944,1573
M-0092,Paper,0.662829864596578,0.0710825610783487,0.03,0.9487494874948748,0.1669669669669669,0.0,0.0,0.0,0.0,1.0,0.0,0.0,0.0,0.7903396631563914,9.324657551497772,0.3242220359287213,7.303458189642684,0.6539577,0.8627608241309387,0.67326444,0.23198736599735104,1574
M-0890,Aluminum,0.9273015235673336,0.0684498736310025,0.5,0.8015580155801558,0.0237237237237237,1.0,0.0,0.0,0.0,0.0,0.0,0.0,0.0,0.7825420746699959,13.546964039730584,0.5280377265440507,7.204891181273256,0.7016554,0.851102433644068,0.72096777,0.21396489836656463,1575
