MATERIAL_ID,STRENGTH,WEIGHT_CAPACITY,BIODEGRADABILITY_SCORE,Co2_EMISSION_SCORE,RECYCLABILITY_PERCENTAGE,MATERIAL_TYPE_Aluminum (Recycled),MATERIAL_TYPE_Bamboo Composite,MATERIAL_TYPE_Bioplastic-PHB,MATERIAL_TYPE_Bioplastic-PLA,MATERIAL_TYPE_Compostable Starch Polymer,MATERIAL_TYPE_Glass (Lightweight),MATERIAL_TYPE_Hemp Fiber,MATERIAL_TYPE_Kenaf Fiber,MATERIAL_TYPE_Mushroom Mycelium Material,MATERIAL_TYPE_Palm Leaf,MATERIAL_TYPE_Recycled Cardboard,MATERIAL_TYPE_Recycled HDPE,MATERIAL_TYPE_Recycled PET,MATERIAL_TYPE_Recycled Paperboard,MATERIAL_TYPE_Seaweed-Based Film,MATERIAL_TYPE_Sugarcane Bagasse Fiber,INDUSTRY_CATEGORY_Cosmetics,INDUSTRY_CATEGORY_Electronics,INDUSTRY_CATEGORY_Food & Beverage,INDUSTRY_CATEGORY_Logistics,INDUSTRY_CATEGORY_Pharmaceutical,INDUSTRY_CATEGORY_Retail,CO2_Impact_Index,Cost_Efficiency_Index,Material_Suitability
1.0,63.65822784810127,72.6896551724138,38.62,86.14,24.76,False,False,True,False,False,False,False,False,False,False,False,False,False,False,False,False,True,False,False,False,False,False,14.860000000000001,1.86649016159959,44.477291139240506
1.1983967935871744,43.607594936708864,26.60344827586207,74.26,69.30999999999999,26.74,False,False,False,False,False,True,False,False,False,False,False,False,False,False,False,False,True,False,False,False,False,False,31.690000000000015,2.6319550499052475,47.743037974683546
1.3967935871743486,53.632911392405056,19.77586206896552,3.97,23.77,5.95,False,False,True,False,False,False,False,False,False,False,False,False,False,False,False,False,False,False,True,False,False,False,77.23,3.707701146105929,24.42916455696202
1.595190380761523,34.835443037974684,43.672413793103445,47.53,85.14999999999999,99.01,False,False,False,False,False,False,False,False,False,False,False,False,True,False,False,False,False,False,False,True,False,False,15.850000000000014,1.788180307474702,57.89617721518987
1.7935871743486973,86.21518987341773,70.98275862068965,43.57,78.22,62.38,True,False,False,False,False,False,False,False,False,False,False,False,False,False,False,False,False,False,False,True,False,False,22.779999999999998,2.2062388395136883,66.27107594936709
1.991983967935872,33.58227848101266,41.96551724137931,38.62,84.16,89.11,False,False,False,False,False,False,False,False,False,False,False,False,False,False,True,False,False,True,False,False,False,False,16.840000000000003,1.790769043062238,51.75191139240506
2.190380761523046,41.10126582278481,100.0,82.17999999999999,66.34,66.34,False,False,False,False,False,True,False,False,False,False,False,False,False,False,False,False,False,False,False,False,True,False,34.66,1.4005026090747208,60.99650632911393
2.38877755511022,24.81012658227848,84.63793103448276,96.04,60.4,33.67,False,False,False,False,True,False,False,False,False,False,False,False,False,False,False,False,False,True,False,False,False,False,40.6,1.2823062320588012,48.8370506329114
2.5871743486973946,58.64556962025316,60.741379310344826,27.73,88.12,70.3,False,False,False,False,False,False,False,False,False,False,False,False,False,True,False,False,True,False,False,False,False,False,12.879999999999999,1.9564734509251687,52.867227848101265
2.785571142284569,69.9240506329114,11.241379310344827,70.3,80.2,65.35000000000001,False,False,False,False,False,False,False,False,False,False,False,False,False,False,True,False,False,False,False,False,True,False,20.799999999999997,7.225309556582005,68.66462025316457
2.9839679358717435,37.34177215189874,76.10344827586206,49.51,45.55,79.21000000000001,False,False,False,False,False,False,False,False,False,False,True,False,False,False,False,False,False,False,False,False,False,True,55.45,1.480374847169211,53.552708860759495
3.182364729458918,64.91139240506328,57.32758620689656,76.24,86.14,26.74,False,False,False,False,False,False,True,False,False,False,False,False,False,False,False,False,False,False,False,False,True,False,14.860000000000001,2.123713619328402,56.858556962025304
3.3807615230460923,79.9493670886076,91.46551724137932,18.82,84.16,85.14999999999999,False,False,False,False,False,True,False,False,False,False,False,False,False,False,False,False,False,False,False,True,False,False,16.840000000000003,1.8648250868445073,63.17074683544304
3.5791583166332663,67.41772151898735,64.15517241379311,41.59,95.05,32.68,False,False,False,False,False,False,False,False,False,False,False,False,True,False,False,False,False,True,False,False,False,False,5.950000000000005,2.042060264106411,49.24808860759494
3.7775551102204408,36.08860759493671,84.63793103448276,59.41,56.440000000000005,67.33,False,False,False,False,False,False,False,False,False,False,False,False,True,False,False,False,False,False,False,True,False,False,44.559999999999995,1.415919304393194,52.457443037974684
3.975951903807615,56.13924050632911,77.8103448275862,23.77,68.32000000000001,57.42999999999999,False,False,False,False,True,False,False,False,False,False,False,False,False,False,False,False,False,False,True,False,False,False,32.67999999999999,1.7118108916564445,46.81569620253164
4.174348697394789,52.37974683544304,38.55172413793103,15.85,10.9,94.06,False,False,False,False,False,False,False,False,False,True,False,False,False,False,False,False,True,False,False,False,False,False,90.10000000000001,2.3507194693219873,53.924898734177226
4.3727454909819645,33.58227848101266,9.53448275862069,68.32000000000001,34.660000000000004,61.39,False,False,False,False,False,False,False,False,False,False,True,False,False,False,False,False,False,True,False,False,False,False,66.33999999999999,4.520026892477018,52.345911392405064
4.571142284569138,24.81012658227848,28.310344827586206,3.97,20.8,44.56,False,True,False,False,False,False,False,False,False,False,False,False,False,False,False,False,True,False,False,False,False,False,80.2,1.8671007383063163,24.48305063291139
4.769539078156313,96.24050632911391,93.17241379310344,54.46,100.0,31.69,False,False,False,False,False,False,False,False,True,False,False,False,False,False,False,False,False,False,False,True,False,False,1.0,2.0240873521085874,64.34120253164556
4.967935871743487,17.29113924050633,31.724137931034484,69.30999999999999,38.62,1.0,False,False,False,False,False,False,False,False,False,False,False,False,False,False,True,False,False,False,False,False,True,False,62.38000000000001,1.5348962480099577,28.00945569620253
5.166332665330661,36.08860759493671,76.10344827586206,42.58,63.37,90.1,False,False,False,False,False,False,False,False,False,False,True,False,False,False,False,False,False,False,False,False,False,True,37.63,1.4638640841621005,54.23944303797468
5.364729458917836,17.29113924050633,91.46551724137932,15.85,24.76,13.87,False,True,False,False,False,False,False,False,False,False,False,False,False,False,False,False,True,False,False,False,False,False,76.24,1.1779399966067747,15.83245569620253
5.563126252505009,66.16455696202532,65.86206896551724,100.0,47.53,86.14,False,False,False,False,False,False,False,False,False,False,False,False,True,False,False,False,False,False,True,False,False,False,53.470000000000006,1.99567489412515,82.30782278481013
5.761523046092185,96.24050632911391,67.56896551724138,87.13,19.81,94.06,False,False,False,False,False,False,True,False,False,False,False,False,False,False,False,False,True,False,False,False,False,False,81.19000000000001,2.4165380564049572,92.85320253164556
5.959919839679359,16.037974683544306,74.39655172413794,51.49,63.37,65.35000000000001,False,False,False,False,False,False,False,False,False,False,False,True,False,False,False,False,False,False,False,False,True,False,37.63,1.2045398798603424,41.46718987341772
6.158316633266533,71.17721518987342,69.27586206896552,52.48,72.28,77.23,False,False,False,False,False,False,False,False,False,False,True,False,False,False,False,False,False,False,True,False,False,False,28.720000000000002,2.018589558912547,67.38388607594936
6.356713426853707,73.68354430379748,7.827586206896552,63.37,99.01,75.25,False,True,False,False,False,False,False,False,False,False,False,False,False,False,False,False,False,True,False,False,False,False,1.98999999999999,10.426952541435357,71.05941772151898
6.5551102204408815,62.40506329113924,81.22413793103448,52.48,38.62,68.32000000000001,False,False,True,False,False,False,False,False,False,False,False,False,False,False,False,False,False,True,False,False,False,False,62.38000000000001,1.7587552141106702,61.2020253164557
6.753507014028056,93.73417721518987,74.39655172413794,64.36,52.48,13.87,True,False,False,False,False,False,False,False,False,False,False,False,False,False,False,False,True,False,False,False,False,False,48.519999999999996,2.251693411556223,60.962670886075955
6.95190380761523,44.86075949367088,33.43103448275862,14.86,11.89,26.74,True,False,False,False,False,False,False,False,False,False,False,False,False,False,False,False,True,False,False,False,False,False,89.11,2.333876536440673,30.424303797468347
7.150300601202405,34.835443037974684,67.56896551724138,86.14,76.24,2.98,False,False,False,False,False,False,False,False,False,True,False,False,False,False,False,False,False,True,False,False,False,False,24.76000000000001,1.5053242564996,40.670177215189874
7.348697394789578,61.151898734177216,40.25862068965517,5.95,81.19000000000001,86.14,False,True,False,False,False,False,False,False,False,False,False,False,False,False,False,False,False,False,True,False,False,False,19.809999999999985,2.5114383919392345,52.08775949367089
7.547094188376753,51.12658227848102,94.8793103448276,22.78,49.51,19.81,False,False,False,False,False,True,False,False,False,False,False,False,False,False,False,False,False,False,False,False,False,True,51.49,1.528692007844839,33.22763291139241
7.745490981963928,48.62025316455696,88.05172413793103,1.99,81.19000000000001,2.98,False,False,True,False,False,False,False,False,False,False,False,False,False,False,False,False,True,False,False,False,False,False,19.809999999999985,1.542046928658398,20.939101265822785
7.943887775551103,76.18987341772153,11.241379310344827,84.16,8.92,33.67,False,False,True,False,False,False,False,False,False,False,False,False,False,False,False,False,False,False,False,False,True,False,92.08,7.784193777348517,65.8249493670886
8.142284569138276,22.303797468354432,82.93103448275862,18.82,39.61,76.24,False,False,False,False,False,False,False,False,False,False,False,False,True,False,False,False,False,True,False,False,False,False,61.39,1.2580527895722575,37.43951898734177
8.340681362725451,81.20253164556962,69.27586206896552,51.49,57.42999999999999,63.37,False,False,False,False,False,False,False,False,False,False,False,False,False,False,True,False,False,False,False,False,True,False,43.57000000000001,2.163693606337148,66.93901265822785
8.539078156312627,38.59493670886077,35.13793103448276,14.86,77.23,62.38,False,False,True,False,False,False,False,False,False,False,False,False,False,False,False,False,False,False,False,False,False,True,23.77,2.0897175824158047,38.60997468354431
8.737474949899799,48.62025316455696,7.827586206896552,83.17,51.49,14.86,False,True,False,False,False,False,False,False,False,False,False,False,False,False,False,False,False,False,False,False,False,True,49.51,7.216445952865266,48.857101265822784
8.935871743486974,96.24050632911391,38.55172413793103,52.48,44.56,34.660000000000004,False,False,False,False,False,True,False,False,False,False,False,False,False,False,False,False,False,False,False,False,False,True,56.440000000000005,3.4914832190183454,64.63820253164556
9.134268537074147,33.58227848101266,62.44827586206897,73.27,65.35000000000001,72.28,False,False,False,False,False,False,False,False,False,False,False,False,True,False,False,False,False,False,False,True,False,False,35.649999999999984,1.5275914340317778,57.09791139240507
9.332665330661325,46.11392405063291,52.20689655172414,75.25,32.68,91.09,False,False,False,False,False,False,False,False,False,False,False,False,False,False,True,False,False,False,False,False,True,False,68.32,1.87404857618429,68.34756962025317
9.531062124248498,100.0,94.8793103448276,54.46,36.64,56.440000000000005,False,False,False,False,False,False,False,False,False,True,False,False,False,False,False,False,False,False,False,False,False,True,64.36,2.0451851599460182,73.27000000000001
9.729458917835672,23.55696202531645,89.75862068965517,33.67,48.52,32.68,False,False,False,False,False,True,False,False,False,False,False,False,False,False,False,False,False,True,False,False,False,False,52.480000000000004,1.251539351342,29.32778481012658
9.927855711422849,33.58227848101266,35.13793103448276,37.63,33.67,49.51,False,True,False,False,False,False,False,False,False,False,False,False,False,False,False,False,False,False,True,False,False,False,67.33,1.946678314904635,39.57491139240506
10.12625250501002,83.70886075949367,21.48275862068965,100.0,27.73,97.03,True,False,False,False,False,False,False,False,False,False,False,False,False,False,False,False,False,False,False,False,True,False,73.27,4.895399452327464,92.59254430379747
10.324649298597194,96.24050632911391,11.241379310344827,98.02,85.14999999999999,40.6,False,False,False,False,False,False,False,False,False,False,True,False,False,False,False,False,True,False,False,False,False,False,15.850000000000014,9.572623283801352,80.08220253164556
10.52304609218437,52.37974683544304,89.75862068965517,33.67,46.54,77.23,False,False,False,False,False,False,False,False,False,False,True,False,False,False,False,False,False,False,False,True,False,False,54.46,1.573515088060909,54.221898734177216
10.721442885771545,3.5063291139240507,4.413793103448276,74.26,2.98,77.23,False,False,False,False,False,False,False,False,False,False,True,False,False,False,False,False,True,False,False,False,False,False,98.02,1.7849208604506654,46.84953164556963
10.919839679358718,89.9746835443038,35.13793103448276,15.85,25.75,68.32000000000001,False,False,False,False,False,False,False,False,False,False,True,False,False,False,False,False,False,True,False,False,False,False,75.25,3.5558700744052896,61.240873417721524
11.118236472945892,51.12658227848102,21.48275862068965,58.42,65.35000000000001,7.930000000000001,False,False,False,False,False,True,False,False,False,False,False,False,False,False,False,False,False,False,False,False,True,False,35.649999999999984,3.3746601726778764,40.355632911392405
11.316633266533064,82.45569620253166,70.98275862068965,96.04,93.07,47.53,False,False,False,False,False,True,False,False,False,False,False,False,False,False,False,False,True,False,False,False,False,False,7.930000000000006,2.1531332957845386,76.05327848101267
11.51503006012024,34.835443037974684,84.63793103448276,61.39,89.11,83.17,False,False,False,False,False,True,False,False,False,False,False,False,False,False,False,False,False,False,False,True,False,False,11.889999999999999,1.4010734074671503,57.30217721518987
11.713426853707414,73.68354430379748,16.362068965517242,20.8,84.16,65.35000000000001,False,False,False,False,False,False,False,False,False,True,False,False,False,False,False,False,False,False,True,False,False,False,16.840000000000003,5.503781384983623,55.31841772151899
11.91182364729459,31.075949367088608,19.77586206896552,11.89,85.14999999999999,40.6,True,False,False,False,False,False,False,False,False,False,False,False,False,False,False,False,False,False,False,False,False,True,15.850000000000014,2.564010567776262,28.17737974683544
12.110220440881765,13.531645569620254,36.8448275862069,78.22,13.87,32.68,False,False,True,False,False,False,False,False,False,False,False,False,False,False,False,False,True,False,False,False,False,False,87.13,1.3566329700799673,38.6826582278481
12.308617234468938,57.39240506329114,67.56896551724138,3.97,64.36,34.660000000000004,True,False,False,False,False,False,False,False,False,False,False,False,False,False,False,False,False,False,False,True,False,False,36.64,1.8400558564648333,34.54596202531646
12.507014028056112,8.518987341772153,76.10344827586206,18.82,57.42999999999999,72.28,False,False,False,False,False,False,False,False,False,True,False,False,False,False,False,False,False,False,True,False,False,False,43.57000000000001,1.1006272980056688,30.737594936708863
12.705410821643286,67.41772151898735,72.6896551724138,22.78,64.36,61.39,False,False,False,False,False,False,False,False,False,True,False,False,False,False,False,False,False,False,False,False,False,True,36.64,1.9183486823788205,52.21808860759494
12.90380761523046,83.70886075949367,40.25862068965517,79.21000000000001,34.660000000000004,18.82,False,False,True,False,False,False,False,False,False,False,False,False,False,False,False,False,False,True,False,False,False,False,66.33999999999999,3.0732427290242583,62.89254430379748
13.102204408817634,6.012658227848101,59.03448275862068,7.930000000000001,2.98,54.46,True,False,False,False,False,False,False,False,False,False,False,False,False,False,False,False,False,False,False,False,False,True,98.02,1.0905105976209148,21.122063291139245
13.30060120240481,12.278481012658228,28.310344827586206,87.13,16.84,18.82,False,False,True,False,False,False,False,False,False,False,False,False,False,False,False,False,False,False,False,False,True,False,84.16,1.4232608704820842,36.69639240506329
13.498997995991983,37.34177215189874,21.48275862068965,72.28,88.12,84.16,False,False,False,False,True,False,False,False,False,False,False,False,False,False,False,False,False,False,True,False,False,False,12.879999999999999,2.7312704774415124,61.8687088607595
13.697394789579157,82.45569620253166,77.8103448275862,10.9,18.82,16.84,False,False,False,False,False,False,False,False,False,True,False,False,False,False,False,False,True,False,False,False,False,False,82.18,2.050930915282027,41.304278481012666
13.895791583166332,74.9367088607595,4.413793103448276,73.27,71.28999999999999,59.41,False,False,True,False,False,False,False,False,False,False,False,False,False,False,False,False,False,False,False,False,False,True,29.710000000000004,18.0117726748654,69.77868354430379
14.094188376753506,49.87341772151899,40.25862068965517,18.82,43.57,42.58,True,False,False,False,False,False,False,False,False,False,False,False,False,False,False,False,False,True,False,False,False,False,57.43000000000001,2.2305362233967228,38.369367088607596
14.29258517034068,69.9240506329114,26.60344827586207,79.21000000000001,79.21000000000001,60.4,False,False,True,False,False,False,False,False,False,False,False,False,False,False,False,False,False,False,True,False,False,False,21.789999999999996,3.623820655065979,69.85262025316456
14.490981963927856,87.46835443037975,93.17241379310344,60.4,13.87,37.63,False,False,False,False,False,False,False,False,False,False,True,False,False,False,False,False,False,False,True,False,False,False,87.13,1.9296851395583021,64.3963417721519
14.68937875751503,74.9367088607595,36.8448275862069,73.27,42.58,30.7,False,False,False,False,False,True,False,False,False,False,False,False,False,False,False,False,False,False,False,True,False,False,58.42000000000001,3.027689047645828,61.1656835443038
14.887775551102203,36.08860759493671,79.51724137931035,88.12,61.39,80.2,False,False,False,False,False,False,False,False,False,True,False,False,False,False,False,False,False,False,True,False,False,False,39.61,1.4434511679689968,64.93144303797467
15.08617234468938,54.88607594936709,6.120689655172414,58.42,33.67,2.98,False,False,False,False,False,False,False,False,False,True,False,False,False,False,False,False,False,False,False,True,False,False,67.33,9.979742218833586,40.37443037974684
15.284569138276554,37.34177215189874,31.724137931034484,99.01,57.42999999999999,89.11,False,False,False,False,False,False,False,False,False,False,False,False,False,False,True,False,False,False,True,False,False,False,43.57000000000001,2.168622392129548,71.3727088607595
15.482965931863728,89.9746835443038,65.86206896551724,71.28999999999999,19.81,29.71,True,False,False,False,False,False,False,False,False,False,False,False,False,False,False,False,False,False,False,False,False,True,81.19000000000001,2.358159618608155,66.28987341772152
15.681362725450905,59.89873417721518,1.0,25.75,50.5,84.16,False,False,False,False,True,False,False,False,False,False,False,False,False,False,False,False,False,False,True,False,False,False,50.5,61.04773248672758,56.932493670886075
15.879759519038076,29.82278481012658,16.362068965517242,91.09,31.69,36.64,False,False,False,False,False,True,False,False,False,False,False,False,False,False,False,False,False,False,False,False,False,True,69.30999999999999,2.8159545624426334,50.24811392405063
16.078156312625254,14.784810126582276,60.741379310344826,75.25,4.96,31.69,False,True,False,False,False,False,False,False,False,False,False,False,False,False,False,False,False,False,False,False,False,True,96.03999999999999,1.2324462671352796,37.99592405063291
16.276553106212425,24.81012658227848,93.17241379310344,7.930000000000001,89.11,68.32000000000001,False,False,False,False,False,False,False,False,False,False,False,True,False,False,False,False,False,False,False,True,False,False,11.889999999999999,1.2553836213419773,32.799050632911396
16.474949899799597,38.59493670886077,24.89655172413793,88.12,31.69,19.81,False,False,False,False,False,False,False,False,False,False,False,False,False,False,True,False,False,False,True,False,False,False,69.30999999999999,2.5427577927246694,47.81697468354431
16.673346693386772,39.848101265822784,50.5,34.660000000000004,9.91,68.32000000000001,False,False,False,False,False,False,False,False,False,True,False,False,False,False,False,False,False,True,False,False,False,False,91.09,1.779575346811762,46.83324050632912
16.871743486973948,88.72151898734177,21.48275862068965,43.57,22.78,59.41,False,False,False,False,False,True,False,False,False,False,False,False,False,False,False,False,True,False,False,False,False,False,78.22,5.129359341504323,66.3826075949367
17.070140280561123,28.569620253164555,91.46551724137932,8.92,37.63,78.22,False,False,False,False,False,False,False,False,False,False,True,False,False,False,False,False,False,False,False,True,False,False,63.36999999999999,1.3015793128495665,37.56984810126582
17.268537074148295,17.29113924050633,7.827586206896552,49.51,44.56,56.440000000000005,False,False,False,False,False,True,False,False,False,False,False,False,False,False,False,False,False,False,False,True,False,False,56.440000000000005,3.203312717152656,38.70145569620253
17.46693386773547,1.0,81.22413793103448,17.830000000000002,89.11,76.24,False,False,True,False,False,False,False,False,False,False,False,False,False,False,False,False,True,False,False,False,False,False,11.889999999999999,1.0007320999705394,28.620999999999995
17.665330661322646,13.531645569620254,81.22413793103448,92.08,32.68,80.2,True,False,False,False,False,False,False,False,False,False,False,False,False,False,False,False,False,False,False,True,False,False,68.32,1.155430694693015,57.096658227848096
17.86372745490982,7.265822784810127,7.827586206896552,38.62,22.78,15.85,False,False,True,False,False,False,False,False,False,False,False,False,False,False,False,False,False,False,False,False,False,True,78.22,1.9191100817246203,19.24732911392405
18.062124248497,29.82278481012658,18.06896551724138,80.2,51.49,81.19000000000001,False,False,True,False,False,False,False,False,False,False,False,False,False,False,False,False,False,False,False,False,True,False,49.51,2.6433122602768018,60.34611392405064
18.260521042084168,47.36708860759494,21.48275862068965,46.54,18.82,74.26,False,False,False,False,False,False,False,False,False,False,False,False,True,False,False,False,True,False,False,False,False,False,82.18,3.199190255795232,55.18683544303798
18.458917835671343,54.88607594936709,19.77586206896552,66.34,2.98,52.48,False,False,False,False,False,False,False,False,False,True,False,False,False,False,False,False,True,False,False,False,False,False,98.02,3.771239511568689,57.60043037974684
18.65731462925852,56.13924050632911,4.413793103448276,20.8,93.07,11.89,False,False,False,False,False,True,False,False,False,False,False,False,False,False,False,False,False,False,True,False,False,False,7.930000000000006,13.74154851317731,32.26269620253164
18.85571142284569,18.54430379746836,18.06896551724138,86.14,80.2,99.01,True,False,False,False,False,False,False,False,False,False,False,False,False,False,False,False,False,False,False,False,False,True,20.799999999999997,2.017447237816001,62.962721518987344
19.054108216432866,88.72151898734177,16.362068965517242,69.30999999999999,17.830000000000002,14.86,False,False,False,False,False,True,False,False,False,False,False,False,False,False,False,False,False,False,True,False,False,False,83.17,6.425322009854818,60.7396075949367
19.25250501002004,72.43037974683544,52.20689655172414,12.88,73.27,78.22,False,False,False,False,False,False,False,False,False,False,False,True,False,False,False,False,False,True,False,False,False,False,27.73,2.379480761447218,56.302151898734174
19.450901803607213,39.848101265822784,88.05172413793103,3.97,16.84,18.82,False,False,False,False,False,False,False,False,False,True,False,False,False,False,False,False,False,False,False,False,True,False,84.16,1.4421547108586483,22.776240506329113
19.649298597194388,2.2531645569620253,30.01724137931034,78.22,96.04,92.08,False,False,False,True,False,False,False,False,False,False,False,False,False,False,False,False,True,False,False,False,False,False,4.959999999999992,1.0636511534862956,51.99126582278481
19.847695390781563,72.43037974683544,86.34482758620689,77.23,41.59,52.48,False,True,False,False,False,False,False,False,False,False,False,False,False,False,False,False,False,False,False,False,True,False,59.41,1.8294878110098411,67.88515189873418
20.04609218436874,19.797468354430386,50.5,98.02,68.32000000000001,74.26,True,False,False,False,False,False,False,False,False,False,False,False,False,False,False,False,True,False,False,False,False,False,32.67999999999999,1.3814681024123283,59.602987341772156
20.24448897795591,56.13924050632911,30.01724137931034,76.24,56.440000000000005,17.830000000000002,False,False,False,False,False,False,True,False,False,False,False,False,False,False,False,False,False,False,True,False,False,False,44.559999999999995,2.863637240249215,50.676696202531645
20.44288577154309,54.88607594936709,70.98275862068965,21.79,43.57,2.98,False,False,False,False,False,False,False,False,False,False,False,False,False,False,True,False,False,True,False,False,False,False,57.43000000000001,1.763692641770775,29.385430379746836
20.64128256513026,28.569620253164555,7.827586206896552,92.08,41.59,12.88,False,False,False,False,False,True,False,False,False,False,False,False,False,False,False,False,True,False,False,False,False,False,59.41,4.648040682009196,42.91584810126582
20.83967935871744,24.81012658227848,6.120689655172414,78.22,85.14999999999999,31.69,False,False,False,False,False,True,False,False,False,False,False,False,False,False,False,False,False,False,False,True,False,False,15.850000000000014,5.052745240978885,42.89705063291139
21.03807615230461,78.69620253164557,67.56896551724138,11.89,62.38,46.54,False,False,False,False,False,False,False,False,False,True,False,False,False,False,False,False,False,True,False,False,False,False,38.62,2.156191256431998,49.007481012658225
21.236472945891784,73.68354430379748,28.310344827586206,36.64,65.35000000000001,51.49,False,False,False,False,False,True,False,False,False,False,False,False,False,False,False,False,True,False,False,False,False,False,35.649999999999984,3.5980762228208216,55.912417721518985
21.43486973947896,4.759493670886076,47.08620689655172,11.89,1.0,2.98,False,True,False,False,False,False,False,False,False,False,False,False,False,False,False,False,False,False,False,False,True,False,100.0,1.08973902029891,6.364797468354431
21.63326653306613,18.54430379746836,65.86206896551724,10.9,82.17999999999999,75.25,True,False,False,False,False,False,False,False,False,False,False,False,False,False,False,False,True,False,False,False,False,False,18.820000000000004,1.2707054451591404,33.26272151898735
21.831663326653302,98.74683544303798,24.89655172413793,80.2,53.470000000000006,1.0,False,False,False,False,False,False,False,False,False,True,False,False,False,False,False,False,False,True,False,False,False,False,47.529999999999994,4.965312006921582,63.8587341772152
22.03006012024048,72.43037974683544,21.48275862068965,65.35000000000001,76.24,64.36,False,False,True,False,False,False,False,False,False,False,False,False,False,False,False,False,True,False,False,False,False,False,24.76000000000001,4.36898970167953,67.88515189873418
22.228456913827653,87.46835443037975,14.655172413793103,75.25,28.72,53.470000000000006,False,True,False,False,False,False,False,False,False,False,False,False,False,False,False,False,True,False,False,False,False,False,72.28,6.972825514973217,73.60334177215191
22.42685370741483,44.86075949367088,65.86206896551724,13.87,76.24,79.21000000000001,False,False,False,False,False,False,False,False,False,False,True,False,False,False,False,False,False,False,True,False,False,False,24.76000000000001,1.6713464564298297,45.86830379746836
22.625250501002004,26.06329113924051,62.44827586206897,49.51,56.440000000000005,26.74,False,False,False,False,False,True,False,False,False,False,False,False,False,False,False,False,False,False,True,False,False,False,44.559999999999995,1.406865027012471,33.300316455696205
22.82364729458918,59.89873417721518,41.96551724137931,15.85,6.94,35.65,False,False,False,False,False,True,False,False,False,False,False,False,False,False,False,False,False,False,False,True,False,False,94.05999999999999,2.419548274706452,39.40949367088608
23.022044088176354,82.45569620253166,77.8103448275862,63.37,3.97,74.26,False,False,False,False,False,False,False,False,False,True,False,False,False,False,False,False,False,True,False,False,False,False,97.03,2.050930915282027,74.27127848101266
23.22044088176353,13.531645569620254,72.6896551724138,24.76,82.17999999999999,90.1,True,False,False,False,False,False,False,False,False,False,False,False,False,False,False,False,False,False,True,False,False,False,18.820000000000004,1.1750432178765151,39.8706582278481
23.4188376753507,33.58227848101266,38.55172413793103,41.59,61.39,75.25,True,False,False,False,False,False,False,False,False,False,False,False,False,False,False,False,False,True,False,False,False,False,39.61,1.8618207194521192,48.48491139240507
23.61723446893788,52.37974683544304,40.25862068965517,31.69,10.9,85.14999999999999,False,False,True,False,False,False,False,False,False,False,False,False,False,False,False,False,True,False,False,False,False,False,90.10000000000001,2.2929589275172813,56.00389873417722
23.81563126252505,33.58227848101266,52.20689655172414,31.69,42.58,55.45,False,False,False,False,False,False,False,False,False,True,False,False,False,False,False,False,False,True,False,False,False,False,58.42000000000001,1.6333665832019435,39.57491139240506
24.014028056112224,52.37974683544304,26.60344827586207,22.78,77.23,94.06,False,False,True,False,False,False,False,False,False,False,False,False,False,False,False,False,False,False,False,False,False,True,23.77,2.962576918292158,56.00389873417723
24.2124248496994,18.54430379746836,23.189655172413797,36.64,39.61,27.73,False,False,False,False,False,False,False,False,True,False,False,False,False,False,False,False,False,True,False,False,False,False,61.39,1.7902124872915328,26.728721518987342
24.41082164328657,79.9493670886076,59.03448275862068,14.86,19.81,43.57,False,True,False,False,False,False,False,False,False,False,False,False,False,False,False,False,False,False,True,False,False,False,81.19000000000001,2.346302639254577,49.50874683544304
24.609218436873743,37.34177215189874,81.22413793103448,22.78,95.05,10.9,False,False,False,False,False,True,False,False,False,False,False,False,False,False,False,False,False,False,False,False,True,False,5.950000000000005,1.449358024665719,25.040708860759494
24.80761523046092,16.037974683544306,28.310344827586206,19.81,7.930000000000001,55.45,False,False,False,False,False,False,False,False,False,False,True,False,False,False,False,False,False,False,False,True,False,False,93.07,1.5564128308293539,28.993189873417727
25.006012024048097,71.17721518987342,31.724137931034484,55.45,12.88,56.440000000000005,True,False,False,False,False,False,False,False,False,False,False,False,False,False,False,False,False,False,False,False,True,False,88.12,3.2380352603313565,62.03788607594937
25.20440881763527,92.48101265822784,77.8103448275862,51.49,1.99,2.98,False,False,False,False,False,False,True,False,False,False,False,False,False,False,False,False,False,True,False,False,False,False,99.01,2.1801194957108194,53.33340506329114
25.402805611222444,77.44303797468355,36.8448275862069,10.9,79.21000000000001,4.96,False,True,False,False,False,False,False,False,False,False,False,False,False,False,False,False,True,False,False,False,False,False,21.789999999999996,3.09589541815872,35.73521518987342
25.60120240480962,69.9240506329114,23.189655172413797,60.4,46.54,68.32000000000001,False,False,False,False,False,False,False,False,False,False,True,False,False,False,False,False,False,True,False,False,False,False,54.46,4.011787754845473,66.58562025316456
25.79959919839679,72.43037974683544,94.8793103448276,27.73,14.86,80.2,False,False,False,False,False,False,False,False,False,False,True,False,False,False,False,False,False,False,True,False,False,False,86.14,1.7538300485043274,61.35115189873417
25.997995991983966,86.21518987341773,52.20689655172414,68.32000000000001,34.660000000000004,78.22,False,False,False,False,False,False,False,False,False,True,False,False,False,False,False,False,False,False,True,False,False,False,66.33999999999999,2.6442309537277993,78.44807594936708
26.19639278557114,53.632911392405056,2.706896551724138,1.99,43.57,14.86,False,False,False,False,False,False,False,False,False,True,False,False,False,False,False,False,False,True,False,False,False,False,57.43000000000001,20.854959427100393,26.508164556962022
26.394789579158317,71.17721518987342,1.0,15.85,64.36,33.67,False,True,False,False,False,False,False,False,False,False,False,False,False,False,False,False,False,True,False,False,False,False,36.64,72.35645531316152,43.326886075949375
26.59318637274549,83.70886075949367,52.20689655172414,9.91,68.32000000000001,82.17999999999999,False,False,False,False,False,False,False,False,False,False,True,False,False,False,False,False,False,False,False,False,False,True,32.67999999999999,2.59609455513133,61.11054430379747
26.791583166332664,82.45569620253166,12.948275862068966,26.74,1.99,100.0,True,False,False,False,False,False,False,False,False,False,False,False,False,False,False,False,False,False,False,False,True,False,99.01,7.373551624503733,71.00427848101266
26.98997995991984,6.012658227848101,4.413793103448276,57.42999999999999,47.53,40.6,False,False,False,False,False,False,False,False,False,False,False,True,False,False,False,False,False,False,False,True,False,False,53.470000000000006,2.354284082009077,31.814063291139234
27.18837675350701,2.2531645569620253,4.413793103448276,33.67,29.71,73.27,False,False,True,False,False,False,False,False,False,False,False,False,False,False,False,False,False,True,False,False,False,False,71.28999999999999,1.5002392496714594,32.98326582278481
27.386773547094187,81.20253164556962,40.25862068965517,89.11,82.17999999999999,72.28,False,False,True,False,False,False,False,False,False,False,False,False,False,False,False,False,True,False,False,False,False,False,18.820000000000004,3.0108200249037003,80.89801265822786
27.58517034068136,64.91139240506328,19.77586206896552,67.33,68.32000000000001,68.32000000000001,False,True,False,False,False,False,False,False,False,False,False,False,False,False,False,False,False,False,False,False,False,True,32.67999999999999,4.279546435270763,66.6595569620253
27.783567134268537,92.48101265822784,91.46551724137932,12.88,51.49,33.67,False,True,False,False,False,False,False,False,False,False,False,False,False,False,False,False,True,False,False,False,False,False,49.51,2.0022021048920537,50.957405063291134
27.981963927855716,3.5063291139240507,59.03448275862068,96.04,47.53,79.21000000000001,True,False,False,False,False,False,False,False,False,False,False,False,False,False,False,False,False,False,True,False,False,False,53.470000000000006,1.0479413758706213,53.97753164556963
28.180360721442884,52.37974683544304,84.63793103448276,35.65,79.21000000000001,36.64,False,False,False,False,False,True,False,False,False,False,False,False,False,False,False,False,True,False,False,False,False,False,21.789999999999996,1.6089159644317608,42.63889873417722
28.37875751503006,6.012658227848101,48.793103448275865,32.68,32.68,38.62,False,False,False,False,False,False,False,False,False,False,False,False,True,False,False,False,False,False,False,False,False,True,68.32,1.1119456293350267,23.79506329113924
28.577154308617235,93.73417721518987,18.06896551724138,11.89,74.26,3.97,False,True,False,False,False,False,False,False,False,False,False,False,False,False,False,False,False,True,False,False,False,False,26.73999999999999,6.1898807208880084,42.251670886075956
28.77555110220441,62.40506329113924,77.8103448275862,56.440000000000005,35.65,32.68,False,False,True,False,False,False,False,False,False,False,False,False,False,False,False,False,False,False,True,False,False,False,65.35000000000001,1.7925537544244403,51.6980253164557
28.973947895791586,41.10126582278481,55.62068965517241,83.17,1.99,25.75,False,False,False,False,True,False,False,False,False,False,False,False,False,False,False,False,False,False,False,True,False,False,99.01,1.7293260321120427,49.116506329113925
29.17234468937876,83.70886075949367,88.05172413793103,33.67,57.42999999999999,77.23,True,False,False,False,False,False,False,False,False,False,False,False,False,False,False,False,True,False,False,False,False,False,43.57000000000001,1.9416157998573973,66.75354430379747
29.370741482965933,68.67088607594937,67.56896551724138,96.04,50.5,38.62,False,False,True,False,False,False,False,False,False,False,False,False,False,False,False,False,False,False,False,True,False,False,50.5,2.00742165644745,67.86635443037974
29.569138276553108,91.22784810126582,81.22413793103448,6.94,99.01,89.11,True,False,False,False,False,False,False,False,False,False,False,False,False,False,False,False,False,False,False,True,False,False,1.98999999999999,2.114561981972364,65.30613924050633
29.767535070140283,37.34177215189874,31.724137931034484,27.73,8.92,94.06,True,False,False,False,False,False,False,False,False,False,False,False,False,False,False,False,False,False,False,False,True,False,92.08,2.168622392129548,51.4737088607595
29.96593186372745,46.11392405063291,43.672413793103445,89.11,17.830000000000002,76.24,False,False,False,False,False,False,False,False,False,False,False,False,False,False,True,False,False,False,False,False,True,False,83.17,2.0471248652403187,68.05056962025316
30.16432865731463,13.531645569620254,4.413793103448276,53.470000000000006,55.45,67.33,False,True,False,False,False,False,False,False,False,False,False,False,False,False,False,False,True,False,False,False,False,False,45.55,4.062373746684313,41.6526582278481
30.36272545090181,26.06329113924051,24.89655172413793,83.17,59.41,49.51,False,False,False,False,False,True,False,False,False,False,False,False,False,False,False,False,False,False,True,False,False,False,41.59,2.038058998100312,50.22931645569621
30.56112224448898,88.72151898734177,18.06896551724138,59.41,56.440000000000005,70.3,False,True,False,False,False,False,False,False,False,False,False,False,False,False,False,False,False,False,True,False,False,False,44.559999999999995,5.911718488683208,74.4016075949367
30.759519038076157,39.848101265822784,62.44827586206897,23.77,64.36,79.21000000000001,False,False,True,False,False,False,False,False,False,False,False,False,False,False,False,False,False,False,False,False,False,True,36.64,1.6281967732145333,46.83324050632912
30.95791583166333,32.32911392405063,43.672413793103445,16.84,30.7,47.53,True,False,False,False,False,False,False,False,False,False,False,False,False,False,False,False,False,False,False,False,True,False,70.3,1.7306370724156759,32.24264556962025
31.156312625250504,51.12658227848102,98.29310344827586,85.14999999999999,4.96,10.9,False,True,False,False,False,False,False,False,False,False,False,False,False,False,False,False,True,False,False,False,False,False,96.03999999999999,1.5099268265665815,49.2656329113924
31.354709418837672,47.36708860759494,59.03448275862068,36.64,63.37,94.06,False,False,False,False,False,False,False,False,False,True,False,False,False,False,False,False,False,False,True,False,False,False,37.63,1.79290275650076,58.15683544303797
31.553106212424847,51.12658227848102,6.120689655172414,37.63,65.35000000000001,26.74,False,False,False,False,False,False,False,False,False,True,False,False,False,False,False,False,False,True,False,False,False,False,35.649999999999984,9.363867596601747,39.761632911392404
31.751503006012022,57.39240506329114,2.706896551724138,76.24,14.86,21.79,False,False,True,False,False,False,False,False,False,False,False,False,False,False,False,False,False,False,False,False,True,False,86.14,22.247541884700706,52.36596202531645
31.9498997995992,62.40506329113924,4.413793103448276,98.02,84.16,62.38,False,True,False,False,False,False,False,False,False,False,False,False,False,False,False,False,False,True,False,False,False,False,16.840000000000003,15.164956567073341,73.08202531645568
32.14829659318637,74.9367088607595,65.86206896551724,66.34,62.38,48.52,False,False,False,False,False,False,False,False,False,False,False,False,False,True,False,False,True,False,False,False,False,False,38.62,2.1292218978820463,64.4326835443038
32.346693386773545,100.0,74.39655172413794,56.440000000000005,65.35000000000001,73.27,False,False,False,False,False,False,False,False,False,False,True,False,False,False,False,False,False,False,False,True,False,False,35.649999999999984,2.336141277015568,78.913
32.54509018036072,63.65822784810127,24.89655172413793,52.48,27.73,38.62,False,False,False,False,False,True,False,False,False,False,False,False,False,False,False,False,False,True,False,False,False,False,73.27,3.5521553819733827,52.79329113924051
32.743486973947896,52.37974683544304,47.08620689655172,97.03,51.49,1.99,False,False,True,False,False,False,False,False,False,False,False,False,False,False,False,False,False,False,False,True,False,False,49.51,2.10379368096651,50.65789873417722
32.94188376753507,37.34177215189874,36.8448275862069,65.35000000000001,4.96,55.45,False,False,False,False,False,True,False,False,False,False,False,False,False,False,False,False,False,False,True,False,False,False,96.03999999999999,2.004593489952444,51.1767088607595
33.140280561122246,21.050632911392405,7.827586206896552,49.51,13.87,20.8,False,False,False,True,False,False,False,False,False,False,False,False,False,False,False,False,False,False,False,False,False,True,87.13,3.684888705438169,29.51325316455696
33.33867735470942,62.40506329113924,11.241379310344827,7.930000000000001,5.95,69.30999999999999,False,True,False,False,False,False,False,False,False,False,False,False,False,False,False,False,False,False,False,True,False,False,95.05,6.554648491662189,48.13402531645569
33.53707414829659,73.68354430379748,6.120689655172414,1.99,55.45,28.72,False,False,False,False,True,False,False,False,False,False,False,False,False,False,False,False,True,False,False,False,False,False,45.55,13.059115329992773,38.68641772151899
33.73547094188377,32.32911392405063,1.0,96.04,88.12,70.3,False,False,False,True,False,False,False,False,False,False,False,False,False,False,False,False,False,False,False,False,True,False,12.879999999999999,33.40418779988912,62.83364556962026
33.93386773547094,51.12658227848102,100.0,9.91,59.41,79.21000000000001,False,False,False,False,False,False,False,False,False,False,True,False,False,False,False,False,False,False,False,False,False,True,41.59,1.501024689270893,47.18663291139241
34.13226452905812,58.64556962025316,19.77586206896552,31.69,37.63,81.19000000000001,False,False,False,False,False,False,False,False,False,True,False,False,False,False,False,False,False,False,False,False,True,False,63.36999999999999,3.9618546079569663,57.32222784810127
34.33066132264529,83.70886075949367,82.93103448275862,65.35000000000001,7.930000000000001,79.21000000000001,True,False,False,False,False,False,False,False,False,False,False,False,False,False,False,False,False,True,False,False,False,False,93.07,2.000474180761251,76.85154430379748
34.52905811623246,89.9746835443038,33.43103448275862,60.4,20.8,75.25,False,False,False,False,False,False,False,False,False,False,False,False,True,False,False,False,True,False,False,False,False,False,80.2,3.68695866169988,76.68487341772152
34.72745490981964,39.848101265822784,64.15517241379311,38.62,41.59,13.87,False,False,False,False,False,False,False,False,False,False,False,True,False,False,False,False,False,True,False,False,False,False,59.41,1.6111741662373358,31.686240506329113
34.92585170340681,22.303797468354432,50.5,12.88,73.27,22.78,False,False,True,False,False,False,False,False,False,False,False,False,False,False,False,False,False,False,False,False,True,False,27.73,1.4312315079622575,19.619518987341774
35.12424849699399,23.55696202531645,82.93103448275862,57.42999999999999,15.85,79.21000000000001,False,False,False,False,False,False,False,False,False,True,False,False,False,False,False,False,False,False,False,False,False,True,85.14999999999999,1.2732042465352982,50.41478481012658
35.322645290581164,21.050632911392405,98.29310344827586,75.25,45.55,42.58,False,False,True,False,False,False,False,False,False,False,False,False,False,False,False,False,False,False,True,False,False,False,55.45,1.2031237753282606,43.76925316455696
35.521042084168336,49.87341772151899,38.55172413793103,65.35000000000001,34.660000000000004,75.25,False,False,False,False,False,False,False,False,False,False,True,False,False,False,False,False,False,False,False,False,True,False,66.33999999999999,2.2855329693393385,62.129367088607594
35.719438877755515,42.35443037974684,64.15517241379311,70.3,26.74,80.2,False,True,False,False,False,False,False,False,False,False,False,False,False,False,False,False,True,False,False,False,False,False,74.26,1.650345629679979,62.09177215189874
35.91783567134269,2.2531645569620253,6.120689655172414,44.56,84.16,23.77,False,False,False,False,False,False,False,False,False,True,False,False,False,False,False,False,False,False,False,False,True,False,16.840000000000003,1.3574975075878606,21.40026582278481
36.116232464929865,27.316455696202528,7.827586206896552,32.68,76.24,80.2,False,False,False,False,False,True,False,False,False,False,False,False,False,False,False,False,True,False,False,False,False,False,24.76000000000001,4.487515352580691,44.79058227848101
36.31462925851704,37.34177215189874,55.62068965517241,98.02,42.58,11.89,False,False,False,False,False,True,False,False,False,False,False,False,False,False,False,False,True,False,False,False,False,False,58.42000000000001,1.6615530864573,47.909708860759494
36.51302605210421,28.569620253164555,82.93103448275862,61.39,71.28999999999999,81.19000000000001,False,False,False,False,False,False,True,False,False,False,False,False,False,False,False,False,True,False,False,False,False,False,29.710000000000004,1.3338100743874608,54.201848101265824
36.71142284569139,22.303797468354432,65.86206896551724,15.85,49.51,47.53,False,False,True,False,False,False,False,False,False,False,False,False,False,False,False,False,False,False,False,True,False,False,51.49,1.3279398753406675,27.935518987341773
36.90981963927855,78.69620253164557,48.793103448275865,22.78,42.58,87.13,False,False,False,False,False,False,False,False,False,False,False,False,False,False,True,False,False,False,True,False,False,False,58.42000000000001,2.6055687487302377,64.45148101265823
37.10821643286573,52.37974683544304,24.89655172413793,91.09,79.21000000000001,78.22,False,False,False,False,False,False,False,False,False,True,False,False,False,False,False,False,False,False,False,False,False,True,21.789999999999996,3.0979264668114617,71.74489873417721
37.3066132264529,41.10126582278481,47.08620689655172,51.49,26.74,6.94,False,False,False,False,False,False,False,False,False,False,False,False,False,False,True,False,True,False,False,False,False,False,74.26,1.8636228402820785,33.969506329113926
37.50501002004008,36.08860759493671,53.91379310344827,70.3,66.34,99.01,False,False,False,False,True,False,False,False,False,False,False,False,False,False,False,False,False,False,False,False,False,True,34.66,1.6595591266891954,65.22844303797469
37.70340681362725,54.88607594936709,14.655172413793103,13.87,58.42,88.12,False,False,False,False,False,True,False,False,False,False,False,False,False,False,False,False,False,True,False,False,False,False,42.57999999999999,4.74360068985413,52.55143037974684
37.901803607214426,84.9620253164557,96.58620689655172,36.64,79.21000000000001,12.88,False,False,False,False,False,False,False,False,False,False,False,True,False,False,False,False,True,False,False,False,False,False,21.789999999999996,1.870396679376531,48.84081012658228
38.1002004008016,17.29113924050633,48.793103448275865,66.34,71.28999999999999,43.57,False,False,False,False,False,False,False,False,False,True,False,False,False,False,False,False,False,False,False,False,True,False,29.710000000000004,1.3437147340687663,39.88945569620253
38.298597194388776,87.46835443037975,70.98275862068965,83.17,63.37,78.22,False,False,False,False,False,False,False,False,False,True,False,False,False,False,False,False,False,False,False,False,False,True,37.63,2.2239406874234047,83.4043417721519
38.49699398797595,19.797468354430386,9.53448275862069,45.55,70.3,14.86,False,False,False,False,False,False,False,False,False,True,False,False,False,False,False,False,False,False,False,False,False,True,30.700000000000003,3.0703641194197484,26.041987341772153
38.69539078156313,34.835443037974684,81.22413793103448,46.54,67.33,53.470000000000006,False,True,False,False,False,False,False,False,False,False,False,False,False,False,False,False,True,False,False,False,False,False,33.67000000000001,1.4184183057212236,43.93717721518988
38.8937875751503,71.17721518987342,14.655172413793103,48.52,8.92,81.19000000000001,False,False,False,False,False,False,False,False,False,False,True,False,False,False,False,False,False,False,False,False,True,False,92.08,5.858213102413673,67.38388607594938
39.09218436873748,57.39240506329114,77.8103448275862,81.19000000000001,11.89,53.470000000000006,False,True,False,False,False,False,False,False,False,False,False,False,False,False,False,False,False,False,False,False,False,True,89.11,1.727959464210044,63.35496202531645
39.29058116232465,67.41772151898735,30.01724137931034,66.34,34.660000000000004,82.17999999999999,False,False,True,False,False,False,False,False,False,False,False,False,False,False,False,False,False,False,False,True,False,False,66.33999999999999,3.2403785142228494,71.52308860759494
39.48897795591182,98.74683544303798,60.741379310344826,84.16,48.52,41.59,False,False,False,False,True,False,False,False,False,False,False,False,False,False,False,False,False,False,False,True,False,False,52.480000000000004,2.6184411618187813,77.22373417721519
39.687374749499,87.46835443037975,6.120689655172414,28.72,16.84,66.34,False,False,False,False,False,False,False,False,False,True,False,False,False,False,False,False,False,False,False,False,True,False,84.16,15.317322278176176,63.5053417721519
39.88577154308617,73.68354430379748,77.8103448275862,37.63,5.95,7.930000000000001,False,False,False,False,False,False,False,False,False,False,False,True,False,False,False,False,False,False,True,False,False,False,95.05,1.9378909074068327,43.14141772151899
40.08416833667335,92.48101265822784,16.362068965517242,54.46,23.77,79.21000000000001,False,False,False,False,False,False,False,False,False,False,False,False,False,False,True,False,False,False,False,False,False,True,77.23,6.6557071660726175,77.09340506329113
40.28256513026052,24.81012658227848,4.413793103448276,64.36,93.07,45.55,False,False,False,False,False,False,False,False,False,False,False,False,False,False,True,False,True,False,False,False,False,False,7.930000000000006,6.624508243697164,42.89705063291139
40.480961923847694,34.835443037974684,100.0,50.5,33.67,39.61,False,False,False,False,False,False,True,False,False,False,False,False,False,False,False,False,False,False,False,False,False,True,67.33,1.3376763089521129,40.96717721518987
40.67935871743487,63.65822784810127,77.8103448275862,94.06,17.830000000000002,98.02,False,False,True,False,False,False,False,False,False,False,False,False,False,False,False,False,True,False,False,False,False,False,83.17,1.8087023269780396,83.0872911392405
40.877755511022045,53.632911392405056,88.05172413793103,83.17,82.17999999999999,22.78,False,False,True,False,False,False,False,False,False,False,False,False,False,False,False,False,False,True,False,False,False,False,18.820000000000004,1.5991281959725407,53.23816455696202
41.07615230460922,72.43037974683544,50.5,56.440000000000005,31.69,37.63,False,False,False,False,False,False,False,False,False,False,True,False,False,False,False,False,False,False,True,False,False,False,69.30999999999999,2.4264996189608423,57.19315189873418
41.2745490981964,88.72151898734177,86.34482758620689,31.69,31.69,55.45,False,False,False,False,True,False,False,False,False,False,False,False,False,False,False,False,False,False,False,True,False,False,69.30999999999999,2.018669241591033,61.63060759493671
41.47294589178357,88.72151898734177,21.48275862068965,54.46,27.73,31.69,False,False,False,False,False,False,False,False,False,False,True,False,False,False,False,False,False,False,False,False,False,True,73.27,5.129359341504323,61.33360759493671
41.671342685370746,71.17721518987342,35.13793103448276,8.92,69.30999999999999,81.19000000000001,False,False,True,False,False,False,False,False,False,False,False,False,False,False,False,False,False,False,True,False,False,False,31.690000000000015,3.0194728212384048,55.503886075949374
41.86973947895792,74.9367088607595,26.60344827586207,41.59,60.4,56.440000000000005,False,False,False,False,False,False,False,False,False,True,False,False,False,False,False,False,False,False,False,False,True,False,40.6,3.812747437001356,59.38368354430381
42.06813627254509,26.06329113924051,2.706896551724138,1.99,71.28999999999999,31.69,False,False,False,False,False,False,False,False,False,False,False,True,False,False,False,False,True,False,False,False,False,False,29.710000000000004,10.642688071364832,20.529316455696204
42.26653306613226,31.075949367088608,41.96551724137931,29.71,64.36,27.73,False,False,False,False,False,False,False,False,False,True,False,False,False,False,False,False,False,False,False,False,True,False,36.64,1.73088530671517,29.662379746835445
42.46492985971943,21.050632911392405,9.53448275862069,42.58,98.02,70.3,False,True,False,False,False,False,False,False,False,False,False,False,False,False,False,False,False,False,True,False,False,False,2.9800000000000018,3.202151644243136,42.284253164556965
42.66332665330661,47.36708860759494,81.22413793103448,29.71,76.24,33.67,False,False,False,False,False,False,False,False,False,False,False,False,False,False,True,False,False,True,False,False,False,False,24.76000000000001,1.5731169004436993,37.96083544303798
42.86172344689378,23.55696202531645,23.189655172413797,98.02,88.12,95.05,False,False,False,False,False,False,False,False,False,True,False,False,False,False,False,False,False,False,False,False,True,False,12.879999999999999,2.0069515377846,67.34378481012658
43.06012024048096,69.9240506329114,55.62068965517241,26.74,81.19000000000001,68.32000000000001,False,False,False,False,False,False,False,False,False,False,False,True,False,False,False,False,False,False,False,False,False,True,19.809999999999985,2.2489186154650693,56.487620253164565
43.25851703406813,18.54430379746836,40.25862068965517,14.86,100.0,12.88,False,False,False,False,False,False,False,False,False,False,True,False,False,False,False,False,False,False,False,False,False,True,1.0,1.4502524218897448,15.739721518987341
43.456913827655306,37.34177215189874,40.25862068965517,3.97,49.51,55.45,False,False,False,False,False,True,False,False,False,False,False,False,False,False,False,False,False,False,True,False,False,False,51.49,1.9184227027939316,32.762708860759496
43.655310621242485,44.86075949367088,2.706896551724138,63.37,53.470000000000006,19.81,False,False,False,False,False,False,False,False,False,False,False,True,False,False,False,False,False,False,True,False,False,False,47.529999999999994,17.605600359366353,42.898303797468344
43.85370741482966,71.17721518987342,35.13793103448276,20.8,1.0,56.440000000000005,False,False,False,False,False,False,False,False,False,False,False,False,False,False,True,False,False,False,True,False,False,False,100.0,3.0194728212384048,51.64288607594937
44.05210420841684,69.9240506329114,77.8103448275862,45.55,67.33,56.440000000000005,False,True,False,False,False,False,False,False,False,False,False,False,False,False,False,False,False,True,False,False,False,False,33.67000000000001,1.8894451897460356,58.566620253164565
44.25050100200401,97.49367088607596,89.75862068965517,84.16,94.06,23.77,False,False,True,False,False,False,False,False,False,False,False,False,False,False,False,False,False,False,True,False,False,False,6.939999999999994,2.077477110751375,71.37646835443039
44.44889779559118,62.40506329113924,47.08620689655172,32.68,26.74,63.37,False,False,False,False,False,False,False,False,False,True,False,False,False,False,False,False,False,False,False,False,True,False,74.26,2.3172788726860043,53.7770253164557
44.64729458917836,72.43037974683544,82.93103448275862,62.38,8.92,57.42999999999999,False,False,False,False,False,True,False,False,False,False,False,False,False,False,False,False,False,False,True,False,False,False,92.08,1.8641110680938844,64.91515189873417
44.84569138276553,23.55696202531645,52.20689655172414,53.470000000000006,33.67,39.61,False,False,False,False,True,False,False,False,False,False,False,False,False,False,False,False,False,False,False,True,False,False,67.33,1.4408209888160661,37.34678481012658
45.04408817635271,33.58227848101266,35.13793103448276,84.16,46.54,79.21000000000001,False,False,False,False,False,False,False,False,False,True,False,False,False,False,False,False,False,False,False,False,True,False,54.46,1.946678314904635,62.44391139240506
45.24248496993988,11.025316455696204,26.60344827586207,71.28999999999999,64.36,47.53,False,False,False,False,False,False,False,False,False,True,False,False,False,False,False,False,True,False,False,False,False,False,36.64,1.4039309673252953,40.05612658227848
45.44088176352705,46.11392405063291,62.44827586206897,25.75,88.12,8.92,False,False,False,False,False,False,False,False,False,False,False,True,False,False,False,False,False,False,False,False,False,True,12.879999999999999,1.728802112397289,28.846569620253163
45.63927855711423,2.2531645569620253,47.08620689655172,98.02,8.92,37.63,False,False,False,False,False,True,False,False,False,False,False,False,False,False,False,False,False,False,False,False,True,False,92.08,1.0363677223690362,41.59626582278481
45.8376753507014,69.9240506329114,91.46551724137932,18.82,78.22,59.41,True,False,False,False,False,False,False,False,False,False,False,False,False,False,False,False,False,False,False,False,True,False,22.779999999999998,1.7549234724064702,51.43862025316456
46.036072144288575,37.34177215189874,6.120689655172414,8.92,22.78,19.81,False,False,False,False,False,False,False,False,False,False,True,False,False,False,False,False,False,False,False,False,True,False,78.22,7.105660648418344,23.55570886075949
46.23446893787576,98.74683544303798,70.98275862068965,49.51,21.79,89.11,True,False,False,False,False,False,False,False,False,False,False,False,False,False,False,False,False,False,False,False,True,False,79.21000000000001,2.3832573186108537,81.0847341772152
46.432865731462925,81.20253164556962,96.58620689655172,6.94,10.9,87.13,False,False,True,False,False,False,False,False,False,False,False,False,False,False,False,False,False,True,False,False,False,False,90.10000000000001,1.831368560071033,60.70201265822785
46.6312625250501,38.59493670886077,35.13793103448276,97.03,100.0,45.55,True,False,False,False,False,False,False,False,False,False,False,False,False,False,False,False,False,False,False,False,False,True,1.0,2.0897175824158047,58.21197468354431
46.82965931863728,82.45569620253166,19.77586206896552,47.53,72.28,9.91,False,True,False,False,False,False,False,False,False,False,False,False,False,False,False,False,False,False,False,True,False,False,28.720000000000002,5.169083551749393,50.21427848101266
47.02805611222445,93.73417721518987,33.43103448275862,69.30999999999999,25.75,76.24,False,False,False,False,False,True,False,False,False,False,False,False,False,False,False,False,False,False,False,False,True,False,75.25,3.79971550547148,81.15867088607594
47.22645290581163,33.58227848101266,16.362068965517242,83.17,66.34,63.37,False,False,False,False,False,True,False,False,False,False,False,False,False,False,False,False,False,False,False,False,True,False,34.66,3.046339718660432,57.394911392405064
47.4248496993988,11.025316455696204,81.22413793103448,30.7,25.75,46.54,False,False,False,False,False,False,False,False,False,False,False,False,False,False,True,False,False,False,False,True,False,False,75.25,1.12449097574852,27.582126582278484
47.62324649298598,94.9873417721519,65.86206896551724,1.0,2.98,46.54,False,False,False,False,False,True,False,False,False,False,False,False,False,False,False,False,False,False,True,False,False,False,98.02,2.4344721921835246,52.25693670886075
47.82164328657314,94.9873417721519,33.43103448275862,46.54,54.46,63.37,True,False,False,False,False,False,False,False,False,False,False,False,False,False,False,False,False,False,False,False,True,False,46.54,3.8373011200620137,70.96793670886076
48.02004008016032,32.32911392405063,28.310344827586206,37.63,100.0,25.75,False,False,False,False,False,False,False,False,False,False,True,False,False,False,False,False,True,False,False,False,False,False,1.0,2.1334046590008553,31.945645569620254
48.21843687374749,89.9746835443038,94.8793103448276,62.38,69.30999999999999,88.12,False,False,False,False,False,True,False,False,False,False,False,False,False,False,False,False,True,False,False,False,False,False,31.690000000000015,1.9392378466944946,81.13987341772152
48.41683366733466,27.316455696202528,89.75862068965517,27.73,33.67,23.77,False,False,False,False,False,True,False,False,False,False,False,False,False,False,False,False,True,False,False,False,False,False,67.33,1.2935361865662054,26.37658227848101
48.61523046092184,73.68354430379748,84.63793103448276,70.3,67.33,19.81,False,True,False,False,False,False,False,False,False,False,False,False,False,False,False,False,False,False,False,True,False,False,33.67000000000001,1.8612962121745023,56.506417721518986
48.813627254509015,71.17721518987342,69.27586206896552,95.05,52.48,65.35000000000001,False,False,False,False,False,True,False,False,False,False,False,False,False,False,False,False,False,False,False,True,False,False,48.519999999999996,2.018589558912547,76.59088607594937
49.012024048096194,98.74683544303798,64.15517241379311,42.58,59.41,60.4,False,True,False,False,False,False,False,False,False,False,False,False,False,False,False,False,False,False,True,False,False,False,41.59,2.5317035571394513,70.39273417721519
49.210420841683366,89.9746835443038,38.55172413793103,62.38,65.35000000000001,38.62,False,False,False,False,False,False,False,False,False,True,False,False,False,False,False,False,False,True,False,False,False,False,35.649999999999984,3.328516969061723,66.28987341772151
49.40881763527054,82.45569620253166,53.91379310344827,70.3,98.02,53.470000000000006,False,False,False,False,False,False,True,False,False,False,False,False,False,False,False,False,False,False,False,False,False,True,2.9800000000000018,2.521888764748759,70.11327848101267
49.60721442885772,92.48101265822784,30.01724137931034,14.86,83.17,21.79,False,False,False,False,False,False,False,False,True,False,False,False,False,False,False,False,False,False,False,True,False,False,17.82999999999999,4.0775813452753695,47.987405063291135
49.80561122244489,100.0,74.39655172413794,38.62,67.33,98.02,False,False,False,False,False,False,False,False,False,False,False,False,False,True,False,False,False,True,False,False,False,False,33.67000000000001,2.336141277015568,80.992
50.00400801603207,58.64556962025316,6.120689655172414,17.830000000000002,81.19000000000001,55.45,False,False,False,False,False,False,False,False,False,True,False,False,False,False,False,False,False,False,True,False,False,False,19.809999999999985,10.595616841065421,45.44222784810127
50.20240480961924,64.91139240506328,47.08620689655172,19.81,79.21000000000001,59.41,True,False,False,False,False,False,False,False,False,False,False,False,False,False,False,False,False,False,True,False,False,False,21.789999999999996,2.370650170615878,49.730556962025304
50.40080160320641,91.22784810126582,30.01724137931034,60.4,64.36,79.21000000000001,False,False,False,False,False,False,False,False,False,False,False,False,False,False,False,True,False,False,True,False,False,False,36.64,4.035721203722744,78.37413924050634
50.59919839679358,43.607594936708864,26.60344827586207,40.6,51.49,77.23,False,False,False,False,False,False,False,False,False,False,False,True,False,False,False,False,False,True,False,False,False,False,49.51,2.6319550499052475,52.792037974683545
50.797595190380754,12.278481012658228,4.413793103448276,94.06,67.33,48.52,False,False,False,False,False,True,False,False,False,False,False,False,False,False,False,False,False,False,False,False,False,True,33.67000000000001,3.7776921359051063,47.6853924050633
50.99599198396793,94.9873417721519,18.06896551724138,22.78,88.12,38.62,False,True,False,False,False,False,False,False,False,False,False,False,False,False,False,False,False,False,True,False,False,False,12.879999999999999,6.259421278939209,56.41493670886076
51.19438877755511,86.21518987341773,96.58620689655172,35.65,84.16,73.27,False,True,False,False,False,False,False,False,False,False,False,False,False,False,False,False,False,True,False,False,False,False,16.840000000000003,1.8834060524783638,67.16207594936708
51.39278557114228,71.17721518987342,12.948275862068966,58.42,95.05,4.96,False,False,False,False,False,False,False,False,False,False,False,False,False,True,False,False,False,False,True,False,False,False,5.950000000000005,6.500174088973513,47.48488607594937
51.591182364729455,71.17721518987342,21.48275862068965,33.67,96.04,65.35000000000001,False,True,False,False,False,False,False,False,False,False,False,False,False,False,False,False,False,False,False,False,True,False,4.959999999999992,4.310499729385315,58.17688607594937
51.78957915831663,52.37974683544304,98.29310344827586,81.19000000000001,14.86,5.95,False,False,False,False,True,False,False,False,False,False,False,False,False,False,False,False,False,False,False,False,True,False,86.14,1.5227102870348448,47.09389873417722
51.987975951903806,82.45569620253166,48.793103448275865,33.67,58.42,40.6,False,False,False,False,False,False,False,False,False,True,False,False,False,False,False,False,True,False,False,False,False,False,42.57999999999999,2.6828251169748176,55.26327848101266
52.18637274549098,72.43037974683544,57.32758620689656,69.30999999999999,20.8,39.61,False,False,False,False,False,False,False,False,False,False,True,False,False,False,False,False,False,False,False,True,False,False,80.2,2.2552237082301994,61.64815189873417
52.38476953907815,14.784810126582276,70.98275862068965,25.75,14.86,35.65,False,True,False,False,False,False,False,False,False,False,False,False,False,False,False,False,False,False,False,False,True,False,86.14,1.1972335086598458,24.33392405063291
52.58316633266533,73.68354430379748,14.655172413793103,61.39,3.97,32.68,True,False,False,False,False,False,False,False,False,False,False,False,False,False,False,False,False,False,False,False,False,True,97.03,6.029691935115142,57.69441772151899
52.7815631262525,93.73417721518987,16.362068965517242,82.17999999999999,69.30999999999999,80.2,False,True,False,False,False,False,False,False,False,False,False,False,False,False,False,False,False,False,False,False,False,True,31.690000000000015,6.732502218145217,86.20767088607595
52.97995991983968,83.70886075949367,60.741379310344826,71.28999999999999,100.0,71.28999999999999,False,False,False,False,False,False,False,False,False,True,False,False,False,False,False,False,False,False,False,False,True,False,1.0,2.3702032702336764,76.25754430379747
53.17835671342685,18.54430379746836,40.25862068965517,83.17,21.79,48.52,False,True,False,False,False,False,False,False,False,False,False,False,False,False,False,False,False,False,False,False,True,False,79.21000000000001,1.4502524218897448,46.92472151898735
53.37675350701402,78.69620253164557,100.0,87.13,54.46,3.97,False,False,True,False,False,False,False,False,False,False,False,False,False,False,False,False,True,False,False,False,False,False,46.54,1.7774604098103675,58.808481012658234
53.5751503006012,89.9746835443038,2.706896551724138,24.76,66.34,51.49,False,False,False,False,True,False,False,False,False,False,False,False,False,False,False,False,False,False,False,False,False,True,34.66,34.31658985057002,58.86487341772151
53.77354709418837,77.44303797468355,65.86206896551724,47.53,65.35000000000001,61.39,False,False,False,False,False,False,False,False,False,False,False,True,False,False,False,False,False,False,False,False,True,False,35.649999999999984,2.1673781846697313,63.65321518987342
53.97194388777555,98.74683544303798,67.56896551724138,59.41,51.49,20.8,False,False,False,False,False,False,False,False,False,True,False,False,False,False,False,False,False,False,True,False,False,False,49.51,2.453730456401095,63.5617341772152
54.17034068136272,52.37974683544304,100.0,14.86,4.96,10.9,False,False,False,False,False,True,False,False,False,False,False,False,False,False,False,False,False,False,True,False,False,False,96.03999999999999,1.5135899492954148,28.67989873417722
54.368737474949896,91.22784810126582,18.06896551724138,68.32000000000001,97.03,10.9,False,False,False,False,False,False,False,False,False,False,False,False,False,False,True,False,False,False,False,False,True,False,3.9700000000000024,6.050799604785609,60.25713924050633
54.56713426853708,39.848101265822784,23.189655172413797,60.4,35.65,11.89,True,False,False,False,False,False,False,False,False,False,False,False,False,False,False,False,True,False,False,False,False,False,65.35000000000001,2.711353451887069,37.62624050632911
54.765531062124246,43.607594936708864,35.13793103448276,27.73,38.62,43.57,False,False,False,False,True,False,False,False,False,False,False,False,False,False,False,False,False,False,False,False,False,True,62.38000000000001,2.232756849926974,38.83303797468355
54.96392785571143,3.5063291139240507,6.120689655172414,76.24,99.01,61.39,False,False,False,False,False,True,False,False,False,False,False,False,False,False,False,False,False,False,True,False,False,False,1.98999999999999,1.5627890483318063,42.69153164556961
55.1623246492986,67.41772151898735,33.43103448275862,85.14999999999999,1.0,33.67,False,False,False,False,False,False,False,False,False,False,True,False,False,False,False,False,False,True,False,False,False,False,100.0,3.010417599070277,62.613088607594946
55.36072144288577,63.65822784810127,94.8793103448276,25.75,57.42999999999999,56.440000000000005,False,False,False,False,False,False,False,False,False,False,True,False,False,False,False,False,False,True,False,False,False,False,43.57000000000001,1.661126149409244,50.120291139240514
55.55911823647295,49.87341772151899,72.6896551724138,87.13,4.96,90.1,False,False,False,False,False,True,False,False,False,False,False,False,False,False,False,False,True,False,False,False,False,False,96.03999999999999,1.6763422520757443,73.1183670886076
55.75751503006012,79.9493670886076,60.741379310344826,77.23,27.73,84.16,True,False,False,False,False,False,False,False,False,False,False,False,False,False,False,False,False,False,True,False,False,False,73.27,2.3081437973374004,80.39674683544304
55.95591182364729,79.9493670886076,70.98275862068965,58.42,23.77,7.930000000000001,True,False,False,False,False,False,False,False,False,False,False,False,False,False,False,False,True,False,False,False,False,False,77.23,2.117729599965106,51.88474683544304
56.15430861723447,22.303797468354432,26.60344827586207,83.17,33.67,34.660000000000004,False,False,False,False,False,False,False,False,False,True,False,False,False,False,False,False,False,False,False,False,False,True,67.33,1.8290162266798942,44.270518987341774
56.35270541082164,28.569620253164555,1.0,16.84,95.05,48.52,False,True,False,False,False,False,False,False,False,False,False,False,False,False,False,False,False,False,False,False,False,True,5.950000000000005,29.63461352441115,31.035848101265824
56.55110220440882,46.11392405063291,69.27586206896552,31.69,39.61,92.08,False,False,False,False,False,True,False,False,False,False,False,False,False,False,False,False,False,False,False,True,False,False,61.39,1.6558294403510452,55.57656962025316
56.74949899799599,31.075949367088608,48.793103448275865,69.30999999999999,49.51,38.62,True,False,False,False,False,False,False,False,False,False,False,False,False,False,False,False,False,False,True,False,False,False,51.49,1.6269880842988926,44.80937974683543
56.94789579158317,4.759493670886076,77.8103448275862,68.32000000000001,47.53,3.97,False,False,False,False,False,False,False,False,False,True,False,False,False,False,False,False,True,False,False,False,False,False,53.470000000000006,1.04971941695888,23.59079746835443
57.14629258517034,73.68354430379748,48.793103448275865,53.470000000000006,71.28999999999999,44.56,False,False,False,False,False,True,False,False,False,False,False,False,False,False,False,False,False,False,False,False,True,False,29.710000000000004,2.502560257737464,58.88241772151899
57.34468937875752,63.65822784810127,74.39655172413794,28.72,58.42,34.660000000000004,False,False,False,False,False,False,False,False,False,False,True,False,False,False,False,False,True,False,False,False,False,False,42.57999999999999,1.8463436573513659,44.47729113924051
57.54308617234469,53.632911392405056,28.310344827586206,41.59,6.94,82.17999999999999,True,False,False,False,False,False,False,False,False,False,False,False,False,False,False,False,False,False,False,False,True,False,94.05999999999999,2.8879324343020496,58.58416455696202
57.741482965931866,98.74683544303798,53.91379310344827,89.11,92.08,42.58,False,True,False,False,False,False,False,False,False,False,False,False,False,False,False,False,False,False,False,False,True,False,8.920000000000007,2.824869448391309,79.0057341772152
57.93987975951904,52.37974683544304,79.51724137931035,94.06,60.4,40.6,False,False,True,False,False,False,False,False,False,False,False,False,False,False,False,False,False,False,False,False,True,False,40.6,1.6488762771208778,61.349898734177216
58.138276553106216,18.54430379746836,57.32758620689656,85.14999999999999,90.1,70.3,False,False,False,False,False,True,False,False,False,False,False,False,False,False,False,False,False,False,True,False,False,False,10.90000000000001,1.3127347377673197,54.05272151898734
58.33667334669339,97.49367088607596,89.75862068965517,88.12,51.49,4.96,False,False,False,False,True,False,False,False,False,False,False,False,False,False,False,False,False,False,True,False,False,False,49.51,2.077477110751375,66.92146835443039
58.53507014028057,93.73417721518987,7.827586206896552,28.72,41.59,89.11,False,False,False,False,False,True,False,False,False,False,False,False,False,False,False,False,False,False,True,False,False,False,59.41,12.995357812291427,72.84267088607595
58.73346693386774,61.151898734177216,2.706896551724138,71.28999999999999,79.21000000000001,9.91,False,False,False,False,False,False,True,False,False,False,False,False,False,False,False,False,False,False,False,False,True,False,21.789999999999996,23.640124342301007,48.820759493670884
58.93186372745491,34.835443037974684,48.793103448275865,31.69,6.94,12.88,False,False,False,False,False,True,False,False,False,False,False,False,False,False,False,False,False,False,False,True,False,False,94.05999999999999,1.7042444525434723,27.30517721518987
59.13026052104209,18.54430379746836,31.724137931034484,16.84,63.37,49.51,False,True,False,False,False,False,False,False,False,False,False,False,False,False,False,False,False,False,False,False,True,False,37.63,1.5745041320174324,27.322721518987343
59.32865731462926,43.607594936708864,55.62068965517241,52.48,100.0,44.56,False,False,False,False,False,False,False,False,False,False,True,False,False,False,False,False,False,False,False,True,False,False,1.0,1.774507995881871,46.55503797468354
59.52705410821643,23.55696202531645,23.189655172413797,6.94,51.49,33.67,False,False,False,False,False,True,False,False,False,False,False,False,False,False,False,False,False,False,True,False,False,False,49.51,2.0069515377846,21.605784810126583
59.72545090180361,14.784810126582276,100.0,78.22,25.75,25.75,False,False,False,False,False,True,False,False,False,False,False,False,False,False,False,False,False,False,False,True,False,False,75.25,1.1366321485597677,37.10492405063291
59.92384769539078,19.797468354430386,38.55172413793103,92.08,51.49,47.53,False,False,False,False,False,False,False,False,False,True,False,False,False,False,False,False,False,False,True,False,False,False,49.51,1.5032949695475497,49.801987341772154
60.12224448897796,100.0,77.8103448275862,62.38,31.69,97.03,False,False,False,False,False,False,False,False,False,True,False,False,False,False,False,False,False,False,False,False,True,False,69.30999999999999,2.2770109310324145,87.823
60.320641282565134,9.772151898734178,40.25862068965517,68.32000000000001,23.77,91.09,False,False,True,False,False,False,False,False,False,False,False,False,False,False,False,False,False,True,False,False,False,False,77.23,1.231772957467791,51.73186075949367
60.51903807615231,32.32911392405063,57.32758620689656,74.26,29.71,47.53,False,False,True,False,False,False,False,False,False,False,False,False,False,False,False,False,False,True,False,False,False,False,71.28999999999999,1.5538365674206145,49.46864556962025
60.717434869739485,88.72151898734177,38.55172413793103,66.34,31.69,70.3,False,False,False,False,False,False,False,False,False,False,False,False,False,False,True,False,False,False,True,False,False,False,69.30999999999999,3.295923719070398,76.48060759493671
60.91583166332666,82.45569620253166,94.8793103448276,86.14,63.37,5.95,False,False,False,False,False,False,False,False,False,False,True,False,False,False,False,False,True,False,False,False,False,False,37.63,1.8597773617558515,60.60927848101266
61.11422845691384,7.265822784810127,33.43103448275862,12.88,58.42,85.14999999999999,False,False,False,False,False,False,False,False,False,True,False,False,False,False,False,False,False,True,False,False,False,False,42.57999999999999,1.2063080987246675,32.31532911392405
61.31262525050101,32.32911392405063,12.948275862068966,97.03,83.17,54.46,False,False,False,False,False,False,False,False,False,True,False,False,False,False,False,False,False,False,False,False,True,False,17.82999999999999,3.4918736888138726,58.37864556962025
61.51102204408817,7.265822784810127,16.362068965517242,3.97,39.61,51.49,False,False,False,False,False,False,False,False,False,False,False,True,False,False,False,False,False,True,False,False,False,False,61.39,1.433643625135839,19.54432911392405
61.709418837675344,51.12658227848102,88.05172413793103,5.95,47.53,26.74,False,False,True,False,False,False,False,False,False,False,False,False,False,False,False,False,False,False,True,False,False,False,53.470000000000006,1.5705875623154695,30.257632911392406
61.90781563126252,69.9240506329114,18.06896551724138,92.08,86.14,17.830000000000002,False,False,False,False,False,False,False,False,False,True,False,False,False,False,False,False,False,False,False,True,False,False,14.860000000000001,4.868610117915207,60.94262025316456
62.106212424849694,92.48101265822784,81.22413793103448,70.3,61.39,1.0,False,False,False,False,False,False,False,False,False,True,False,False,False,False,False,False,True,False,False,False,False,False,39.61,2.1300318414446116,58.38240506329113
62.30460921843687,96.24050632911391,9.53448275862069,23.77,99.01,96.04,True,False,False,False,False,False,False,False,False,False,False,False,False,False,False,False,True,False,False,False,False,False,1.98999999999999,11.109403133646428,74.43920253164556
62.503006012024045,19.797468354430386,79.51724137931035,52.48,13.87,33.67,False,False,False,False,False,False,False,False,False,False,False,False,False,False,True,False,True,False,False,False,False,False,87.13,1.2380260588171157,33.76398734177216
62.70140280561122,37.34177215189874,36.8448275862069,71.28999999999999,66.34,19.81,False,True,False,False,False,False,False,False,False,False,False,False,False,False,False,False,False,False,True,False,False,False,34.66,2.004593489952444,42.26670886075949
62.8997995991984,32.32911392405063,84.63793103448276,27.73,39.61,22.78,False,False,False,False,False,True,False,False,False,False,False,False,False,False,False,False,False,False,False,True,False,False,61.39,1.371381613615063,28.084645569620253
63.09819639278557,51.12658227848102,96.58620689655172,18.82,98.02,98.02,False,False,False,False,False,False,False,False,False,False,False,False,False,False,True,False,False,True,False,False,False,False,2.9800000000000018,1.5191436056270495,55.50263291139241
63.29659318637274,97.49367088607596,69.27586206896552,1.0,51.49,26.74,False,True,False,False,False,False,False,False,False,False,False,False,False,False,False,False,True,False,False,False,False,False,49.51,2.399487683402125,47.319468354430384
63.49498997995992,3.5063291139240507,67.56896551724138,84.16,52.48,54.46,False,False,True,False,False,False,False,False,False,False,False,False,False,False,False,False,False,False,True,False,False,False,48.519999999999996,1.040419256547887,42.98853164556962
63.69338677354709,86.21518987341773,60.741379310344826,78.22,24.76,59.41,False,False,True,False,False,False,False,False,False,False,False,False,False,False,False,False,False,False,False,False,True,False,76.24,2.411576252164527,75.77507594936708
63.89178356713427,43.607594936708864,18.06896551724138,34.660000000000004,63.37,2.98,False,False,False,False,False,False,False,False,False,False,True,False,False,False,False,False,False,False,True,False,False,False,37.63,3.4082583988400037,28.735037974683543
64.09018036072143,6.012658227848101,18.06896551724138,53.470000000000006,38.62,2.98,False,False,False,False,False,False,False,False,False,False,True,False,False,False,False,False,False,False,False,False,True,False,62.38000000000001,1.322041657303999,19.34006329113924
64.28857715430861,88.72151898734177,77.8103448275862,96.04,4.96,64.36,True,False,False,False,False,False,False,False,False,False,False,False,False,False,False,False,False,False,False,True,False,False,96.03999999999999,2.131673778050023,83.60860759493671
64.48697394789579,21.050632911392405,76.10344827586206,74.26,63.37,88.12,False,False,False,False,False,False,True,False,False,False,False,False,False,False,False,False,False,False,False,False,True,False,37.63,1.2657349280767742,57.13425316455697
64.68537074148296,56.13924050632911,62.44827586206897,83.17,4.96,23.77,False,False,False,False,False,True,False,False,False,False,False,False,False,False,False,False,False,True,False,False,False,False,96.03999999999999,1.889770655089698,54.53769620253165
64.88376753507013,7.265822784810127,21.48275862068965,83.17,54.46,69.30999999999999,False,False,False,False,False,False,False,False,False,False,True,False,False,False,False,False,False,False,False,False,False,True,46.54,1.3275111423803554,48.650329113924045
65.08216432865731,34.835443037974684,82.93103448275862,4.96,78.22,65.35000000000001,False,False,False,False,False,True,False,False,False,False,False,False,False,False,False,False,False,False,False,False,False,True,22.779999999999998,1.4095673592026643,35.02717721518987
65.28056112224449,27.316455696202528,50.5,96.04,3.97,33.67,False,False,False,False,False,False,False,False,False,False,False,False,False,False,False,True,False,False,False,True,False,False,97.03,1.530758319062116,49.83958227848102
65.47895791583166,11.025316455696204,19.77586206896552,93.07,73.27,42.58,False,False,False,False,True,False,False,False,False,False,False,False,False,False,False,False,False,False,False,False,True,False,27.73,1.547396720372113,45.10512658227847
65.67735470941884,83.70886075949367,9.53448275862069,41.59,80.2,7.930000000000001,False,False,False,False,False,False,False,False,False,True,False,False,False,False,False,False,False,False,False,True,False,False,20.799999999999997,9.791527885412547,48.33954430379747
65.87575150300601,59.89873417721518,33.43103448275862,6.94,84.16,65.35000000000001,True,False,False,False,False,False,False,False,False,False,False,False,False,False,False,False,False,True,False,False,False,False,16.840000000000003,2.784903911527075,45.64649367088608
66.07414829659318,93.73417721518987,48.793103448275865,14.86,50.5,37.63,True,False,False,False,False,False,False,False,False,False,False,False,False,False,False,False,False,False,False,False,False,True,50.5,2.9145942217085574,53.240670886075954
66.27254509018036,84.9620253164557,70.98275862068965,35.65,53.470000000000006,1.0,False,False,False,False,False,False,False,False,False,False,False,False,False,False,True,False,True,False,False,False,False,False,47.529999999999994,2.1885369916039714,44.97981012658228
66.47094188376754,58.64556962025316,18.06896551724138,65.35000000000001,72.28,4.96,False,False,False,False,False,False,False,True,False,False,False,False,False,False,False,False,False,False,False,True,False,False,28.720000000000002,4.242745095454405,44.55122784810126
66.66933867735472,32.32911392405063,50.5,61.39,4.96,42.58,False,False,False,False,False,True,False,False,False,False,False,False,False,False,False,False,False,False,False,False,True,False,96.03999999999999,1.6302851301619745,44.122645569620246
66.86773547094188,12.278481012658228,82.93103448275862,42.58,92.08,27.73,False,False,False,False,False,False,False,False,False,False,False,False,False,False,True,False,False,False,False,True,False,False,8.920000000000007,1.1368411338679323,26.004392405063292
67.06613226452906,83.70886075949367,100.0,16.84,70.3,37.63,False,False,False,False,False,True,False,False,False,False,False,False,False,False,False,False,False,True,False,False,False,False,30.700000000000003,1.8277214499084535,49.824544303797474
67.26452905811624,29.82278481012658,70.98275862068965,95.05,74.26,80.2,False,False,False,False,False,False,False,False,False,False,False,False,False,False,True,False,False,False,False,False,True,False,26.73999999999999,1.4096556835764442,64.50411392405063
67.4629258517034,23.55696202531645,6.120689655172414,75.25,16.84,47.53,False,False,False,False,False,False,False,False,True,False,False,False,False,False,False,False,False,False,False,True,False,False,84.16,4.847453700234938,46.256784810126575
67.66132264529058,4.759493670886076,57.32758620689656,49.51,98.02,19.81,False,False,False,True,False,False,False,False,False,False,False,False,False,False,False,False,False,False,False,False,False,True,2.9800000000000018,1.0716329081140248,22.69979746835443
67.85971943887776,49.87341772151899,65.86206896551724,5.95,7.930000000000001,1.99,False,False,False,False,False,True,False,False,False,False,False,False,False,False,False,False,False,False,False,False,True,False,93.07,1.7476590300051993,22.3313670886076
68.05811623246493,88.72151898734177,81.22413793103448,18.82,86.14,72.28,False,False,False,False,False,False,False,False,False,False,False,False,True,False,False,False,True,False,False,False,False,False,14.860000000000001,2.083622263027869,62.81860759493671
68.2565130260521,21.050632911392405,43.672413793103445,9.91,80.2,88.12,False,False,False,False,False,True,False,False,False,False,False,False,False,False,False,False,False,False,False,False,False,True,20.799999999999997,1.4716925146500595,37.82925316455696
68.45490981963928,31.075949367088608,69.27586206896552,12.88,72.28,46.54,False,False,True,False,False,False,False,False,False,False,False,False,False,False,False,False,False,False,False,False,False,True,28.720000000000002,1.4381733692141436,30.256379746835446
68.65330661322645,93.73417721518987,7.827586206896552,58.42,51.49,20.8,False,True,False,False,False,False,False,False,False,False,False,False,False,False,False,False,False,False,False,False,True,False,49.51,12.995357812291427,61.25967088607595
68.85170340681363,9.772151898734178,57.32758620689656,15.85,57.42999999999999,8.92,True,False,False,False,False,False,False,False,False,False,False,False,False,False,False,False,True,False,False,False,False,False,43.57000000000001,1.159306300715223,11.339860759493671
69.0501002004008,93.73417721518987,11.241379310344827,44.56,96.04,20.8,False,False,False,False,False,False,False,False,False,False,True,False,False,False,False,False,False,False,True,False,False,False,4.959999999999992,9.349069595494749,57.10167088607596
69.24849699398798,67.41772151898735,50.5,2.98,53.470000000000006,67.33,False,False,False,False,False,False,False,False,False,False,False,True,False,False,False,False,False,False,False,False,False,True,47.529999999999994,2.326972807860984,48.06008860759494
69.44689378757515,4.759493670886076,9.53448275862069,94.06,46.54,41.59,False,True,False,False,False,False,False,False,False,False,False,False,False,False,False,False,False,False,False,False,True,False,54.46,1.488913821539089,42.598797468354434
69.64529058116233,82.45569620253166,53.91379310344827,72.28,11.89,39.61,False,True,False,False,False,False,False,False,False,False,False,False,False,False,False,False,False,False,True,False,False,False,89.11,2.521888764748759,66.54927848101266
69.8436873747495,78.69620253164557,12.948275862068966,71.28999999999999,90.1,47.53,False,True,False,False,False,False,False,False,False,False,False,False,False,False,False,False,False,True,False,False,False,False,10.90000000000001,7.082425779326992,67.12448101265822
70.04208416833667,62.40506329113924,77.8103448275862,69.30999999999999,18.82,83.17,False,True,False,False,False,False,False,False,False,False,False,False,False,False,False,False,False,False,False,False,False,True,82.18,1.7925537544244403,70.7060253164557
70.24048096192385,4.759493670886076,45.37931034482759,30.7,84.16,35.65,False,False,True,False,False,False,False,False,False,False,False,False,False,False,False,False,False,True,False,False,False,False,16.840000000000003,1.0935512557813212,21.808797468354427
70.43887775551103,78.69620253164557,1.0,11.89,90.1,1.0,False,False,False,False,False,False,False,False,False,False,False,False,True,False,False,False,True,False,False,False,False,False,10.90000000000001,79.89560386411746,35.345481012658226
70.6372745490982,34.835443037974684,30.01724137931034,83.17,51.49,5.95,True,False,False,False,False,False,False,False,False,False,False,False,False,False,False,False,False,False,True,False,False,False,49.51,2.1520148338545724,40.670177215189874
70.83567134268537,66.16455696202532,18.06896551724138,78.22,22.78,37.63,False,False,False,False,False,True,False,False,False,False,False,False,False,False,False,False,False,True,False,False,False,False,78.22,4.659988443761606,61.220822784810125
71.03406813627255,84.9620253164557,1.0,3.97,37.63,38.62,False,False,False,False,False,True,False,False,False,False,False,False,False,False,False,False,False,False,True,False,False,False,63.36999999999999,86.17822765658076,46.76181012658228
71.23246492985973,61.151898734177216,84.63793103448276,14.86,57.42999999999999,16.84,False,False,False,False,False,False,True,False,False,False,False,False,False,False,False,False,False,False,False,False,True,False,43.57000000000001,1.7128372429140661,33.97075949367089
71.4308617234469,68.67088607594937,47.08620689655172,33.67,5.95,21.79,False,False,False,False,False,False,False,False,False,False,False,False,False,True,False,False,True,False,False,False,False,False,95.05,2.4507071175106887,44.106354430379746
71.62925851703407,93.73417721518987,100.0,85.14999999999999,97.03,7.930000000000001,False,True,False,False,False,False,False,False,False,False,False,False,False,False,False,False,False,False,False,False,True,False,3.9700000000000024,1.9282435301046261,65.41767088607595
71.82765531062125,91.22784810126582,18.06896551724138,49.51,14.86,9.91,False,False,False,False,False,True,False,False,False,False,False,False,False,False,False,False,False,False,False,True,False,False,86.14,6.050799604785609,54.31713924050632
72.02605210420842,48.62025316455696,65.86206896551724,80.2,1.0,35.65,False,True,False,False,False,False,False,False,False,False,False,False,False,False,False,False,True,False,False,False,False,False,100.0,1.7285808866113568,54.20310126582278
72.2244488977956,46.11392405063291,35.13793103448276,49.51,18.82,68.32000000000001,False,False,True,False,False,False,False,False,False,False,False,False,False,False,False,False,False,False,False,True,False,False,82.18,2.304276483682558,53.79456962025316
72.42284569138278,77.44303797468355,18.06896551724138,16.84,84.16,84.16,False,False,False,False,False,False,True,False,False,False,False,False,False,False,False,False,False,False,False,False,False,True,16.840000000000003,5.285853466222408,61.27721518987342
72.62124248496994,47.36708860759494,19.77586206896552,75.25,36.64,26.74,True,False,False,False,False,False,False,False,False,False,False,False,False,False,False,False,False,False,False,False,True,False,64.36,3.390009318792133,49.54383544303798
72.8196392785571,36.08860759493671,35.13793103448276,98.02,22.78,44.56,False,False,True,False,False,False,False,False,False,False,False,False,False,False,False,False,False,False,False,False,False,True,78.22,2.0181979486602195,57.20944303797469
73.01803607214428,1.0,86.34482758620689,52.48,84.16,10.9,False,False,False,False,False,False,False,False,False,False,False,False,False,True,False,False,False,True,False,False,False,False,16.840000000000003,1.0,19.413999999999998
73.21643286573146,28.569620253164555,43.672413793103445,17.830000000000002,13.87,24.76,False,False,False,False,False,True,False,False,False,False,False,False,False,False,False,False,False,False,False,False,False,True,87.13,1.6443222198271372,24.204848101265824
73.41482965931863,62.40506329113924,84.63793103448276,87.13,48.52,5.95,False,False,False,False,False,False,False,False,False,False,False,False,False,False,True,False,False,False,False,True,False,False,52.480000000000004,1.7276831398401098,52.8860253164557
73.6132264529058,9.772151898734178,59.03448275862068,99.01,85.14999999999999,15.85,True,False,False,False,False,False,False,False,False,False,False,False,False,False,False,False,False,False,True,False,False,False,15.850000000000014,1.1543644302463554,38.36686075949367
73.81162324649299,92.48101265822784,9.53448275862069,70.3,22.78,49.51,False,False,True,False,False,False,False,False,False,False,False,False,False,False,False,False,False,False,False,True,False,False,78.22,10.714040559176263,72.93540506329114
74.01002004008015,29.82278481012658,84.63793103448276,75.25,55.45,96.04,False,False,False,False,False,True,False,False,False,False,False,False,False,False,False,False,True,False,False,False,False,False,45.55,1.3416898197629756,63.31611392405064
74.20841683366733,19.797468354430386,76.10344827586206,12.88,62.38,72.28,False,False,False,False,False,True,False,False,False,False,False,False,False,False,False,False,False,False,False,False,True,False,38.62,1.2492241650696638,33.46698734177215
74.40681362725451,82.45569620253166,82.93103448275862,54.46,42.58,93.07,False,True,False,False,False,False,False,False,False,False,False,False,False,False,False,False,False,True,False,False,False,False,58.42000000000001,1.9853227237982098,77.24127848101267
74.60521042084169,21.050632911392405,33.43103448275862,25.75,78.22,14.86,False,False,True,False,False,False,False,False,False,False,False,False,False,False,False,False,False,False,False,False,False,True,22.779999999999998,1.6197498592205362,20.60325316455696
74.80360721442885,1.0,53.91379310344827,77.23,86.14,1.99,False,False,True,False,False,False,False,False,False,False,False,False,False,False,False,False,False,True,False,False,False,False,14.860000000000001,1.006985346536012,24.166
75.00200400801603,93.73417721518987,19.77586206896552,70.3,84.16,83.17,False,False,False,False,True,False,False,False,False,False,False,False,False,False,False,False,True,False,False,False,False,False,16.840000000000003,5.7409288409142265,83.53467088607596
75.20040080160321,8.518987341772153,60.741379310344826,49.51,43.57,90.1,True,False,False,False,False,False,False,False,False,False,False,False,False,False,False,False,False,False,False,False,True,False,57.43000000000001,1.1290138123081528,45.29059493670886
75.39879759519037,19.797468354430386,89.75862068965517,68.32000000000001,96.04,39.61,False,False,False,False,False,True,False,False,False,False,False,False,False,False,False,False,False,True,False,False,False,False,4.959999999999992,1.2095425161177944,40.297987341772156
75.59719438877755,1.0,59.03448275862068,44.56,98.02,48.52,True,False,False,False,False,False,False,False,False,False,False,False,False,False,False,False,True,False,False,False,False,False,2.9800000000000018,1.0053721541203275,28.324
75.79559118236473,48.62025316455696,52.20689655172414,1.0,42.58,83.17,False,False,False,False,True,False,False,False,False,False,False,False,False,False,False,False,True,False,False,False,False,False,58.42000000000001,1.9221849747807593,44.69910126582278
75.9939879759519,43.607594936708864,1.0,9.91,44.56,93.07,False,False,True,False,False,False,False,False,False,False,False,False,False,False,False,False,False,False,False,False,False,True,56.440000000000005,44.71291062632305,48.33703797468354
76.19238476953907,81.20253164556962,19.77586206896552,83.17,84.16,10.9,False,False,False,False,False,False,False,False,False,False,False,False,False,False,True,False,False,True,False,False,False,False,16.840000000000003,5.1055451862866335,60.70201265822785
76.39078156312625,88.72151898734177,77.8103448275862,8.92,54.46,96.04,False,False,False,False,False,False,False,False,False,False,True,False,False,False,False,False,False,False,False,False,True,False,46.54,2.131673778050023,66.97660759493671
76.58917835671343,56.13924050632911,84.63793103448276,60.4,36.64,2.98,False,True,False,False,False,False,False,False,False,False,False,False,False,False,False,False,False,False,False,True,False,False,64.36,1.6534536552098915,41.46969620253164
76.7875751503006,96.24050632911391,9.53448275862069,80.2,25.75,87.13,False,False,False,False,False,False,False,False,False,False,False,True,False,False,False,False,True,False,False,False,False,False,75.25,11.109403133646428,88.69520253164556
76.98597194388778,38.59493670886077,38.55172413793103,60.4,99.01,14.86,False,False,False,False,False,False,False,False,False,True,False,False,False,False,False,False,False,True,False,False,False,False,1.98999999999999,1.9921937194174177,38.01597468354431
77.18436873747495,54.88607594936709,31.724137931034484,61.39,86.14,73.27,False,False,False,False,False,False,False,False,False,True,False,False,False,False,False,False,False,True,False,False,False,False,14.860000000000001,2.723132768234189,62.352430379746835
77.38276553106212,16.037974683544306,47.08620689655172,68.32000000000001,78.22,32.68,False,False,False,False,False,False,False,False,False,True,False,False,False,False,False,False,False,False,False,True,False,False,22.779999999999998,1.3299098609833415,36.71518987341773
77.5811623246493,74.9367088607595,55.62068965517241,62.38,76.24,29.71,False,False,True,False,False,False,False,False,False,False,False,False,False,False,False,False,False,True,False,False,False,False,24.76000000000001,2.3392825430047255,57.601683544303796
77.77955911823648,52.37974683544304,96.58620689655172,62.38,17.830000000000002,8.92,False,False,False,False,False,True,False,False,False,False,False,False,False,False,False,False,False,False,False,False,False,True,83.17,1.5321529787288823,42.34189873417722
77.97795591182364,17.29113924050633,77.8103448275862,52.48,20.8,6.94,True,False,False,False,False,False,False,False,False,False,False,False,False,False,False,False,False,False,False,False,False,True,80.2,1.2112051424948713,24.74245569620253
78.17635270541082,88.72151898734177,40.25862068965517,75.25,69.30999999999999,74.26,False,False,False,False,False,False,False,False,False,False,True,False,False,False,False,False,False,False,False,False,False,True,31.690000000000015,3.198088137265375,80.34160759493672
78.374749498998,78.69620253164557,2.706896551724138,62.38,80.2,75.25,False,False,False,False,False,False,False,False,False,False,False,False,False,False,True,False,True,False,False,False,False,False,20.799999999999997,30.138842477769096,72.76748101265822
78.57314629258516,86.21518987341773,79.51724137931035,82.17999999999999,60.4,41.59,False,False,False,False,False,True,False,False,False,False,False,False,False,False,False,False,False,False,False,False,False,True,40.6,2.0755284268978613,71.61707594936709
78.77154308617234,100.0,26.60344827586207,32.68,77.23,39.61,False,False,False,False,False,False,False,False,False,False,False,False,False,False,True,False,False,False,False,False,True,False,23.77,4.757381346678242,61.687
78.96993987975952,53.632911392405056,62.44827586206897,83.17,22.78,22.78,False,False,False,False,False,True,False,False,False,False,False,False,False,False,False,False,True,False,False,False,False,False,78.22,1.8495285194165956,53.23816455696202
79.1683366733467,44.86075949367088,72.6896551724138,41.59,76.24,85.14999999999999,False,False,False,False,False,False,False,False,False,False,True,False,False,False,False,False,True,False,False,False,False,False,24.76000000000001,1.6071975577034368,55.966303797468356
79.36673346693387,54.88607594936709,67.56896551724138,80.2,40.6,97.03,False,False,False,False,False,False,False,False,False,False,False,False,False,False,False,True,False,True,False,False,False,False,60.4,1.8028634564686965,75.12343037974684
79.56513026052104,69.9240506329114,33.43103448275862,11.89,70.3,78.22,False,False,True,False,False,False,False,False,False,False,False,False,False,False,False,False,False,True,False,False,False,False,30.700000000000003,3.0855888282513435,55.00262025316456
79.76352705410822,100.0,31.724137931034484,42.58,19.81,1.0,True,False,False,False,False,False,False,False,False,False,False,False,False,False,False,False,False,False,False,True,False,False,81.19000000000001,4.1490165925032665,53.074
79.96192384769539,11.025316455696204,69.27586206896552,34.660000000000004,2.98,10.9,False,False,False,False,False,False,False,False,False,True,False,False,False,False,False,False,False,False,True,False,False,False,98.02,1.147965274364942,18.078126582278486
80.16032064128257,79.9493670886076,16.362068965517242,84.16,92.08,42.58,False,False,False,False,False,False,False,False,False,True,False,False,False,False,False,False,True,False,False,False,False,False,8.920000000000007,5.887756645346621,70.00174683544304
80.35871743486975,47.36708860759494,35.13793103448276,76.24,86.14,40.6,False,True,False,False,False,False,False,False,False,False,False,False,False,False,False,False,False,False,True,False,False,False,14.860000000000001,2.3400363005603504,53.998835443037976
80.55711422845691,52.37974683544304,24.89655172413793,78.22,97.03,13.87,False,False,True,False,False,False,False,False,False,False,False,False,False,False,False,False,False,False,False,False,True,False,3.9700000000000024,3.0979264668114617,48.578898734177216
80.75551102204409,68.67088607594937,91.46551724137932,41.59,95.05,26.74,False,False,False,False,False,False,False,False,False,True,False,False,False,False,False,False,False,False,False,False,False,True,5.950000000000005,1.7411857706017155,47.96735443037974
80.95390781563127,1.0,48.793103448275865,57.42999999999999,22.78,73.27,False,False,False,False,False,False,False,False,False,False,False,True,False,False,False,False,True,False,False,False,False,False,78.22,1.0089371383422536,39.60999999999999
81.15230460921843,21.050632911392405,48.793103448275865,34.660000000000004,42.58,84.16,False,False,True,False,False,False,False,False,False,False,False,False,False,False,False,False,False,False,False,False,False,True,58.42000000000001,1.4209711023133462,44.06625316455696
81.35070140280561,24.81012658227848,59.03448275862068,27.73,33.67,64.36,False,False,False,False,False,True,False,False,False,False,False,False,False,False,False,False,False,False,True,False,False,False,67.33,1.4097797607481173,37.55105063291139
81.54909819639279,11.025316455696204,57.32758620689656,100.0,3.97,37.63,True,False,False,False,False,False,False,False,False,False,False,False,False,False,False,False,False,False,False,True,False,False,97.03,1.1812246488655225,45.69912658227848
81.74749498997997,22.303797468354432,23.189655172413797,72.28,74.26,37.63,False,False,False,False,False,True,False,False,False,False,False,False,False,False,False,False,True,False,False,False,False,False,26.73999999999999,1.9527667751613333,41.89451898734177
81.94589178356713,84.9620253164557,12.948275862068966,14.86,100.0,57.42999999999999,False,False,False,False,False,False,False,False,False,True,False,False,False,False,False,False,False,False,True,False,False,False,1.0,7.567635521288225,55.67181012658227
82.14428857715431,26.06329113924051,47.08620689655172,20.8,100.0,19.81,False,False,False,False,False,False,False,False,False,False,False,True,False,False,False,False,False,False,False,False,True,False,1.0,1.5433950527028362,22.608316455696205
82.34268537074149,73.68354430379748,65.86206896551724,93.07,90.1,49.51,False,False,False,False,True,False,False,False,False,False,False,False,False,False,False,False,True,False,False,False,False,False,10.90000000000001,2.1101437544882042,72.24741772151899
82.54108216432866,33.58227848101266,52.20689655172414,69.30999999999999,64.36,85.14999999999999,False,False,False,False,False,False,False,False,False,False,False,False,False,False,True,False,False,True,False,False,False,False,36.64,1.6333665832019435,59.770911392405054
82.73947895791584,9.772151898734178,96.58620689655172,11.89,2.98,100.0,False,False,False,False,False,False,False,False,False,True,False,False,False,False,False,False,False,False,False,False,False,True,98.02,1.089834293266572,37.47586075949367
82.93787575150301,52.37974683544304,30.01724137931034,32.68,99.01,59.41,False,False,False,False,False,True,False,False,False,False,False,False,False,False,False,False,False,False,False,False,False,True,1.98999999999999,2.738056815591337,48.578898734177216
83.13627254509018,18.54430379746836,77.8103448275862,8.92,40.6,30.7,False,False,False,False,False,True,False,False,False,False,False,False,False,False,False,False,False,False,False,False,True,False,60.4,1.2273537150484706,19.30372151898734
83.33466933867736,94.9873417721519,45.37931034482759,7.930000000000001,50.5,3.97,False,False,False,False,False,False,False,False,False,True,False,False,False,False,False,False,False,False,True,False,False,False,50.5,3.0871882326361026,41.564936708860756
83.53306613226452,59.89873417721518,77.8103448275862,83.17,95.05,65.35000000000001,False,False,True,False,False,False,False,False,False,False,False,False,False,False,False,False,False,False,True,False,False,False,5.950000000000005,1.760256609317242,68.51549367088609
83.7314629258517,46.11392405063291,16.362068965517242,15.85,75.25,51.49,False,True,False,False,False,False,False,False,False,False,False,False,False,False,False,False,False,False,True,False,False,False,25.75,3.814290239386429,38.647569620253165
83.92985971943887,83.70886075949367,96.58620689655172,74.26,30.7,21.79,False,False,False,False,False,False,False,False,False,False,True,False,False,False,False,False,False,False,False,False,False,True,70.3,1.8573873062746984,62.29854430379747
84.12825651302605,86.21518987341773,36.8448275862069,27.73,66.34,14.86,False,False,True,False,False,False,False,False,False,False,False,False,False,False,False,False,False,False,False,False,False,True,34.66,3.334617714953843,47.26307594936709
84.32665330661322,58.64556962025316,19.77586206896552,2.98,63.37,48.52,False,False,True,False,False,False,False,False,False,False,False,False,False,False,False,False,True,False,False,False,False,False,37.63,3.9618546079569663,38.90822784810127
84.5250501002004,3.5063291139240507,38.55172413793103,59.41,85.14999999999999,27.73,False,False,True,False,False,False,False,False,False,False,False,False,False,False,False,False,False,False,False,True,False,False,15.850000000000014,1.0795827196603305,27.544531645569617
84.72344689378757,81.20253164556962,40.25862068965517,55.45,64.36,17.830000000000002,False,False,False,False,False,False,False,False,False,False,False,False,False,False,True,False,False,False,False,False,False,True,36.64,3.0108200249037003,54.46501265822785
84.92184368737475,63.65822784810127,65.86206896551724,66.34,79.21000000000001,69.30999999999999,False,False,False,False,False,False,False,False,False,False,True,False,False,False,False,False,False,True,False,False,False,False,21.789999999999996,1.9575186073374653,66.1582911392405
85.12024048096193,73.68354430379748,26.60344827586207,15.85,26.74,54.46,True,False,False,False,False,False,False,False,False,False,False,False,False,False,False,False,False,True,False,False,False,False,74.26,3.7655157415175116,50.566417721518995
85.31863727454909,69.9240506329114,36.8448275862069,50.5,7.930000000000001,3.97,False,True,False,False,False,False,False,False,False,False,False,False,False,False,False,False,False,False,False,False,False,True,93.07,2.8912763066200435,44.31062025316456
85.51703406813627,6.012658227848101,62.44827586206897,96.04,93.07,25.75,False,False,False,False,False,False,False,False,False,False,True,False,False,False,False,False,False,True,False,False,False,False,7.930000000000006,1.0849279416276527,38.94206329113924
85.71543086172345,19.797468354430386,55.62068965517241,5.95,69.30999999999999,91.09,False,False,False,False,False,False,False,False,False,False,True,False,False,False,False,False,False,False,False,False,False,True,31.690000000000015,1.3452793400685015,37.03098734177215
85.91382765531061,51.12658227848102,43.672413793103445,31.69,38.62,56.440000000000005,False,True,False,False,False,False,False,False,False,False,False,False,False,False,False,False,False,False,False,False,False,True,62.38000000000001,2.1622113353583705,46.889632911392404
86.11222444889779,12.278481012658228,11.241379310344827,100.0,42.58,51.49,False,False,False,False,False,False,False,False,False,False,False,False,False,False,True,False,False,False,False,False,True,False,58.42000000000001,2.0835747255300925,50.35839240506329
86.31062124248497,72.43037974683544,48.793103448275865,92.08,28.72,19.81,False,True,False,False,False,False,False,False,False,False,False,False,False,False,False,False,True,False,False,False,False,False,72.28,2.4768081349892714,62.539151898734175
86.50901803607213,49.87341772151899,41.96551724137931,57.42999999999999,46.54,25.75,False,False,False,False,False,False,True,False,False,False,False,False,False,False,False,False,False,True,False,False,False,False,54.46,2.1800133293181805,44.903367088607595
86.70741482965931,27.316455696202528,30.01724137931034,79.21000000000001,88.12,53.470000000000006,False,False,False,False,False,False,False,False,False,False,False,False,True,False,False,False,False,True,False,False,False,False,12.879999999999999,1.9008539845388164,50.73058227848101
86.90581162324649,18.54430379746836,67.56896551724138,3.97,93.07,64.36,False,False,False,False,False,False,False,False,False,False,False,True,False,False,False,False,False,False,False,False,False,True,7.930000000000006,1.2635736565247093,27.91672151898734
87.10420841683367,23.55696202531645,41.96551724137931,9.91,86.14,35.65,True,False,False,False,False,False,False,False,False,False,False,False,False,False,False,False,False,False,False,False,True,False,14.860000000000001,1.5512340976739658,23.09078481012658
87.30260521042084,52.37974683544304,62.44827586206897,27.73,22.78,65.35000000000001,False,False,False,False,False,False,False,False,False,False,False,False,True,False,False,False,False,False,False,False,False,True,78.22,1.8294074515800447,48.87589873417723
87.50100200400801,68.67088607594937,31.724137931034484,89.11,11.89,45.55,True,False,False,False,False,False,False,False,False,False,False,False,False,False,False,False,False,False,False,False,True,False,89.11,3.1588194923164075,67.86635443037974
87.6993987975952,69.9240506329114,14.655172413793103,94.06,50.5,93.07,False,False,False,False,False,False,False,False,False,True,False,False,False,False,False,False,False,True,False,False,False,False,50.5,5.7724736860629395,84.10862025316456
87.89779559118236,42.35443037974684,30.01724137931034,23.77,29.71,84.16,False,False,False,False,False,False,False,False,False,False,False,False,True,False,False,False,False,False,False,True,False,False,71.28999999999999,2.403175683170329,49.32077215189874
88.09619238476954,44.86075949367088,94.8793103448276,32.68,35.65,20.8,False,False,False,False,False,False,False,False,False,False,True,False,False,False,False,False,False,False,True,False,False,False,65.35000000000001,1.4624749370626362,33.988303797468355
88.29458917835672,72.43037974683544,70.98275862068965,63.37,39.61,42.58,False,False,False,False,False,False,False,False,False,False,False,False,False,False,True,False,False,False,True,False,False,False,61.39,2.0115185125068065,60.75715189873418
88.49298597194388,41.10126582278481,40.25862068965517,85.14999999999999,31.69,89.11,False,True,False,False,False,False,False,False,False,False,False,False,False,False,False,False,True,False,False,False,False,False,69.30999999999999,2.0120567589747687,68.71850632911392
88.69138276553106,66.16455696202532,86.34482758620689,35.65,99.01,21.79,False,False,False,True,False,False,False,False,False,False,False,False,False,False,False,False,False,False,False,False,False,True,1.98999999999999,1.7567257223247674,43.69782278481013
88.88977955911824,19.797468354430386,47.08620689655172,8.92,9.91,86.14,False,True,False,False,False,False,False,False,False,False,False,False,False,False,False,False,False,False,True,False,False,False,91.09,1.4099668078781522,36.43698734177215
89.08817635270542,81.20253164556962,12.948275862068966,92.08,29.71,25.75,False,False,False,False,True,False,False,False,False,False,False,False,False,False,False,False,False,False,False,True,False,False,71.28999999999999,7.276509676111487,67.83001265822784
89.28657314629258,42.35443037974684,30.01724137931034,62.38,67.33,88.12,False,False,True,False,False,False,False,False,False,False,False,False,False,False,False,False,False,False,True,False,False,False,33.67000000000001,2.403175683170329,62.09177215189874
89.48496993987976,87.46835443037975,81.22413793103448,93.07,75.25,5.95,False,False,False,False,False,False,False,False,False,True,False,False,False,False,False,False,False,False,False,True,False,False,25.75,2.0681524035556214,64.6933417721519
89.68336673346694,100.0,91.46551724137932,3.97,25.75,1.0,False,False,True,False,False,False,False,False,False,False,False,False,False,False,False,False,False,False,False,False,False,True,75.25,2.0846283157205816,41.491
89.8817635270541,71.17721518987342,1.0,18.82,22.78,53.470000000000006,False,True,False,False,False,False,False,False,False,False,False,False,False,False,False,False,True,False,False,False,False,False,78.22,72.35645531316152,50.15788607594937
90.08016032064128,94.9873417721519,19.77586206896552,84.16,75.25,9.91,False,False,False,False,False,False,False,False,False,False,True,False,False,False,False,False,False,True,False,False,False,False,25.75,5.804467206376986,66.21593670886075
90.27855711422846,57.39240506329114,60.741379310344826,94.06,3.97,15.85,False,False,False,False,False,False,False,False,True,False,False,False,False,False,False,False,False,False,True,False,False,False,97.03,1.935786959959743,55.929962025316456
90.47695390781564,39.848101265822784,55.62068965517241,21.79,19.81,89.11,False,True,False,False,False,False,False,False,False,False,False,False,False,False,False,False,False,True,False,False,False,False,81.19000000000001,1.7067350502271283,49.20924050632912
90.6753507014028,52.37974683544304,53.91379310344827,11.89,24.76,12.88,False,False,False,False,False,False,False,False,False,False,False,False,False,False,True,False,True,False,False,False,False,False,76.24,1.9625398103317448,28.38289873417722
90.87374749498998,34.835443037974684,41.96551724137931,45.55,61.39,71.28999999999999,False,False,False,False,False,False,False,False,False,False,False,True,False,False,False,False,False,False,True,False,False,False,39.61,1.820710911235772,48.98617721518987
91.07214428857716,36.08860759493671,7.827586206896552,31.69,1.99,68.32000000000001,False,False,False,False,False,False,False,False,False,True,False,False,False,False,False,False,False,False,False,False,True,False,99.01,5.611192658580222,44.438443037974686
91.27054108216431,24.81012658227848,64.15517241379311,20.8,18.82,61.39,False,False,False,False,False,False,False,False,False,False,False,False,True,False,False,False,False,False,False,False,False,True,82.18,1.3761453855814765,34.58105063291139
91.46893787575152,46.11392405063291,84.63793103448276,98.02,1.99,29.71,False,False,True,False,False,False,False,False,False,False,False,False,False,False,False,False,True,False,False,False,False,False,99.01,1.5346864798015427,56.76456962025316
91.66733466933869,61.151898734177216,31.724137931034484,4.96,73.27,15.85,True,False,False,False,False,False,False,False,False,False,False,False,False,False,False,False,True,False,False,False,False,False,27.73,2.921172188271561,30.703759493670887
91.86573146292584,7.265822784810127,16.362068965517242,23.77,37.63,31.69,False,False,False,False,False,True,False,False,False,False,False,False,False,False,False,False,False,False,True,False,False,False,63.36999999999999,1.433643625135839,19.54432911392405
92.06412825651304,3.5063291139240507,96.58620689655172,95.05,22.78,40.6,False,False,False,False,False,False,False,False,False,False,False,False,True,False,False,False,False,True,False,False,False,False,78.22,1.024787427757409,42.09753164556962
92.2625250501002,69.9240506329114,65.86206896551724,19.81,24.76,20.8,False,True,False,False,False,False,False,False,False,False,False,False,False,False,False,False,False,False,False,False,True,False,76.24,2.052909324306677,40.152620253164564
92.46092184368736,11.025316455696204,65.86206896551724,11.89,6.94,98.02,False,False,True,False,False,False,False,False,False,False,False,False,False,False,False,False,False,True,False,False,False,False,94.05999999999999,1.1562365847960863,37.38312658227848
92.65931863727457,91.22784810126582,79.51724137931035,58.42,63.37,15.85,True,False,False,False,False,False,False,False,False,False,False,False,False,False,False,False,False,True,False,False,False,False,37.63,2.138736152790748,58.772139240506334
92.85771543086172,94.9873417721519,77.8103448275862,21.79,30.7,70.3,False,False,False,False,False,False,False,False,False,False,False,False,False,False,True,False,False,False,False,False,True,False,70.3,2.212416640818018,65.62193670886076
93.0561122244489,98.74683544303798,16.362068965517242,6.94,82.17999999999999,53.470000000000006,False,False,False,False,False,False,False,False,False,False,True,False,False,False,False,False,False,True,False,False,False,False,18.820000000000004,7.039682426435617,57.621734177215195
93.25450901803607,89.9746835443038,64.15517241379311,71.28999999999999,55.45,17.830000000000002,False,False,False,False,False,False,False,False,False,False,False,False,False,True,False,False,False,False,False,False,False,True,45.55,2.3946034350902,62.725873417721516
93.45290581162324,79.9493670886076,57.32758620689656,18.82,29.71,36.64,False,False,False,False,False,False,False,False,False,False,False,True,False,False,False,False,False,False,False,False,False,True,71.28999999999999,2.3867337971319964,48.61774683544304
93.65130260521045,3.5063291139240507,91.46551724137932,9.91,66.34,50.5,True,False,False,False,False,False,False,False,False,False,False,False,False,False,False,False,False,True,False,False,False,False,34.66,1.0268252767544734,19.525531645569618
93.8496993987976,48.62025316455696,26.60344827586207,63.37,42.58,22.78,False,False,False,False,False,False,False,False,False,True,False,False,False,False,False,False,True,False,False,False,False,False,58.42000000000001,2.820881831840625,45.293101265822784
94.04809619238478,72.43037974683544,88.05172413793103,3.97,34.660000000000004,61.39,False,False,False,False,False,False,False,False,False,False,True,False,False,False,False,False,False,False,False,True,False,False,66.33999999999999,1.8131829484005761,48.58015189873418
94.24649298597195,6.012658227848101,16.362068965517242,21.79,35.65,46.54,False,False,False,False,False,True,False,False,False,False,False,False,False,False,False,False,False,False,False,False,True,False,65.35000000000001,1.3568485730632394,22.904063291139238
94.44488977955912,58.64556962025316,93.17241379310344,79.21000000000001,31.69,64.36,False,False,False,False,False,False,False,False,False,True,False,False,False,False,False,False,False,True,False,False,False,False,69.30999999999999,1.6195064411787927,66.52922784810127
94.64328657314628,87.46835443037975,64.15517241379311,86.14,76.24,49.51,True,False,False,False,False,False,False,False,False,False,False,False,False,False,False,False,False,False,True,False,False,False,24.76000000000001,2.355431971647557,75.6823417721519
94.84168336673346,47.36708860759494,12.948275862068966,25.75,82.17999999999999,51.49,False,False,False,False,False,False,False,False,False,True,False,False,False,False,False,False,False,True,False,False,False,False,18.820000000000004,4.656377069520831,42.11883544303797
95.04008016032064,32.32911392405063,2.706896551724138,42.58,38.62,86.14,False,False,False,False,False,False,False,False,False,True,False,False,False,False,False,False,False,False,False,False,False,True,62.38000000000001,12.963658834032003,51.54764556962025
95.2384769539078,2.2531645569620253,100.0,15.85,13.87,87.13,False,False,False,False,False,False,True,False,False,False,False,False,False,False,False,False,False,False,False,True,False,False,87.13,1.0109795483145523,31.79526582278481
95.436873747495,88.72151898734177,21.48275862068965,47.53,58.42,92.08,False,True,False,False,False,False,False,False,False,False,False,False,False,False,False,False,False,False,False,False,False,True,42.57999999999999,5.129359341504323,77.3716075949367
95.63527054108216,2.2531645569620253,9.53448275862069,13.87,31.69,35.65,False,False,False,False,False,True,False,False,False,False,False,False,False,False,False,False,False,False,False,True,False,False,69.30999999999999,1.2253387718923126,15.757265822784808
95.83366733466931,92.48101265822784,23.189655172413797,43.57,56.440000000000005,24.76,False,False,True,False,False,False,False,False,False,False,False,False,False,False,False,False,True,False,False,False,False,False,44.559999999999995,4.9871134820642755,57.49140506329113
96.03206412825652,79.9493670886076,1.0,90.1,70.3,29.71,False,False,False,False,False,False,True,False,False,False,False,False,False,False,False,False,False,False,False,False,True,False,30.700000000000003,81.15212862261014,67.92274683544304
96.23046092184369,71.17721518987342,94.8793103448276,45.55,41.59,36.64,False,False,False,False,False,False,False,False,False,True,False,False,False,False,False,False,False,False,True,False,False,False,59.41,1.740586634347887,53.12788607594937
96.42885771543084,34.835443037974684,84.63793103448276,34.660000000000004,100.0,74.26,True,False,False,False,False,False,False,False,False,False,False,False,False,False,False,False,False,False,False,False,True,False,1.0,1.4010734074671503,46.61017721518988
96.62725450901804,27.316455696202528,70.98275862068965,51.49,65.35000000000001,68.32000000000001,False,False,False,False,False,False,True,False,False,False,False,False,False,False,False,False,False,False,False,True,False,False,35.649999999999984,1.3742519877570112,46.86958227848102
96.8256513026052,24.81012658227848,18.06896551724138,35.65,78.22,11.89,False,False,False,False,False,False,True,False,False,False,False,False,False,False,False,False,False,False,True,False,False,False,22.779999999999998,2.365150028072001,24.18605063291139
97.0240480961924,87.46835443037975,38.55172413793103,12.88,47.53,35.65,False,False,False,False,False,True,False,False,False,False,False,False,False,False,False,False,False,False,False,False,False,True,53.470000000000006,3.263330469079074,49.5463417721519
97.22244488977957,62.40506329113924,96.58620689655172,9.91,59.41,92.08,False,False,False,False,False,False,False,False,False,False,False,False,False,False,True,False,True,False,False,False,False,False,41.59,1.6362279635435435,55.559025316455696
97.42084168336672,8.518987341772153,7.827586206896552,85.14999999999999,50.5,76.24,False,False,False,False,True,False,False,False,False,False,False,False,False,False,False,False,False,False,False,True,False,False,50.5,2.0796354111531246,51.824594936708856
97.61923847695392,98.74683544303798,1.0,80.2,87.13,53.470000000000006,False,False,False,False,False,False,False,False,False,False,True,False,False,False,False,False,False,False,False,False,True,False,13.870000000000001,100.0,79.5997341772152
97.81763527054107,69.9240506329114,72.6896551724138,83.17,1.99,84.16,False,False,False,False,False,False,False,False,False,False,True,False,False,False,False,False,False,False,True,False,False,False,99.01,1.9529210295649744,78.16862025316456
98.01603206412824,29.82278481012658,57.32758620689656,32.68,64.36,75.25,False,False,False,False,False,False,False,False,False,False,False,False,False,False,True,False,False,False,False,False,True,False,36.64,1.5099998711200153,44.30811392405063
98.21442885771545,32.32911392405063,4.413793103448276,72.28,30.7,24.76,False,False,False,False,True,False,False,False,False,False,False,False,False,False,False,False,True,False,False,False,False,False,70.3,8.3325979083724,42.04364556962025
98.4128256513026,17.29113924050633,65.86206896551724,99.01,15.85,40.6,False,False,False,False,False,False,False,False,False,True,False,False,False,False,False,False,False,False,False,False,True,False,85.14999999999999,1.2516273017652981,48.79945569620253
98.61122244488978,13.531645569620254,100.0,31.69,71.28999999999999,100.0,False,True,False,False,False,False,False,False,False,False,False,False,False,False,False,False,False,False,False,True,False,False,29.710000000000004,1.1240668885352463,44.919658227848096
98.80961923847696,12.278481012658228,79.51724137931035,11.89,55.45,8.92,True,False,False,False,False,False,False,False,False,False,False,False,False,False,False,False,False,False,False,True,False,False,45.55,1.143214469977786,11.154392405063291
99.00801603206412,51.12658227848102,53.91379310344827,54.46,3.97,91.09,False,False,False,False,True,False,False,False,False,False,False,False,False,False,False,False,False,False,False,True,False,False,97.03,1.9392336038977027,64.11563291139241
99.2064128256513,7.265822784810127,55.62068965517241,81.19000000000001,32.68,43.57,False,True,False,False,False,False,False,False,False,False,False,False,False,False,False,False,False,True,False,False,False,False,68.32,1.1193695212193595,40.334329113924056
99.40480961923848,33.58227848101266,40.25862068965517,72.28,10.9,20.8,True,False,False,False,False,False,False,False,False,False,False,False,False,False,False,False,False,True,False,False,False,False,90.10000000000001,1.8247886466130943,41.35691139240507
99.60320641282566,43.607594936708864,67.56896551724138,34.660000000000004,38.62,90.1,True,False,False,False,False,False,False,False,False,False,False,False,False,False,False,False,False,True,False,False,False,False,62.38000000000001,1.6354976564860797,54.871037974683546
99.80160320641282,11.025316455696204,84.63793103448276,66.34,66.34,40.6,False,False,False,False,False,True,False,False,False,False,False,False,False,False,False,False,True,False,False,False,False,False,34.66,1.1190013658723215,36.49212658227849
100.0,8.518987341772153,91.46551724137932,7.930000000000001,22.78,38.62,False,True,False,False,False,False,False,False,False,False,False,False,False,False,False,False,False,False,True,False,False,False,78.22,1.081776083973492,17.37259493670886
