durability_score,cushioning_score,water_resistance_score,weight_capacity_kg,cost_per_kg,co2_emission_per_kg,recyclability_score,biodegradability_score,weight_margin,fragility_cushioning,moisture_protection,shipping_cost_pressure,Predicted_Suitability
-0.7717436331412898,-0.8216275167663127,-0.5355479074927335,-1.0272651630135108,-1.2327124166136565,-0.5103317474404591,6.286703439317283,2.051929545978972,0.0,-0.0,-0.0,-1.2327124166136565,1.7574568
-0.7717436331412898,-0.8216275167663127,-0.5355479074927335,-1.0272651630135108,-1.2327124166136565,-0.5103317474404591,6.286703439317283,2.051929545978972,0.0,-0.0,-0.0,-1.2327124166136565,1.7574568
-0.7717436331412898,-0.8216275167663127,-0.5355479074927335,-1.0272651630135108,-1.2327124166136565,-0.5103317474404591,6.286703439317283,2.051929545978972,0.0,-0.0,-0.0,-1.2327124166136565,1.7574568
-0.7717436331412898,-0.8216275167663127,-0.5355479074927335,-1.0272651630135108,-1.2327124166136565,-0.5103317474404591,6.286703439317283,2.051929545978972,0.0,-0.0,-0.0,-1.2327124166136565,1.7574568
-0.7717436331412898,-0.8216275167663127,-0.5355479074927335,-1.0272651630135108,-1.2327124166136565,-0.5103317474404591,6.286703439317283,2.051929545978972,0.0,-0.0,-0.0,-1.2327124166136565,1.7574568
-0.7717436331412898,-0.8216275167663127,-0.5355479074927335,-1.0272651630135108,-1.2327124166136565,-0.5103317474404591,6.286703439317283,2.051929545978972,0.0,-0.0,-0.0,-1.2327124166136565,1.7574568
-0.7717436331412898,-0.8216275167663127,-0.5355479074927335,-1.0272651630135108,-1.2327124166136565,-0.5103317474404591,6.286703439317283,2.051929545978972,0.0,-0.0,-0.0,-1.2327124166136565,1.7574568
-0.7717436331412898,-0.8216275167663127,-0.5355479074927335,-1.0272651630135108,-1.2327124166136565,-0.5103317474404591,6.286703439317283,2.051929545978972,0.0,-0.0,-0.0,-1.2327124166136565,1.7574568
-0.7717436331412898,-0.8216275167663127,-0.5355479074927335,-1.0272651630135108,-1.2327124166136565,-0.5103317474404591,6.286703439317283,2.051929545978972,0.0,-0.0,-0.0,-1.2327124166136565,1.7574568
-0.7717436331412898,-0.8216275167663127,-0.5355479074927335,-1.0272651630135108,-1.2327124166136565,-0.5103317474404591,6.286703439317283,2.051929545978972,0.0,-0.0,-0.0,-1.2327124166136565,1.7574568
-0.7717436331412898,-0.8216275167663127,-0.5355479074927335,-1.0272651630135108,-1.2327124166136565,-0.5103317474404591,6.286703439317283,2.051929545978972,0.0,-0.0,-0.0,-1.2327124166136565,1.7574568
-0.7717436331412898,-0.8216275167663127,-0.5355479074927335,-1.0272651630135108,-1.2327124166136565,-0.5103317474404591,6.286703439317283,2.051929545978972,0.0,-0.0,-0.0,-1.2327124166136565,1.7574568
-0.7717436331412898,-0.8216275167663127,-0.5355479074927335,-1.0272651630135108,-1.2327124166136565,-0.5103317474404591,6.286703439317283,2.051929545978972,0.0,-0.0,-0.0,-1.2327124166136565,1.7574568
-0.7717436331412898,-0.8216275167663127,-0.5355479074927335,-1.0272651630135108,-1.2327124166136565,-0.5103317474404591,6.286703439317283,2.051929545978972,0.0,-0.0,-0.0,-1.2327124166136565,1.7574568
-0.7717436331412898,-0.8216275167663127,-0.5355479074927335,-1.0272651630135108,-1.2327124166136565,-0.5103317474404591,6.286703439317283,2.051929545978972,0.0,-0.0,-0.0,-1.2327124166136565,1.7574568
-0.7717436331412898,-0.8216275167663127,-0.5355479074927335,-1.0272651630135108,-1.2327124166136565,-0.5103317474404591,6.286703439317283,2.051929545978972,0.0,-0.0,-0.0,-1.2327124166136565,1.7574568
-0.7717436331412898,-0.8216275167663127,-0.5355479074927335,-1.0272651630135108,-1.2327124166136565,-0.5103317474404591,6.286703439317283,2.051929545978972,0.0,-0.0,-0.0,-1.2327124166136565,1.7574568
-0.7717436331412898,-0.8216275167663127,-0.5355479074927335,-1.0272651630135108,-1.2327124166136565,-0.5103317474404591,6.286703439317283,2.051929545978972,0.0,-0.0,-0.0,-1.2327124166136565,1.7574568
-0.7717436331412898,-0.8216275167663127,-0.5355479074927335,-1.0272651630135108,-1.2327124166136565,-0.5103317474404591,6.286703439317283,2.051929545978972,0.0,-0.8216275167663127,-0.0,-1.2327124166136565,1.7419246
-0.7717436331412898,-0.8216275167663127,-0.5355479074927335,-1.0272651630135108,-1.2327124166136565,-0.5103317474404591,6.286703439317283,2.051929545978972,0.0,-1.6432550335326257,-0.0,-1.2327124166136565,1.5120124
-0.7717436331412898,-0.8216275167663127,-0.5355479074927335,-1.0272651630135108,-1.2327124166136565,-0.5103317474404591,6.286703439317283,2.051929545978972,0.0,-1.6432550335326257,-0.0,-1.2327124166136565,1.5120124
-0.1714985851425087,1.6669558272854992,-0.0603434261963645,1.6249367873323255,-1.6376521915751037,-0.7450098502780423,-0.1947371608905996,-0.4198020294832695,0.0,5.000867481856497,-0.0603434261963645,-1.6376521915751037,1.2614207
-0.1714985851425087,1.6669558272854992,-0.0603434261963645,1.6249367873323255,-1.6376521915751037,-0.7450098502780423,-0.1947371608905996,-0.4198020294832695,0.0,3.3339116545709984,-0.0,-1.6376521915751037,1.0321159
-0.1714985851425087,1.6669558272854992,-0.0603434261963645,1.6249367873323255,-1.6376521915751037,-0.7450098502780423,-0.1947371608905996,-0.4198020294832695,0.0,3.3339116545709984,-0.0,-1.6376521915751037,1.0321159
-0.1714985851425087,1.6669558272854992,-0.0603434261963645,1.6249367873323255,-1.6376521915751037,-0.7450098502780423,-0.1947371608905996,-0.4198020294832695,0.0,3.3339116545709984,-0.0,-1.6376521915751037,1.0321159
-0.1714985851425087,1.6669558272854992,-0.0603434261963645,1.6249367873323255,-1.6376521915751037,-0.7450098502780423,-0.1947371608905996,-0.4198020294832695,0.0,3.3339116545709984,-0.0,-1.6376521915751037,1.0321159
-0.7717436331412898,1.169239158475137,-1.0107523887891023,1.2520291548825129,-1.079491961222838,-0.0409755417652921,-0.3490571751812635,-0.3844915784052375,0.0,4.676956633900548,-1.0107523887891023,-1.079491961222838,0.93630916
0.4287464628562722,1.169239158475137,1.3652700176927424,0.9619898851993248,0.4636569109275436,0.1937025610722911,-0.3490571751812635,-0.4551124805613016,0.0,4.676956633900548,1.3652700176927424,0.4636569109275436,0.90636414
-0.1714985851425087,1.169239158475137,0.4148610551000044,1.1277266107325752,0.8138750946779847,0.5926553358961827,-0.1947371608905996,-0.3491811273272055,0.0,3.5077174754254106,0.4148610551000044,0.8138750946779847,0.6748472
0.4287464628562722,1.6669558272854992,-1.4859568700854713,0.5062138899828869,-0.7730510504412019,-0.8623489016968339,-0.0404171465999357,-0.3491811273272055,0.0,3.3339116545709984,-0.0,-0.7730510504412019,0.671603
0.4287464628562722,1.6669558272854992,-1.4859568700854713,0.5062138899828869,-0.7730510504412019,-0.8623489016968339,-0.0404171465999357,-0.3491811273272055,0.0,3.3339116545709984,-0.0,-0.7730510504412019,0.671603
0.4287464628562722,1.6669558272854992,-1.4859568700854713,0.5062138899828869,-0.7730510504412019,-0.8623489016968339,-0.0404171465999357,-0.3491811273272055,0.0,3.3339116545709984,-0.0,-0.7730510504412019,0.671603
0.4287464628562722,1.169239158475137,-1.0107523887891023,0.671950615516137,-1.0685476429806366,-0.8154132811293174,-0.5033771894719273,-0.4904229316393336,0.0,3.5077174754254106,-1.0107523887891023,-1.0685476429806366,0.64291364
-0.7717436331412898,1.169239158475137,-1.0107523887891023,1.2520291548825129,-1.079491961222838,-0.0409755417652921,-0.3490571751812635,-0.3844915784052375,0.0,2.338478316950274,-0.0,-1.079491961222838,0.633019
-0.7717436331412898,1.169239158475137,-1.0107523887891023,1.2520291548825129,-1.079491961222838,-0.0409755417652921,-0.3490571751812635,-0.3844915784052375,0.0,2.338478316950274,-0.0,-1.079491961222838,0.633019
1.6292365588538342,0.6715224896647745,1.3652700176927424,1.2934633362658254,1.142204641944023,-1.5429153999258258,-0.2718971680359315,-0.3491811273272055,0.0,2.686089958659098,1.3652700176927424,1.142204641944023,0.6323427
1.0289915108550531,0.6715224896647745,1.3652700176927424,1.3348975176491378,0.9233182770999976,-1.6602544513446176,-0.2718971680359315,-0.4198020294832695,0.0,2.686089958659098,1.3652700176927424,0.9233182770999976,0.6297623
0.4287464628562722,0.6715224896647745,-1.0107523887891023,1.8321076942488883,-1.4515987814576818,0.7099943873149744,-0.6576972037625912,-0.4904229316393336,0.0,2.014567468994324,-1.0107523887891023,-1.4515987814576818,0.6102968
-0.7717436331412898,0.6715224896647745,0.8900655363963734,1.2934633362658254,-1.079491961222838,-1.4255763485070343,-0.1175771537452677,-0.4551124805613016,0.0,2.014567468994324,0.8900655363963734,-1.079491961222838,0.6061491
0.4287464628562722,0.6715224896647745,-1.0107523887891023,1.8321076942488883,-1.4515987814576818,0.7099943873149744,-0.6576972037625912,-0.4904229316393336,0.0,1.343044979329549,-0.0,-1.4515987814576818,0.6023578
0.4287464628562722,0.6715224896647745,-1.0107523887891023,1.8321076942488883,-1.4515987814576818,0.7099943873149744,-0.6576972037625912,-0.4904229316393336,0.0,1.343044979329549,-0.0,-1.4515987814576818,0.6023578
0.4287464628562722,0.6715224896647745,-1.0107523887891023,1.8321076942488883,-1.4515987814576818,0.7099943873149744,-0.6576972037625912,-0.4904229316393336,0.0,1.343044979329549,-0.0,-1.4515987814576818,0.6023578
0.4287464628562722,0.6715224896647745,-1.0107523887891023,1.8321076942488883,-1.4515987814576818,0.7099943873149744,-0.6576972037625912,-0.4904229316393336,0.0,1.343044979329549,-0.0,-1.4515987814576818,0.6023578
-0.7717436331412898,0.6715224896647745,0.8900655363963734,1.2934633362658254,-1.079491961222838,-1.4255763485070343,-0.1175771537452677,-0.4551124805613016,0.0,1.343044979329549,0.0,-1.079491961222838,0.56918806
1.6292365588538342,0.6715224896647745,-1.4859568700854713,0.2161746202996989,-1.6595408280595063,-0.1348467829003256,-0.4262171823265954,-0.4198020294832695,0.0,2.686089958659098,-1.4859568700854713,-1.6595408280595063,0.5580992
1.0289915108550531,1.6669558272854992,-0.0603434261963645,-0.4053381004499893,0.1353273636615047,0.2641059919235662,-0.5033771894719273,-0.4198020294832695,0.0,5.000867481856497,-0.0603434261963645,0.1353273636615047,0.5453526
-1.3719886811400708,-0.3239108479559503,-1.4859568700854713,-1.2360934371854062,-0.0288374099715145,2.071127383772958,2.274383067760022,1.945998192744876,0.0,-0.0,-0.0,-0.0288374099715145,0.53226066
-1.3719886811400708,-0.3239108479559503,-1.4859568700854713,-1.2360934371854062,-0.0288374099715145,2.071127383772958,2.274383067760022,1.945998192744876,0.0,-0.0,-0.0,-0.0288374099715145,0.53226066
-1.3719886811400708,-0.3239108479559503,-1.4859568700854713,-1.2360934371854062,-0.0288374099715145,2.071127383772958,2.274383067760022,1.945998192744876,0.0,-0.0,-0.0,-0.0288374099715145,0.53226066
-1.3719886811400708,-0.3239108479559503,-1.4859568700854713,-1.2360934371854062,-0.0288374099715145,2.071127383772958,2.274383067760022,1.945998192744876,0.0,-0.0,-0.0,-0.0288374099715145,0.53226066
-1.3719886811400708,-0.3239108479559503,-1.4859568700854713,-1.2360934371854062,-0.0288374099715145,2.071127383772958,2.274383067760022,1.945998192744876,0.0,-0.0,-0.0,-0.0288374099715145,0.53226066
-1.3719886811400708,-0.3239108479559503,-1.4859568700854713,-1.2360934371854062,-0.0288374099715145,2.071127383772958,2.274383067760022,1.945998192744876,0.0,-0.0,-0.0,-0.0288374099715145,0.53226066
-1.3719886811400708,-0.3239108479559503,-1.4859568700854713,-1.2360934371854062,-0.0288374099715145,2.071127383772958,2.274383067760022,1.945998192744876,0.0,-0.0,-0.0,-0.0288374099715145,0.53226066
-1.3719886811400708,-0.3239108479559503,-1.4859568700854713,-1.2360934371854062,-0.0288374099715145,2.071127383772958,2.274383067760022,1.945998192744876,0.0,-0.0,-0.0,-0.0288374099715145,0.53226066
-1.3719886811400708,-0.3239108479559503,-1.4859568700854713,-1.2360934371854062,-0.0288374099715145,2.071127383772958,2.274383067760022,1.945998192744876,0.0,-0.0,-0.0,-0.0288374099715145,0.53226066
-1.3719886811400708,-0.3239108479559503,-1.4859568700854713,-1.2360934371854062,-0.0288374099715145,2.071127383772958,2.274383067760022,1.945998192744876,0.0,-0.0,-0.0,-0.0288374099715145,0.53226066
-1.3719886811400708,-0.3239108479559503,-1.4859568700854713,-1.2360934371854062,-0.0288374099715145,2.071127383772958,2.274383067760022,1.945998192744876,0.0,-0.0,-0.0,-0.0288374099715145,0.53226066
-1.3719886811400708,-0.3239108479559503,-1.4859568700854713,-1.2360934371854062,-0.0288374099715145,2.071127383772958,2.274383067760022,1.945998192744876,0.0,-0.0,-0.0,-0.0288374099715145,0.53226066
-1.3719886811400708,-0.3239108479559503,-1.4859568700854713,-1.2360934371854062,-0.0288374099715145,2.071127383772958,2.274383067760022,1.945998192744876,0.0,-0.0,-0.0,-0.0288374099715145,0.53226066
-0.1714985851425087,1.6669558272854992,-0.0603434261963645,1.6249367873323255,-1.6376521915751037,-0.7450098502780423,-0.1947371608905996,-0.4198020294832695,0.0,0.0,-0.0,-1.6376521915751037,0.5318333
-0.1714985851425087,1.6669558272854992,-0.0603434261963645,1.6249367873323255,-1.6376521915751037,-0.7450098502780423,-0.1947371608905996,-0.4198020294832695,0.0,0.0,-0.0,-1.6376521915751037,0.5318333
-0.1714985851425087,1.6669558272854992,-0.0603434261963645,1.6249367873323255,-1.6376521915751037,-0.7450098502780423,-0.1947371608905996,-0.4198020294832695,0.0,0.0,-0.0,-1.6376521915751037,0.5318333
-0.1714985851425087,1.6669558272854992,-0.0603434261963645,1.6249367873323255,-1.6376521915751037,-0.7450098502780423,-0.1947371608905996,-0.4198020294832695,0.0,0.0,-0.0,-1.6376521915751037,0.5318333
-0.1714985851425087,1.6669558272854992,-0.0603434261963645,1.6249367873323255,-1.6376521915751037,-0.7450098502780423,-0.1947371608905996,-0.4198020294832695,0.0,0.0,-0.0,-1.6376521915751037,0.5318333
-0.1714985851425087,1.6669558272854992,-0.0603434261963645,1.6249367873323255,-1.6376521915751037,-0.7450098502780423,-0.1947371608905996,-0.4198020294832695,0.0,0.0,-0.0,-1.6376521915751037,0.5318333
-0.1714985851425087,1.6669558272854992,-0.0603434261963645,1.6249367873323255,-1.6376521915751037,-0.7450098502780423,-0.1947371608905996,-0.4198020294832695,0.0,0.0,-0.0,-1.6376521915751037,0.5318333
-0.1714985851425087,1.6669558272854992,-0.0603434261963645,1.6249367873323255,-1.6376521915751037,-0.7450098502780423,-0.1947371608905996,-0.4198020294832695,0.0,0.0,-0.0,-1.6376521915751037,0.5318333
-0.1714985851425087,1.6669558272854992,-0.0603434261963645,1.6249367873323255,-1.6376521915751037,-0.7450098502780423,-0.1947371608905996,-0.4198020294832695,0.0,0.0,-0.0,-1.6376521915751037,0.5318333
-0.1714985851425087,1.6669558272854992,-0.0603434261963645,1.6249367873323255,-1.6376521915751037,-0.7450098502780423,-0.1947371608905996,-0.4198020294832695,0.0,0.0,-0.0,-1.6376521915751037,0.5318333
-0.1714985851425087,1.6669558272854992,-0.0603434261963645,1.6249367873323255,-1.6376521915751037,-0.7450098502780423,-0.1947371608905996,-0.4198020294832695,0.0,0.0,-0.0,-1.6376521915751037,0.5318333
-0.1714985851425087,1.6669558272854992,-0.0603434261963645,1.6249367873323255,-1.6376521915751037,-0.7450098502780423,-0.1947371608905996,-0.4198020294832695,0.0,0.0,-0.0,-1.6376521915751037,0.5318333
-0.1714985851425087,1.6669558272854992,-0.0603434261963645,1.6249367873323255,-1.6376521915751037,-0.7450098502780423,-0.1947371608905996,-0.4198020294832695,0.0,0.0,-0.0,-1.6376521915751037,0.5318333
-0.1714985851425087,1.6669558272854992,-0.0603434261963645,1.6249367873323255,-1.6376521915751037,-0.7450098502780423,-0.1947371608905996,-0.4198020294832695,0.0,0.0,-0.0,-1.6376521915751037,0.5318333
-0.1714985851425087,1.6669558272854992,-0.0603434261963645,1.6249367873323255,-1.6376521915751037,-0.7450098502780423,-0.1947371608905996,-0.4198020294832695,0.0,0.0,-0.0,-1.6376521915751037,0.5318333
-0.1714985851425087,1.6669558272854992,-0.0603434261963645,1.6249367873323255,-1.6376521915751037,-0.7450098502780423,-0.1947371608905996,-0.4198020294832695,0.0,0.0,-0.0,-1.6376521915751037,0.5318333
-0.1714985851425087,1.6669558272854992,-0.0603434261963645,1.6249367873323255,-1.6376521915751037,-0.7450098502780423,-0.1947371608905996,-0.4198020294832695,0.0,0.0,-0.0,-1.6376521915751037,0.5318333
-0.1714985851425087,1.6669558272854992,-0.0603434261963645,1.6249367873323255,-1.6376521915751037,-0.7450098502780423,-0.1947371608905996,-0.4198020294832695,0.0,0.0,-0.0,-1.6376521915751037,0.5318333
-0.1714985851425087,1.6669558272854992,-0.0603434261963645,1.6249367873323255,-1.6376521915751037,-0.7450098502780423,-0.1947371608905996,-0.4198020294832695,0.0,0.0,-0.0,-1.6376521915751037,0.5318333
-0.1714985851425087,1.169239158475137,1.3652700176927424,0.7133847968994496,1.4486455527256594,0.5691875256124244,-0.1175771537452677,-0.3491811273272055,0.0,3.5077174754254106,1.3652700176927424,1.4486455527256594,0.5306596
0.4287464628562722,1.6669558272854992,0.4148610551000044,0.1747404389163863,-0.8715499146210136,-0.3695248857379089,-0.5033771894719273,-0.3844915784052375,0.0,3.3339116545709984,0.0,-0.8715499146210136,0.5123962
0.4287464628562722,1.6669558272854992,0.4148610551000044,0.1747404389163863,-0.8715499146210136,-0.3695248857379089,-0.5033771894719273,-0.3844915784052375,0.0,3.3339116545709984,0.0,-0.8715499146210136,0.5123962
0.4287464628562722,1.6669558272854992,0.4148610551000044,0.1747404389163863,-0.8715499146210136,-0.3695248857379089,-0.5033771894719273,-0.3844915784052375,0.0,3.3339116545709984,0.0,-0.8715499146210136,0.5123962
-0.1714985851425087,1.169239158475137,0.4148610551000044,1.1277266107325752,0.8138750946779847,0.5926553358961827,-0.1947371608905996,-0.3491811273272055,0.0,2.338478316950274,0.0,0.8138750946779847,0.50703156
-1.3719886811400708,-0.3239108479559503,-0.5355479074927335,1.9149760570155137,-1.188935143644851,-0.5807351782917338,-0.1175771537452677,-0.3491811273272055,0.0,-0.0,-0.0,-1.188935143644851,0.4859319
-1.3719886811400708,-0.3239108479559503,-0.5355479074927335,1.9149760570155137,-1.188935143644851,-0.5807351782917338,-0.1175771537452677,-0.3491811273272055,0.0,-0.0,-0.0,-1.188935143644851,0.4859319
-1.3719886811400708,-0.3239108479559503,-0.5355479074927335,1.9149760570155137,-1.188935143644851,-0.5807351782917338,-0.1175771537452677,-0.3491811273272055,0.0,-0.0,-0.0,-1.188935143644851,0.4859319
-1.3719886811400708,-0.3239108479559503,-0.5355479074927335,1.9149760570155137,-1.188935143644851,-0.5807351782917338,-0.1175771537452677,-0.3491811273272055,0.0,-0.0,-0.0,-1.188935143644851,0.4859319
-1.3719886811400708,-0.3239108479559503,-0.5355479074927335,1.9149760570155137,-1.188935143644851,-0.5807351782917338,-0.1175771537452677,-0.3491811273272055,0.0,-0.0,-0.0,-1.188935143644851,0.4859319
-1.3719886811400708,-0.3239108479559503,-0.5355479074927335,1.9149760570155137,-1.188935143644851,-0.5807351782917338,-0.1175771537452677,-0.3491811273272055,0.0,-0.0,-0.0,-1.188935143644851,0.4859319
-1.3719886811400708,-0.3239108479559503,-0.5355479074927335,1.9149760570155137,-1.188935143644851,-0.5807351782917338,-0.1175771537452677,-0.3491811273272055,0.0,-0.0,-0.0,-1.188935143644851,0.4859319
-1.3719886811400708,-0.3239108479559503,-0.5355479074927335,1.9149760570155137,-1.188935143644851,-0.5807351782917338,-0.1175771537452677,-0.3491811273272055,0.0,-0.0,-0.0,-1.188935143644851,0.4859319
-1.3719886811400708,-0.3239108479559503,-0.5355479074927335,1.9149760570155137,-1.188935143644851,-0.5807351782917338,-0.1175771537452677,-0.3491811273272055,0.0,-0.0,-0.0,-1.188935143644851,0.4859319
-1.3719886811400708,-0.3239108479559503,-0.5355479074927335,1.9149760570155137,-1.188935143644851,-0.5807351782917338,-0.1175771537452677,-0.3491811273272055,0.0,-0.0,-0.0,-1.188935143644851,0.4859319
-1.3719886811400708,-0.3239108479559503,-0.5355479074927335,1.9149760570155137,-1.188935143644851,-0.5807351782917338,-0.1175771537452677,-0.3491811273272055,0.0,-0.0,-0.0,-1.188935143644851,0.4859319
-1.3719886811400708,-0.3239108479559503,-0.5355479074927335,1.9149760570155137,-1.188935143644851,-0.5807351782917338,-0.1175771537452677,-0.3491811273272055,0.0,-0.0,-0.0,-1.188935143644851,0.4859319
-1.3719886811400708,-0.3239108479559503,-0.5355479074927335,1.9149760570155137,-1.188935143644851,-0.5807351782917338,-0.1175771537452677,-0.3491811273272055,0.0,-0.0,-0.0,-1.188935143644851,0.4859319
-1.3719886811400708,-0.3239108479559503,-0.5355479074927335,1.9149760570155137,-1.188935143644851,-0.5807351782917338,-0.1175771537452677,-0.3491811273272055,0.0,-0.0,-0.0,-1.188935143644851,0.4859319
-1.3719886811400708,-0.3239108479559503,-0.5355479074927335,1.9149760570155137,-1.188935143644851,-0.5807351782917338,-0.1175771537452677,-0.3491811273272055,0.0,-0.0,-0.0,-1.188935143644851,0.4859319
-1.3719886811400708,-0.3239108479559503,-0.5355479074927335,1.9149760570155137,-1.188935143644851,-0.5807351782917338,-0.1175771537452677,-0.3491811273272055,0.0,-0.0,-0.0,-1.188935143644851,0.4859319
-1.3719886811400708,-0.3239108479559503,-0.5355479074927335,1.9149760570155137,-1.188935143644851,-0.5807351782917338,-0.1175771537452677,-0.3491811273272055,0.0,-0.0,-0.0,-1.188935143644851,0.4859319
-1.3719886811400708,-0.3239108479559503,-0.5355479074927335,1.9149760570155137,-1.188935143644851,-0.5807351782917338,-0.1175771537452677,-0.3491811273272055,0.0,-0.0,-0.0,-1.188935143644851,0.4859319
-1.3719886811400708,-0.3239108479559503,-0.5355479074927335,1.9149760570155137,-1.188935143644851,-0.5807351782917338,-0.1175771537452677,-0.3491811273272055,0.0,-0.0,-0.0,-1.188935143644851,0.4859319
-1.3719886811400708,-0.3239108479559503,-0.5355479074927335,1.9149760570155137,-1.188935143644851,-0.5807351782917338,-0.1175771537452677,-0.3491811273272055,0.0,-0.0,-0.0,-1.188935143644851,0.4859319
-1.3719886811400708,-0.3239108479559503,-0.5355479074927335,1.9149760570155137,-1.188935143644851,-0.5807351782917338,-0.1175771537452677,-0.3491811273272055,0.0,-0.0,-0.0,-1.188935143644851,0.4859319
-1.3719886811400708,-0.3239108479559503,-0.5355479074927335,1.9149760570155137,-1.188935143644851,-0.5807351782917338,-0.1175771537452677,-0.3491811273272055,0.0,-0.0,-0.0,-1.188935143644851,0.4859319
-1.3719886811400708,-0.3239108479559503,-0.5355479074927335,1.9149760570155137,-1.188935143644851,-0.5807351782917338,-0.1175771537452677,-0.3491811273272055,0.0,-0.0,-0.0,-1.188935143644851,0.4859319
-1.3719886811400708,-0.3239108479559503,-0.5355479074927335,1.9149760570155137,-1.188935143644851,-0.5807351782917338,-0.1175771537452677,-0.3491811273272055,0.0,-0.0,-0.0,-1.188935143644851,0.4859319
-1.3719886811400708,-0.3239108479559503,-0.5355479074927335,1.9149760570155137,-1.188935143644851,-0.5807351782917338,-0.1175771537452677,-0.3491811273272055,0.0,-0.0,-0.0,-1.188935143644851,0.4859319
-1.3719886811400708,-0.3239108479559503,-0.5355479074927335,1.9149760570155137,-1.188935143644851,-0.5807351782917338,-0.1175771537452677,-0.3491811273272055,0.0,-0.0,-0.0,-1.188935143644851,0.4859319
0.4287464628562722,1.169239158475137,1.3652700176927424,0.9619898851993248,0.4636569109275436,0.1937025610722911,-0.3490571751812635,-0.4551124805613016,0.0,2.338478316950274,0.0,0.4636569109275436,0.47923255
0.4287464628562722,1.169239158475137,1.3652700176927424,0.9619898851993248,0.4636569109275436,0.1937025610722911,-0.3490571751812635,-0.4551124805613016,0.0,2.338478316950274,0.0,0.4636569109275436,0.47923255
0.4287464628562722,1.169239158475137,1.3652700176927424,0.9619898851993248,0.4636569109275436,0.1937025610722911,-0.3490571751812635,-0.4551124805613016,0.0,2.338478316950274,0.0,0.4636569109275436,0.47923255
0.4287464628562722,1.169239158475137,1.3652700176927424,0.9619898851993248,0.4636569109275436,0.1937025610722911,-0.3490571751812635,-0.4551124805613016,0.0,2.338478316950274,0.0,0.4636569109275436,0.47923255
-1.3719886811400708,-0.3239108479559503,-0.5355479074927335,1.9149760570155137,-1.188935143644851,-0.5807351782917338,-0.1175771537452677,-0.3491811273272055,0.0,-0.3239108479559503,-0.0,-1.188935143644851,0.47784117
-0.1714985851425087,-0.3239108479559503,-0.0603434261963645,-0.9825162471195332,0.1900489548725114,0.8977368695850413,1.3484629820160388,2.1931713502911,0.0,-0.0,-0.0,0.1900489548725114,0.46751782
-0.1714985851425087,-0.3239108479559503,-0.0603434261963645,-0.9825162471195332,0.1900489548725114,0.8977368695850413,1.3484629820160388,2.1931713502911,0.0,-0.0,-0.0,0.1900489548725114,0.46751782
-0.1714985851425087,-0.3239108479559503,-0.0603434261963645,-0.9825162471195332,0.1900489548725114,0.8977368695850413,1.3484629820160388,2.1931713502911,0.0,-0.0,-0.0,0.1900489548725114,0.46751782
-0.1714985851425087,-0.3239108479559503,-0.0603434261963645,-0.9825162471195332,0.1900489548725114,0.8977368695850413,1.3484629820160388,2.1931713502911,0.0,-0.0,-0.0,0.1900489548725114,0.46751782
-0.1714985851425087,-0.3239108479559503,-0.0603434261963645,-0.9825162471195332,0.1900489548725114,0.8977368695850413,1.3484629820160388,2.1931713502911,0.0,-0.0,-0.0,0.1900489548725114,0.46751782
-0.1714985851425087,-0.3239108479559503,-0.0603434261963645,-0.9825162471195332,0.1900489548725114,0.8977368695850413,1.3484629820160388,2.1931713502911,0.0,-0.0,-0.0,0.1900489548725114,0.46751782
-0.1714985851425087,-0.3239108479559503,-0.0603434261963645,-0.9825162471195332,0.1900489548725114,0.8977368695850413,1.3484629820160388,2.1931713502911,0.0,-0.0,-0.0,0.1900489548725114,0.46751782
-0.1714985851425087,-0.3239108479559503,-0.0603434261963645,-0.9825162471195332,0.1900489548725114,0.8977368695850413,1.3484629820160388,2.1931713502911,0.0,-0.0,-0.0,0.1900489548725114,0.46751782
-0.1714985851425087,-0.3239108479559503,-0.0603434261963645,-0.9825162471195332,0.1900489548725114,0.8977368695850413,1.3484629820160388,2.1931713502911,0.0,-0.0,-0.0,0.1900489548725114,0.46751782
-0.1714985851425087,-0.3239108479559503,-0.0603434261963645,-0.9825162471195332,0.1900489548725114,0.8977368695850413,1.3484629820160388,2.1931713502911,0.0,-0.0,-0.0,0.1900489548725114,0.46751782
-0.1714985851425087,-0.3239108479559503,-0.0603434261963645,-0.9825162471195332,0.1900489548725114,0.8977368695850413,1.3484629820160388,2.1931713502911,0.0,-0.0,-0.0,0.1900489548725114,0.46751782
-0.1714985851425087,-0.3239108479559503,-0.0603434261963645,-0.9825162471195332,0.1900489548725114,0.8977368695850413,1.3484629820160388,2.1931713502911,0.0,-0.0,-0.0,0.1900489548725114,0.46751782
-0.1714985851425087,-0.3239108479559503,-0.0603434261963645,-0.9825162471195332,0.1900489548725114,0.8977368695850413,1.3484629820160388,2.1931713502911,0.0,-0.0,-0.0,0.1900489548725114,0.46751782
-0.1714985851425087,-0.3239108479559503,-0.0603434261963645,-0.9825162471195332,0.1900489548725114,0.8977368695850413,1.3484629820160388,2.1931713502911,0.0,-0.0,-0.0,0.1900489548725114,0.46751782
-0.1714985851425087,-0.3239108479559503,-0.0603434261963645,-0.9825162471195332,0.1900489548725114,0.8977368695850413,1.3484629820160388,2.1931713502911,0.0,-0.0,-0.0,0.1900489548725114,0.46751782
-0.1714985851425087,-0.3239108479559503,-0.0603434261963645,-0.9825162471195332,0.1900489548725114,0.8977368695850413,1.3484629820160388,2.1931713502911,0.0,-0.0,-0.0,0.1900489548725114,0.46751782
-0.1714985851425087,-0.3239108479559503,-0.0603434261963645,-0.9825162471195332,0.1900489548725114,0.8977368695850413,1.3484629820160388,2.1931713502911,0.0,-0.0,-0.0,0.1900489548725114,0.46751782
-0.1714985851425087,-0.3239108479559503,-0.0603434261963645,-0.9825162471195332,0.1900489548725114,0.8977368695850413,1.3484629820160388,2.1931713502911,0.0,-0.0,-0.0,0.1900489548725114,0.46751782
-1.3719886811400708,-0.8216275167663127,-1.4859568700854713,-1.2360934371854062,-0.2477237748155402,1.367093075260208,1.8885830320333623,2.051929545978972,0.0,-0.0,-0.0,-0.2477237748155402,0.4618016
-1.3719886811400708,-0.8216275167663127,-1.4859568700854713,-1.2360934371854062,-0.2477237748155402,1.367093075260208,1.8885830320333623,2.051929545978972,0.0,-0.0,-0.0,-0.2477237748155402,0.4618016
-1.3719886811400708,-0.8216275167663127,-1.4859568700854713,-1.2360934371854062,-0.2477237748155402,1.367093075260208,1.8885830320333623,2.051929545978972,0.0,-0.0,-0.0,-0.2477237748155402,0.4618016
-1.3719886811400708,-0.8216275167663127,-1.4859568700854713,-1.2360934371854062,-0.2477237748155402,1.367093075260208,1.8885830320333623,2.051929545978972,0.0,-0.0,-0.0,-0.2477237748155402,0.4618016
-1.3719886811400708,-0.8216275167663127,-1.4859568700854713,-1.2360934371854062,-0.2477237748155402,1.367093075260208,1.8885830320333623,2.051929545978972,0.0,-0.0,-0.0,-0.2477237748155402,0.4618016
-1.3719886811400708,-0.8216275167663127,-1.4859568700854713,-1.2360934371854062,-0.2477237748155402,1.367093075260208,1.8885830320333623,2.051929545978972,0.0,-0.0,-0.0,-0.2477237748155402,0.4618016
-1.3719886811400708,-0.8216275167663127,-1.4859568700854713,-1.2360934371854062,-0.2477237748155402,1.367093075260208,1.8885830320333623,2.051929545978972,0.0,-0.0,-0.0,-0.2477237748155402,0.4618016
-1.3719886811400708,-0.8216275167663127,-1.4859568700854713,-1.2360934371854062,-0.2477237748155402,1.367093075260208,1.8885830320333623,2.051929545978972,0.0,-0.0,-0.0,-0.2477237748155402,0.4618016
-1.3719886811400708,-0.8216275167663127,-1.4859568700854713,-1.2360934371854062,-0.2477237748155402,1.367093075260208,1.8885830320333623,2.051929545978972,0.0,-0.0,-0.0,-0.2477237748155402,0.4618016
-1.3719886811400708,-0.8216275167663127,-1.4859568700854713,-1.2360934371854062,-0.2477237748155402,1.367093075260208,1.8885830320333623,2.051929545978972,0.0,-0.0,-0.0,-0.2477237748155402,0.4618016
-1.3719886811400708,-0.8216275167663127,-1.4859568700854713,-1.2360934371854062,-0.2477237748155402,1.367093075260208,1.8885830320333623,2.051929545978972,0.0,-0.0,-0.0,-0.2477237748155402,0.4618016
-1.3719886811400708,-0.8216275167663127,-1.4859568700854713,-1.2360934371854062,-0.2477237748155402,1.367093075260208,1.8885830320333623,2.051929545978972,0.0,-0.0,-0.0,-0.2477237748155402,0.4618016
-1.3719886811400708,-0.8216275167663127,-1.4859568700854713,-1.2360934371854062,-0.2477237748155402,1.367093075260208,1.8885830320333623,2.051929545978972,0.0,-0.0,-0.0,-0.2477237748155402,0.4618016
-1.3719886811400708,-0.8216275167663127,-1.4859568700854713,-1.2360934371854062,-0.2477237748155402,1.367093075260208,1.8885830320333623,2.051929545978972,0.0,-0.0,-0.0,-0.2477237748155402,0.4618016
-1.3719886811400708,-0.8216275167663127,-1.4859568700854713,-1.2360934371854062,-0.2477237748155402,1.367093075260208,1.8885830320333623,2.051929545978972,0.0,-0.0,-0.0,-0.2477237748155402,0.4618016
-1.3719886811400708,-0.8216275167663127,-1.4859568700854713,-1.2360934371854062,-0.2477237748155402,1.367093075260208,1.8885830320333623,2.051929545978972,0.0,-0.0,-0.0,-0.2477237748155402,0.4618016
-1.3719886811400708,-0.8216275167663127,-1.4859568700854713,-1.2360934371854062,-0.2477237748155402,1.367093075260208,1.8885830320333623,2.051929545978972,0.0,-0.0,-0.0,-0.2477237748155402,0.4618016
-1.3719886811400708,-0.8216275167663127,-1.4859568700854713,-1.2360934371854062,-0.2477237748155402,1.367093075260208,1.8885830320333623,2.051929545978972,0.0,-0.0,-0.0,-0.2477237748155402,0.4618016
-1.3719886811400708,-0.8216275167663127,-1.4859568700854713,-1.2360934371854062,-0.2477237748155402,1.367093075260208,1.8885830320333623,2.051929545978972,0.0,-0.0,-0.0,-0.2477237748155402,0.4618016
-1.3719886811400708,-0.8216275167663127,-1.4859568700854713,-1.2360934371854062,-0.2477237748155402,1.367093075260208,1.8885830320333623,2.051929545978972,0.0,-0.0,-0.0,-0.2477237748155402,0.4618016
-1.3719886811400708,-0.8216275167663127,-1.4859568700854713,-1.2360934371854062,-0.2477237748155402,1.367093075260208,1.8885830320333623,2.051929545978972,0.0,-0.0,-0.0,-0.2477237748155402,0.4618016
-1.3719886811400708,-0.8216275167663127,-1.4859568700854713,-1.2360934371854062,-0.2477237748155402,1.367093075260208,1.8885830320333623,2.051929545978972,0.0,-0.0,-0.0,-0.2477237748155402,0.4618016
-1.3719886811400708,-0.8216275167663127,-1.4859568700854713,-1.2360934371854062,-0.2477237748155402,1.367093075260208,1.8885830320333623,2.051929545978972,0.0,-0.0,-0.0,-0.2477237748155402,0.4618016
-1.3719886811400708,-0.8216275167663127,-1.4859568700854713,-1.2360934371854062,-0.2477237748155402,1.367093075260208,1.8885830320333623,2.051929545978972,0.0,-0.0,-0.0,-0.2477237748155402,0.4618016
-1.3719886811400708,-0.8216275167663127,-1.4859568700854713,-1.2360934371854062,-0.2477237748155402,1.367093075260208,1.8885830320333623,2.051929545978972,0.0,-0.0,-0.0,-0.2477237748155402,0.4618016
-1.3719886811400708,-0.8216275167663127,-1.4859568700854713,-1.2360934371854062,-0.2477237748155402,1.367093075260208,1.8885830320333623,2.051929545978972,0.0,-0.0,-0.0,-0.2477237748155402,0.4618016
-1.3719886811400708,1.6669558272854992,-0.0603434261963645,-0.3224697376833643,-1.5829306003640973,1.2732218341251744,-0.1175771537452677,-0.4904229316393336,0.0,3.3339116545709984,-0.0,-1.5829306003640973,0.46027836
-0.7717436331412898,0.6715224896647745,0.8900655363963734,1.2934633362658254,-1.079491961222838,-1.4255763485070343,-0.1175771537452677,-0.4551124805613016,0.0,0.6715224896647745,0.0,-1.079491961222838,0.45115796
0.4287464628562722,-1.319344185576675,0.8900655363963734,1.500634243182388,-1.3421555990356688,1.0620115415713498,-0.0404171465999357,-0.3844915784052375,0.0,-0.0,0.0,-1.3421555990356688,0.45072404
0.4287464628562722,-1.319344185576675,0.8900655363963734,1.500634243182388,-1.3421555990356688,1.0620115415713498,-0.0404171465999357,-0.3844915784052375,0.0,-0.0,0.0,-1.3421555990356688,0.45072404
0.4287464628562722,-1.319344185576675,0.8900655363963734,1.500634243182388,-1.3421555990356688,1.0620115415713498,-0.0404171465999357,-0.3844915784052375,0.0,-0.0,0.0,-1.3421555990356688,0.45072404
0.4287464628562722,-1.319344185576675,0.8900655363963734,1.500634243182388,-1.3421555990356688,1.0620115415713498,-0.0404171465999357,-0.3844915784052375,0.0,-0.0,0.0,-1.3421555990356688,0.45072404
0.4287464628562722,-1.319344185576675,0.8900655363963734,1.500634243182388,-1.3421555990356688,1.0620115415713498,-0.0404171465999357,-0.3844915784052375,0.0,-0.0,0.0,-1.3421555990356688,0.45072404
0.4287464628562722,-1.319344185576675,0.8900655363963734,1.500634243182388,-1.3421555990356688,1.0620115415713498,-0.0404171465999357,-0.3844915784052375,0.0,-0.0,0.0,-1.3421555990356688,0.45072404
0.4287464628562722,-1.319344185576675,0.8900655363963734,1.500634243182388,-1.3421555990356688,1.0620115415713498,-0.0404171465999357,-0.3844915784052375,0.0,-0.0,0.0,-1.3421555990356688,0.45072404
0.4287464628562722,-1.319344185576675,0.8900655363963734,1.500634243182388,-1.3421555990356688,1.0620115415713498,-0.0404171465999357,-0.3844915784052375,0.0,-0.0,0.0,-1.3421555990356688,0.45072404
0.4287464628562722,-1.319344185576675,0.8900655363963734,1.500634243182388,-1.3421555990356688,1.0620115415713498,-0.0404171465999357,-0.3844915784052375,0.0,-0.0,0.0,-1.3421555990356688,0.45072404
0.4287464628562722,-1.319344185576675,0.8900655363963734,1.500634243182388,-1.3421555990356688,1.0620115415713498,-0.0404171465999357,-0.3844915784052375,0.0,-0.0,0.0,-1.3421555990356688,0.45072404
0.4287464628562722,-1.319344185576675,0.8900655363963734,1.500634243182388,-1.3421555990356688,1.0620115415713498,-0.0404171465999357,-0.3844915784052375,0.0,-0.0,0.0,-1.3421555990356688,0.45072404
0.4287464628562722,-1.319344185576675,0.8900655363963734,1.500634243182388,-1.3421555990356688,1.0620115415713498,-0.0404171465999357,-0.3844915784052375,0.0,-0.0,0.0,-1.3421555990356688,0.45072404
0.4287464628562722,-1.319344185576675,0.8900655363963734,1.500634243182388,-1.3421555990356688,1.0620115415713498,-0.0404171465999357,-0.3844915784052375,0.0,-0.0,0.0,-1.3421555990356688,0.45072404
0.4287464628562722,-1.319344185576675,0.8900655363963734,1.500634243182388,-1.3421555990356688,1.0620115415713498,-0.0404171465999357,-0.3844915784052375,0.0,-0.0,0.0,-1.3421555990356688,0.45072404
0.4287464628562722,-1.319344185576675,0.8900655363963734,1.500634243182388,-1.3421555990356688,1.0620115415713498,-0.0404171465999357,-0.3844915784052375,0.0,-0.0,0.0,-1.3421555990356688,0.45072404
0.4287464628562722,-1.319344185576675,0.8900655363963734,1.500634243182388,-1.3421555990356688,1.0620115415713498,-0.0404171465999357,-0.3844915784052375,0.0,-0.0,0.0,-1.3421555990356688,0.45072404
0.4287464628562722,-1.319344185576675,0.8900655363963734,1.500634243182388,-1.3421555990356688,1.0620115415713498,-0.0404171465999357,-0.3844915784052375,0.0,-0.0,0.0,-1.3421555990356688,0.45072404
0.4287464628562722,-1.319344185576675,0.8900655363963734,1.500634243182388,-1.3421555990356688,1.0620115415713498,-0.0404171465999357,-0.3844915784052375,0.0,-0.0,0.0,-1.3421555990356688,0.45072404
0.4287464628562722,-1.319344185576675,0.8900655363963734,1.500634243182388,-1.3421555990356688,1.0620115415713498,-0.0404171465999357,-0.3844915784052375,0.0,-0.0,0.0,-1.3421555990356688,0.45072404
0.4287464628562722,-1.319344185576675,0.8900655363963734,1.500634243182388,-1.3421555990356688,1.0620115415713498,-0.0404171465999357,-0.3844915784052375,0.0,-0.0,0.0,-1.3421555990356688,0.45072404
0.4287464628562722,-1.319344185576675,0.8900655363963734,1.500634243182388,-1.3421555990356688,1.0620115415713498,-0.0404171465999357,-0.3844915784052375,0.0,-0.0,0.0,-1.3421555990356688,0.45072404
0.4287464628562722,-1.319344185576675,0.8900655363963734,1.500634243182388,-1.3421555990356688,1.0620115415713498,-0.0404171465999357,-0.3844915784052375,0.0,-0.0,0.0,-1.3421555990356688,0.45072404
0.4287464628562722,1.169239158475137,-1.0107523887891023,0.671950615516137,-1.0685476429806366,-0.8154132811293174,-0.5033771894719273,-0.4904229316393336,0.0,2.338478316950274,-0.0,-1.0685476429806366,0.44966274
0.4287464628562722,1.169239158475137,-1.0107523887891023,0.671950615516137,-1.0685476429806366,-0.8154132811293174,-0.5033771894719273,-0.4904229316393336,0.0,2.338478316950274,-0.0,-1.0685476429806366,0.44966274
-0.1714985851425087,1.6669558272854992,-0.5355479074927335,0.9205557038160124,1.4267569162412568,-0.3225892651703922,-0.4262171823265954,-0.4904229316393336,0.0,3.3339116545709984,-0.0,1.4267569162412568,0.44555196
-0.1714985851425087,1.6669558272854992,-0.5355479074927335,0.9205557038160124,1.4267569162412568,-0.3225892651703922,-0.4262171823265954,-0.4904229316393336,0.0,3.3339116545709984,-0.0,1.4267569162412568,0.44555196
-0.1714985851425087,1.6669558272854992,-0.5355479074927335,0.9205557038160124,1.4267569162412568,-0.3225892651703922,-0.4262171823265954,-0.4904229316393336,0.0,3.3339116545709984,-0.0,1.4267569162412568,0.44555196
-0.1714985851425087,1.6669558272854992,-0.5355479074927335,0.9205557038160124,1.4267569162412568,-0.3225892651703922,-0.4262171823265954,-0.4904229316393336,0.0,3.3339116545709984,-0.0,1.4267569162412568,0.44555196
-1.3719886811400708,-0.3239108479559503,-1.4859568700854713,-1.2360934371854062,-0.0288374099715145,2.071127383772958,2.274383067760022,1.945998192744876,0.0,-0.6478216959119006,-0.0,-0.0288374099715145,0.43407428
-1.3719886811400708,-0.3239108479559503,-1.4859568700854713,-1.2360934371854062,-0.0288374099715145,2.071127383772958,2.274383067760022,1.945998192744876,0.0,-0.6478216959119006,-0.0,-0.0288374099715145,0.43407428
-1.3719886811400708,-0.3239108479559503,-1.4859568700854713,-1.2360934371854062,-0.0288374099715145,2.071127383772958,2.274383067760022,1.945998192744876,0.0,-0.6478216959119006,-0.0,-0.0288374099715145,0.43407428
-1.3719886811400708,-0.3239108479559503,-1.4859568700854713,-1.2360934371854062,-0.0288374099715145,2.071127383772958,2.274383067760022,1.945998192744876,0.0,-0.6478216959119006,-0.0,-0.0288374099715145,0.43407428
-1.3719886811400708,-0.3239108479559503,-1.4859568700854713,-1.2360934371854062,-0.0288374099715145,2.071127383772958,2.274383067760022,1.945998192744876,0.0,-0.6478216959119006,-0.0,-0.0288374099715145,0.43407428
1.0289915108550531,0.6715224896647745,1.3652700176927424,1.3348975176491378,0.9233182770999976,-1.6602544513446176,-0.2718971680359315,-0.4198020294832695,0.0,1.343044979329549,0.0,0.9233182770999976,0.41520616
1.0289915108550531,0.6715224896647745,1.3652700176927424,1.3348975176491378,0.9233182770999976,-1.6602544513446176,-0.2718971680359315,-0.4198020294832695,0.0,1.343044979329549,0.0,0.9233182770999976,0.41520616
1.0289915108550531,0.6715224896647745,1.3652700176927424,1.3348975176491378,0.9233182770999976,-1.6602544513446176,-0.2718971680359315,-0.4198020294832695,0.0,1.343044979329549,0.0,0.9233182770999976,0.41520616
1.0289915108550531,0.6715224896647745,1.3652700176927424,1.3348975176491378,0.9233182770999976,-1.6602544513446176,-0.2718971680359315,-0.4198020294832695,0.0,1.343044979329549,0.0,0.9233182770999976,0.41520616
1.0289915108550531,0.6715224896647745,1.3652700176927424,1.3348975176491378,0.9233182770999976,-1.6602544513446176,-0.2718971680359315,-0.4198020294832695,0.0,1.343044979329549,0.0,0.9233182770999976,0.41520616
1.6292365588538342,0.6715224896647745,1.3652700176927424,1.2934633362658254,1.142204641944023,-1.5429153999258258,-0.2718971680359315,-0.3491811273272055,0.0,1.343044979329549,0.0,1.142204641944023,0.4090061
0.4287464628562722,0.6715224896647745,-1.0107523887891023,1.8321076942488883,-1.4515987814576818,0.7099943873149744,-0.6576972037625912,-0.4904229316393336,0.0,0.0,-0.0,-1.4515987814576818,0.40047055
0.4287464628562722,0.6715224896647745,-1.0107523887891023,1.8321076942488883,-1.4515987814576818,0.7099943873149744,-0.6576972037625912,-0.4904229316393336,0.0,0.0,-0.0,-1.4515987814576818,0.40047055
0.4287464628562722,0.6715224896647745,-1.0107523887891023,1.8321076942488883,-1.4515987814576818,0.7099943873149744,-0.6576972037625912,-0.4904229316393336,0.0,0.0,-0.0,-1.4515987814576818,0.40047055
0.4287464628562722,0.6715224896647745,-1.0107523887891023,1.8321076942488883,-1.4515987814576818,0.7099943873149744,-0.6576972037625912,-0.4904229316393336,0.0,0.0,-0.0,-1.4515987814576818,0.40047055
0.4287464628562722,0.6715224896647745,-1.0107523887891023,1.8321076942488883,-1.4515987814576818,0.7099943873149744,-0.6576972037625912,-0.4904229316393336,0.0,0.0,-0.0,-1.4515987814576818,0.40047055
0.4287464628562722,0.6715224896647745,-1.0107523887891023,1.8321076942488883,-1.4515987814576818,0.7099943873149744,-0.6576972037625912,-0.4904229316393336,0.0,0.0,-0.0,-1.4515987814576818,0.40047055
0.4287464628562722,0.6715224896647745,-1.0107523887891023,1.8321076942488883,-1.4515987814576818,0.7099943873149744,-0.6576972037625912,-0.4904229316393336,0.0,0.0,-0.0,-1.4515987814576818,0.40047055
0.4287464628562722,0.6715224896647745,-1.0107523887891023,1.8321076942488883,-1.4515987814576818,0.7099943873149744,-0.6576972037625912,-0.4904229316393336,0.0,0.0,-0.0,-1.4515987814576818,0.40047055
0.4287464628562722,0.6715224896647745,-1.0107523887891023,1.8321076942488883,-1.4515987814576818,0.7099943873149744,-0.6576972037625912,-0.4904229316393336,0.0,0.0,-0.0,-1.4515987814576818,0.40047055
0.4287464628562722,0.6715224896647745,-1.0107523887891023,1.8321076942488883,-1.4515987814576818,0.7099943873149744,-0.6576972037625912,-0.4904229316393336,0.0,0.0,-0.0,-1.4515987814576818,0.40047055
0.4287464628562722,0.6715224896647745,-1.0107523887891023,1.8321076942488883,-1.4515987814576818,0.7099943873149744,-0.6576972037625912,-0.4904229316393336,0.0,0.0,-0.0,-1.4515987814576818,0.40047055
0.4287464628562722,0.6715224896647745,-1.0107523887891023,1.8321076942488883,-1.4515987814576818,0.7099943873149744,-0.6576972037625912,-0.4904229316393336,0.0,0.0,-0.0,-1.4515987814576818,0.40047055
0.4287464628562722,0.6715224896647745,-1.0107523887891023,1.8321076942488883,-1.4515987814576818,0.7099943873149744,-0.6576972037625912,-0.4904229316393336,0.0,0.0,-0.0,-1.4515987814576818,0.40047055
0.4287464628562722,0.6715224896647745,-1.0107523887891023,1.8321076942488883,-1.4515987814576818,0.7099943873149744,-0.6576972037625912,-0.4904229316393336,0.0,0.0,-0.0,-1.4515987814576818,0.40047055
0.4287464628562722,0.6715224896647745,-1.0107523887891023,1.8321076942488883,-1.4515987814576818,0.7099943873149744,-0.6576972037625912,-0.4904229316393336,0.0,0.0,-0.0,-1.4515987814576818,0.40047055
0.4287464628562722,0.6715224896647745,-1.0107523887891023,1.8321076942488883,-1.4515987814576818,0.7099943873149744,-0.6576972037625912,-0.4904229316393336,0.0,0.0,-0.0,-1.4515987814576818,0.40047055
0.4287464628562722,0.6715224896647745,-1.0107523887891023,1.8321076942488883,-1.4515987814576818,0.7099943873149744,-0.6576972037625912,-0.4904229316393336,0.0,0.0,-0.0,-1.4515987814576818,0.40047055
0.4287464628562722,0.6715224896647745,-1.0107523887891023,1.8321076942488883,-1.4515987814576818,0.7099943873149744,-0.6576972037625912,-0.4904229316393336,0.0,0.0,-0.0,-1.4515987814576818,0.40047055
-1.3719886811400708,-0.3239108479559503,-0.5355479074927335,1.9149760570155137,-1.188935143644851,-0.5807351782917338,-0.1175771537452677,-0.3491811273272055,0.0,-0.6478216959119006,-0.0,-1.188935143644851,0.38991073
1.6292365588538342,1.6669558272854992,-0.5355479074927335,-1.0268508211996776,-1.199879461887052,-1.3317051073720008,-0.5805371966172592,-0.5257333827173656,0.0,5.000867481856497,-0.5355479074927335,-1.199879461887052,0.37714773
-0.1714985851425087,1.169239158475137,1.3652700176927424,0.7133847968994496,1.4486455527256594,0.5691875256124244,-0.1175771537452677,-0.3491811273272055,0.0,2.338478316950274,0.0,1.4486455527256594,0.37198657
-0.1714985851425087,-0.3239108479559503,-0.0603434261963645,-0.9825162471195332,0.1900489548725114,0.8977368695850413,1.3484629820160388,2.1931713502911,0.0,-0.6478216959119006,-0.0,0.1900489548725114,0.36896548
-0.1714985851425087,-0.3239108479559503,-0.0603434261963645,-0.9825162471195332,0.1900489548725114,0.8977368695850413,1.3484629820160388,2.1931713502911,0.0,-0.6478216959119006,-0.0,0.1900489548725114,0.36896548
-0.7717436331412898,0.6715224896647745,0.8900655363963734,1.2934633362658254,-1.079491961222838,-1.4255763485070343,-0.1175771537452677,-0.4551124805613016,0.0,0.0,0.0,-1.079491961222838,0.36750486
-0.7717436331412898,0.6715224896647745,0.8900655363963734,1.2934633362658254,-1.079491961222838,-1.4255763485070343,-0.1175771537452677,-0.4551124805613016,0.0,0.0,0.0,-1.079491961222838,0.36750486
-0.7717436331412898,0.6715224896647745,0.8900655363963734,1.2934633362658254,-1.079491961222838,-1.4255763485070343,-0.1175771537452677,-0.4551124805613016,0.0,0.0,0.0,-1.079491961222838,0.36750486
-0.7717436331412898,0.6715224896647745,0.8900655363963734,1.2934633362658254,-1.079491961222838,-1.4255763485070343,-0.1175771537452677,-0.4551124805613016,0.0,0.0,0.0,-1.079491961222838,0.36750486
-0.7717436331412898,0.6715224896647745,0.8900655363963734,1.2934633362658254,-1.079491961222838,-1.4255763485070343,-0.1175771537452677,-0.4551124805613016,0.0,0.0,0.0,-1.079491961222838,0.36750486
-0.7717436331412898,0.6715224896647745,0.8900655363963734,1.2934633362658254,-1.079491961222838,-1.4255763485070343,-0.1175771537452677,-0.4551124805613016,0.0,0.0,0.0,-1.079491961222838,0.36750486
-0.7717436331412898,0.6715224896647745,0.8900655363963734,1.2934633362658254,-1.079491961222838,-1.4255763485070343,-0.1175771537452677,-0.4551124805613016,0.0,0.0,0.0,-1.079491961222838,0.36750486
-0.7717436331412898,0.6715224896647745,0.8900655363963734,1.2934633362658254,-1.079491961222838,-1.4255763485070343,-0.1175771537452677,-0.4551124805613016,0.0,0.0,0.0,-1.079491961222838,0.36750486
-0.7717436331412898,0.6715224896647745,0.8900655363963734,1.2934633362658254,-1.079491961222838,-1.4255763485070343,-0.1175771537452677,-0.4551124805613016,0.0,0.0,0.0,-1.079491961222838,0.36750486
-0.7717436331412898,0.6715224896647745,0.8900655363963734,1.2934633362658254,-1.079491961222838,-1.4255763485070343,-0.1175771537452677,-0.4551124805613016,0.0,0.0,0.0,-1.079491961222838,0.36750486
-0.7717436331412898,0.6715224896647745,0.8900655363963734,1.2934633362658254,-1.079491961222838,-1.4255763485070343,-0.1175771537452677,-0.4551124805613016,0.0,0.0,0.0,-1.079491961222838,0.36750486
-0.7717436331412898,0.6715224896647745,0.8900655363963734,1.2934633362658254,-1.079491961222838,-1.4255763485070343,-0.1175771537452677,-0.4551124805613016,0.0,0.0,0.0,-1.079491961222838,0.36750486
-0.7717436331412898,0.6715224896647745,0.8900655363963734,1.2934633362658254,-1.079491961222838,-1.4255763485070343,-0.1175771537452677,-0.4551124805613016,0.0,0.0,0.0,-1.079491961222838,0.36750486
-0.7717436331412898,0.6715224896647745,0.8900655363963734,1.2934633362658254,-1.079491961222838,-1.4255763485070343,-0.1175771537452677,-0.4551124805613016,0.0,0.0,0.0,-1.079491961222838,0.36750486
-0.7717436331412898,0.6715224896647745,0.8900655363963734,1.2934633362658254,-1.079491961222838,-1.4255763485070343,-0.1175771537452677,-0.4551124805613016,0.0,0.0,0.0,-1.079491961222838,0.36750486
-0.7717436331412898,0.6715224896647745,0.8900655363963734,1.2934633362658254,-1.079491961222838,-1.4255763485070343,-0.1175771537452677,-0.4551124805613016,0.0,0.0,0.0,-1.079491961222838,0.36750486
-0.7717436331412898,0.6715224896647745,0.8900655363963734,1.2934633362658254,-1.079491961222838,-1.4255763485070343,-0.1175771537452677,-0.4551124805613016,0.0,0.0,0.0,-1.079491961222838,0.36750486
-0.7717436331412898,0.6715224896647745,0.8900655363963734,1.2934633362658254,-1.079491961222838,-1.4255763485070343,-0.1175771537452677,-0.4551124805613016,0.0,0.0,0.0,-1.079491961222838,0.36750486
-0.7717436331412898,0.6715224896647745,0.8900655363963734,1.2934633362658254,-1.079491961222838,-1.4255763485070343,-0.1175771537452677,-0.4551124805613016,0.0,0.0,0.0,-1.079491961222838,0.36750486
-0.7717436331412898,0.6715224896647745,0.8900655363963734,1.2934633362658254,-1.079491961222838,-1.4255763485070343,-0.1175771537452677,-0.4551124805613016,0.0,0.0,0.0,-1.079491961222838,0.36750486
-0.7717436331412898,0.6715224896647745,0.8900655363963734,1.2934633362658254,-1.079491961222838,-1.4255763485070343,-0.1175771537452677,-0.4551124805613016,0.0,0.0,0.0,-1.079491961222838,0.36750486
-0.7717436331412898,0.6715224896647745,0.8900655363963734,1.2934633362658254,-1.079491961222838,-1.4255763485070343,-0.1175771537452677,-0.4551124805613016,0.0,0.0,0.0,-1.079491961222838,0.36750486
-0.7717436331412898,0.6715224896647745,0.8900655363963734,1.2934633362658254,-1.079491961222838,-1.4255763485070343,-0.1175771537452677,-0.4551124805613016,0.0,0.0,0.0,-1.079491961222838,0.36750486
-0.7717436331412898,0.6715224896647745,0.8900655363963734,1.2934633362658254,-1.079491961222838,-1.4255763485070343,-0.1175771537452677,-0.4551124805613016,0.0,0.0,0.0,-1.079491961222838,0.36750486
-0.7717436331412898,0.6715224896647745,0.8900655363963734,1.2934633362658254,-1.079491961222838,-1.4255763485070343,-0.1175771537452677,-0.4551124805613016,0.0,0.0,0.0,-1.079491961222838,0.36750486
-0.7717436331412898,0.1738058208544121,1.3652700176927424,1.7492393314822634,-0.1273362741513261,-1.0970270045344173,-0.6576972037625912,-0.3844915784052375,0.0,0.5214174625632363,1.3652700176927424,-0.1273362741513261,0.36238974
-0.1714985851425087,1.169239158475137,0.4148610551000044,0.3819113458329491,0.4964898656541472,-0.7450098502780423,-0.0404171465999357,-0.4551124805613016,0.0,2.338478316950274,0.0,0.4964898656541472,0.352858
-0.1714985851425087,1.169239158475137,0.4148610551000044,0.3819113458329491,0.4964898656541472,-0.7450098502780423,-0.0404171465999357,-0.4551124805613016,0.0,2.338478316950274,0.0,0.4964898656541472,0.352858
-0.7717436331412898,-0.8216275167663127,-0.5355479074927335,-0.997846894231359,0.4089353197165369,1.367093075260208,1.1169829605800432,2.122550448135036,0.0,-0.0,-0.0,0.4089353197165369,0.32370323
-0.7717436331412898,-0.8216275167663127,-0.5355479074927335,-0.997846894231359,0.4089353197165369,1.367093075260208,1.1169829605800432,2.122550448135036,0.0,-0.0,-0.0,0.4089353197165369,0.32370323
-0.7717436331412898,-0.8216275167663127,-0.5355479074927335,-0.997846894231359,0.4089353197165369,1.367093075260208,1.1169829605800432,2.122550448135036,0.0,-0.0,-0.0,0.4089353197165369,0.32370323
-0.7717436331412898,-0.8216275167663127,-0.5355479074927335,-0.997846894231359,0.4089353197165369,1.367093075260208,1.1169829605800432,2.122550448135036,0.0,-0.0,-0.0,0.4089353197165369,0.32370323
-0.7717436331412898,-0.8216275167663127,-0.5355479074927335,-0.997846894231359,0.4089353197165369,1.367093075260208,1.1169829605800432,2.122550448135036,0.0,-0.0,-0.0,0.4089353197165369,0.32370323
-0.7717436331412898,-0.8216275167663127,-0.5355479074927335,-0.997846894231359,0.4089353197165369,1.367093075260208,1.1169829605800432,2.122550448135036,0.0,-0.0,-0.0,0.4089353197165369,0.32370323
-0.7717436331412898,-0.8216275167663127,-0.5355479074927335,-0.997846894231359,0.4089353197165369,1.367093075260208,1.1169829605800432,2.122550448135036,0.0,-0.0,-0.0,0.4089353197165369,0.32370323
-0.7717436331412898,-0.8216275167663127,-0.5355479074927335,-0.997846894231359,0.4089353197165369,1.367093075260208,1.1169829605800432,2.122550448135036,0.0,-0.0,-0.0,0.4089353197165369,0.32370323
-0.7717436331412898,-0.8216275167663127,-0.5355479074927335,-0.997846894231359,0.4089353197165369,1.367093075260208,1.1169829605800432,2.122550448135036,0.0,-0.0,-0.0,0.4089353197165369,0.32370323
-0.7717436331412898,-0.8216275167663127,-0.5355479074927335,-0.997846894231359,0.4089353197165369,1.367093075260208,1.1169829605800432,2.122550448135036,0.0,-0.0,-0.0,0.4089353197165369,0.32370323
-0.7717436331412898,-0.8216275167663127,-0.5355479074927335,-0.997846894231359,0.4089353197165369,1.367093075260208,1.1169829605800432,2.122550448135036,0.0,-0.0,-0.0,0.4089353197165369,0.32370323
-0.7717436331412898,-0.8216275167663127,-0.5355479074927335,-0.997846894231359,0.4089353197165369,1.367093075260208,1.1169829605800432,2.122550448135036,0.0,-0.0,-0.0,0.4089353197165369,0.32370323
-0.7717436331412898,-0.8216275167663127,-0.5355479074927335,-0.997846894231359,0.4089353197165369,1.367093075260208,1.1169829605800432,2.122550448135036,0.0,-0.0,-0.0,0.4089353197165369,0.32370323
-0.7717436331412898,-0.8216275167663127,-0.5355479074927335,-0.997846894231359,0.4089353197165369,1.367093075260208,1.1169829605800432,2.122550448135036,0.0,-0.0,-0.0,0.4089353197165369,0.32370323
-0.7717436331412898,-0.8216275167663127,-0.5355479074927335,-0.997846894231359,0.4089353197165369,1.367093075260208,1.1169829605800432,2.122550448135036,0.0,-0.0,-0.0,0.4089353197165369,0.32370323
-0.7717436331412898,-0.8216275167663127,-0.5355479074927335,-0.997846894231359,0.4089353197165369,1.367093075260208,1.1169829605800432,2.122550448135036,0.0,-0.0,-0.0,0.4089353197165369,0.32370323
-0.7717436331412898,-0.8216275167663127,-0.5355479074927335,-0.997846894231359,0.4089353197165369,1.367093075260208,1.1169829605800432,2.122550448135036,0.0,-0.0,-0.0,0.4089353197165369,0.32370323
-0.7717436331412898,-0.8216275167663127,-0.5355479074927335,-0.997846894231359,0.4089353197165369,1.367093075260208,1.1169829605800432,2.122550448135036,0.0,-0.0,-0.0,0.4089353197165369,0.32370323
-0.7717436331412898,-0.8216275167663127,-0.5355479074927335,-0.997846894231359,0.4089353197165369,1.367093075260208,1.1169829605800432,2.122550448135036,0.0,-0.0,-0.0,0.4089353197165369,0.32370323
-0.7717436331412898,-0.8216275167663127,-0.5355479074927335,-0.997846894231359,0.4089353197165369,1.367093075260208,1.1169829605800432,2.122550448135036,0.0,-0.0,-0.0,0.4089353197165369,0.32370323
-0.7717436331412898,-0.8216275167663127,-0.5355479074927335,-0.997846894231359,0.4089353197165369,1.367093075260208,1.1169829605800432,2.122550448135036,0.0,-0.0,-0.0,0.4089353197165369,0.32370323
-0.7717436331412898,-0.8216275167663127,-0.5355479074927335,-0.997846894231359,0.4089353197165369,1.367093075260208,1.1169829605800432,2.122550448135036,0.0,-0.0,-0.0,0.4089353197165369,0.32370323
-0.7717436331412898,-0.8216275167663127,-0.5355479074927335,-0.997846894231359,0.4089353197165369,1.367093075260208,1.1169829605800432,2.122550448135036,0.0,-0.0,-0.0,0.4089353197165369,0.32370323
-0.7717436331412898,-0.8216275167663127,-0.5355479074927335,-0.997846894231359,0.4089353197165369,1.367093075260208,1.1169829605800432,2.122550448135036,0.0,-0.0,-0.0,0.4089353197165369,0.32370323
-0.7717436331412898,0.1738058208544121,1.3652700176927424,1.7492393314822634,-0.1273362741513261,-1.0970270045344173,-0.6576972037625912,-0.3844915784052375,0.0,0.3476116417088242,0.0,-0.1273362741513261,0.322957
-0.7717436331412898,0.1738058208544121,1.3652700176927424,1.7492393314822634,-0.1273362741513261,-1.0970270045344173,-0.6576972037625912,-0.3844915784052375,0.0,0.3476116417088242,0.0,-0.1273362741513261,0.322957
-1.3719886811400708,-0.3239108479559503,-0.5355479074927335,1.9149760570155137,-1.188935143644851,-0.5807351782917338,-0.1175771537452677,-0.3491811273272055,0.0,-0.971732543867851,-0.5355479074927335,-1.188935143644851,0.3076537
0.4287464628562722,-0.3239108479559503,-0.0603434261963645,-0.959313105544878,1.0655944142486142,0.1937025610722911,0.7311829248533835,2.475654958915356,0.0,-0.0,-0.0,1.0655944142486142,0.30504394
0.4287464628562722,-0.3239108479559503,-0.0603434261963645,-0.959313105544878,1.0655944142486142,0.1937025610722911,0.7311829248533835,2.475654958915356,0.0,-0.0,-0.0,1.0655944142486142,0.30504394
0.4287464628562722,-0.3239108479559503,-0.0603434261963645,-0.959313105544878,1.0655944142486142,0.1937025610722911,0.7311829248533835,2.475654958915356,0.0,-0.0,-0.0,1.0655944142486142,0.30504394
0.4287464628562722,-0.3239108479559503,-0.0603434261963645,-0.959313105544878,1.0655944142486142,0.1937025610722911,0.7311829248533835,2.475654958915356,0.0,-0.0,-0.0,1.0655944142486142,0.30504394
0.4287464628562722,-0.3239108479559503,-0.0603434261963645,-0.959313105544878,1.0655944142486142,0.1937025610722911,0.7311829248533835,2.475654958915356,0.0,-0.0,-0.0,1.0655944142486142,0.30504394
0.4287464628562722,-0.3239108479559503,-0.0603434261963645,-0.959313105544878,1.0655944142486142,0.1937025610722911,0.7311829248533835,2.475654958915356,0.0,-0.0,-0.0,1.0655944142486142,0.30504394
0.4287464628562722,-0.3239108479559503,-0.0603434261963645,-0.959313105544878,1.0655944142486142,0.1937025610722911,0.7311829248533835,2.475654958915356,0.0,-0.0,-0.0,1.0655944142486142,0.30504394
0.4287464628562722,-0.3239108479559503,-0.0603434261963645,-0.959313105544878,1.0655944142486142,0.1937025610722911,0.7311829248533835,2.475654958915356,0.0,-0.0,-0.0,1.0655944142486142,0.30504394
0.4287464628562722,-0.3239108479559503,-0.0603434261963645,-0.959313105544878,1.0655944142486142,0.1937025610722911,0.7311829248533835,2.475654958915356,0.0,-0.0,-0.0,1.0655944142486142,0.30504394
0.4287464628562722,-0.3239108479559503,-0.0603434261963645,-0.959313105544878,1.0655944142486142,0.1937025610722911,0.7311829248533835,2.475654958915356,0.0,-0.0,-0.0,1.0655944142486142,0.30504394
0.4287464628562722,-0.3239108479559503,-0.0603434261963645,-0.959313105544878,1.0655944142486142,0.1937025610722911,0.7311829248533835,2.475654958915356,0.0,-0.0,-0.0,1.0655944142486142,0.30504394
0.4287464628562722,-0.3239108479559503,-0.0603434261963645,-0.959313105544878,1.0655944142486142,0.1937025610722911,0.7311829248533835,2.475654958915356,0.0,-0.0,-0.0,1.0655944142486142,0.30504394
0.4287464628562722,-0.3239108479559503,-0.0603434261963645,-0.959313105544878,1.0655944142486142,0.1937025610722911,0.7311829248533835,2.475654958915356,0.0,-0.0,-0.0,1.0655944142486142,0.30504394
0.4287464628562722,-0.3239108479559503,-0.0603434261963645,-0.959313105544878,1.0655944142486142,0.1937025610722911,0.7311829248533835,2.475654958915356,0.0,-0.0,-0.0,1.0655944142486142,0.30504394
0.4287464628562722,-0.3239108479559503,-0.0603434261963645,-0.959313105544878,1.0655944142486142,0.1937025610722911,0.7311829248533835,2.475654958915356,0.0,-0.0,-0.0,1.0655944142486142,0.30504394
0.4287464628562722,-0.3239108479559503,-0.0603434261963645,-0.959313105544878,1.0655944142486142,0.1937025610722911,0.7311829248533835,2.475654958915356,0.0,-0.0,-0.0,1.0655944142486142,0.30504394
0.4287464628562722,-0.3239108479559503,-0.0603434261963645,-0.959313105544878,1.0655944142486142,0.1937025610722911,0.7311829248533835,2.475654958915356,0.0,-0.0,-0.0,1.0655944142486142,0.30504394
0.4287464628562722,-0.3239108479559503,-0.0603434261963645,-0.959313105544878,1.0655944142486142,0.1937025610722911,0.7311829248533835,2.475654958915356,0.0,-0.0,-0.0,1.0655944142486142,0.30504394
0.4287464628562722,-0.3239108479559503,-0.0603434261963645,-0.959313105544878,1.0655944142486142,0.1937025610722911,0.7311829248533835,2.475654958915356,0.0,-0.0,-0.0,1.0655944142486142,0.30504394
0.4287464628562722,-0.3239108479559503,-0.0603434261963645,-0.959313105544878,1.0655944142486142,0.1937025610722911,0.7311829248533835,2.475654958915356,0.0,-0.0,-0.0,1.0655944142486142,0.30504394
0.4287464628562722,-0.3239108479559503,-0.0603434261963645,-0.959313105544878,1.0655944142486142,0.1937025610722911,0.7311829248533835,2.475654958915356,0.0,-0.0,-0.0,1.0655944142486142,0.30504394
0.4287464628562722,-0.3239108479559503,-0.0603434261963645,-0.959313105544878,1.0655944142486142,0.1937025610722911,0.7311829248533835,2.475654958915356,0.0,-0.0,-0.0,1.0655944142486142,0.30504394
0.4287464628562722,-0.3239108479559503,-0.0603434261963645,-0.959313105544878,1.0655944142486142,0.1937025610722911,0.7311829248533835,2.475654958915356,0.0,-0.0,-0.0,1.0655944142486142,0.30504394
0.4287464628562722,-0.3239108479559503,-0.0603434261963645,-0.959313105544878,1.0655944142486142,0.1937025610722911,0.7311829248533835,2.475654958915356,0.0,-0.0,-0.0,1.0655944142486142,0.30504394
0.4287464628562722,-0.3239108479559503,-0.0603434261963645,-0.959313105544878,1.0655944142486142,0.1937025610722911,0.7311829248533835,2.475654958915356,0.0,-0.0,-0.0,1.0655944142486142,0.30504394
0.4287464628562722,-0.3239108479559503,-0.0603434261963645,-0.959313105544878,1.0655944142486142,0.1937025610722911,0.7311829248533835,2.475654958915356,0.0,-0.0,-0.0,1.0655944142486142,0.30504394
0.4287464628562722,-0.3239108479559503,-0.0603434261963645,-0.959313105544878,1.0655944142486142,0.1937025610722911,0.7311829248533835,2.475654958915356,0.0,-0.0,-0.0,1.0655944142486142,0.30504394
1.6292365588538342,0.6715224896647745,1.3652700176927424,1.2934633362658254,1.142204641944023,-1.5429153999258258,-0.2718971680359315,-0.3491811273272055,0.0,0.6715224896647745,0.0,1.142204641944023,0.30070364
0.4287464628562722,1.169239158475137,1.3652700176927424,0.9619898851993248,0.4636569109275436,0.1937025610722911,-0.3490571751812635,-0.4551124805613016,0.0,1.169239158475137,0.0,0.4636569109275436,0.29784897
-0.7717436331412898,0.6715224896647745,0.4148610551000044,-0.3224697376833643,-1.3202669625512666,0.4753162844773914,-0.5805371966172592,-0.5257333827173656,0.0,2.686089958659098,0.4148610551000044,-1.3202669625512666,0.28973013
-0.7717436331412898,1.169239158475137,-1.0107523887891023,1.2520291548825129,-1.079491961222838,-0.0409755417652921,-0.3490571751812635,-0.3844915784052375,0.0,0.0,-0.0,-1.079491961222838,0.28478295
-0.7717436331412898,1.169239158475137,-1.0107523887891023,1.2520291548825129,-1.079491961222838,-0.0409755417652921,-0.3490571751812635,-0.3844915784052375,0.0,0.0,-0.0,-1.079491961222838,0.28478295
-0.7717436331412898,1.169239158475137,-1.0107523887891023,1.2520291548825129,-1.079491961222838,-0.0409755417652921,-0.3490571751812635,-0.3844915784052375,0.0,0.0,-0.0,-1.079491961222838,0.28478295
-0.7717436331412898,1.169239158475137,-1.0107523887891023,1.2520291548825129,-1.079491961222838,-0.0409755417652921,-0.3490571751812635,-0.3844915784052375,0.0,0.0,-0.0,-1.079491961222838,0.28478295
-0.7717436331412898,1.169239158475137,-1.0107523887891023,1.2520291548825129,-1.079491961222838,-0.0409755417652921,-0.3490571751812635,-0.3844915784052375,0.0,0.0,-0.0,-1.079491961222838,0.28478295
-0.7717436331412898,1.169239158475137,-1.0107523887891023,1.2520291548825129,-1.079491961222838,-0.0409755417652921,-0.3490571751812635,-0.3844915784052375,0.0,0.0,-0.0,-1.079491961222838,0.28478295
-0.7717436331412898,1.169239158475137,-1.0107523887891023,1.2520291548825129,-1.079491961222838,-0.0409755417652921,-0.3490571751812635,-0.3844915784052375,0.0,0.0,-0.0,-1.079491961222838,0.28478295
-0.7717436331412898,1.169239158475137,-1.0107523887891023,1.2520291548825129,-1.079491961222838,-0.0409755417652921,-0.3490571751812635,-0.3844915784052375,0.0,0.0,-0.0,-1.079491961222838,0.28478295
-0.7717436331412898,1.169239158475137,-1.0107523887891023,1.2520291548825129,-1.079491961222838,-0.0409755417652921,-0.3490571751812635,-0.3844915784052375,0.0,0.0,-0.0,-1.079491961222838,0.28478295
-0.7717436331412898,1.169239158475137,-1.0107523887891023,1.2520291548825129,-1.079491961222838,-0.0409755417652921,-0.3490571751812635,-0.3844915784052375,0.0,0.0,-0.0,-1.079491961222838,0.28478295
-0.7717436331412898,1.169239158475137,-1.0107523887891023,1.2520291548825129,-1.079491961222838,-0.0409755417652921,-0.3490571751812635,-0.3844915784052375,0.0,0.0,-0.0,-1.079491961222838,0.28478295
-0.7717436331412898,1.169239158475137,-1.0107523887891023,1.2520291548825129,-1.079491961222838,-0.0409755417652921,-0.3490571751812635,-0.3844915784052375,0.0,0.0,-0.0,-1.079491961222838,0.28478295
-0.7717436331412898,1.169239158475137,-1.0107523887891023,1.2520291548825129,-1.079491961222838,-0.0409755417652921,-0.3490571751812635,-0.3844915784052375,0.0,0.0,-0.0,-1.079491961222838,0.28478295
-0.7717436331412898,1.169239158475137,-1.0107523887891023,1.2520291548825129,-1.079491961222838,-0.0409755417652921,-0.3490571751812635,-0.3844915784052375,0.0,0.0,-0.0,-1.079491961222838,0.28478295
-0.7717436331412898,1.169239158475137,-1.0107523887891023,1.2520291548825129,-1.079491961222838,-0.0409755417652921,-0.3490571751812635,-0.3844915784052375,0.0,0.0,-0.0,-1.079491961222838,0.28478295
-0.7717436331412898,1.169239158475137,-1.0107523887891023,1.2520291548825129,-1.079491961222838,-0.0409755417652921,-0.3490571751812635,-0.3844915784052375,0.0,0.0,-0.0,-1.079491961222838,0.28478295
-0.7717436331412898,1.169239158475137,-1.0107523887891023,1.2520291548825129,-1.079491961222838,-0.0409755417652921,-0.3490571751812635,-0.3844915784052375,0.0,0.0,-0.0,-1.079491961222838,0.28478295
-0.7717436331412898,1.169239158475137,-1.0107523887891023,1.2520291548825129,-1.079491961222838,-0.0409755417652921,-0.3490571751812635,-0.3844915784052375,0.0,0.0,-0.0,-1.079491961222838,0.28478295
-0.7717436331412898,1.169239158475137,-1.0107523887891023,1.2520291548825129,-1.079491961222838,-0.0409755417652921,-0.3490571751812635,-0.3844915784052375,0.0,0.0,-0.0,-1.079491961222838,0.28478295
-0.7717436331412898,1.169239158475137,-1.0107523887891023,1.2520291548825129,-1.079491961222838,-0.0409755417652921,-0.3490571751812635,-0.3844915784052375,0.0,0.0,-0.0,-1.079491961222838,0.28478295
-0.7717436331412898,1.169239158475137,-1.0107523887891023,1.2520291548825129,-1.079491961222838,-0.0409755417652921,-0.3490571751812635,-0.3844915784052375,0.0,0.0,-0.0,-1.079491961222838,0.28478295
-0.7717436331412898,1.169239158475137,-1.0107523887891023,1.2520291548825129,-1.079491961222838,-0.0409755417652921,-0.3490571751812635,-0.3844915784052375,0.0,0.0,-0.0,-1.079491961222838,0.28478295
-0.7717436331412898,1.169239158475137,-1.0107523887891023,1.2520291548825129,-1.079491961222838,-0.0409755417652921,-0.3490571751812635,-0.3844915784052375,0.0,0.0,-0.0,-1.079491961222838,0.28478295
1.6292365588538342,0.6715224896647745,-1.4859568700854713,0.2161746202996989,-1.6595408280595063,-0.1348467829003256,-0.4262171823265954,-0.4198020294832695,0.0,1.343044979329549,-0.0,-1.6595408280595063,0.27324036
1.6292365588538342,0.6715224896647745,-1.4859568700854713,0.2161746202996989,-1.6595408280595063,-0.1348467829003256,-0.4262171823265954,-0.4198020294832695,0.0,1.343044979329549,-0.0,-1.6595408280595063,0.27324036
1.6292365588538342,0.6715224896647745,-1.4859568700854713,0.2161746202996989,-1.6595408280595063,-0.1348467829003256,-0.4262171823265954,-0.4198020294832695,0.0,1.343044979329549,-0.0,-1.6595408280595063,0.27324036
1.6292365588538342,0.6715224896647745,-1.4859568700854713,0.2161746202996989,-1.6595408280595063,-0.1348467829003256,-0.4262171823265954,-0.4198020294832695,0.0,1.343044979329549,-0.0,-1.6595408280595063,0.27324036
-0.7717436331412898,0.1738058208544121,1.3652700176927424,1.7492393314822634,-0.1273362741513261,-1.0970270045344173,-0.6576972037625912,-0.3844915784052375,0.0,0.0,0.0,-0.1273362741513261,0.27247635
-0.7717436331412898,0.1738058208544121,1.3652700176927424,1.7492393314822634,-0.1273362741513261,-1.0970270045344173,-0.6576972037625912,-0.3844915784052375,0.0,0.0,0.0,-0.1273362741513261,0.27247635
-0.7717436331412898,0.1738058208544121,1.3652700176927424,1.7492393314822634,-0.1273362741513261,-1.0970270045344173,-0.6576972037625912,-0.3844915784052375,0.0,0.0,0.0,-0.1273362741513261,0.27247635
-0.7717436331412898,0.1738058208544121,1.3652700176927424,1.7492393314822634,-0.1273362741513261,-1.0970270045344173,-0.6576972037625912,-0.3844915784052375,0.0,0.0,0.0,-0.1273362741513261,0.27247635
-0.7717436331412898,0.1738058208544121,1.3652700176927424,1.7492393314822634,-0.1273362741513261,-1.0970270045344173,-0.6576972037625912,-0.3844915784052375,0.0,0.0,0.0,-0.1273362741513261,0.27247635
-0.7717436331412898,0.1738058208544121,1.3652700176927424,1.7492393314822634,-0.1273362741513261,-1.0970270045344173,-0.6576972037625912,-0.3844915784052375,0.0,0.0,0.0,-0.1273362741513261,0.27247635
-0.7717436331412898,0.1738058208544121,1.3652700176927424,1.7492393314822634,-0.1273362741513261,-1.0970270045344173,-0.6576972037625912,-0.3844915784052375,0.0,0.0,0.0,-0.1273362741513261,0.27247635
-0.7717436331412898,0.1738058208544121,1.3652700176927424,1.7492393314822634,-0.1273362741513261,-1.0970270045344173,-0.6576972037625912,-0.3844915784052375,0.0,0.0,0.0,-0.1273362741513261,0.27247635
-0.7717436331412898,0.1738058208544121,1.3652700176927424,1.7492393314822634,-0.1273362741513261,-1.0970270045344173,-0.6576972037625912,-0.3844915784052375,0.0,0.0,0.0,-0.1273362741513261,0.27247635
-0.7717436331412898,0.1738058208544121,1.3652700176927424,1.7492393314822634,-0.1273362741513261,-1.0970270045344173,-0.6576972037625912,-0.3844915784052375,0.0,0.0,0.0,-0.1273362741513261,0.27247635
-0.7717436331412898,0.1738058208544121,1.3652700176927424,1.7492393314822634,-0.1273362741513261,-1.0970270045344173,-0.6576972037625912,-0.3844915784052375,0.0,0.0,0.0,-0.1273362741513261,0.27247635
-0.7717436331412898,0.1738058208544121,1.3652700176927424,1.7492393314822634,-0.1273362741513261,-1.0970270045344173,-0.6576972037625912,-0.3844915784052375,0.0,0.0,0.0,-0.1273362741513261,0.27247635
-0.7717436331412898,0.1738058208544121,1.3652700176927424,1.7492393314822634,-0.1273362741513261,-1.0970270045344173,-0.6576972037625912,-0.3844915784052375,0.0,0.0,0.0,-0.1273362741513261,0.27247635
-0.7717436331412898,0.1738058208544121,1.3652700176927424,1.7492393314822634,-0.1273362741513261,-1.0970270045344173,-0.6576972037625912,-0.3844915784052375,0.0,0.0,0.0,-0.1273362741513261,0.27247635
-0.7717436331412898,0.1738058208544121,1.3652700176927424,1.7492393314822634,-0.1273362741513261,-1.0970270045344173,-0.6576972037625912,-0.3844915784052375,0.0,0.0,0.0,-0.1273362741513261,0.27247635
-0.7717436331412898,0.1738058208544121,1.3652700176927424,1.7492393314822634,-0.1273362741513261,-1.0970270045344173,-0.6576972037625912,-0.3844915784052375,0.0,0.0,0.0,-0.1273362741513261,0.27247635
-0.7717436331412898,0.1738058208544121,1.3652700176927424,1.7492393314822634,-0.1273362741513261,-1.0970270045344173,-0.6576972037625912,-0.3844915784052375,0.0,0.0,0.0,-0.1273362741513261,0.27247635
-0.7717436331412898,0.1738058208544121,1.3652700176927424,1.7492393314822634,-0.1273362741513261,-1.0970270045344173,-0.6576972037625912,-0.3844915784052375,0.0,0.0,0.0,-0.1273362741513261,0.27247635
-0.7717436331412898,0.1738058208544121,1.3652700176927424,1.7492393314822634,-0.1273362741513261,-1.0970270045344173,-0.6576972037625912,-0.3844915784052375,0.0,0.0,0.0,-0.1273362741513261,0.27247635
-0.7717436331412898,0.1738058208544121,1.3652700176927424,1.7492393314822634,-0.1273362741513261,-1.0970270045344173,-0.6576972037625912,-0.3844915784052375,0.0,0.0,0.0,-0.1273362741513261,0.27247635
-0.7717436331412898,0.1738058208544121,1.3652700176927424,1.7492393314822634,-0.1273362741513261,-1.0970270045344173,-0.6576972037625912,-0.3844915784052375,0.0,0.0,0.0,-0.1273362741513261,0.27247635
-0.7717436331412898,0.1738058208544121,1.3652700176927424,1.7492393314822634,-0.1273362741513261,-1.0970270045344173,-0.6576972037625912,-0.3844915784052375,0.0,0.0,0.0,-0.1273362741513261,0.27247635
-0.7717436331412898,0.1738058208544121,1.3652700176927424,1.7492393314822634,-0.1273362741513261,-1.0970270045344173,-0.6576972037625912,-0.3844915784052375,0.0,0.0,0.0,-0.1273362741513261,0.27247635
-1.3719886811400708,-0.3239108479559503,1.3652700176927424,1.04485824796595,-1.112324915949442,0.8038656284500079,-0.1947371608905996,-0.3491811273272055,0.0,-0.0,0.0,-1.112324915949442,0.26466677
-1.3719886811400708,-0.3239108479559503,1.3652700176927424,1.04485824796595,-1.112324915949442,0.8038656284500079,-0.1947371608905996,-0.3491811273272055,0.0,-0.0,0.0,-1.112324915949442,0.26466677
-1.3719886811400708,-0.3239108479559503,1.3652700176927424,1.04485824796595,-1.112324915949442,0.8038656284500079,-0.1947371608905996,-0.3491811273272055,0.0,-0.0,0.0,-1.112324915949442,0.26466677
-1.3719886811400708,-0.3239108479559503,1.3652700176927424,1.04485824796595,-1.112324915949442,0.8038656284500079,-0.1947371608905996,-0.3491811273272055,0.0,-0.0,0.0,-1.112324915949442,0.26466677
-1.3719886811400708,-0.3239108479559503,1.3652700176927424,1.04485824796595,-1.112324915949442,0.8038656284500079,-0.1947371608905996,-0.3491811273272055,0.0,-0.0,0.0,-1.112324915949442,0.26466677
-1.3719886811400708,-0.3239108479559503,1.3652700176927424,1.04485824796595,-1.112324915949442,0.8038656284500079,-0.1947371608905996,-0.3491811273272055,0.0,-0.0,0.0,-1.112324915949442,0.26466677
-1.3719886811400708,-0.3239108479559503,1.3652700176927424,1.04485824796595,-1.112324915949442,0.8038656284500079,-0.1947371608905996,-0.3491811273272055,0.0,-0.0,0.0,-1.112324915949442,0.26466677
-1.3719886811400708,-0.3239108479559503,1.3652700176927424,1.04485824796595,-1.112324915949442,0.8038656284500079,-0.1947371608905996,-0.3491811273272055,0.0,-0.0,0.0,-1.112324915949442,0.26466677
-1.3719886811400708,-0.3239108479559503,1.3652700176927424,1.04485824796595,-1.112324915949442,0.8038656284500079,-0.1947371608905996,-0.3491811273272055,0.0,-0.0,0.0,-1.112324915949442,0.26466677
-1.3719886811400708,-0.3239108479559503,1.3652700176927424,1.04485824796595,-1.112324915949442,0.8038656284500079,-0.1947371608905996,-0.3491811273272055,0.0,-0.0,0.0,-1.112324915949442,0.26466677
-1.3719886811400708,-0.3239108479559503,1.3652700176927424,1.04485824796595,-1.112324915949442,0.8038656284500079,-0.1947371608905996,-0.3491811273272055,0.0,-0.0,0.0,-1.112324915949442,0.26466677
-1.3719886811400708,-0.3239108479559503,1.3652700176927424,1.04485824796595,-1.112324915949442,0.8038656284500079,-0.1947371608905996,-0.3491811273272055,0.0,-0.0,0.0,-1.112324915949442,0.26466677
-1.3719886811400708,-0.3239108479559503,1.3652700176927424,1.04485824796595,-1.112324915949442,0.8038656284500079,-0.1947371608905996,-0.3491811273272055,0.0,-0.0,0.0,-1.112324915949442,0.26466677
-1.3719886811400708,-0.3239108479559503,1.3652700176927424,1.04485824796595,-1.112324915949442,0.8038656284500079,-0.1947371608905996,-0.3491811273272055,0.0,-0.0,0.0,-1.112324915949442,0.26466677
-1.3719886811400708,-0.3239108479559503,1.3652700176927424,1.04485824796595,-1.112324915949442,0.8038656284500079,-0.1947371608905996,-0.3491811273272055,0.0,-0.0,0.0,-1.112324915949442,0.26466677
-1.3719886811400708,-0.3239108479559503,1.3652700176927424,1.04485824796595,-1.112324915949442,0.8038656284500079,-0.1947371608905996,-0.3491811273272055,0.0,-0.0,0.0,-1.112324915949442,0.26466677
-1.3719886811400708,-0.3239108479559503,1.3652700176927424,1.04485824796595,-1.112324915949442,0.8038656284500079,-0.1947371608905996,-0.3491811273272055,0.0,-0.0,0.0,-1.112324915949442,0.26466677
-1.3719886811400708,-0.3239108479559503,1.3652700176927424,1.04485824796595,-1.112324915949442,0.8038656284500079,-0.1947371608905996,-0.3491811273272055,0.0,-0.0,0.0,-1.112324915949442,0.26466677
-1.3719886811400708,-0.3239108479559503,1.3652700176927424,1.04485824796595,-1.112324915949442,0.8038656284500079,-0.1947371608905996,-0.3491811273272055,0.0,-0.3239108479559503,0.0,-1.112324915949442,0.25581256
1.0289915108550531,1.6669558272854992,-0.0603434261963645,-0.4053381004499893,0.1353273636615047,0.2641059919235662,-0.5033771894719273,-0.4198020294832695,0.0,3.3339116545709984,-0.0,0.1353273636615047,0.2512814
1.0289915108550531,-1.319344185576675,0.4148610551000044,1.3348975176491378,-1.4297101449732792,0.1467669405047744,-0.6576972037625912,-0.4904229316393336,0.0,-0.0,0.0,-1.4297101449732792,0.24374771
1.0289915108550531,-1.319344185576675,0.4148610551000044,1.3348975176491378,-1.4297101449732792,0.1467669405047744,-0.6576972037625912,-0.4904229316393336,0.0,-0.0,0.0,-1.4297101449732792,0.24374771
1.0289915108550531,-1.319344185576675,0.4148610551000044,1.3348975176491378,-1.4297101449732792,0.1467669405047744,-0.6576972037625912,-0.4904229316393336,0.0,-0.0,0.0,-1.4297101449732792,0.24374771
1.0289915108550531,-1.319344185576675,0.4148610551000044,1.3348975176491378,-1.4297101449732792,0.1467669405047744,-0.6576972037625912,-0.4904229316393336,0.0,-0.0,0.0,-1.4297101449732792,0.24374771
1.0289915108550531,-1.319344185576675,0.4148610551000044,1.3348975176491378,-1.4297101449732792,0.1467669405047744,-0.6576972037625912,-0.4904229316393336,0.0,-0.0,0.0,-1.4297101449732792,0.24374771
1.0289915108550531,-1.319344185576675,0.4148610551000044,1.3348975176491378,-1.4297101449732792,0.1467669405047744,-0.6576972037625912,-0.4904229316393336,0.0,-0.0,0.0,-1.4297101449732792,0.24374771
1.0289915108550531,-1.319344185576675,0.4148610551000044,1.3348975176491378,-1.4297101449732792,0.1467669405047744,-0.6576972037625912,-0.4904229316393336,0.0,-0.0,0.0,-1.4297101449732792,0.24374771
1.0289915108550531,-1.319344185576675,0.4148610551000044,1.3348975176491378,-1.4297101449732792,0.1467669405047744,-0.6576972037625912,-0.4904229316393336,0.0,-0.0,0.0,-1.4297101449732792,0.24374771
1.0289915108550531,-1.319344185576675,0.4148610551000044,1.3348975176491378,-1.4297101449732792,0.1467669405047744,-0.6576972037625912,-0.4904229316393336,0.0,-0.0,0.0,-1.4297101449732792,0.24374771
1.0289915108550531,-1.319344185576675,0.4148610551000044,1.3348975176491378,-1.4297101449732792,0.1467669405047744,-0.6576972037625912,-0.4904229316393336,0.0,-0.0,0.0,-1.4297101449732792,0.24374771
1.0289915108550531,-1.319344185576675,0.4148610551000044,1.3348975176491378,-1.4297101449732792,0.1467669405047744,-0.6576972037625912,-0.4904229316393336,0.0,-0.0,0.0,-1.4297101449732792,0.24374771
1.0289915108550531,-1.319344185576675,0.4148610551000044,1.3348975176491378,-1.4297101449732792,0.1467669405047744,-0.6576972037625912,-0.4904229316393336,0.0,-0.0,0.0,-1.4297101449732792,0.24374771
1.0289915108550531,-1.319344185576675,0.4148610551000044,1.3348975176491378,-1.4297101449732792,0.1467669405047744,-0.6576972037625912,-0.4904229316393336,0.0,-0.0,0.0,-1.4297101449732792,0.24374771
1.0289915108550531,-1.319344185576675,0.4148610551000044,1.3348975176491378,-1.4297101449732792,0.1467669405047744,-0.6576972037625912,-0.4904229316393336,0.0,-0.0,0.0,-1.4297101449732792,0.24374771
1.0289915108550531,-1.319344185576675,0.4148610551000044,1.3348975176491378,-1.4297101449732792,0.1467669405047744,-0.6576972037625912,-0.4904229316393336,0.0,-0.0,0.0,-1.4297101449732792,0.24374771
1.0289915108550531,-1.319344185576675,0.4148610551000044,1.3348975176491378,-1.4297101449732792,0.1467669405047744,-0.6576972037625912,-0.4904229316393336,0.0,-0.0,0.0,-1.4297101449732792,0.24374771
-0.7717436331412898,-1.319344185576675,-0.5355479074927335,-1.057926457237162,1.7222535087806916,-0.5103317474404591,1.0398229534347112,2.616896763227484,0.0,-0.0,-0.0,1.7222535087806916,0.2376127
-0.7717436331412898,-1.319344185576675,-0.5355479074927335,-1.057926457237162,1.7222535087806916,-0.5103317474404591,1.0398229534347112,2.616896763227484,0.0,-0.0,-0.0,1.7222535087806916,0.2376127
-0.7717436331412898,-1.319344185576675,-0.5355479074927335,-1.057926457237162,1.7222535087806916,-0.5103317474404591,1.0398229534347112,2.616896763227484,0.0,-0.0,-0.0,1.7222535087806916,0.2376127
-0.7717436331412898,-1.319344185576675,-0.5355479074927335,-1.057926457237162,1.7222535087806916,-0.5103317474404591,1.0398229534347112,2.616896763227484,0.0,-0.0,-0.0,1.7222535087806916,0.2376127
-0.7717436331412898,-1.319344185576675,-0.5355479074927335,-1.057926457237162,1.7222535087806916,-0.5103317474404591,1.0398229534347112,2.616896763227484,0.0,-0.0,-0.0,1.7222535087806916,0.2376127
-0.7717436331412898,-1.319344185576675,-0.5355479074927335,-1.057926457237162,1.7222535087806916,-0.5103317474404591,1.0398229534347112,2.616896763227484,0.0,-0.0,-0.0,1.7222535087806916,0.2376127
-0.7717436331412898,-1.319344185576675,-0.5355479074927335,-1.057926457237162,1.7222535087806916,-0.5103317474404591,1.0398229534347112,2.616896763227484,0.0,-0.0,-0.0,1.7222535087806916,0.2376127
-0.7717436331412898,-1.319344185576675,-0.5355479074927335,-1.057926457237162,1.7222535087806916,-0.5103317474404591,1.0398229534347112,2.616896763227484,0.0,-0.0,-0.0,1.7222535087806916,0.2376127
-0.7717436331412898,-1.319344185576675,-0.5355479074927335,-1.057926457237162,1.7222535087806916,-0.5103317474404591,1.0398229534347112,2.616896763227484,0.0,-0.0,-0.0,1.7222535087806916,0.2376127
-0.7717436331412898,-1.319344185576675,-0.5355479074927335,-1.057926457237162,1.7222535087806916,-0.5103317474404591,1.0398229534347112,2.616896763227484,0.0,-0.0,-0.0,1.7222535087806916,0.2376127
-0.7717436331412898,-1.319344185576675,-0.5355479074927335,-1.057926457237162,1.7222535087806916,-0.5103317474404591,1.0398229534347112,2.616896763227484,0.0,-0.0,-0.0,1.7222535087806916,0.2376127
-0.7717436331412898,-1.319344185576675,-0.5355479074927335,-1.057926457237162,1.7222535087806916,-0.5103317474404591,1.0398229534347112,2.616896763227484,0.0,-0.0,-0.0,1.7222535087806916,0.2376127
-0.7717436331412898,-1.319344185576675,-0.5355479074927335,-1.057926457237162,1.7222535087806916,-0.5103317474404591,1.0398229534347112,2.616896763227484,0.0,-0.0,-0.0,1.7222535087806916,0.2376127
-0.7717436331412898,-1.319344185576675,-0.5355479074927335,-1.057926457237162,1.7222535087806916,-0.5103317474404591,1.0398229534347112,2.616896763227484,0.0,-0.0,-0.0,1.7222535087806916,0.2376127
0.4287464628562722,1.6669558272854992,0.4148610551000044,0.1747404389163863,-0.8715499146210136,-0.3695248857379089,-0.5033771894719273,-0.3844915784052375,0.0,1.6669558272854992,0.0,-0.8715499146210136,0.23696889
-0.7717436331412898,0.1738058208544121,0.8900655363963734,1.3348975176491378,0.7263205487403742,1.2497540238414162,-0.1175771537452677,-0.5257333827173656,0.0,0.3476116417088242,0.0,0.7263205487403742,0.22119373
-0.7717436331412898,0.1738058208544121,0.8900655363963734,1.3348975176491378,0.7263205487403742,1.2497540238414162,-0.1175771537452677,-0.5257333827173656,0.0,0.3476116417088242,0.0,0.7263205487403742,0.22119373
-0.7717436331412898,-0.8216275167663127,-0.5355479074927335,-0.997846894231359,0.4089353197165369,1.367093075260208,1.1169829605800432,2.122550448135036,0.0,-0.8216275167663127,-0.0,0.4089353197165369,0.22060819
0.4287464628562722,-1.319344185576675,0.8900655363963734,1.7492393314822634,0.682543275771569,0.874269059301283,-0.4262171823265954,-0.3844915784052375,0.0,-0.0,0.0,0.682543275771569,0.22035472
0.4287464628562722,-1.319344185576675,0.8900655363963734,1.7492393314822634,0.682543275771569,0.874269059301283,-0.4262171823265954,-0.3844915784052375,0.0,-0.0,0.0,0.682543275771569,0.22035472
0.4287464628562722,-1.319344185576675,0.8900655363963734,1.7492393314822634,0.682543275771569,0.874269059301283,-0.4262171823265954,-0.3844915784052375,0.0,-0.0,0.0,0.682543275771569,0.22035472
0.4287464628562722,-1.319344185576675,0.8900655363963734,1.7492393314822634,0.682543275771569,0.874269059301283,-0.4262171823265954,-0.3844915784052375,0.0,-0.0,0.0,0.682543275771569,0.22035472
0.4287464628562722,-1.319344185576675,0.8900655363963734,1.7492393314822634,0.682543275771569,0.874269059301283,-0.4262171823265954,-0.3844915784052375,0.0,-0.0,0.0,0.682543275771569,0.22035472
0.4287464628562722,-1.319344185576675,0.8900655363963734,1.7492393314822634,0.682543275771569,0.874269059301283,-0.4262171823265954,-0.3844915784052375,0.0,-0.0,0.0,0.682543275771569,0.22035472
0.4287464628562722,-1.319344185576675,0.8900655363963734,1.7492393314822634,0.682543275771569,0.874269059301283,-0.4262171823265954,-0.3844915784052375,0.0,-0.0,0.0,0.682543275771569,0.22035472
0.4287464628562722,-1.319344185576675,0.8900655363963734,1.7492393314822634,0.682543275771569,0.874269059301283,-0.4262171823265954,-0.3844915784052375,0.0,-0.0,0.0,0.682543275771569,0.22035472
0.4287464628562722,-1.319344185576675,0.8900655363963734,1.7492393314822634,0.682543275771569,0.874269059301283,-0.4262171823265954,-0.3844915784052375,0.0,-0.0,0.0,0.682543275771569,0.22035472
0.4287464628562722,-1.319344185576675,0.8900655363963734,1.7492393314822634,0.682543275771569,0.874269059301283,-0.4262171823265954,-0.3844915784052375,0.0,-0.0,0.0,0.682543275771569,0.22035472
0.4287464628562722,-1.319344185576675,0.8900655363963734,1.7492393314822634,0.682543275771569,0.874269059301283,-0.4262171823265954,-0.3844915784052375,0.0,-0.0,0.0,0.682543275771569,0.22035472
0.4287464628562722,-1.319344185576675,0.8900655363963734,1.7492393314822634,0.682543275771569,0.874269059301283,-0.4262171823265954,-0.3844915784052375,0.0,-0.0,0.0,0.682543275771569,0.22035472
0.4287464628562722,-1.319344185576675,0.8900655363963734,1.7492393314822634,0.682543275771569,0.874269059301283,-0.4262171823265954,-0.3844915784052375,0.0,-0.0,0.0,0.682543275771569,0.22035472
0.4287464628562722,-1.319344185576675,0.8900655363963734,1.7492393314822634,0.682543275771569,0.874269059301283,-0.4262171823265954,-0.3844915784052375,0.0,-0.0,0.0,0.682543275771569,0.22035472
0.4287464628562722,-1.319344185576675,0.8900655363963734,1.7492393314822634,0.682543275771569,0.874269059301283,-0.4262171823265954,-0.3844915784052375,0.0,-0.0,0.0,0.682543275771569,0.22035472
0.4287464628562722,-1.319344185576675,0.8900655363963734,1.7492393314822634,0.682543275771569,0.874269059301283,-0.4262171823265954,-0.3844915784052375,0.0,-0.0,0.0,0.682543275771569,0.22035472
0.4287464628562722,-1.319344185576675,0.8900655363963734,1.7492393314822634,0.682543275771569,0.874269059301283,-0.4262171823265954,-0.3844915784052375,0.0,-0.0,0.0,0.682543275771569,0.22035472
0.4287464628562722,-1.319344185576675,0.8900655363963734,1.7492393314822634,0.682543275771569,0.874269059301283,-0.4262171823265954,-0.3844915784052375,0.0,-0.0,0.0,0.682543275771569,0.22035472
0.4287464628562722,-1.319344185576675,0.8900655363963734,1.7492393314822634,0.682543275771569,0.874269059301283,-0.4262171823265954,-0.3844915784052375,0.0,-0.0,0.0,0.682543275771569,0.22035472
0.4287464628562722,-1.319344185576675,0.8900655363963734,1.7492393314822634,0.682543275771569,0.874269059301283,-0.4262171823265954,-0.3844915784052375,0.0,-0.0,0.0,0.682543275771569,0.22035472
0.4287464628562722,-1.319344185576675,0.8900655363963734,1.7492393314822634,0.682543275771569,0.874269059301283,-0.4262171823265954,-0.3844915784052375,0.0,-0.0,0.0,0.682543275771569,0.22035472
0.4287464628562722,-1.319344185576675,0.8900655363963734,1.7492393314822634,0.682543275771569,0.874269059301283,-0.4262171823265954,-0.3844915784052375,0.0,-0.0,0.0,0.682543275771569,0.22035472
0.4287464628562722,-1.319344185576675,0.8900655363963734,1.7492393314822634,0.682543275771569,0.874269059301283,-0.4262171823265954,-0.3844915784052375,0.0,-0.0,0.0,0.682543275771569,0.22035472
-1.3719886811400708,-0.8216275167663127,-1.4859568700854713,-1.2360934371854062,-0.2477237748155402,1.367093075260208,1.8885830320333623,2.051929545978972,0.0,-1.6432550335326257,-0.0,-0.2477237748155402,0.21322586
-1.3719886811400708,-0.8216275167663127,-1.4859568700854713,-1.2360934371854062,-0.2477237748155402,1.367093075260208,1.8885830320333623,2.051929545978972,0.0,-1.6432550335326257,-0.0,-0.2477237748155402,0.21322586
-1.3719886811400708,-0.8216275167663127,-1.4859568700854713,-1.2360934371854062,-0.2477237748155402,1.367093075260208,1.8885830320333623,2.051929545978972,0.0,-1.6432550335326257,-0.0,-0.2477237748155402,0.21322586
-1.3719886811400708,-0.8216275167663127,-1.4859568700854713,-1.2360934371854062,-0.2477237748155402,1.367093075260208,1.8885830320333623,2.051929545978972,0.0,-1.6432550335326257,-0.0,-0.2477237748155402,0.21322586
1.0289915108550531,0.6715224896647745,1.3652700176927424,1.3348975176491378,0.9233182770999976,-1.6602544513446176,-0.2718971680359315,-0.4198020294832695,0.0,0.0,0.0,0.9233182770999976,0.21024701
1.0289915108550531,0.6715224896647745,1.3652700176927424,1.3348975176491378,0.9233182770999976,-1.6602544513446176,-0.2718971680359315,-0.4198020294832695,0.0,0.0,0.0,0.9233182770999976,0.21024701
1.0289915108550531,0.6715224896647745,1.3652700176927424,1.3348975176491378,0.9233182770999976,-1.6602544513446176,-0.2718971680359315,-0.4198020294832695,0.0,0.0,0.0,0.9233182770999976,0.21024701
1.0289915108550531,0.6715224896647745,1.3652700176927424,1.3348975176491378,0.9233182770999976,-1.6602544513446176,-0.2718971680359315,-0.4198020294832695,0.0,0.0,0.0,0.9233182770999976,0.21024701
1.0289915108550531,0.6715224896647745,1.3652700176927424,1.3348975176491378,0.9233182770999976,-1.6602544513446176,-0.2718971680359315,-0.4198020294832695,0.0,0.0,0.0,0.9233182770999976,0.21024701
1.0289915108550531,0.6715224896647745,1.3652700176927424,1.3348975176491378,0.9233182770999976,-1.6602544513446176,-0.2718971680359315,-0.4198020294832695,0.0,0.0,0.0,0.9233182770999976,0.21024701
1.0289915108550531,0.6715224896647745,1.3652700176927424,1.3348975176491378,0.9233182770999976,-1.6602544513446176,-0.2718971680359315,-0.4198020294832695,0.0,0.0,0.0,0.9233182770999976,0.21024701
1.0289915108550531,0.6715224896647745,1.3652700176927424,1.3348975176491378,0.9233182770999976,-1.6602544513446176,-0.2718971680359315,-0.4198020294832695,0.0,0.0,0.0,0.9233182770999976,0.21024701
1.0289915108550531,0.6715224896647745,1.3652700176927424,1.3348975176491378,0.9233182770999976,-1.6602544513446176,-0.2718971680359315,-0.4198020294832695,0.0,0.0,0.0,0.9233182770999976,0.21024701
1.0289915108550531,0.6715224896647745,1.3652700176927424,1.3348975176491378,0.9233182770999976,-1.6602544513446176,-0.2718971680359315,-0.4198020294832695,0.0,0.0,0.0,0.9233182770999976,0.21024701
1.0289915108550531,0.6715224896647745,1.3652700176927424,1.3348975176491378,0.9233182770999976,-1.6602544513446176,-0.2718971680359315,-0.4198020294832695,0.0,0.0,0.0,0.9233182770999976,0.21024701
1.0289915108550531,0.6715224896647745,1.3652700176927424,1.3348975176491378,0.9233182770999976,-1.6602544513446176,-0.2718971680359315,-0.4198020294832695,0.0,0.0,0.0,0.9233182770999976,0.21024701
1.0289915108550531,0.6715224896647745,1.3652700176927424,1.3348975176491378,0.9233182770999976,-1.6602544513446176,-0.2718971680359315,-0.4198020294832695,0.0,0.0,0.0,0.9233182770999976,0.21024701
1.0289915108550531,0.6715224896647745,1.3652700176927424,1.3348975176491378,0.9233182770999976,-1.6602544513446176,-0.2718971680359315,-0.4198020294832695,0.0,0.0,0.0,0.9233182770999976,0.21024701
1.0289915108550531,0.6715224896647745,1.3652700176927424,1.3348975176491378,0.9233182770999976,-1.6602544513446176,-0.2718971680359315,-0.4198020294832695,0.0,0.0,0.0,0.9233182770999976,0.21024701
1.0289915108550531,0.6715224896647745,1.3652700176927424,1.3348975176491378,0.9233182770999976,-1.6602544513446176,-0.2718971680359315,-0.4198020294832695,0.0,0.0,0.0,0.9233182770999976,0.21024701
1.0289915108550531,0.6715224896647745,1.3652700176927424,1.3348975176491378,0.9233182770999976,-1.6602544513446176,-0.2718971680359315,-0.4198020294832695,0.0,0.0,0.0,0.9233182770999976,0.21024701
1.0289915108550531,0.6715224896647745,1.3652700176927424,1.3348975176491378,0.9233182770999976,-1.6602544513446176,-0.2718971680359315,-0.4198020294832695,0.0,0.0,0.0,0.9233182770999976,0.21024701
1.0289915108550531,0.6715224896647745,1.3652700176927424,1.3348975176491378,0.9233182770999976,-1.6602544513446176,-0.2718971680359315,-0.4198020294832695,0.0,0.0,0.0,0.9233182770999976,0.21024701
1.0289915108550531,0.6715224896647745,1.3652700176927424,1.3348975176491378,0.9233182770999976,-1.6602544513446176,-0.2718971680359315,-0.4198020294832695,0.0,0.0,0.0,0.9233182770999976,0.21024701
1.0289915108550531,0.6715224896647745,1.3652700176927424,1.3348975176491378,0.9233182770999976,-1.6602544513446176,-0.2718971680359315,-0.4198020294832695,0.0,0.0,0.0,0.9233182770999976,0.21024701
1.0289915108550531,0.6715224896647745,1.3652700176927424,1.3348975176491378,0.9233182770999976,-1.6602544513446176,-0.2718971680359315,-0.4198020294832695,0.0,0.0,0.0,0.9233182770999976,0.21024701
1.0289915108550531,0.6715224896647745,1.3652700176927424,1.3348975176491378,0.9233182770999976,-1.6602544513446176,-0.2718971680359315,-0.4198020294832695,0.0,0.0,0.0,0.9233182770999976,0.21024701
1.6292365588538342,0.6715224896647745,1.3652700176927424,1.2934633362658254,1.142204641944023,-1.5429153999258258,-0.2718971680359315,-0.3491811273272055,0.0,0.0,0.0,1.142204641944023,0.20894903
1.6292365588538342,0.6715224896647745,1.3652700176927424,1.2934633362658254,1.142204641944023,-1.5429153999258258,-0.2718971680359315,-0.3491811273272055,0.0,0.0,0.0,1.142204641944023,0.20894903
1.6292365588538342,0.6715224896647745,1.3652700176927424,1.2934633362658254,1.142204641944023,-1.5429153999258258,-0.2718971680359315,-0.3491811273272055,0.0,0.0,0.0,1.142204641944023,0.20894903
1.6292365588538342,0.6715224896647745,1.3652700176927424,1.2934633362658254,1.142204641944023,-1.5429153999258258,-0.2718971680359315,-0.3491811273272055,0.0,0.0,0.0,1.142204641944023,0.20894903
1.6292365588538342,0.6715224896647745,1.3652700176927424,1.2934633362658254,1.142204641944023,-1.5429153999258258,-0.2718971680359315,-0.3491811273272055,0.0,0.0,0.0,1.142204641944023,0.20894903
1.6292365588538342,0.6715224896647745,1.3652700176927424,1.2934633362658254,1.142204641944023,-1.5429153999258258,-0.2718971680359315,-0.3491811273272055,0.0,0.0,0.0,1.142204641944023,0.20894903
1.6292365588538342,0.6715224896647745,1.3652700176927424,1.2934633362658254,1.142204641944023,-1.5429153999258258,-0.2718971680359315,-0.3491811273272055,0.0,0.0,0.0,1.142204641944023,0.20894903
1.6292365588538342,0.6715224896647745,1.3652700176927424,1.2934633362658254,1.142204641944023,-1.5429153999258258,-0.2718971680359315,-0.3491811273272055,0.0,0.0,0.0,1.142204641944023,0.20894903
1.6292365588538342,0.6715224896647745,1.3652700176927424,1.2934633362658254,1.142204641944023,-1.5429153999258258,-0.2718971680359315,-0.3491811273272055,0.0,0.0,0.0,1.142204641944023,0.20894903
1.6292365588538342,0.6715224896647745,1.3652700176927424,1.2934633362658254,1.142204641944023,-1.5429153999258258,-0.2718971680359315,-0.3491811273272055,0.0,0.0,0.0,1.142204641944023,0.20894903
1.6292365588538342,0.6715224896647745,1.3652700176927424,1.2934633362658254,1.142204641944023,-1.5429153999258258,-0.2718971680359315,-0.3491811273272055,0.0,0.0,0.0,1.142204641944023,0.20894903
1.6292365588538342,0.6715224896647745,1.3652700176927424,1.2934633362658254,1.142204641944023,-1.5429153999258258,-0.2718971680359315,-0.3491811273272055,0.0,0.0,0.0,1.142204641944023,0.20894903
1.6292365588538342,0.6715224896647745,1.3652700176927424,1.2934633362658254,1.142204641944023,-1.5429153999258258,-0.2718971680359315,-0.3491811273272055,0.0,0.0,0.0,1.142204641944023,0.20894903
1.6292365588538342,0.6715224896647745,1.3652700176927424,1.2934633362658254,1.142204641944023,-1.5429153999258258,-0.2718971680359315,-0.3491811273272055,0.0,0.0,0.0,1.142204641944023,0.20894903
1.6292365588538342,0.6715224896647745,1.3652700176927424,1.2934633362658254,1.142204641944023,-1.5429153999258258,-0.2718971680359315,-0.3491811273272055,0.0,0.0,0.0,1.142204641944023,0.20894903
1.6292365588538342,0.6715224896647745,1.3652700176927424,1.2934633362658254,1.142204641944023,-1.5429153999258258,-0.2718971680359315,-0.3491811273272055,0.0,0.0,0.0,1.142204641944023,0.20894903
1.6292365588538342,0.6715224896647745,1.3652700176927424,1.2934633362658254,1.142204641944023,-1.5429153999258258,-0.2718971680359315,-0.3491811273272055,0.0,0.0,0.0,1.142204641944023,0.20894903
1.6292365588538342,0.6715224896647745,1.3652700176927424,1.2934633362658254,1.142204641944023,-1.5429153999258258,-0.2718971680359315,-0.3491811273272055,0.0,0.0,0.0,1.142204641944023,0.20894903
1.6292365588538342,0.6715224896647745,1.3652700176927424,1.2934633362658254,1.142204641944023,-1.5429153999258258,-0.2718971680359315,-0.3491811273272055,0.0,0.0,0.0,1.142204641944023,0.20894903
1.6292365588538342,0.6715224896647745,1.3652700176927424,1.2934633362658254,1.142204641944023,-1.5429153999258258,-0.2718971680359315,-0.3491811273272055,0.0,0.0,0.0,1.142204641944023,0.20894903
1.6292365588538342,0.6715224896647745,1.3652700176927424,1.2934633362658254,1.142204641944023,-1.5429153999258258,-0.2718971680359315,-0.3491811273272055,0.0,0.0,0.0,1.142204641944023,0.20894903
1.6292365588538342,0.6715224896647745,1.3652700176927424,1.2934633362658254,1.142204641944023,-1.5429153999258258,-0.2718971680359315,-0.3491811273272055,0.0,0.0,0.0,1.142204641944023,0.20894903
1.6292365588538342,0.6715224896647745,1.3652700176927424,1.2934633362658254,1.142204641944023,-1.5429153999258258,-0.2718971680359315,-0.3491811273272055,0.0,0.0,0.0,1.142204641944023,0.20894903
1.6292365588538342,0.6715224896647745,1.3652700176927424,1.2934633362658254,1.142204641944023,-1.5429153999258258,-0.2718971680359315,-0.3491811273272055,0.0,0.0,0.0,1.142204641944023,0.20894903
1.6292365588538342,0.6715224896647745,1.3652700176927424,1.2934633362658254,1.142204641944023,-1.5429153999258258,-0.2718971680359315,-0.3491811273272055,0.0,0.0,0.0,1.142204641944023,0.20894903
1.6292365588538342,0.6715224896647745,1.3652700176927424,1.2934633362658254,1.142204641944023,-1.5429153999258258,-0.2718971680359315,-0.3491811273272055,0.0,0.0,0.0,1.142204641944023,0.20894903
1.6292365588538342,0.6715224896647745,1.3652700176927424,1.2934633362658254,1.142204641944023,-1.5429153999258258,-0.2718971680359315,-0.3491811273272055,0.0,0.0,0.0,1.142204641944023,0.20894903
1.6292365588538342,0.6715224896647745,1.3652700176927424,1.2934633362658254,1.142204641944023,-1.5429153999258258,-0.2718971680359315,-0.3491811273272055,0.0,0.0,0.0,1.142204641944023,0.20894903
-1.3719886811400708,-0.8216275167663127,-1.0107523887891023,-1.255567502435563,1.2844807790926402,0.4283806639098746,1.1169829605800432,2.405034056759292,0.0,-0.0,-0.0,1.2844807790926402,0.19218215
-1.3719886811400708,-0.8216275167663127,-1.0107523887891023,-1.255567502435563,1.2844807790926402,0.4283806639098746,1.1169829605800432,2.405034056759292,0.0,-0.0,-0.0,1.2844807790926402,0.19218215
-1.3719886811400708,-0.8216275167663127,-1.0107523887891023,-1.255567502435563,1.2844807790926402,0.4283806639098746,1.1169829605800432,2.405034056759292,0.0,-0.0,-0.0,1.2844807790926402,0.19218215
-1.3719886811400708,-0.8216275167663127,-1.0107523887891023,-1.255567502435563,1.2844807790926402,0.4283806639098746,1.1169829605800432,2.405034056759292,0.0,-0.0,-0.0,1.2844807790926402,0.19218215
-1.3719886811400708,-0.8216275167663127,-1.0107523887891023,-1.255567502435563,1.2844807790926402,0.4283806639098746,1.1169829605800432,2.405034056759292,0.0,-0.0,-0.0,1.2844807790926402,0.19218215
-1.3719886811400708,-0.8216275167663127,-1.0107523887891023,-1.255567502435563,1.2844807790926402,0.4283806639098746,1.1169829605800432,2.405034056759292,0.0,-0.0,-0.0,1.2844807790926402,0.19218215
-1.3719886811400708,-0.8216275167663127,-1.0107523887891023,-1.255567502435563,1.2844807790926402,0.4283806639098746,1.1169829605800432,2.405034056759292,0.0,-0.0,-0.0,1.2844807790926402,0.19218215
-1.3719886811400708,-0.8216275167663127,-1.0107523887891023,-1.255567502435563,1.2844807790926402,0.4283806639098746,1.1169829605800432,2.405034056759292,0.0,-0.0,-0.0,1.2844807790926402,0.19218215
-1.3719886811400708,-0.8216275167663127,-1.0107523887891023,-1.255567502435563,1.2844807790926402,0.4283806639098746,1.1169829605800432,2.405034056759292,0.0,-0.0,-0.0,1.2844807790926402,0.19218215
-1.3719886811400708,-0.8216275167663127,-1.0107523887891023,-1.255567502435563,1.2844807790926402,0.4283806639098746,1.1169829605800432,2.405034056759292,0.0,-0.0,-0.0,1.2844807790926402,0.19218215
-1.3719886811400708,-0.8216275167663127,-1.0107523887891023,-1.255567502435563,1.2844807790926402,0.4283806639098746,1.1169829605800432,2.405034056759292,0.0,-0.0,-0.0,1.2844807790926402,0.19218215
-1.3719886811400708,-0.8216275167663127,-1.0107523887891023,-1.255567502435563,1.2844807790926402,0.4283806639098746,1.1169829605800432,2.405034056759292,0.0,-0.0,-0.0,1.2844807790926402,0.19218215
-1.3719886811400708,-0.8216275167663127,-1.0107523887891023,-1.255567502435563,1.2844807790926402,0.4283806639098746,1.1169829605800432,2.405034056759292,0.0,-0.0,-0.0,1.2844807790926402,0.19218215
-1.3719886811400708,-0.8216275167663127,-1.0107523887891023,-1.255567502435563,1.2844807790926402,0.4283806639098746,1.1169829605800432,2.405034056759292,0.0,-0.0,-0.0,1.2844807790926402,0.19218215
-1.3719886811400708,-0.8216275167663127,-1.0107523887891023,-1.255567502435563,1.2844807790926402,0.4283806639098746,1.1169829605800432,2.405034056759292,0.0,-0.0,-0.0,1.2844807790926402,0.19218215
-1.3719886811400708,-0.8216275167663127,-1.0107523887891023,-1.255567502435563,1.2844807790926402,0.4283806639098746,1.1169829605800432,2.405034056759292,0.0,-0.0,-0.0,1.2844807790926402,0.19218215
-1.3719886811400708,-0.8216275167663127,-1.0107523887891023,-1.255567502435563,1.2844807790926402,0.4283806639098746,1.1169829605800432,2.405034056759292,0.0,-0.0,-0.0,1.2844807790926402,0.19218215
-1.3719886811400708,-0.8216275167663127,-1.0107523887891023,-1.255567502435563,1.2844807790926402,0.4283806639098746,1.1169829605800432,2.405034056759292,0.0,-0.0,-0.0,1.2844807790926402,0.19218215
-1.3719886811400708,-0.8216275167663127,-1.0107523887891023,-1.255567502435563,1.2844807790926402,0.4283806639098746,1.1169829605800432,2.405034056759292,0.0,-0.0,-0.0,1.2844807790926402,0.19218215
-1.3719886811400708,-1.319344185576675,-1.0107523887891023,-1.1474242890251172,1.0655944142486142,-0.2756536446028755,0.8855029391440474,2.475654958915356,0.0,-0.0,-0.0,1.0655944142486142,0.18329029
-1.3719886811400708,-1.319344185576675,-1.0107523887891023,-1.1474242890251172,1.0655944142486142,-0.2756536446028755,0.8855029391440474,2.475654958915356,0.0,-0.0,-0.0,1.0655944142486142,0.18329029
-1.3719886811400708,-1.319344185576675,-1.0107523887891023,-1.1474242890251172,1.0655944142486142,-0.2756536446028755,0.8855029391440474,2.475654958915356,0.0,-0.0,-0.0,1.0655944142486142,0.18329029
-1.3719886811400708,-1.319344185576675,-1.0107523887891023,-1.1474242890251172,1.0655944142486142,-0.2756536446028755,0.8855029391440474,2.475654958915356,0.0,-0.0,-0.0,1.0655944142486142,0.18329029
-1.3719886811400708,-1.319344185576675,-1.0107523887891023,-1.1474242890251172,1.0655944142486142,-0.2756536446028755,0.8855029391440474,2.475654958915356,0.0,-0.0,-0.0,1.0655944142486142,0.18329029
-1.3719886811400708,-1.319344185576675,-1.0107523887891023,-1.1474242890251172,1.0655944142486142,-0.2756536446028755,0.8855029391440474,2.475654958915356,0.0,-0.0,-0.0,1.0655944142486142,0.18329029
-1.3719886811400708,-1.319344185576675,-1.0107523887891023,-1.1474242890251172,1.0655944142486142,-0.2756536446028755,0.8855029391440474,2.475654958915356,0.0,-0.0,-0.0,1.0655944142486142,0.18329029
-1.3719886811400708,-1.319344185576675,-1.0107523887891023,-1.1474242890251172,1.0655944142486142,-0.2756536446028755,0.8855029391440474,2.475654958915356,0.0,-0.0,-0.0,1.0655944142486142,0.18329029
-1.3719886811400708,-1.319344185576675,-1.0107523887891023,-1.1474242890251172,1.0655944142486142,-0.2756536446028755,0.8855029391440474,2.475654958915356,0.0,-0.0,-0.0,1.0655944142486142,0.18329029
-1.3719886811400708,-1.319344185576675,-1.0107523887891023,-1.1474242890251172,1.0655944142486142,-0.2756536446028755,0.8855029391440474,2.475654958915356,0.0,-0.0,-0.0,1.0655944142486142,0.18329029
-1.3719886811400708,-1.319344185576675,-1.0107523887891023,-1.1474242890251172,1.0655944142486142,-0.2756536446028755,0.8855029391440474,2.475654958915356,0.0,-0.0,-0.0,1.0655944142486142,0.18329029
-1.3719886811400708,-1.319344185576675,-1.0107523887891023,-1.1474242890251172,1.0655944142486142,-0.2756536446028755,0.8855029391440474,2.475654958915356,0.0,-0.0,-0.0,1.0655944142486142,0.18329029
-1.3719886811400708,-1.319344185576675,-1.0107523887891023,-1.1474242890251172,1.0655944142486142,-0.2756536446028755,0.8855029391440474,2.475654958915356,0.0,-0.0,-0.0,1.0655944142486142,0.18329029
-0.7717436331412898,0.1738058208544121,0.8900655363963734,1.3348975176491378,0.7263205487403742,1.2497540238414162,-0.1175771537452677,-0.5257333827173656,0.0,0.1738058208544121,0.0,0.7263205487403742,0.18279977
1.6292365588538342,1.6669558272854992,-0.5355479074927335,-1.0268508211996776,-1.199879461887052,-1.3317051073720008,-0.5805371966172592,-0.5257333827173656,0.0,3.3339116545709984,-0.0,-1.199879461887052,0.17539568
1.6292365588538342,1.6669558272854992,-0.5355479074927335,-1.0268508211996776,-1.199879461887052,-1.3317051073720008,-0.5805371966172592,-0.5257333827173656,0.0,3.3339116545709984,-0.0,-1.199879461887052,0.17539568
1.6292365588538342,1.6669558272854992,-0.5355479074927335,-1.0268508211996776,-1.199879461887052,-1.3317051073720008,-0.5805371966172592,-0.5257333827173656,0.0,3.3339116545709984,-0.0,-1.199879461887052,0.17539568
0.4287464628562722,1.6669558272854992,-1.4859568700854713,0.5062138899828869,-0.7730510504412019,-0.8623489016968339,-0.0404171465999357,-0.3491811273272055,0.0,0.0,-0.0,-0.7730510504412019,0.17165628
0.4287464628562722,1.6669558272854992,-1.4859568700854713,0.5062138899828869,-0.7730510504412019,-0.8623489016968339,-0.0404171465999357,-0.3491811273272055,0.0,0.0,-0.0,-0.7730510504412019,0.17165628
0.4287464628562722,1.6669558272854992,-1.4859568700854713,0.5062138899828869,-0.7730510504412019,-0.8623489016968339,-0.0404171465999357,-0.3491811273272055,0.0,0.0,-0.0,-0.7730510504412019,0.17165628
0.4287464628562722,1.6669558272854992,-1.4859568700854713,0.5062138899828869,-0.7730510504412019,-0.8623489016968339,-0.0404171465999357,-0.3491811273272055,0.0,0.0,-0.0,-0.7730510504412019,0.17165628
0.4287464628562722,1.6669558272854992,-1.4859568700854713,0.5062138899828869,-0.7730510504412019,-0.8623489016968339,-0.0404171465999357,-0.3491811273272055,0.0,0.0,-0.0,-0.7730510504412019,0.17165628
0.4287464628562722,1.6669558272854992,-1.4859568700854713,0.5062138899828869,-0.7730510504412019,-0.8623489016968339,-0.0404171465999357,-0.3491811273272055,0.0,0.0,-0.0,-0.7730510504412019,0.17165628
0.4287464628562722,1.6669558272854992,-1.4859568700854713,0.5062138899828869,-0.7730510504412019,-0.8623489016968339,-0.0404171465999357,-0.3491811273272055,0.0,0.0,-0.0,-0.7730510504412019,0.17165628
0.4287464628562722,1.6669558272854992,-1.4859568700854713,0.5062138899828869,-0.7730510504412019,-0.8623489016968339,-0.0404171465999357,-0.3491811273272055,0.0,0.0,-0.0,-0.7730510504412019,0.17165628
0.4287464628562722,1.6669558272854992,-1.4859568700854713,0.5062138899828869,-0.7730510504412019,-0.8623489016968339,-0.0404171465999357,-0.3491811273272055,0.0,0.0,-0.0,-0.7730510504412019,0.17165628
0.4287464628562722,1.6669558272854992,-1.4859568700854713,0.5062138899828869,-0.7730510504412019,-0.8623489016968339,-0.0404171465999357,-0.3491811273272055,0.0,0.0,-0.0,-0.7730510504412019,0.17165628
0.4287464628562722,1.6669558272854992,-1.4859568700854713,0.5062138899828869,-0.7730510504412019,-0.8623489016968339,-0.0404171465999357,-0.3491811273272055,0.0,0.0,-0.0,-0.7730510504412019,0.17165628
0.4287464628562722,1.6669558272854992,-1.4859568700854713,0.5062138899828869,-0.7730510504412019,-0.8623489016968339,-0.0404171465999357,-0.3491811273272055,0.0,0.0,-0.0,-0.7730510504412019,0.17165628
0.4287464628562722,1.6669558272854992,-1.4859568700854713,0.5062138899828869,-0.7730510504412019,-0.8623489016968339,-0.0404171465999357,-0.3491811273272055,0.0,0.0,-0.0,-0.7730510504412019,0.17165628
0.4287464628562722,1.6669558272854992,-1.4859568700854713,0.5062138899828869,-0.7730510504412019,-0.8623489016968339,-0.0404171465999357,-0.3491811273272055,0.0,0.0,-0.0,-0.7730510504412019,0.17165628
0.4287464628562722,1.6669558272854992,-1.4859568700854713,0.5062138899828869,-0.7730510504412019,-0.8623489016968339,-0.0404171465999357,-0.3491811273272055,0.0,0.0,-0.0,-0.7730510504412019,0.17165628
0.4287464628562722,1.6669558272854992,-1.4859568700854713,0.5062138899828869,-0.7730510504412019,-0.8623489016968339,-0.0404171465999357,-0.3491811273272055,0.0,0.0,-0.0,-0.7730510504412019,0.17165628
0.4287464628562722,1.6669558272854992,-1.4859568700854713,0.5062138899828869,-0.7730510504412019,-0.8623489016968339,-0.0404171465999357,-0.3491811273272055,0.0,0.0,-0.0,-0.7730510504412019,0.17165628
0.4287464628562722,1.6669558272854992,-1.4859568700854713,0.5062138899828869,-0.7730510504412019,-0.8623489016968339,-0.0404171465999357,-0.3491811273272055,0.0,0.0,-0.0,-0.7730510504412019,0.17165628
0.4287464628562722,1.6669558272854992,-1.4859568700854713,0.5062138899828869,-0.7730510504412019,-0.8623489016968339,-0.0404171465999357,-0.3491811273272055,0.0,0.0,-0.0,-0.7730510504412019,0.17165628
0.4287464628562722,1.6669558272854992,-1.4859568700854713,0.5062138899828869,-0.7730510504412019,-0.8623489016968339,-0.0404171465999357,-0.3491811273272055,0.0,0.0,-0.0,-0.7730510504412019,0.17165628
0.4287464628562722,1.6669558272854992,-1.4859568700854713,0.5062138899828869,-0.7730510504412019,-0.8623489016968339,-0.0404171465999357,-0.3491811273272055,0.0,0.0,-0.0,-0.7730510504412019,0.17165628
0.4287464628562722,1.6669558272854992,-1.4859568700854713,0.5062138899828869,-0.7730510504412019,-0.8623489016968339,-0.0404171465999357,-0.3491811273272055,0.0,0.0,-0.0,-0.7730510504412019,0.17165628
0.4287464628562722,1.6669558272854992,-1.4859568700854713,0.5062138899828869,-0.7730510504412019,-0.8623489016968339,-0.0404171465999357,-0.3491811273272055,0.0,0.0,-0.0,-0.7730510504412019,0.17165628
-1.3719886811400708,-0.3239108479559503,1.3652700176927424,1.04485824796595,-1.112324915949442,0.8038656284500079,-0.1947371608905996,-0.3491811273272055,0.0,-0.6478216959119006,0.0,-1.112324915949442,0.16767597
-1.3719886811400708,-0.3239108479559503,1.3652700176927424,1.04485824796595,-1.112324915949442,0.8038656284500079,-0.1947371608905996,-0.3491811273272055,0.0,-0.6478216959119006,0.0,-1.112324915949442,0.16767597
-0.7717436331412898,0.1738058208544121,0.8900655363963734,1.3348975176491378,0.7263205487403742,1.2497540238414162,-0.1175771537452677,-0.5257333827173656,0.0,0.0,0.0,0.7263205487403742,0.16741626
-0.7717436331412898,0.1738058208544121,0.8900655363963734,1.3348975176491378,0.7263205487403742,1.2497540238414162,-0.1175771537452677,-0.5257333827173656,0.0,0.0,0.0,0.7263205487403742,0.16741626
-0.7717436331412898,0.1738058208544121,0.8900655363963734,1.3348975176491378,0.7263205487403742,1.2497540238414162,-0.1175771537452677,-0.5257333827173656,0.0,0.0,0.0,0.7263205487403742,0.16741626
-0.7717436331412898,0.1738058208544121,0.8900655363963734,1.3348975176491378,0.7263205487403742,1.2497540238414162,-0.1175771537452677,-0.5257333827173656,0.0,0.0,0.0,0.7263205487403742,0.16741626
-0.7717436331412898,0.1738058208544121,0.8900655363963734,1.3348975176491378,0.7263205487403742,1.2497540238414162,-0.1175771537452677,-0.5257333827173656,0.0,0.0,0.0,0.7263205487403742,0.16741626
-0.7717436331412898,0.1738058208544121,0.8900655363963734,1.3348975176491378,0.7263205487403742,1.2497540238414162,-0.1175771537452677,-0.5257333827173656,0.0,0.0,0.0,0.7263205487403742,0.16741626
-0.7717436331412898,0.1738058208544121,0.8900655363963734,1.3348975176491378,0.7263205487403742,1.2497540238414162,-0.1175771537452677,-0.5257333827173656,0.0,0.0,0.0,0.7263205487403742,0.16741626
-0.7717436331412898,0.1738058208544121,0.8900655363963734,1.3348975176491378,0.7263205487403742,1.2497540238414162,-0.1175771537452677,-0.5257333827173656,0.0,0.0,0.0,0.7263205487403742,0.16741626
-0.7717436331412898,0.1738058208544121,0.8900655363963734,1.3348975176491378,0.7263205487403742,1.2497540238414162,-0.1175771537452677,-0.5257333827173656,0.0,0.0,0.0,0.7263205487403742,0.16741626
-0.7717436331412898,0.1738058208544121,0.8900655363963734,1.3348975176491378,0.7263205487403742,1.2497540238414162,-0.1175771537452677,-0.5257333827173656,0.0,0.0,0.0,0.7263205487403742,0.16741626
-0.7717436331412898,0.1738058208544121,0.8900655363963734,1.3348975176491378,0.7263205487403742,1.2497540238414162,-0.1175771537452677,-0.5257333827173656,0.0,0.0,0.0,0.7263205487403742,0.16741626
-0.7717436331412898,0.1738058208544121,0.8900655363963734,1.3348975176491378,0.7263205487403742,1.2497540238414162,-0.1175771537452677,-0.5257333827173656,0.0,0.0,0.0,0.7263205487403742,0.16741626
-0.7717436331412898,0.1738058208544121,0.8900655363963734,1.3348975176491378,0.7263205487403742,1.2497540238414162,-0.1175771537452677,-0.5257333827173656,0.0,0.0,0.0,0.7263205487403742,0.16741626
-0.7717436331412898,0.1738058208544121,0.8900655363963734,1.3348975176491378,0.7263205487403742,1.2497540238414162,-0.1175771537452677,-0.5257333827173656,0.0,0.0,0.0,0.7263205487403742,0.16741626
-0.7717436331412898,0.1738058208544121,0.8900655363963734,1.3348975176491378,0.7263205487403742,1.2497540238414162,-0.1175771537452677,-0.5257333827173656,0.0,0.0,0.0,0.7263205487403742,0.16741626
-0.7717436331412898,0.1738058208544121,0.8900655363963734,1.3348975176491378,0.7263205487403742,1.2497540238414162,-0.1175771537452677,-0.5257333827173656,0.0,0.0,0.0,0.7263205487403742,0.16741626
-0.7717436331412898,0.1738058208544121,0.8900655363963734,1.3348975176491378,0.7263205487403742,1.2497540238414162,-0.1175771537452677,-0.5257333827173656,0.0,0.0,0.0,0.7263205487403742,0.16741626
-0.7717436331412898,0.1738058208544121,0.8900655363963734,1.3348975176491378,0.7263205487403742,1.2497540238414162,-0.1175771537452677,-0.5257333827173656,0.0,0.0,0.0,0.7263205487403742,0.16741626
-0.7717436331412898,0.1738058208544121,0.8900655363963734,1.3348975176491378,0.7263205487403742,1.2497540238414162,-0.1175771537452677,-0.5257333827173656,0.0,0.0,0.0,0.7263205487403742,0.16741626
-0.7717436331412898,0.1738058208544121,0.8900655363963734,1.3348975176491378,0.7263205487403742,1.2497540238414162,-0.1175771537452677,-0.5257333827173656,0.0,0.0,0.0,0.7263205487403742,0.16741626
-0.7717436331412898,0.1738058208544121,0.8900655363963734,1.3348975176491378,0.7263205487403742,1.2497540238414162,-0.1175771537452677,-0.5257333827173656,0.0,0.0,0.0,0.7263205487403742,0.16741626
-0.1714985851425087,1.169239158475137,0.4148610551000044,1.1277266107325752,0.8138750946779847,0.5926553358961827,-0.1947371608905996,-0.3491811273272055,0.0,0.0,0.0,0.8138750946779847,0.15720172
-0.1714985851425087,1.169239158475137,0.4148610551000044,1.1277266107325752,0.8138750946779847,0.5926553358961827,-0.1947371608905996,-0.3491811273272055,0.0,0.0,0.0,0.8138750946779847,0.15720172
-0.1714985851425087,1.169239158475137,0.4148610551000044,1.1277266107325752,0.8138750946779847,0.5926553358961827,-0.1947371608905996,-0.3491811273272055,0.0,0.0,0.0,0.8138750946779847,0.15720172
-0.1714985851425087,1.169239158475137,0.4148610551000044,1.1277266107325752,0.8138750946779847,0.5926553358961827,-0.1947371608905996,-0.3491811273272055,0.0,0.0,0.0,0.8138750946779847,0.15720172
-0.1714985851425087,1.169239158475137,0.4148610551000044,1.1277266107325752,0.8138750946779847,0.5926553358961827,-0.1947371608905996,-0.3491811273272055,0.0,0.0,0.0,0.8138750946779847,0.15720172
-0.1714985851425087,1.169239158475137,0.4148610551000044,1.1277266107325752,0.8138750946779847,0.5926553358961827,-0.1947371608905996,-0.3491811273272055,0.0,0.0,0.0,0.8138750946779847,0.15720172
-0.1714985851425087,1.169239158475137,0.4148610551000044,1.1277266107325752,0.8138750946779847,0.5926553358961827,-0.1947371608905996,-0.3491811273272055,0.0,0.0,0.0,0.8138750946779847,0.15720172
-0.1714985851425087,1.169239158475137,0.4148610551000044,1.1277266107325752,0.8138750946779847,0.5926553358961827,-0.1947371608905996,-0.3491811273272055,0.0,0.0,0.0,0.8138750946779847,0.15720172
-0.1714985851425087,1.169239158475137,0.4148610551000044,1.1277266107325752,0.8138750946779847,0.5926553358961827,-0.1947371608905996,-0.3491811273272055,0.0,0.0,0.0,0.8138750946779847,0.15720172
-0.1714985851425087,1.169239158475137,0.4148610551000044,1.1277266107325752,0.8138750946779847,0.5926553358961827,-0.1947371608905996,-0.3491811273272055,0.0,0.0,0.0,0.8138750946779847,0.15720172
-0.1714985851425087,1.169239158475137,0.4148610551000044,1.1277266107325752,0.8138750946779847,0.5926553358961827,-0.1947371608905996,-0.3491811273272055,0.0,0.0,0.0,0.8138750946779847,0.15720172
-0.1714985851425087,1.169239158475137,0.4148610551000044,1.1277266107325752,0.8138750946779847,0.5926553358961827,-0.1947371608905996,-0.3491811273272055,0.0,0.0,0.0,0.8138750946779847,0.15720172
-0.1714985851425087,1.169239158475137,0.4148610551000044,1.1277266107325752,0.8138750946779847,0.5926553358961827,-0.1947371608905996,-0.3491811273272055,0.0,0.0,0.0,0.8138750946779847,0.15720172
-0.1714985851425087,1.169239158475137,0.4148610551000044,1.1277266107325752,0.8138750946779847,0.5926553358961827,-0.1947371608905996,-0.3491811273272055,0.0,0.0,0.0,0.8138750946779847,0.15720172
-0.1714985851425087,1.169239158475137,0.4148610551000044,1.1277266107325752,0.8138750946779847,0.5926553358961827,-0.1947371608905996,-0.3491811273272055,0.0,0.0,0.0,0.8138750946779847,0.15720172
-0.1714985851425087,1.169239158475137,0.4148610551000044,1.1277266107325752,0.8138750946779847,0.5926553358961827,-0.1947371608905996,-0.3491811273272055,0.0,0.0,0.0,0.8138750946779847,0.15720172
-0.1714985851425087,1.169239158475137,0.4148610551000044,1.1277266107325752,0.8138750946779847,0.5926553358961827,-0.1947371608905996,-0.3491811273272055,0.0,0.0,0.0,0.8138750946779847,0.15720172
-0.1714985851425087,1.169239158475137,0.4148610551000044,1.1277266107325752,0.8138750946779847,0.5926553358961827,-0.1947371608905996,-0.3491811273272055,0.0,0.0,0.0,0.8138750946779847,0.15720172
-0.1714985851425087,1.169239158475137,0.4148610551000044,1.1277266107325752,0.8138750946779847,0.5926553358961827,-0.1947371608905996,-0.3491811273272055,0.0,0.0,0.0,0.8138750946779847,0.15720172
-0.1714985851425087,1.169239158475137,0.4148610551000044,1.1277266107325752,0.8138750946779847,0.5926553358961827,-0.1947371608905996,-0.3491811273272055,0.0,0.0,0.0,0.8138750946779847,0.15720172
-0.1714985851425087,1.169239158475137,0.4148610551000044,1.1277266107325752,0.8138750946779847,0.5926553358961827,-0.1947371608905996,-0.3491811273272055,0.0,0.0,0.0,0.8138750946779847,0.15720172
1.6292365588538342,0.6715224896647745,-1.4859568700854713,0.2161746202996989,-1.6595408280595063,-0.1348467829003256,-0.4262171823265954,-0.4198020294832695,0.0,0.6715224896647745,-0.0,-1.6595408280595063,0.14117596
0.4287464628562722,1.169239158475137,1.3652700176927424,0.9619898851993248,0.4636569109275436,0.1937025610722911,-0.3490571751812635,-0.4551124805613016,0.0,0.0,0.0,0.4636569109275436,0.12630497
0.4287464628562722,1.169239158475137,1.3652700176927424,0.9619898851993248,0.4636569109275436,0.1937025610722911,-0.3490571751812635,-0.4551124805613016,0.0,0.0,0.0,0.4636569109275436,0.12630497
0.4287464628562722,1.169239158475137,1.3652700176927424,0.9619898851993248,0.4636569109275436,0.1937025610722911,-0.3490571751812635,-0.4551124805613016,0.0,0.0,0.0,0.4636569109275436,0.12630497
0.4287464628562722,1.169239158475137,1.3652700176927424,0.9619898851993248,0.4636569109275436,0.1937025610722911,-0.3490571751812635,-0.4551124805613016,0.0,0.0,0.0,0.4636569109275436,0.12630497
0.4287464628562722,1.169239158475137,1.3652700176927424,0.9619898851993248,0.4636569109275436,0.1937025610722911,-0.3490571751812635,-0.4551124805613016,0.0,0.0,0.0,0.4636569109275436,0.12630497
0.4287464628562722,1.169239158475137,1.3652700176927424,0.9619898851993248,0.4636569109275436,0.1937025610722911,-0.3490571751812635,-0.4551124805613016,0.0,0.0,0.0,0.4636569109275436,0.12630497
0.4287464628562722,1.169239158475137,1.3652700176927424,0.9619898851993248,0.4636569109275436,0.1937025610722911,-0.3490571751812635,-0.4551124805613016,0.0,0.0,0.0,0.4636569109275436,0.12630497
0.4287464628562722,1.169239158475137,1.3652700176927424,0.9619898851993248,0.4636569109275436,0.1937025610722911,-0.3490571751812635,-0.4551124805613016,0.0,0.0,0.0,0.4636569109275436,0.12630497
0.4287464628562722,1.169239158475137,1.3652700176927424,0.9619898851993248,0.4636569109275436,0.1937025610722911,-0.3490571751812635,-0.4551124805613016,0.0,0.0,0.0,0.4636569109275436,0.12630497
0.4287464628562722,1.169239158475137,1.3652700176927424,0.9619898851993248,0.4636569109275436,0.1937025610722911,-0.3490571751812635,-0.4551124805613016,0.0,0.0,0.0,0.4636569109275436,0.12630497
0.4287464628562722,1.169239158475137,1.3652700176927424,0.9619898851993248,0.4636569109275436,0.1937025610722911,-0.3490571751812635,-0.4551124805613016,0.0,0.0,0.0,0.4636569109275436,0.12630497
0.4287464628562722,1.169239158475137,1.3652700176927424,0.9619898851993248,0.4636569109275436,0.1937025610722911,-0.3490571751812635,-0.4551124805613016,0.0,0.0,0.0,0.4636569109275436,0.12630497
0.4287464628562722,1.169239158475137,1.3652700176927424,0.9619898851993248,0.4636569109275436,0.1937025610722911,-0.3490571751812635,-0.4551124805613016,0.0,0.0,0.0,0.4636569109275436,0.12630497
0.4287464628562722,1.169239158475137,1.3652700176927424,0.9619898851993248,0.4636569109275436,0.1937025610722911,-0.3490571751812635,-0.4551124805613016,0.0,0.0,0.0,0.4636569109275436,0.12630497
0.4287464628562722,1.169239158475137,1.3652700176927424,0.9619898851993248,0.4636569109275436,0.1937025610722911,-0.3490571751812635,-0.4551124805613016,0.0,0.0,0.0,0.4636569109275436,0.12630497
0.4287464628562722,1.169239158475137,1.3652700176927424,0.9619898851993248,0.4636569109275436,0.1937025610722911,-0.3490571751812635,-0.4551124805613016,0.0,0.0,0.0,0.4636569109275436,0.12630497
0.4287464628562722,1.169239158475137,1.3652700176927424,0.9619898851993248,0.4636569109275436,0.1937025610722911,-0.3490571751812635,-0.4551124805613016,0.0,0.0,0.0,0.4636569109275436,0.12630497
0.4287464628562722,1.169239158475137,1.3652700176927424,0.9619898851993248,0.4636569109275436,0.1937025610722911,-0.3490571751812635,-0.4551124805613016,0.0,0.0,0.0,0.4636569109275436,0.12630497
-0.7717436331412898,-1.319344185576675,-1.0107523887891023,-1.0185639849230153,1.6128103263586786,-0.0409755417652921,0.5768629105627197,2.54627586107142,0.0,-0.0,-0.0,1.6128103263586786,0.11831318
-0.7717436331412898,-1.319344185576675,-1.0107523887891023,-1.0185639849230153,1.6128103263586786,-0.0409755417652921,0.5768629105627197,2.54627586107142,0.0,-0.0,-0.0,1.6128103263586786,0.11831318
-0.7717436331412898,-1.319344185576675,-1.0107523887891023,-1.0185639849230153,1.6128103263586786,-0.0409755417652921,0.5768629105627197,2.54627586107142,0.0,-0.0,-0.0,1.6128103263586786,0.11831318
-0.7717436331412898,-1.319344185576675,-1.0107523887891023,-1.0185639849230153,1.6128103263586786,-0.0409755417652921,0.5768629105627197,2.54627586107142,0.0,-0.0,-0.0,1.6128103263586786,0.11831318
-0.7717436331412898,-1.319344185576675,-1.0107523887891023,-1.0185639849230153,1.6128103263586786,-0.0409755417652921,0.5768629105627197,2.54627586107142,0.0,-0.0,-0.0,1.6128103263586786,0.11831318
-0.7717436331412898,-1.319344185576675,-1.0107523887891023,-1.0185639849230153,1.6128103263586786,-0.0409755417652921,0.5768629105627197,2.54627586107142,0.0,-0.0,-0.0,1.6128103263586786,0.11831318
-0.7717436331412898,-1.319344185576675,-1.0107523887891023,-1.0185639849230153,1.6128103263586786,-0.0409755417652921,0.5768629105627197,2.54627586107142,0.0,-0.0,-0.0,1.6128103263586786,0.11831318
-0.7717436331412898,-1.319344185576675,-1.0107523887891023,-1.0185639849230153,1.6128103263586786,-0.0409755417652921,0.5768629105627197,2.54627586107142,0.0,-0.0,-0.0,1.6128103263586786,0.11831318
-0.7717436331412898,-1.319344185576675,-1.0107523887891023,-1.0185639849230153,1.6128103263586786,-0.0409755417652921,0.5768629105627197,2.54627586107142,0.0,-0.0,-0.0,1.6128103263586786,0.11831318
-0.7717436331412898,-1.319344185576675,-1.0107523887891023,-1.0185639849230153,1.6128103263586786,-0.0409755417652921,0.5768629105627197,2.54627586107142,0.0,-0.0,-0.0,1.6128103263586786,0.11831318
-0.7717436331412898,-1.319344185576675,-1.0107523887891023,-1.0185639849230153,1.6128103263586786,-0.0409755417652921,0.5768629105627197,2.54627586107142,0.0,-0.0,-0.0,1.6128103263586786,0.11831318
-0.7717436331412898,-1.319344185576675,-1.0107523887891023,-1.0185639849230153,1.6128103263586786,-0.0409755417652921,0.5768629105627197,2.54627586107142,0.0,-0.0,-0.0,1.6128103263586786,0.11831318
-0.7717436331412898,-1.319344185576675,-1.0107523887891023,-1.0185639849230153,1.6128103263586786,-0.0409755417652921,0.5768629105627197,2.54627586107142,0.0,-0.0,-0.0,1.6128103263586786,0.11831318
-0.7717436331412898,-1.319344185576675,-1.0107523887891023,-1.0185639849230153,1.6128103263586786,-0.0409755417652921,0.5768629105627197,2.54627586107142,0.0,-0.0,-0.0,1.6128103263586786,0.11831318
-0.7717436331412898,-1.319344185576675,-1.0107523887891023,-1.0185639849230153,1.6128103263586786,-0.0409755417652921,0.5768629105627197,2.54627586107142,0.0,-0.0,-0.0,1.6128103263586786,0.11831318
-0.7717436331412898,-1.319344185576675,-1.0107523887891023,-1.0185639849230153,1.6128103263586786,-0.0409755417652921,0.5768629105627197,2.54627586107142,0.0,-0.0,-0.0,1.6128103263586786,0.11831318
-0.7717436331412898,-1.319344185576675,-1.0107523887891023,-1.0185639849230153,1.6128103263586786,-0.0409755417652921,0.5768629105627197,2.54627586107142,0.0,-0.0,-0.0,1.6128103263586786,0.11831318
0.4287464628562722,1.169239158475137,-1.0107523887891023,0.671950615516137,-1.0685476429806366,-0.8154132811293174,-0.5033771894719273,-0.4904229316393336,0.0,0.0,-0.0,-1.0685476429806366,0.09703698
0.4287464628562722,1.169239158475137,-1.0107523887891023,0.671950615516137,-1.0685476429806366,-0.8154132811293174,-0.5033771894719273,-0.4904229316393336,0.0,0.0,-0.0,-1.0685476429806366,0.09703698
0.4287464628562722,1.169239158475137,-1.0107523887891023,0.671950615516137,-1.0685476429806366,-0.8154132811293174,-0.5033771894719273,-0.4904229316393336,0.0,0.0,-0.0,-1.0685476429806366,0.09703698
0.4287464628562722,1.169239158475137,-1.0107523887891023,0.671950615516137,-1.0685476429806366,-0.8154132811293174,-0.5033771894719273,-0.4904229316393336,0.0,0.0,-0.0,-1.0685476429806366,0.09703698
0.4287464628562722,1.169239158475137,-1.0107523887891023,0.671950615516137,-1.0685476429806366,-0.8154132811293174,-0.5033771894719273,-0.4904229316393336,0.0,0.0,-0.0,-1.0685476429806366,0.09703698
0.4287464628562722,1.169239158475137,-1.0107523887891023,0.671950615516137,-1.0685476429806366,-0.8154132811293174,-0.5033771894719273,-0.4904229316393336,0.0,0.0,-0.0,-1.0685476429806366,0.09703698
0.4287464628562722,1.169239158475137,-1.0107523887891023,0.671950615516137,-1.0685476429806366,-0.8154132811293174,-0.5033771894719273,-0.4904229316393336,0.0,0.0,-0.0,-1.0685476429806366,0.09703698
0.4287464628562722,1.169239158475137,-1.0107523887891023,0.671950615516137,-1.0685476429806366,-0.8154132811293174,-0.5033771894719273,-0.4904229316393336,0.0,0.0,-0.0,-1.0685476429806366,0.09703698
0.4287464628562722,1.169239158475137,-1.0107523887891023,0.671950615516137,-1.0685476429806366,-0.8154132811293174,-0.5033771894719273,-0.4904229316393336,0.0,0.0,-0.0,-1.0685476429806366,0.09703698
0.4287464628562722,1.169239158475137,-1.0107523887891023,0.671950615516137,-1.0685476429806366,-0.8154132811293174,-0.5033771894719273,-0.4904229316393336,0.0,0.0,-0.0,-1.0685476429806366,0.09703698
0.4287464628562722,1.169239158475137,-1.0107523887891023,0.671950615516137,-1.0685476429806366,-0.8154132811293174,-0.5033771894719273,-0.4904229316393336,0.0,0.0,-0.0,-1.0685476429806366,0.09703698
0.4287464628562722,1.169239158475137,-1.0107523887891023,0.671950615516137,-1.0685476429806366,-0.8154132811293174,-0.5033771894719273,-0.4904229316393336,0.0,0.0,-0.0,-1.0685476429806366,0.09703698
0.4287464628562722,1.169239158475137,-1.0107523887891023,0.671950615516137,-1.0685476429806366,-0.8154132811293174,-0.5033771894719273,-0.4904229316393336,0.0,0.0,-0.0,-1.0685476429806366,0.09703698
0.4287464628562722,1.169239158475137,-1.0107523887891023,0.671950615516137,-1.0685476429806366,-0.8154132811293174,-0.5033771894719273,-0.4904229316393336,0.0,0.0,-0.0,-1.0685476429806366,0.09703698
0.4287464628562722,1.169239158475137,-1.0107523887891023,0.671950615516137,-1.0685476429806366,-0.8154132811293174,-0.5033771894719273,-0.4904229316393336,0.0,0.0,-0.0,-1.0685476429806366,0.09703698
0.4287464628562722,1.169239158475137,-1.0107523887891023,0.671950615516137,-1.0685476429806366,-0.8154132811293174,-0.5033771894719273,-0.4904229316393336,0.0,0.0,-0.0,-1.0685476429806366,0.09703698
0.4287464628562722,1.169239158475137,-1.0107523887891023,0.671950615516137,-1.0685476429806366,-0.8154132811293174,-0.5033771894719273,-0.4904229316393336,0.0,0.0,-0.0,-1.0685476429806366,0.09703698
0.4287464628562722,1.169239158475137,-1.0107523887891023,0.671950615516137,-1.0685476429806366,-0.8154132811293174,-0.5033771894719273,-0.4904229316393336,0.0,0.0,-0.0,-1.0685476429806366,0.09703698
0.4287464628562722,1.169239158475137,-1.0107523887891023,0.671950615516137,-1.0685476429806366,-0.8154132811293174,-0.5033771894719273,-0.4904229316393336,0.0,0.0,-0.0,-1.0685476429806366,0.09703698
0.4287464628562722,1.169239158475137,-1.0107523887891023,0.671950615516137,-1.0685476429806366,-0.8154132811293174,-0.5033771894719273,-0.4904229316393336,0.0,0.0,-0.0,-1.0685476429806366,0.09703698
0.4287464628562722,1.169239158475137,-1.0107523887891023,0.671950615516137,-1.0685476429806366,-0.8154132811293174,-0.5033771894719273,-0.4904229316393336,0.0,0.0,-0.0,-1.0685476429806366,0.09703698
0.4287464628562722,1.169239158475137,-1.0107523887891023,0.671950615516137,-1.0685476429806366,-0.8154132811293174,-0.5033771894719273,-0.4904229316393336,0.0,0.0,-0.0,-1.0685476429806366,0.09703698
0.4287464628562722,1.169239158475137,-1.0107523887891023,0.671950615516137,-1.0685476429806366,-0.8154132811293174,-0.5033771894719273,-0.4904229316393336,0.0,0.0,-0.0,-1.0685476429806366,0.09703698
0.4287464628562722,1.169239158475137,-1.0107523887891023,0.671950615516137,-1.0685476429806366,-0.8154132811293174,-0.5033771894719273,-0.4904229316393336,0.0,0.0,-0.0,-1.0685476429806366,0.09703698
0.4287464628562722,1.169239158475137,-1.0107523887891023,0.671950615516137,-1.0685476429806366,-0.8154132811293174,-0.5033771894719273,-0.4904229316393336,0.0,0.0,-0.0,-1.0685476429806366,0.09703698
0.4287464628562722,1.169239158475137,-1.0107523887891023,0.671950615516137,-1.0685476429806366,-0.8154132811293174,-0.5033771894719273,-0.4904229316393336,0.0,0.0,-0.0,-1.0685476429806366,0.09703698
0.4287464628562722,1.169239158475137,-1.0107523887891023,0.671950615516137,-1.0685476429806366,-0.8154132811293174,-0.5033771894719273,-0.4904229316393336,0.0,0.0,-0.0,-1.0685476429806366,0.09703698
0.4287464628562722,1.169239158475137,-1.0107523887891023,0.671950615516137,-1.0685476429806366,-0.8154132811293174,-0.5033771894719273,-0.4904229316393336,0.0,0.0,-0.0,-1.0685476429806366,0.09703698
1.6292365588538342,0.1738058208544121,-1.4859568700854713,0.5476480713661993,0.0477728177238943,0.7803978181662495,-0.1947371608905996,-0.4198020294832695,0.0,0.3476116417088242,-0.0,0.0477728177238943,0.08075976
-0.7717436331412898,-0.8216275167663127,-0.5355479074927335,-0.997846894231359,0.4089353197165369,1.367093075260208,1.1169829605800432,2.122550448135036,0.0,-1.6432550335326257,-0.0,0.4089353197165369,0.076421134
1.6292365588538342,0.6715224896647745,-1.4859568700854713,0.2161746202996989,-1.6595408280595063,-0.1348467829003256,-0.4262171823265954,-0.4198020294832695,0.0,0.0,-0.0,-1.6595408280595063,0.068939544
1.6292365588538342,0.6715224896647745,-1.4859568700854713,0.2161746202996989,-1.6595408280595063,-0.1348467829003256,-0.4262171823265954,-0.4198020294832695,0.0,0.0,-0.0,-1.6595408280595063,0.068939544
1.6292365588538342,0.6715224896647745,-1.4859568700854713,0.2161746202996989,-1.6595408280595063,-0.1348467829003256,-0.4262171823265954,-0.4198020294832695,0.0,0.0,-0.0,-1.6595408280595063,0.068939544
1.6292365588538342,0.6715224896647745,-1.4859568700854713,0.2161746202996989,-1.6595408280595063,-0.1348467829003256,-0.4262171823265954,-0.4198020294832695,0.0,0.0,-0.0,-1.6595408280595063,0.068939544
1.6292365588538342,0.6715224896647745,-1.4859568700854713,0.2161746202996989,-1.6595408280595063,-0.1348467829003256,-0.4262171823265954,-0.4198020294832695,0.0,0.0,-0.0,-1.6595408280595063,0.068939544
1.6292365588538342,0.6715224896647745,-1.4859568700854713,0.2161746202996989,-1.6595408280595063,-0.1348467829003256,-0.4262171823265954,-0.4198020294832695,0.0,0.0,-0.0,-1.6595408280595063,0.068939544
1.6292365588538342,0.6715224896647745,-1.4859568700854713,0.2161746202996989,-1.6595408280595063,-0.1348467829003256,-0.4262171823265954,-0.4198020294832695,0.0,0.0,-0.0,-1.6595408280595063,0.068939544
1.6292365588538342,0.6715224896647745,-1.4859568700854713,0.2161746202996989,-1.6595408280595063,-0.1348467829003256,-0.4262171823265954,-0.4198020294832695,0.0,0.0,-0.0,-1.6595408280595063,0.068939544
1.6292365588538342,0.6715224896647745,-1.4859568700854713,0.2161746202996989,-1.6595408280595063,-0.1348467829003256,-0.4262171823265954,-0.4198020294832695,0.0,0.0,-0.0,-1.6595408280595063,0.068939544
1.6292365588538342,0.6715224896647745,-1.4859568700854713,0.2161746202996989,-1.6595408280595063,-0.1348467829003256,-0.4262171823265954,-0.4198020294832695,0.0,0.0,-0.0,-1.6595408280595063,0.068939544
1.6292365588538342,0.6715224896647745,-1.4859568700854713,0.2161746202996989,-1.6595408280595063,-0.1348467829003256,-0.4262171823265954,-0.4198020294832695,0.0,0.0,-0.0,-1.6595408280595063,0.068939544
1.6292365588538342,0.6715224896647745,-1.4859568700854713,0.2161746202996989,-1.6595408280595063,-0.1348467829003256,-0.4262171823265954,-0.4198020294832695,0.0,0.0,-0.0,-1.6595408280595063,0.068939544
1.6292365588538342,0.6715224896647745,-1.4859568700854713,0.2161746202996989,-1.6595408280595063,-0.1348467829003256,-0.4262171823265954,-0.4198020294832695,0.0,0.0,-0.0,-1.6595408280595063,0.068939544
1.6292365588538342,0.6715224896647745,-1.4859568700854713,0.2161746202996989,-1.6595408280595063,-0.1348467829003256,-0.4262171823265954,-0.4198020294832695,0.0,0.0,-0.0,-1.6595408280595063,0.068939544
1.6292365588538342,0.6715224896647745,-1.4859568700854713,0.2161746202996989,-1.6595408280595063,-0.1348467829003256,-0.4262171823265954,-0.4198020294832695,0.0,0.0,-0.0,-1.6595408280595063,0.068939544
1.6292365588538342,0.6715224896647745,-1.4859568700854713,0.2161746202996989,-1.6595408280595063,-0.1348467829003256,-0.4262171823265954,-0.4198020294832695,0.0,0.0,-0.0,-1.6595408280595063,0.068939544
1.6292365588538342,0.6715224896647745,-1.4859568700854713,0.2161746202996989,-1.6595408280595063,-0.1348467829003256,-0.4262171823265954,-0.4198020294832695,0.0,0.0,-0.0,-1.6595408280595063,0.068939544
1.6292365588538342,0.6715224896647745,-1.4859568700854713,0.2161746202996989,-1.6595408280595063,-0.1348467829003256,-0.4262171823265954,-0.4198020294832695,0.0,0.0,-0.0,-1.6595408280595063,0.068939544
1.6292365588538342,0.6715224896647745,-1.4859568700854713,0.2161746202996989,-1.6595408280595063,-0.1348467829003256,-0.4262171823265954,-0.4198020294832695,0.0,0.0,-0.0,-1.6595408280595063,0.068939544
0.4287464628562722,0.6715224896647745,0.4148610551000044,-0.1152988307668015,0.8138750946779847,-0.2991214548866338,-0.3490571751812635,-0.4551124805613016,0.0,2.014567468994324,0.4148610551000044,0.8138750946779847,0.05507612
0.4287464628562722,-1.319344185576675,0.8900655363963734,1.500634243182388,-1.3421555990356688,1.0620115415713498,-0.0404171465999357,-0.3844915784052375,0.0,-2.63868837115335,0.0,-1.3421555990356688,0.05486715
-0.1714985851425087,-0.8216275167663127,1.3652700176927424,0.1747404389163863,-0.8824942328632149,0.6395909564636993,-0.1175771537452677,-0.3491811273272055,0.0,-0.0,0.0,-0.8824942328632149,0.036614515
-0.1714985851425087,-0.8216275167663127,1.3652700176927424,0.1747404389163863,-0.8824942328632149,0.6395909564636993,-0.1175771537452677,-0.3491811273272055,0.0,-0.0,0.0,-0.8824942328632149,0.036614515
-0.1714985851425087,-0.8216275167663127,1.3652700176927424,0.1747404389163863,-0.8824942328632149,0.6395909564636993,-0.1175771537452677,-0.3491811273272055,0.0,-0.0,0.0,-0.8824942328632149,0.036614515
-0.1714985851425087,-0.8216275167663127,1.3652700176927424,0.1747404389163863,-0.8824942328632149,0.6395909564636993,-0.1175771537452677,-0.3491811273272055,0.0,-0.0,0.0,-0.8824942328632149,0.036614515
-0.1714985851425087,-0.8216275167663127,1.3652700176927424,0.1747404389163863,-0.8824942328632149,0.6395909564636993,-0.1175771537452677,-0.3491811273272055,0.0,-0.0,0.0,-0.8824942328632149,0.036614515
-0.1714985851425087,-0.8216275167663127,1.3652700176927424,0.1747404389163863,-0.8824942328632149,0.6395909564636993,-0.1175771537452677,-0.3491811273272055,0.0,-0.0,0.0,-0.8824942328632149,0.036614515
-0.1714985851425087,-0.8216275167663127,1.3652700176927424,0.1747404389163863,-0.8824942328632149,0.6395909564636993,-0.1175771537452677,-0.3491811273272055,0.0,-0.0,0.0,-0.8824942328632149,0.036614515
-0.1714985851425087,-0.8216275167663127,1.3652700176927424,0.1747404389163863,-0.8824942328632149,0.6395909564636993,-0.1175771537452677,-0.3491811273272055,0.0,-0.0,0.0,-0.8824942328632149,0.036614515
-0.1714985851425087,-0.8216275167663127,1.3652700176927424,0.1747404389163863,-0.8824942328632149,0.6395909564636993,-0.1175771537452677,-0.3491811273272055,0.0,-0.0,0.0,-0.8824942328632149,0.036614515
-0.1714985851425087,-0.8216275167663127,1.3652700176927424,0.1747404389163863,-0.8824942328632149,0.6395909564636993,-0.1175771537452677,-0.3491811273272055,0.0,-0.0,0.0,-0.8824942328632149,0.036614515
-0.1714985851425087,-0.8216275167663127,1.3652700176927424,0.1747404389163863,-0.8824942328632149,0.6395909564636993,-0.1175771537452677,-0.3491811273272055,0.0,-0.0,0.0,-0.8824942328632149,0.036614515
-0.1714985851425087,-0.8216275167663127,1.3652700176927424,0.1747404389163863,-0.8824942328632149,0.6395909564636993,-0.1175771537452677,-0.3491811273272055,0.0,-0.0,0.0,-0.8824942328632149,0.036614515
-0.1714985851425087,-0.8216275167663127,1.3652700176927424,0.1747404389163863,-0.8824942328632149,0.6395909564636993,-0.1175771537452677,-0.3491811273272055,0.0,-0.0,0.0,-0.8824942328632149,0.036614515
-0.1714985851425087,-0.8216275167663127,1.3652700176927424,0.1747404389163863,-0.8824942328632149,0.6395909564636993,-0.1175771537452677,-0.3491811273272055,0.0,-0.0,0.0,-0.8824942328632149,0.036614515
-0.1714985851425087,-0.8216275167663127,1.3652700176927424,0.1747404389163863,-0.8824942328632149,0.6395909564636993,-0.1175771537452677,-0.3491811273272055,0.0,-0.0,0.0,-0.8824942328632149,0.036614515
-0.1714985851425087,-0.8216275167663127,1.3652700176927424,0.1747404389163863,-0.8824942328632149,0.6395909564636993,-0.1175771537452677,-0.3491811273272055,0.0,-0.0,0.0,-0.8824942328632149,0.036614515
-0.1714985851425087,-0.8216275167663127,1.3652700176927424,0.1747404389163863,-0.8824942328632149,0.6395909564636993,-0.1175771537452677,-0.3491811273272055,0.0,-0.0,0.0,-0.8824942328632149,0.036614515
-0.1714985851425087,-0.8216275167663127,1.3652700176927424,0.1747404389163863,-0.8824942328632149,0.6395909564636993,-0.1175771537452677,-0.3491811273272055,0.0,-0.0,0.0,-0.8824942328632149,0.036614515
-0.1714985851425087,-0.8216275167663127,1.3652700176927424,0.1747404389163863,-0.8824942328632149,0.6395909564636993,-0.1175771537452677,-0.3491811273272055,0.0,-0.0,0.0,-0.8824942328632149,0.036614515
-0.1714985851425087,-0.8216275167663127,1.3652700176927424,0.1747404389163863,-0.8824942328632149,0.6395909564636993,-0.1175771537452677,-0.3491811273272055,0.0,-0.0,0.0,-0.8824942328632149,0.036614515
-0.1714985851425087,-0.8216275167663127,1.3652700176927424,0.1747404389163863,-0.8824942328632149,0.6395909564636993,-0.1175771537452677,-0.3491811273272055,0.0,-0.0,0.0,-0.8824942328632149,0.036614515
-0.1714985851425087,-0.8216275167663127,1.3652700176927424,0.1747404389163863,-0.8824942328632149,0.6395909564636993,-0.1175771537452677,-0.3491811273272055,0.0,-0.0,0.0,-0.8824942328632149,0.036614515
-0.1714985851425087,-0.8216275167663127,1.3652700176927424,0.1747404389163863,-0.8824942328632149,0.6395909564636993,-0.1175771537452677,-0.3491811273272055,0.0,-0.0,0.0,-0.8824942328632149,0.036614515
-0.1714985851425087,-0.8216275167663127,1.3652700176927424,0.1747404389163863,-0.8824942328632149,0.6395909564636993,-0.1175771537452677,-0.3491811273272055,0.0,-0.0,0.0,-0.8824942328632149,0.036614515
1.6292365588538342,0.1738058208544121,-1.4859568700854713,0.5476480713661993,0.0477728177238943,0.7803978181662495,-0.1947371608905996,-0.4198020294832695,0.0,0.0,-0.0,0.0477728177238943,0.03154258
1.6292365588538342,0.1738058208544121,-1.4859568700854713,0.5476480713661993,0.0477728177238943,0.7803978181662495,-0.1947371608905996,-0.4198020294832695,0.0,0.0,-0.0,0.0477728177238943,0.03154258
1.6292365588538342,0.1738058208544121,-1.4859568700854713,0.5476480713661993,0.0477728177238943,0.7803978181662495,-0.1947371608905996,-0.4198020294832695,0.0,0.0,-0.0,0.0477728177238943,0.03154258
1.6292365588538342,0.1738058208544121,-1.4859568700854713,0.5476480713661993,0.0477728177238943,0.7803978181662495,-0.1947371608905996,-0.4198020294832695,0.0,0.0,-0.0,0.0477728177238943,0.03154258
1.6292365588538342,0.1738058208544121,-1.4859568700854713,0.5476480713661993,0.0477728177238943,0.7803978181662495,-0.1947371608905996,-0.4198020294832695,0.0,0.0,-0.0,0.0477728177238943,0.03154258
1.6292365588538342,0.1738058208544121,-1.4859568700854713,0.5476480713661993,0.0477728177238943,0.7803978181662495,-0.1947371608905996,-0.4198020294832695,0.0,0.0,-0.0,0.0477728177238943,0.03154258
1.6292365588538342,0.1738058208544121,-1.4859568700854713,0.5476480713661993,0.0477728177238943,0.7803978181662495,-0.1947371608905996,-0.4198020294832695,0.0,0.0,-0.0,0.0477728177238943,0.03154258
1.6292365588538342,0.1738058208544121,-1.4859568700854713,0.5476480713661993,0.0477728177238943,0.7803978181662495,-0.1947371608905996,-0.4198020294832695,0.0,0.0,-0.0,0.0477728177238943,0.03154258
1.6292365588538342,0.1738058208544121,-1.4859568700854713,0.5476480713661993,0.0477728177238943,0.7803978181662495,-0.1947371608905996,-0.4198020294832695,0.0,0.0,-0.0,0.0477728177238943,0.03154258
1.6292365588538342,0.1738058208544121,-1.4859568700854713,0.5476480713661993,0.0477728177238943,0.7803978181662495,-0.1947371608905996,-0.4198020294832695,0.0,0.0,-0.0,0.0477728177238943,0.03154258
1.6292365588538342,0.1738058208544121,-1.4859568700854713,0.5476480713661993,0.0477728177238943,0.7803978181662495,-0.1947371608905996,-0.4198020294832695,0.0,0.0,-0.0,0.0477728177238943,0.03154258
1.6292365588538342,0.1738058208544121,-1.4859568700854713,0.5476480713661993,0.0477728177238943,0.7803978181662495,-0.1947371608905996,-0.4198020294832695,0.0,0.0,-0.0,0.0477728177238943,0.03154258
1.6292365588538342,0.1738058208544121,-1.4859568700854713,0.5476480713661993,0.0477728177238943,0.7803978181662495,-0.1947371608905996,-0.4198020294832695,0.0,0.0,-0.0,0.0477728177238943,0.03154258
1.6292365588538342,0.1738058208544121,-1.4859568700854713,0.5476480713661993,0.0477728177238943,0.7803978181662495,-0.1947371608905996,-0.4198020294832695,0.0,0.0,-0.0,0.0477728177238943,0.03154258
1.6292365588538342,0.1738058208544121,-1.4859568700854713,0.5476480713661993,0.0477728177238943,0.7803978181662495,-0.1947371608905996,-0.4198020294832695,0.0,0.0,-0.0,0.0477728177238943,0.03154258
1.6292365588538342,0.1738058208544121,-1.4859568700854713,0.5476480713661993,0.0477728177238943,0.7803978181662495,-0.1947371608905996,-0.4198020294832695,0.0,0.0,-0.0,0.0477728177238943,0.03154258
1.6292365588538342,0.1738058208544121,-1.4859568700854713,0.5476480713661993,0.0477728177238943,0.7803978181662495,-0.1947371608905996,-0.4198020294832695,0.0,0.0,-0.0,0.0477728177238943,0.03154258
1.6292365588538342,0.1738058208544121,-1.4859568700854713,0.5476480713661993,0.0477728177238943,0.7803978181662495,-0.1947371608905996,-0.4198020294832695,0.0,0.0,-0.0,0.0477728177238943,0.03154258
1.6292365588538342,0.1738058208544121,-1.4859568700854713,0.5476480713661993,0.0477728177238943,0.7803978181662495,-0.1947371608905996,-0.4198020294832695,0.0,0.0,-0.0,0.0477728177238943,0.03154258
1.6292365588538342,0.1738058208544121,-1.4859568700854713,0.5476480713661993,0.0477728177238943,0.7803978181662495,-0.1947371608905996,-0.4198020294832695,0.0,0.0,-0.0,0.0477728177238943,0.03154258
1.6292365588538342,0.1738058208544121,-1.4859568700854713,0.5476480713661993,0.0477728177238943,0.7803978181662495,-0.1947371608905996,-0.4198020294832695,0.0,0.0,-0.0,0.0477728177238943,0.03154258
1.6292365588538342,0.1738058208544121,-1.4859568700854713,0.5476480713661993,0.0477728177238943,0.7803978181662495,-0.1947371608905996,-0.4198020294832695,0.0,0.0,-0.0,0.0477728177238943,0.03154258
1.6292365588538342,0.1738058208544121,-1.4859568700854713,0.5476480713661993,0.0477728177238943,0.7803978181662495,-0.1947371608905996,-0.4198020294832695,0.0,0.0,-0.0,0.0477728177238943,0.03154258
1.6292365588538342,0.1738058208544121,-1.4859568700854713,0.5476480713661993,0.0477728177238943,0.7803978181662495,-0.1947371608905996,-0.4198020294832695,0.0,0.0,-0.0,0.0477728177238943,0.03154258
-0.7717436331412898,1.169239158475137,-0.0603434261963645,-0.9439824584330526,0.5949887298339587,-1.3786407279395174,-0.3490571751812635,-0.3491811273272055,0.0,3.5077174754254106,-0.0603434261963645,0.5949887298339587,0.024648964
-0.1714985851425087,1.169239158475137,1.3652700176927424,0.7133847968994496,1.4486455527256594,0.5691875256124244,-0.1175771537452677,-0.3491811273272055,0.0,0.0,0.0,1.4486455527256594,0.02227341
-0.1714985851425087,1.169239158475137,1.3652700176927424,0.7133847968994496,1.4486455527256594,0.5691875256124244,-0.1175771537452677,-0.3491811273272055,0.0,0.0,0.0,1.4486455527256594,0.02227341
-0.1714985851425087,1.169239158475137,1.3652700176927424,0.7133847968994496,1.4486455527256594,0.5691875256124244,-0.1175771537452677,-0.3491811273272055,0.0,0.0,0.0,1.4486455527256594,0.02227341
-0.1714985851425087,1.169239158475137,1.3652700176927424,0.7133847968994496,1.4486455527256594,0.5691875256124244,-0.1175771537452677,-0.3491811273272055,0.0,0.0,0.0,1.4486455527256594,0.02227341
-0.1714985851425087,1.169239158475137,1.3652700176927424,0.7133847968994496,1.4486455527256594,0.5691875256124244,-0.1175771537452677,-0.3491811273272055,0.0,0.0,0.0,1.4486455527256594,0.02227341
-0.1714985851425087,1.169239158475137,1.3652700176927424,0.7133847968994496,1.4486455527256594,0.5691875256124244,-0.1175771537452677,-0.3491811273272055,0.0,0.0,0.0,1.4486455527256594,0.02227341
-0.1714985851425087,1.169239158475137,1.3652700176927424,0.7133847968994496,1.4486455527256594,0.5691875256124244,-0.1175771537452677,-0.3491811273272055,0.0,0.0,0.0,1.4486455527256594,0.02227341
-0.1714985851425087,1.169239158475137,1.3652700176927424,0.7133847968994496,1.4486455527256594,0.5691875256124244,-0.1175771537452677,-0.3491811273272055,0.0,0.0,0.0,1.4486455527256594,0.02227341
-0.1714985851425087,1.169239158475137,1.3652700176927424,0.7133847968994496,1.4486455527256594,0.5691875256124244,-0.1175771537452677,-0.3491811273272055,0.0,0.0,0.0,1.4486455527256594,0.02227341
-0.1714985851425087,1.169239158475137,1.3652700176927424,0.7133847968994496,1.4486455527256594,0.5691875256124244,-0.1175771537452677,-0.3491811273272055,0.0,0.0,0.0,1.4486455527256594,0.02227341
-0.1714985851425087,1.169239158475137,1.3652700176927424,0.7133847968994496,1.4486455527256594,0.5691875256124244,-0.1175771537452677,-0.3491811273272055,0.0,0.0,0.0,1.4486455527256594,0.02227341
-0.1714985851425087,1.169239158475137,1.3652700176927424,0.7133847968994496,1.4486455527256594,0.5691875256124244,-0.1175771537452677,-0.3491811273272055,0.0,0.0,0.0,1.4486455527256594,0.02227341
-0.1714985851425087,1.169239158475137,1.3652700176927424,0.7133847968994496,1.4486455527256594,0.5691875256124244,-0.1175771537452677,-0.3491811273272055,0.0,0.0,0.0,1.4486455527256594,0.02227341
-0.1714985851425087,1.169239158475137,1.3652700176927424,0.7133847968994496,1.4486455527256594,0.5691875256124244,-0.1175771537452677,-0.3491811273272055,0.0,0.0,0.0,1.4486455527256594,0.02227341
-0.1714985851425087,1.169239158475137,1.3652700176927424,0.7133847968994496,1.4486455527256594,0.5691875256124244,-0.1175771537452677,-0.3491811273272055,0.0,0.0,0.0,1.4486455527256594,0.02227341
-0.1714985851425087,1.169239158475137,1.3652700176927424,0.7133847968994496,1.4486455527256594,0.5691875256124244,-0.1175771537452677,-0.3491811273272055,0.0,0.0,0.0,1.4486455527256594,0.02227341
-0.1714985851425087,1.169239158475137,1.3652700176927424,0.7133847968994496,1.4486455527256594,0.5691875256124244,-0.1175771537452677,-0.3491811273272055,0.0,0.0,0.0,1.4486455527256594,0.02227341
-0.1714985851425087,1.169239158475137,1.3652700176927424,0.7133847968994496,1.4486455527256594,0.5691875256124244,-0.1175771537452677,-0.3491811273272055,0.0,0.0,0.0,1.4486455527256594,0.02227341
-0.1714985851425087,1.169239158475137,1.3652700176927424,0.7133847968994496,1.4486455527256594,0.5691875256124244,-0.1175771537452677,-0.3491811273272055,0.0,0.0,0.0,1.4486455527256594,0.02227341
-0.1714985851425087,1.169239158475137,1.3652700176927424,0.7133847968994496,1.4486455527256594,0.5691875256124244,-0.1175771537452677,-0.3491811273272055,0.0,0.0,0.0,1.4486455527256594,0.02227341
-0.1714985851425087,1.169239158475137,1.3652700176927424,0.7133847968994496,1.4486455527256594,0.5691875256124244,-0.1175771537452677,-0.3491811273272055,0.0,0.0,0.0,1.4486455527256594,0.02227341
-0.1714985851425087,1.169239158475137,1.3652700176927424,0.7133847968994496,1.4486455527256594,0.5691875256124244,-0.1175771537452677,-0.3491811273272055,0.0,0.0,0.0,1.4486455527256594,0.02227341
0.4287464628562722,1.6669558272854992,0.4148610551000044,0.1747404389163863,-0.8715499146210136,-0.3695248857379089,-0.5033771894719273,-0.3844915784052375,0.0,0.0,0.0,-0.8715499146210136,0.012531798
0.4287464628562722,1.6669558272854992,0.4148610551000044,0.1747404389163863,-0.8715499146210136,-0.3695248857379089,-0.5033771894719273,-0.3844915784052375,0.0,0.0,0.0,-0.8715499146210136,0.012531798
0.4287464628562722,1.6669558272854992,0.4148610551000044,0.1747404389163863,-0.8715499146210136,-0.3695248857379089,-0.5033771894719273,-0.3844915784052375,0.0,0.0,0.0,-0.8715499146210136,0.012531798
0.4287464628562722,1.6669558272854992,0.4148610551000044,0.1747404389163863,-0.8715499146210136,-0.3695248857379089,-0.5033771894719273,-0.3844915784052375,0.0,0.0,0.0,-0.8715499146210136,0.012531798
0.4287464628562722,1.6669558272854992,0.4148610551000044,0.1747404389163863,-0.8715499146210136,-0.3695248857379089,-0.5033771894719273,-0.3844915784052375,0.0,0.0,0.0,-0.8715499146210136,0.012531798
0.4287464628562722,1.6669558272854992,0.4148610551000044,0.1747404389163863,-0.8715499146210136,-0.3695248857379089,-0.5033771894719273,-0.3844915784052375,0.0,0.0,0.0,-0.8715499146210136,0.012531798
0.4287464628562722,1.6669558272854992,0.4148610551000044,0.1747404389163863,-0.8715499146210136,-0.3695248857379089,-0.5033771894719273,-0.3844915784052375,0.0,0.0,0.0,-0.8715499146210136,0.012531798
0.4287464628562722,1.6669558272854992,0.4148610551000044,0.1747404389163863,-0.8715499146210136,-0.3695248857379089,-0.5033771894719273,-0.3844915784052375,0.0,0.0,0.0,-0.8715499146210136,0.012531798
0.4287464628562722,1.6669558272854992,0.4148610551000044,0.1747404389163863,-0.8715499146210136,-0.3695248857379089,-0.5033771894719273,-0.3844915784052375,0.0,0.0,0.0,-0.8715499146210136,0.012531798
0.4287464628562722,1.6669558272854992,0.4148610551000044,0.1747404389163863,-0.8715499146210136,-0.3695248857379089,-0.5033771894719273,-0.3844915784052375,0.0,0.0,0.0,-0.8715499146210136,0.012531798
0.4287464628562722,1.6669558272854992,0.4148610551000044,0.1747404389163863,-0.8715499146210136,-0.3695248857379089,-0.5033771894719273,-0.3844915784052375,0.0,0.0,0.0,-0.8715499146210136,0.012531798
0.4287464628562722,1.6669558272854992,0.4148610551000044,0.1747404389163863,-0.8715499146210136,-0.3695248857379089,-0.5033771894719273,-0.3844915784052375,0.0,0.0,0.0,-0.8715499146210136,0.012531798
0.4287464628562722,1.6669558272854992,0.4148610551000044,0.1747404389163863,-0.8715499146210136,-0.3695248857379089,-0.5033771894719273,-0.3844915784052375,0.0,0.0,0.0,-0.8715499146210136,0.012531798
0.4287464628562722,1.6669558272854992,0.4148610551000044,0.1747404389163863,-0.8715499146210136,-0.3695248857379089,-0.5033771894719273,-0.3844915784052375,0.0,0.0,0.0,-0.8715499146210136,0.012531798
0.4287464628562722,1.6669558272854992,0.4148610551000044,0.1747404389163863,-0.8715499146210136,-0.3695248857379089,-0.5033771894719273,-0.3844915784052375,0.0,0.0,0.0,-0.8715499146210136,0.012531798
0.4287464628562722,1.6669558272854992,0.4148610551000044,0.1747404389163863,-0.8715499146210136,-0.3695248857379089,-0.5033771894719273,-0.3844915784052375,0.0,0.0,0.0,-0.8715499146210136,0.012531798
0.4287464628562722,1.6669558272854992,0.4148610551000044,0.1747404389163863,-0.8715499146210136,-0.3695248857379089,-0.5033771894719273,-0.3844915784052375,0.0,0.0,0.0,-0.8715499146210136,0.012531798
0.4287464628562722,1.6669558272854992,0.4148610551000044,0.1747404389163863,-0.8715499146210136,-0.3695248857379089,-0.5033771894719273,-0.3844915784052375,0.0,0.0,0.0,-0.8715499146210136,0.012531798
0.4287464628562722,1.6669558272854992,0.4148610551000044,0.1747404389163863,-0.8715499146210136,-0.3695248857379089,-0.5033771894719273,-0.3844915784052375,0.0,0.0,0.0,-0.8715499146210136,0.012531798
0.4287464628562722,1.6669558272854992,0.4148610551000044,0.1747404389163863,-0.8715499146210136,-0.3695248857379089,-0.5033771894719273,-0.3844915784052375,0.0,0.0,0.0,-0.8715499146210136,0.012531798
0.4287464628562722,1.6669558272854992,0.4148610551000044,0.1747404389163863,-0.8715499146210136,-0.3695248857379089,-0.5033771894719273,-0.3844915784052375,0.0,0.0,0.0,-0.8715499146210136,0.012531798
0.4287464628562722,1.6669558272854992,0.4148610551000044,0.1747404389163863,-0.8715499146210136,-0.3695248857379089,-0.5033771894719273,-0.3844915784052375,0.0,0.0,0.0,-0.8715499146210136,0.012531798
0.4287464628562722,1.6669558272854992,0.4148610551000044,0.1747404389163863,-0.8715499146210136,-0.3695248857379089,-0.5033771894719273,-0.3844915784052375,0.0,0.0,0.0,-0.8715499146210136,0.012531798
0.4287464628562722,1.6669558272854992,0.4148610551000044,0.1747404389163863,-0.8715499146210136,-0.3695248857379089,-0.5033771894719273,-0.3844915784052375,0.0,0.0,0.0,-0.8715499146210136,0.012531798
0.4287464628562722,1.6669558272854992,0.4148610551000044,0.1747404389163863,-0.8715499146210136,-0.3695248857379089,-0.5033771894719273,-0.3844915784052375,0.0,0.0,0.0,-0.8715499146210136,0.012531798
-0.7717436331412898,0.6715224896647745,0.4148610551000044,-0.3224697376833643,-1.3202669625512666,0.4753162844773914,-0.5805371966172592,-0.5257333827173656,0.0,1.343044979329549,0.0,-1.3202669625512666,0.0024406812
-0.7717436331412898,0.6715224896647745,0.4148610551000044,-0.3224697376833643,-1.3202669625512666,0.4753162844773914,-0.5805371966172592,-0.5257333827173656,0.0,1.343044979329549,0.0,-1.3202669625512666,0.0024406812
-0.7717436331412898,0.6715224896647745,0.4148610551000044,-0.3224697376833643,-1.3202669625512666,0.4753162844773914,-0.5805371966172592,-0.5257333827173656,0.0,1.343044979329549,0.0,-1.3202669625512666,0.0024406812
-0.1714985851425087,1.169239158475137,0.4148610551000044,0.3819113458329491,0.4964898656541472,-0.7450098502780423,-0.0404171465999357,-0.4551124805613016,0.0,0.0,0.0,0.4964898656541472,0.00012843196
-0.1714985851425087,1.169239158475137,0.4148610551000044,0.3819113458329491,0.4964898656541472,-0.7450098502780423,-0.0404171465999357,-0.4551124805613016,0.0,0.0,0.0,0.4964898656541472,0.00012843196
-0.1714985851425087,1.169239158475137,0.4148610551000044,0.3819113458329491,0.4964898656541472,-0.7450098502780423,-0.0404171465999357,-0.4551124805613016,0.0,0.0,0.0,0.4964898656541472,0.00012843196
-0.1714985851425087,1.169239158475137,0.4148610551000044,0.3819113458329491,0.4964898656541472,-0.7450098502780423,-0.0404171465999357,-0.4551124805613016,0.0,0.0,0.0,0.4964898656541472,0.00012843196
-0.1714985851425087,1.169239158475137,0.4148610551000044,0.3819113458329491,0.4964898656541472,-0.7450098502780423,-0.0404171465999357,-0.4551124805613016,0.0,0.0,0.0,0.4964898656541472,0.00012843196
-0.1714985851425087,1.169239158475137,0.4148610551000044,0.3819113458329491,0.4964898656541472,-0.7450098502780423,-0.0404171465999357,-0.4551124805613016,0.0,0.0,0.0,0.4964898656541472,0.00012843196
-0.1714985851425087,1.169239158475137,0.4148610551000044,0.3819113458329491,0.4964898656541472,-0.7450098502780423,-0.0404171465999357,-0.4551124805613016,0.0,0.0,0.0,0.4964898656541472,0.00012843196
-0.1714985851425087,1.169239158475137,0.4148610551000044,0.3819113458329491,0.4964898656541472,-0.7450098502780423,-0.0404171465999357,-0.4551124805613016,0.0,0.0,0.0,0.4964898656541472,0.00012843196
-0.1714985851425087,1.169239158475137,0.4148610551000044,0.3819113458329491,0.4964898656541472,-0.7450098502780423,-0.0404171465999357,-0.4551124805613016,0.0,0.0,0.0,0.4964898656541472,0.00012843196
-0.1714985851425087,1.169239158475137,0.4148610551000044,0.3819113458329491,0.4964898656541472,-0.7450098502780423,-0.0404171465999357,-0.4551124805613016,0.0,0.0,0.0,0.4964898656541472,0.00012843196
-0.1714985851425087,1.169239158475137,0.4148610551000044,0.3819113458329491,0.4964898656541472,-0.7450098502780423,-0.0404171465999357,-0.4551124805613016,0.0,0.0,0.0,0.4964898656541472,0.00012843196
-0.1714985851425087,1.169239158475137,0.4148610551000044,0.3819113458329491,0.4964898656541472,-0.7450098502780423,-0.0404171465999357,-0.4551124805613016,0.0,0.0,0.0,0.4964898656541472,0.00012843196
-0.1714985851425087,1.169239158475137,0.4148610551000044,0.3819113458329491,0.4964898656541472,-0.7450098502780423,-0.0404171465999357,-0.4551124805613016,0.0,0.0,0.0,0.4964898656541472,0.00012843196
-0.1714985851425087,1.169239158475137,0.4148610551000044,0.3819113458329491,0.4964898656541472,-0.7450098502780423,-0.0404171465999357,-0.4551124805613016,0.0,0.0,0.0,0.4964898656541472,0.00012843196
-0.1714985851425087,1.169239158475137,0.4148610551000044,0.3819113458329491,0.4964898656541472,-0.7450098502780423,-0.0404171465999357,-0.4551124805613016,0.0,0.0,0.0,0.4964898656541472,0.00012843196
-0.1714985851425087,1.169239158475137,0.4148610551000044,0.3819113458329491,0.4964898656541472,-0.7450098502780423,-0.0404171465999357,-0.4551124805613016,0.0,0.0,0.0,0.4964898656541472,0.00012843196
-0.1714985851425087,1.169239158475137,0.4148610551000044,0.3819113458329491,0.4964898656541472,-0.7450098502780423,-0.0404171465999357,-0.4551124805613016,0.0,0.0,0.0,0.4964898656541472,0.00012843196
-0.1714985851425087,1.169239158475137,0.4148610551000044,0.3819113458329491,0.4964898656541472,-0.7450098502780423,-0.0404171465999357,-0.4551124805613016,0.0,0.0,0.0,0.4964898656541472,0.00012843196
-0.1714985851425087,1.169239158475137,0.4148610551000044,0.3819113458329491,0.4964898656541472,-0.7450098502780423,-0.0404171465999357,-0.4551124805613016,0.0,0.0,0.0,0.4964898656541472,0.00012843196
-0.1714985851425087,1.169239158475137,0.4148610551000044,0.3819113458329491,0.4964898656541472,-0.7450098502780423,-0.0404171465999357,-0.4551124805613016,0.0,0.0,0.0,0.4964898656541472,0.00012843196
-0.1714985851425087,1.169239158475137,0.4148610551000044,0.3819113458329491,0.4964898656541472,-0.7450098502780423,-0.0404171465999357,-0.4551124805613016,0.0,0.0,0.0,0.4964898656541472,0.00012843196
-0.1714985851425087,1.169239158475137,0.4148610551000044,0.3819113458329491,0.4964898656541472,-0.7450098502780423,-0.0404171465999357,-0.4551124805613016,0.0,0.0,0.0,0.4964898656541472,0.00012843196
-0.1714985851425087,1.169239158475137,0.4148610551000044,0.3819113458329491,0.4964898656541472,-0.7450098502780423,-0.0404171465999357,-0.4551124805613016,0.0,0.0,0.0,0.4964898656541472,0.00012843196
-0.1714985851425087,1.169239158475137,0.4148610551000044,0.3819113458329491,0.4964898656541472,-0.7450098502780423,-0.0404171465999357,-0.4551124805613016,0.0,0.0,0.0,0.4964898656541472,0.00012843196
-0.1714985851425087,1.169239158475137,0.4148610551000044,0.3819113458329491,0.4964898656541472,-0.7450098502780423,-0.0404171465999357,-0.4551124805613016,0.0,0.0,0.0,0.4964898656541472,0.00012843196
-0.1714985851425087,1.169239158475137,0.4148610551000044,0.3819113458329491,0.4964898656541472,-0.7450098502780423,-0.0404171465999357,-0.4551124805613016,0.0,0.0,0.0,0.4964898656541472,0.00012843196
-0.1714985851425087,1.169239158475137,0.4148610551000044,0.3819113458329491,0.4964898656541472,-0.7450098502780423,-0.0404171465999357,-0.4551124805613016,0.0,0.0,0.0,0.4964898656541472,0.00012843196
-0.1714985851425087,1.169239158475137,0.4148610551000044,0.3819113458329491,0.4964898656541472,-0.7450098502780423,-0.0404171465999357,-0.4551124805613016,0.0,0.0,0.0,0.4964898656541472,0.00012843196
0.4287464628562722,-0.8216275167663127,-0.5355479074927335,0.3404771644496366,-1.3749885537622728,-1.495979779358309,-0.6576972037625912,-0.3491811273272055,0.0,-0.0,-0.0,-1.3749885537622728,-0.03146644
0.4287464628562722,-0.8216275167663127,-0.5355479074927335,0.3404771644496366,-1.3749885537622728,-1.495979779358309,-0.6576972037625912,-0.3491811273272055,0.0,-0.0,-0.0,-1.3749885537622728,-0.03146644
0.4287464628562722,-0.8216275167663127,-0.5355479074927335,0.3404771644496366,-1.3749885537622728,-1.495979779358309,-0.6576972037625912,-0.3491811273272055,0.0,-0.0,-0.0,-1.3749885537622728,-0.03146644
0.4287464628562722,-0.8216275167663127,-0.5355479074927335,0.3404771644496366,-1.3749885537622728,-1.495979779358309,-0.6576972037625912,-0.3491811273272055,0.0,-0.0,-0.0,-1.3749885537622728,-0.03146644
0.4287464628562722,-0.8216275167663127,-0.5355479074927335,0.3404771644496366,-1.3749885537622728,-1.495979779358309,-0.6576972037625912,-0.3491811273272055,0.0,-0.0,-0.0,-1.3749885537622728,-0.03146644
0.4287464628562722,-0.8216275167663127,-0.5355479074927335,0.3404771644496366,-1.3749885537622728,-1.495979779358309,-0.6576972037625912,-0.3491811273272055,0.0,-0.0,-0.0,-1.3749885537622728,-0.03146644
0.4287464628562722,-0.8216275167663127,-0.5355479074927335,0.3404771644496366,-1.3749885537622728,-1.495979779358309,-0.6576972037625912,-0.3491811273272055,0.0,-0.0,-0.0,-1.3749885537622728,-0.03146644
0.4287464628562722,-0.8216275167663127,-0.5355479074927335,0.3404771644496366,-1.3749885537622728,-1.495979779358309,-0.6576972037625912,-0.3491811273272055,0.0,-0.0,-0.0,-1.3749885537622728,-0.03146644
0.4287464628562722,-0.8216275167663127,-0.5355479074927335,0.3404771644496366,-1.3749885537622728,-1.495979779358309,-0.6576972037625912,-0.3491811273272055,0.0,-0.0,-0.0,-1.3749885537622728,-0.03146644
0.4287464628562722,-0.8216275167663127,-0.5355479074927335,0.3404771644496366,-1.3749885537622728,-1.495979779358309,-0.6576972037625912,-0.3491811273272055,0.0,-0.0,-0.0,-1.3749885537622728,-0.03146644
0.4287464628562722,-0.8216275167663127,-0.5355479074927335,0.3404771644496366,-1.3749885537622728,-1.495979779358309,-0.6576972037625912,-0.3491811273272055,0.0,-0.0,-0.0,-1.3749885537622728,-0.03146644
0.4287464628562722,-0.8216275167663127,-0.5355479074927335,0.3404771644496366,-1.3749885537622728,-1.495979779358309,-0.6576972037625912,-0.3491811273272055,0.0,-0.0,-0.0,-1.3749885537622728,-0.03146644
0.4287464628562722,-0.8216275167663127,-0.5355479074927335,0.3404771644496366,-1.3749885537622728,-1.495979779358309,-0.6576972037625912,-0.3491811273272055,0.0,-0.0,-0.0,-1.3749885537622728,-0.03146644
0.4287464628562722,-0.8216275167663127,-0.5355479074927335,0.3404771644496366,-1.3749885537622728,-1.495979779358309,-0.6576972037625912,-0.3491811273272055,0.0,-0.0,-0.0,-1.3749885537622728,-0.03146644
0.4287464628562722,-0.8216275167663127,-0.5355479074927335,0.3404771644496366,-1.3749885537622728,-1.495979779358309,-0.6576972037625912,-0.3491811273272055,0.0,-0.0,-0.0,-1.3749885537622728,-0.03146644
-1.3719886811400708,1.6669558272854992,-0.0603434261963645,-0.3224697376833643,-1.5829306003640973,1.2732218341251744,-0.1175771537452677,-0.4904229316393336,0.0,0.0,-0.0,-1.5829306003640973,-0.041816015
-1.3719886811400708,1.6669558272854992,-0.0603434261963645,-0.3224697376833643,-1.5829306003640973,1.2732218341251744,-0.1175771537452677,-0.4904229316393336,0.0,0.0,-0.0,-1.5829306003640973,-0.041816015
-1.3719886811400708,1.6669558272854992,-0.0603434261963645,-0.3224697376833643,-1.5829306003640973,1.2732218341251744,-0.1175771537452677,-0.4904229316393336,0.0,0.0,-0.0,-1.5829306003640973,-0.041816015
-1.3719886811400708,1.6669558272854992,-0.0603434261963645,-0.3224697376833643,-1.5829306003640973,1.2732218341251744,-0.1175771537452677,-0.4904229316393336,0.0,0.0,-0.0,-1.5829306003640973,-0.041816015
-1.3719886811400708,1.6669558272854992,-0.0603434261963645,-0.3224697376833643,-1.5829306003640973,1.2732218341251744,-0.1175771537452677,-0.4904229316393336,0.0,0.0,-0.0,-1.5829306003640973,-0.041816015
-1.3719886811400708,1.6669558272854992,-0.0603434261963645,-0.3224697376833643,-1.5829306003640973,1.2732218341251744,-0.1175771537452677,-0.4904229316393336,0.0,0.0,-0.0,-1.5829306003640973,-0.041816015
-1.3719886811400708,1.6669558272854992,-0.0603434261963645,-0.3224697376833643,-1.5829306003640973,1.2732218341251744,-0.1175771537452677,-0.4904229316393336,0.0,0.0,-0.0,-1.5829306003640973,-0.041816015
-1.3719886811400708,1.6669558272854992,-0.0603434261963645,-0.3224697376833643,-1.5829306003640973,1.2732218341251744,-0.1175771537452677,-0.4904229316393336,0.0,0.0,-0.0,-1.5829306003640973,-0.041816015
-1.3719886811400708,1.6669558272854992,-0.0603434261963645,-0.3224697376833643,-1.5829306003640973,1.2732218341251744,-0.1175771537452677,-0.4904229316393336,0.0,0.0,-0.0,-1.5829306003640973,-0.041816015
-1.3719886811400708,1.6669558272854992,-0.0603434261963645,-0.3224697376833643,-1.5829306003640973,1.2732218341251744,-0.1175771537452677,-0.4904229316393336,0.0,0.0,-0.0,-1.5829306003640973,-0.041816015
-1.3719886811400708,1.6669558272854992,-0.0603434261963645,-0.3224697376833643,-1.5829306003640973,1.2732218341251744,-0.1175771537452677,-0.4904229316393336,0.0,0.0,-0.0,-1.5829306003640973,-0.041816015
-1.3719886811400708,1.6669558272854992,-0.0603434261963645,-0.3224697376833643,-1.5829306003640973,1.2732218341251744,-0.1175771537452677,-0.4904229316393336,0.0,0.0,-0.0,-1.5829306003640973,-0.041816015
-1.3719886811400708,1.6669558272854992,-0.0603434261963645,-0.3224697376833643,-1.5829306003640973,1.2732218341251744,-0.1175771537452677,-0.4904229316393336,0.0,0.0,-0.0,-1.5829306003640973,-0.041816015
-1.3719886811400708,1.6669558272854992,-0.0603434261963645,-0.3224697376833643,-1.5829306003640973,1.2732218341251744,-0.1175771537452677,-0.4904229316393336,0.0,0.0,-0.0,-1.5829306003640973,-0.041816015
-1.3719886811400708,1.6669558272854992,-0.0603434261963645,-0.3224697376833643,-1.5829306003640973,1.2732218341251744,-0.1175771537452677,-0.4904229316393336,0.0,0.0,-0.0,-1.5829306003640973,-0.041816015
-1.3719886811400708,1.6669558272854992,-0.0603434261963645,-0.3224697376833643,-1.5829306003640973,1.2732218341251744,-0.1175771537452677,-0.4904229316393336,0.0,0.0,-0.0,-1.5829306003640973,-0.041816015
0.4287464628562722,0.6715224896647745,0.4148610551000044,-0.1152988307668015,0.8138750946779847,-0.2991214548866338,-0.3490571751812635,-0.4551124805613016,0.0,1.343044979329549,0.0,0.8138750946779847,-0.050612584
0.4287464628562722,0.6715224896647745,0.4148610551000044,-0.1152988307668015,0.8138750946779847,-0.2991214548866338,-0.3490571751812635,-0.4551124805613016,0.0,1.343044979329549,0.0,0.8138750946779847,-0.050612584
0.4287464628562722,0.6715224896647745,0.4148610551000044,-0.1152988307668015,0.8138750946779847,-0.2991214548866338,-0.3490571751812635,-0.4551124805613016,0.0,1.343044979329549,0.0,0.8138750946779847,-0.050612584
0.4287464628562722,0.6715224896647745,0.4148610551000044,-0.1152988307668015,0.8138750946779847,-0.2991214548866338,-0.3490571751812635,-0.4551124805613016,0.0,1.343044979329549,0.0,0.8138750946779847,-0.050612584
-0.1714985851425087,1.6669558272854992,-0.5355479074927335,0.9205557038160124,1.4267569162412568,-0.3225892651703922,-0.4262171823265954,-0.4904229316393336,0.0,0.0,-0.0,1.4267569162412568,-0.05323074
-0.1714985851425087,1.6669558272854992,-0.5355479074927335,0.9205557038160124,1.4267569162412568,-0.3225892651703922,-0.4262171823265954,-0.4904229316393336,0.0,0.0,-0.0,1.4267569162412568,-0.05323074
-0.1714985851425087,1.6669558272854992,-0.5355479074927335,0.9205557038160124,1.4267569162412568,-0.3225892651703922,-0.4262171823265954,-0.4904229316393336,0.0,0.0,-0.0,1.4267569162412568,-0.05323074
-0.1714985851425087,1.6669558272854992,-0.5355479074927335,0.9205557038160124,1.4267569162412568,-0.3225892651703922,-0.4262171823265954,-0.4904229316393336,0.0,0.0,-0.0,1.4267569162412568,-0.05323074
-0.1714985851425087,1.6669558272854992,-0.5355479074927335,0.9205557038160124,1.4267569162412568,-0.3225892651703922,-0.4262171823265954,-0.4904229316393336,0.0,0.0,-0.0,1.4267569162412568,-0.05323074
-0.1714985851425087,1.6669558272854992,-0.5355479074927335,0.9205557038160124,1.4267569162412568,-0.3225892651703922,-0.4262171823265954,-0.4904229316393336,0.0,0.0,-0.0,1.4267569162412568,-0.05323074
-0.1714985851425087,1.6669558272854992,-0.5355479074927335,0.9205557038160124,1.4267569162412568,-0.3225892651703922,-0.4262171823265954,-0.4904229316393336,0.0,0.0,-0.0,1.4267569162412568,-0.05323074
-0.1714985851425087,1.6669558272854992,-0.5355479074927335,0.9205557038160124,1.4267569162412568,-0.3225892651703922,-0.4262171823265954,-0.4904229316393336,0.0,0.0,-0.0,1.4267569162412568,-0.05323074
-0.1714985851425087,1.6669558272854992,-0.5355479074927335,0.9205557038160124,1.4267569162412568,-0.3225892651703922,-0.4262171823265954,-0.4904229316393336,0.0,0.0,-0.0,1.4267569162412568,-0.05323074
-0.1714985851425087,1.6669558272854992,-0.5355479074927335,0.9205557038160124,1.4267569162412568,-0.3225892651703922,-0.4262171823265954,-0.4904229316393336,0.0,0.0,-0.0,1.4267569162412568,-0.05323074
-0.1714985851425087,1.6669558272854992,-0.5355479074927335,0.9205557038160124,1.4267569162412568,-0.3225892651703922,-0.4262171823265954,-0.4904229316393336,0.0,0.0,-0.0,1.4267569162412568,-0.05323074
-0.1714985851425087,1.6669558272854992,-0.5355479074927335,0.9205557038160124,1.4267569162412568,-0.3225892651703922,-0.4262171823265954,-0.4904229316393336,0.0,0.0,-0.0,1.4267569162412568,-0.05323074
-0.1714985851425087,1.6669558272854992,-0.5355479074927335,0.9205557038160124,1.4267569162412568,-0.3225892651703922,-0.4262171823265954,-0.4904229316393336,0.0,0.0,-0.0,1.4267569162412568,-0.05323074
-0.1714985851425087,1.6669558272854992,-0.5355479074927335,0.9205557038160124,1.4267569162412568,-0.3225892651703922,-0.4262171823265954,-0.4904229316393336,0.0,0.0,-0.0,1.4267569162412568,-0.05323074
-0.1714985851425087,1.6669558272854992,-0.5355479074927335,0.9205557038160124,1.4267569162412568,-0.3225892651703922,-0.4262171823265954,-0.4904229316393336,0.0,0.0,-0.0,1.4267569162412568,-0.05323074
-0.1714985851425087,1.6669558272854992,-0.5355479074927335,0.9205557038160124,1.4267569162412568,-0.3225892651703922,-0.4262171823265954,-0.4904229316393336,0.0,0.0,-0.0,1.4267569162412568,-0.05323074
-0.1714985851425087,1.6669558272854992,-0.5355479074927335,0.9205557038160124,1.4267569162412568,-0.3225892651703922,-0.4262171823265954,-0.4904229316393336,0.0,0.0,-0.0,1.4267569162412568,-0.05323074
-0.1714985851425087,1.6669558272854992,-0.5355479074927335,0.9205557038160124,1.4267569162412568,-0.3225892651703922,-0.4262171823265954,-0.4904229316393336,0.0,0.0,-0.0,1.4267569162412568,-0.05323074
-0.1714985851425087,1.6669558272854992,-0.5355479074927335,0.9205557038160124,1.4267569162412568,-0.3225892651703922,-0.4262171823265954,-0.4904229316393336,0.0,0.0,-0.0,1.4267569162412568,-0.05323074
-0.1714985851425087,1.6669558272854992,-0.5355479074927335,0.9205557038160124,1.4267569162412568,-0.3225892651703922,-0.4262171823265954,-0.4904229316393336,0.0,0.0,-0.0,1.4267569162412568,-0.05323074
-0.1714985851425087,1.6669558272854992,-0.5355479074927335,0.9205557038160124,1.4267569162412568,-0.3225892651703922,-0.4262171823265954,-0.4904229316393336,0.0,0.0,-0.0,1.4267569162412568,-0.05323074
-1.3719886811400708,-0.8216275167663127,-1.0107523887891023,-1.255567502435563,1.2844807790926402,0.4283806639098746,1.1169829605800432,2.405034056759292,0.0,-1.6432550335326257,-0.0,1.2844807790926402,-0.05509421
-1.3719886811400708,-0.8216275167663127,-1.0107523887891023,-1.255567502435563,1.2844807790926402,0.4283806639098746,1.1169829605800432,2.405034056759292,0.0,-1.6432550335326257,-0.0,1.2844807790926402,-0.05509421
-1.3719886811400708,-0.8216275167663127,-1.0107523887891023,-1.255567502435563,1.2844807790926402,0.4283806639098746,1.1169829605800432,2.405034056759292,0.0,-1.6432550335326257,-0.0,1.2844807790926402,-0.05509421
0.4287464628562722,-0.8216275167663127,-1.4859568700854713,1.0034240665826375,0.4089353197165369,1.202818403273899,-0.5805371966172592,-0.5257333827173656,0.0,-0.0,-0.0,0.4089353197165369,-0.065032244
0.4287464628562722,-0.8216275167663127,-1.4859568700854713,1.0034240665826375,0.4089353197165369,1.202818403273899,-0.5805371966172592,-0.5257333827173656,0.0,-0.0,-0.0,0.4089353197165369,-0.065032244
0.4287464628562722,-0.8216275167663127,-1.4859568700854713,1.0034240665826375,0.4089353197165369,1.202818403273899,-0.5805371966172592,-0.5257333827173656,0.0,-0.0,-0.0,0.4089353197165369,-0.065032244
0.4287464628562722,-0.8216275167663127,-1.4859568700854713,1.0034240665826375,0.4089353197165369,1.202818403273899,-0.5805371966172592,-0.5257333827173656,0.0,-0.0,-0.0,0.4089353197165369,-0.065032244
0.4287464628562722,-0.8216275167663127,-1.4859568700854713,1.0034240665826375,0.4089353197165369,1.202818403273899,-0.5805371966172592,-0.5257333827173656,0.0,-0.0,-0.0,0.4089353197165369,-0.065032244
0.4287464628562722,-0.8216275167663127,-1.4859568700854713,1.0034240665826375,0.4089353197165369,1.202818403273899,-0.5805371966172592,-0.5257333827173656,0.0,-0.0,-0.0,0.4089353197165369,-0.065032244
0.4287464628562722,-0.8216275167663127,-1.4859568700854713,1.0034240665826375,0.4089353197165369,1.202818403273899,-0.5805371966172592,-0.5257333827173656,0.0,-0.0,-0.0,0.4089353197165369,-0.065032244
0.4287464628562722,-0.8216275167663127,-1.4859568700854713,1.0034240665826375,0.4089353197165369,1.202818403273899,-0.5805371966172592,-0.5257333827173656,0.0,-0.0,-0.0,0.4089353197165369,-0.065032244
0.4287464628562722,-0.8216275167663127,-1.4859568700854713,1.0034240665826375,0.4089353197165369,1.202818403273899,-0.5805371966172592,-0.5257333827173656,0.0,-0.0,-0.0,0.4089353197165369,-0.065032244
0.4287464628562722,-0.8216275167663127,-1.4859568700854713,1.0034240665826375,0.4089353197165369,1.202818403273899,-0.5805371966172592,-0.5257333827173656,0.0,-0.0,-0.0,0.4089353197165369,-0.065032244
0.4287464628562722,-0.8216275167663127,-1.4859568700854713,1.0034240665826375,0.4089353197165369,1.202818403273899,-0.5805371966172592,-0.5257333827173656,0.0,-0.0,-0.0,0.4089353197165369,-0.065032244
0.4287464628562722,-0.8216275167663127,-1.4859568700854713,1.0034240665826375,0.4089353197165369,1.202818403273899,-0.5805371966172592,-0.5257333827173656,0.0,-0.0,-0.0,0.4089353197165369,-0.065032244
0.4287464628562722,-0.8216275167663127,-1.4859568700854713,1.0034240665826375,0.4089353197165369,1.202818403273899,-0.5805371966172592,-0.5257333827173656,0.0,-0.0,-0.0,0.4089353197165369,-0.065032244
0.4287464628562722,-0.8216275167663127,-1.4859568700854713,1.0034240665826375,0.4089353197165369,1.202818403273899,-0.5805371966172592,-0.5257333827173656,0.0,-0.0,-0.0,0.4089353197165369,-0.065032244
0.4287464628562722,-0.8216275167663127,-1.4859568700854713,1.0034240665826375,0.4089353197165369,1.202818403273899,-0.5805371966172592,-0.5257333827173656,0.0,-0.0,-0.0,0.4089353197165369,-0.065032244
0.4287464628562722,-0.8216275167663127,-1.4859568700854713,1.0034240665826375,0.4089353197165369,1.202818403273899,-0.5805371966172592,-0.5257333827173656,0.0,-0.0,-0.0,0.4089353197165369,-0.065032244
0.4287464628562722,-0.8216275167663127,-1.4859568700854713,1.0034240665826375,0.4089353197165369,1.202818403273899,-0.5805371966172592,-0.5257333827173656,0.0,-0.0,-0.0,0.4089353197165369,-0.065032244
0.4287464628562722,-0.8216275167663127,-1.4859568700854713,1.0034240665826375,0.4089353197165369,1.202818403273899,-0.5805371966172592,-0.5257333827173656,0.0,-0.0,-0.0,0.4089353197165369,-0.065032244
0.4287464628562722,-0.8216275167663127,-1.4859568700854713,1.0034240665826375,0.4089353197165369,1.202818403273899,-0.5805371966172592,-0.5257333827173656,0.0,-0.0,-0.0,0.4089353197165369,-0.065032244
0.4287464628562722,-0.8216275167663127,-1.4859568700854713,1.0034240665826375,0.4089353197165369,1.202818403273899,-0.5805371966172592,-0.5257333827173656,0.0,-0.0,-0.0,0.4089353197165369,-0.065032244
0.4287464628562722,-0.8216275167663127,-1.4859568700854713,1.0034240665826375,0.4089353197165369,1.202818403273899,-0.5805371966172592,-0.5257333827173656,0.0,-0.0,-0.0,0.4089353197165369,-0.065032244
0.4287464628562722,-0.8216275167663127,-1.4859568700854713,1.0034240665826375,0.4089353197165369,1.202818403273899,-0.5805371966172592,-0.5257333827173656,0.0,-0.0,-0.0,0.4089353197165369,-0.065032244
0.4287464628562722,-0.8216275167663127,-1.4859568700854713,1.0034240665826375,0.4089353197165369,1.202818403273899,-0.5805371966172592,-0.5257333827173656,0.0,-0.0,-0.0,0.4089353197165369,-0.065032244
-0.7717436331412898,-1.319344185576675,-1.0107523887891023,-1.0185639849230153,1.6128103263586786,-0.0409755417652921,0.5768629105627197,2.54627586107142,0.0,-1.319344185576675,-0.0,1.6128103263586786,-0.105389774
-0.7717436331412898,1.169239158475137,-0.0603434261963645,-0.9439824584330526,0.5949887298339587,-1.3786407279395174,-0.3490571751812635,-0.3491811273272055,0.0,2.338478316950274,-0.0,0.5949887298339587,-0.11074739
1.6292365588538342,-0.3239108479559503,-0.5355479074927335,-0.1152988307668015,-0.4337771849329622,-1.402108538223276,-0.3490571751812635,-0.3844915784052375,0.0,-0.0,-0.0,-0.4337771849329622,-0.13102974
1.6292365588538342,-0.3239108479559503,-0.5355479074927335,-0.1152988307668015,-0.4337771849329622,-1.402108538223276,-0.3490571751812635,-0.3844915784052375,0.0,-0.0,-0.0,-0.4337771849329622,-0.13102974
1.6292365588538342,-0.3239108479559503,-0.5355479074927335,-0.1152988307668015,-0.4337771849329622,-1.402108538223276,-0.3490571751812635,-0.3844915784052375,0.0,-0.0,-0.0,-0.4337771849329622,-0.13102974
1.6292365588538342,-0.3239108479559503,-0.5355479074927335,-0.1152988307668015,-0.4337771849329622,-1.402108538223276,-0.3490571751812635,-0.3844915784052375,0.0,-0.0,-0.0,-0.4337771849329622,-0.13102974
1.6292365588538342,-0.3239108479559503,-0.5355479074927335,-0.1152988307668015,-0.4337771849329622,-1.402108538223276,-0.3490571751812635,-0.3844915784052375,0.0,-0.0,-0.0,-0.4337771849329622,-0.13102974
1.6292365588538342,-0.3239108479559503,-0.5355479074927335,-0.1152988307668015,-0.4337771849329622,-1.402108538223276,-0.3490571751812635,-0.3844915784052375,0.0,-0.0,-0.0,-0.4337771849329622,-0.13102974
1.6292365588538342,-0.3239108479559503,-0.5355479074927335,-0.1152988307668015,-0.4337771849329622,-1.402108538223276,-0.3490571751812635,-0.3844915784052375,0.0,-0.0,-0.0,-0.4337771849329622,-0.13102974
1.6292365588538342,-0.3239108479559503,-0.5355479074927335,-0.1152988307668015,-0.4337771849329622,-1.402108538223276,-0.3490571751812635,-0.3844915784052375,0.0,-0.0,-0.0,-0.4337771849329622,-0.13102974
1.6292365588538342,-0.3239108479559503,-0.5355479074927335,-0.1152988307668015,-0.4337771849329622,-1.402108538223276,-0.3490571751812635,-0.3844915784052375,0.0,-0.0,-0.0,-0.4337771849329622,-0.13102974
1.6292365588538342,-0.3239108479559503,-0.5355479074927335,-0.1152988307668015,-0.4337771849329622,-1.402108538223276,-0.3490571751812635,-0.3844915784052375,0.0,-0.0,-0.0,-0.4337771849329622,-0.13102974
1.6292365588538342,-0.3239108479559503,-0.5355479074927335,-0.1152988307668015,-0.4337771849329622,-1.402108538223276,-0.3490571751812635,-0.3844915784052375,0.0,-0.0,-0.0,-0.4337771849329622,-0.13102974
1.6292365588538342,-0.3239108479559503,-0.5355479074927335,-0.1152988307668015,-0.4337771849329622,-1.402108538223276,-0.3490571751812635,-0.3844915784052375,0.0,-0.0,-0.0,-0.4337771849329622,-0.13102974
1.6292365588538342,-0.3239108479559503,-0.5355479074927335,-0.1152988307668015,-0.4337771849329622,-1.402108538223276,-0.3490571751812635,-0.3844915784052375,0.0,-0.0,-0.0,-0.4337771849329622,-0.13102974
1.6292365588538342,-0.3239108479559503,-0.5355479074927335,-0.1152988307668015,-0.4337771849329622,-1.402108538223276,-0.3490571751812635,-0.3844915784052375,0.0,-0.0,-0.0,-0.4337771849329622,-0.13102974
1.6292365588538342,-0.3239108479559503,-0.5355479074927335,-0.1152988307668015,-0.4337771849329622,-1.402108538223276,-0.3490571751812635,-0.3844915784052375,0.0,-0.0,-0.0,-0.4337771849329622,-0.13102974
1.6292365588538342,-0.3239108479559503,-0.5355479074927335,-0.1152988307668015,-0.4337771849329622,-1.402108538223276,-0.3490571751812635,-0.3844915784052375,0.0,-0.0,-0.0,-0.4337771849329622,-0.13102974
1.6292365588538342,-0.3239108479559503,-0.5355479074927335,-0.1152988307668015,-0.4337771849329622,-1.402108538223276,-0.3490571751812635,-0.3844915784052375,0.0,-0.0,-0.0,-0.4337771849329622,-0.13102974
1.6292365588538342,-0.3239108479559503,-0.5355479074927335,-0.1152988307668015,-0.4337771849329622,-1.402108538223276,-0.3490571751812635,-0.3844915784052375,0.0,-0.0,-0.0,-0.4337771849329622,-0.13102974
-0.1714985851425087,-0.8216275167663127,-1.4859568700854713,0.5890822527495119,0.978039868311004,-1.4490441587907923,-0.1175771537452677,-0.4904229316393336,0.0,-0.0,-0.0,0.978039868311004,-0.13130257
-0.1714985851425087,-0.8216275167663127,-1.4859568700854713,0.5890822527495119,0.978039868311004,-1.4490441587907923,-0.1175771537452677,-0.4904229316393336,0.0,-0.0,-0.0,0.978039868311004,-0.13130257
-0.1714985851425087,-0.8216275167663127,-1.4859568700854713,0.5890822527495119,0.978039868311004,-1.4490441587907923,-0.1175771537452677,-0.4904229316393336,0.0,-0.0,-0.0,0.978039868311004,-0.13130257
-0.1714985851425087,-0.8216275167663127,-1.4859568700854713,0.5890822527495119,0.978039868311004,-1.4490441587907923,-0.1175771537452677,-0.4904229316393336,0.0,-0.0,-0.0,0.978039868311004,-0.13130257
-0.1714985851425087,-0.8216275167663127,-1.4859568700854713,0.5890822527495119,0.978039868311004,-1.4490441587907923,-0.1175771537452677,-0.4904229316393336,0.0,-0.0,-0.0,0.978039868311004,-0.13130257
-0.1714985851425087,-0.8216275167663127,-1.4859568700854713,0.5890822527495119,0.978039868311004,-1.4490441587907923,-0.1175771537452677,-0.4904229316393336,0.0,-0.0,-0.0,0.978039868311004,-0.13130257
-0.1714985851425087,-0.8216275167663127,-1.4859568700854713,0.5890822527495119,0.978039868311004,-1.4490441587907923,-0.1175771537452677,-0.4904229316393336,0.0,-0.0,-0.0,0.978039868311004,-0.13130257
-0.1714985851425087,-0.8216275167663127,-1.4859568700854713,0.5890822527495119,0.978039868311004,-1.4490441587907923,-0.1175771537452677,-0.4904229316393336,0.0,-0.0,-0.0,0.978039868311004,-0.13130257
-0.1714985851425087,-0.8216275167663127,-1.4859568700854713,0.5890822527495119,0.978039868311004,-1.4490441587907923,-0.1175771537452677,-0.4904229316393336,0.0,-0.0,-0.0,0.978039868311004,-0.13130257
-0.1714985851425087,-0.8216275167663127,-1.4859568700854713,0.5890822527495119,0.978039868311004,-1.4490441587907923,-0.1175771537452677,-0.4904229316393336,0.0,-0.0,-0.0,0.978039868311004,-0.13130257
-0.1714985851425087,-0.8216275167663127,-1.4859568700854713,0.5890822527495119,0.978039868311004,-1.4490441587907923,-0.1175771537452677,-0.4904229316393336,0.0,-0.0,-0.0,0.978039868311004,-0.13130257
-0.1714985851425087,-0.8216275167663127,-1.4859568700854713,0.5890822527495119,0.978039868311004,-1.4490441587907923,-0.1175771537452677,-0.4904229316393336,0.0,-0.0,-0.0,0.978039868311004,-0.13130257
-0.1714985851425087,-0.8216275167663127,-1.4859568700854713,0.5890822527495119,0.978039868311004,-1.4490441587907923,-0.1175771537452677,-0.4904229316393336,0.0,-0.0,-0.0,0.978039868311004,-0.13130257
-0.1714985851425087,-0.8216275167663127,-1.4859568700854713,0.5890822527495119,0.978039868311004,-1.4490441587907923,-0.1175771537452677,-0.4904229316393336,0.0,-0.0,-0.0,0.978039868311004,-0.13130257
-0.1714985851425087,-0.8216275167663127,-1.4859568700854713,0.5890822527495119,0.978039868311004,-1.4490441587907923,-0.1175771537452677,-0.4904229316393336,0.0,-0.0,-0.0,0.978039868311004,-0.13130257
-0.1714985851425087,-0.8216275167663127,-1.4859568700854713,0.5890822527495119,0.978039868311004,-1.4490441587907923,-0.1175771537452677,-0.4904229316393336,0.0,-0.0,-0.0,0.978039868311004,-0.13130257
-0.1714985851425087,-0.8216275167663127,-1.4859568700854713,0.5890822527495119,0.978039868311004,-1.4490441587907923,-0.1175771537452677,-0.4904229316393336,0.0,-0.0,-0.0,0.978039868311004,-0.13130257
-0.1714985851425087,-0.8216275167663127,-1.4859568700854713,0.5890822527495119,0.978039868311004,-1.4490441587907923,-0.1175771537452677,-0.4904229316393336,0.0,-0.0,-0.0,0.978039868311004,-0.13130257
-0.1714985851425087,-0.8216275167663127,-1.4859568700854713,0.5890822527495119,0.978039868311004,-1.4490441587907923,-0.1175771537452677,-0.4904229316393336,0.0,-0.0,-0.0,0.978039868311004,-0.13130257
-1.3719886811400708,-0.8216275167663127,0.4148610551000044,-0.529640644599927,-1.5829306003640973,-1.402108538223276,-0.0404171465999357,-0.4551124805613016,0.0,-0.0,0.0,-1.5829306003640973,-0.14618482
-1.3719886811400708,-0.8216275167663127,0.4148610551000044,-0.529640644599927,-1.5829306003640973,-1.402108538223276,-0.0404171465999357,-0.4551124805613016,0.0,-0.0,0.0,-1.5829306003640973,-0.14618482
-1.3719886811400708,-0.8216275167663127,0.4148610551000044,-0.529640644599927,-1.5829306003640973,-1.402108538223276,-0.0404171465999357,-0.4551124805613016,0.0,-0.0,0.0,-1.5829306003640973,-0.14618482
-1.3719886811400708,-0.8216275167663127,0.4148610551000044,-0.529640644599927,-1.5829306003640973,-1.402108538223276,-0.0404171465999357,-0.4551124805613016,0.0,-0.0,0.0,-1.5829306003640973,-0.14618482
-1.3719886811400708,-0.8216275167663127,0.4148610551000044,-0.529640644599927,-1.5829306003640973,-1.402108538223276,-0.0404171465999357,-0.4551124805613016,0.0,-0.0,0.0,-1.5829306003640973,-0.14618482
-1.3719886811400708,-0.8216275167663127,0.4148610551000044,-0.529640644599927,-1.5829306003640973,-1.402108538223276,-0.0404171465999357,-0.4551124805613016,0.0,-0.0,0.0,-1.5829306003640973,-0.14618482
-1.3719886811400708,-0.8216275167663127,0.4148610551000044,-0.529640644599927,-1.5829306003640973,-1.402108538223276,-0.0404171465999357,-0.4551124805613016,0.0,-0.0,0.0,-1.5829306003640973,-0.14618482
-1.3719886811400708,-0.8216275167663127,0.4148610551000044,-0.529640644599927,-1.5829306003640973,-1.402108538223276,-0.0404171465999357,-0.4551124805613016,0.0,-0.0,0.0,-1.5829306003640973,-0.14618482
-1.3719886811400708,-0.8216275167663127,0.4148610551000044,-0.529640644599927,-1.5829306003640973,-1.402108538223276,-0.0404171465999357,-0.4551124805613016,0.0,-0.0,0.0,-1.5829306003640973,-0.14618482
-1.3719886811400708,-0.8216275167663127,0.4148610551000044,-0.529640644599927,-1.5829306003640973,-1.402108538223276,-0.0404171465999357,-0.4551124805613016,0.0,-0.0,0.0,-1.5829306003640973,-0.14618482
-1.3719886811400708,-0.8216275167663127,0.4148610551000044,-0.529640644599927,-1.5829306003640973,-1.402108538223276,-0.0404171465999357,-0.4551124805613016,0.0,-0.0,0.0,-1.5829306003640973,-0.14618482
-1.3719886811400708,-0.8216275167663127,0.4148610551000044,-0.529640644599927,-1.5829306003640973,-1.402108538223276,-0.0404171465999357,-0.4551124805613016,0.0,-0.0,0.0,-1.5829306003640973,-0.14618482
-1.3719886811400708,-0.8216275167663127,0.4148610551000044,-0.529640644599927,-1.5829306003640973,-1.402108538223276,-0.0404171465999357,-0.4551124805613016,0.0,-0.0,0.0,-1.5829306003640973,-0.14618482
-1.3719886811400708,-0.8216275167663127,0.4148610551000044,-0.529640644599927,-1.5829306003640973,-1.402108538223276,-0.0404171465999357,-0.4551124805613016,0.0,-0.0,0.0,-1.5829306003640973,-0.14618482
-1.3719886811400708,-0.8216275167663127,0.4148610551000044,-0.529640644599927,-1.5829306003640973,-1.402108538223276,-0.0404171465999357,-0.4551124805613016,0.0,-0.0,0.0,-1.5829306003640973,-0.14618482
-1.3719886811400708,-0.8216275167663127,0.4148610551000044,-0.529640644599927,-1.5829306003640973,-1.402108538223276,-0.0404171465999357,-0.4551124805613016,0.0,-0.0,0.0,-1.5829306003640973,-0.14618482
-1.3719886811400708,-0.8216275167663127,0.4148610551000044,-0.529640644599927,-1.5829306003640973,-1.402108538223276,-0.0404171465999357,-0.4551124805613016,0.0,-0.0,0.0,-1.5829306003640973,-0.14618482
-1.3719886811400708,-0.8216275167663127,0.4148610551000044,-0.529640644599927,-1.5829306003640973,-1.402108538223276,-0.0404171465999357,-0.4551124805613016,0.0,-0.0,0.0,-1.5829306003640973,-0.14618482
-1.3719886811400708,-0.8216275167663127,0.4148610551000044,-0.529640644599927,-1.5829306003640973,-1.402108538223276,-0.0404171465999357,-0.4551124805613016,0.0,-0.0,0.0,-1.5829306003640973,-0.14618482
-1.3719886811400708,-0.8216275167663127,0.4148610551000044,-0.529640644599927,-1.5829306003640973,-1.402108538223276,-0.0404171465999357,-0.4551124805613016,0.0,-0.0,0.0,-1.5829306003640973,-0.14618482
-1.3719886811400708,-0.8216275167663127,0.4148610551000044,-0.529640644599927,-1.5829306003640973,-1.402108538223276,-0.0404171465999357,-0.4551124805613016,0.0,-0.0,0.0,-1.5829306003640973,-0.14618482
-1.3719886811400708,-0.8216275167663127,0.4148610551000044,-0.529640644599927,-1.5829306003640973,-1.402108538223276,-0.0404171465999357,-0.4551124805613016,0.0,-0.0,0.0,-1.5829306003640973,-0.14618482
-1.3719886811400708,-0.8216275167663127,0.4148610551000044,-0.529640644599927,-1.5829306003640973,-1.402108538223276,-0.0404171465999357,-0.4551124805613016,0.0,-0.0,0.0,-1.5829306003640973,-0.14618482
-1.3719886811400708,-0.8216275167663127,0.4148610551000044,-0.529640644599927,-1.5829306003640973,-1.402108538223276,-0.0404171465999357,-0.4551124805613016,0.0,-0.0,0.0,-1.5829306003640973,-0.14618482
-1.3719886811400708,-0.8216275167663127,0.4148610551000044,-0.529640644599927,-1.5829306003640973,-1.402108538223276,-0.0404171465999357,-0.4551124805613016,0.0,-0.0,0.0,-1.5829306003640973,-0.14618482
-1.3719886811400708,-0.8216275167663127,0.4148610551000044,-0.529640644599927,-1.5829306003640973,-1.402108538223276,-0.0404171465999357,-0.4551124805613016,0.0,-0.0,0.0,-1.5829306003640973,-0.14618482
-1.3719886811400708,-0.8216275167663127,0.4148610551000044,-0.529640644599927,-1.5829306003640973,-1.402108538223276,-0.0404171465999357,-0.4551124805613016,0.0,-0.0,0.0,-1.5829306003640973,-0.14618482
-1.3719886811400708,-0.8216275167663127,0.4148610551000044,-0.529640644599927,-1.5829306003640973,-1.402108538223276,-0.0404171465999357,-0.4551124805613016,0.0,-0.0,0.0,-1.5829306003640973,-0.14618482
1.0289915108550531,0.6715224896647745,0.4148610551000044,-0.1152988307668015,1.5362000986632698,-0.0175077314815338,-0.5033771894719273,-0.5257333827173656,0.0,1.343044979329549,0.0,1.5362000986632698,-0.1527559
1.0289915108550531,0.6715224896647745,0.4148610551000044,-0.1152988307668015,1.5362000986632698,-0.0175077314815338,-0.5033771894719273,-0.5257333827173656,0.0,1.343044979329549,0.0,1.5362000986632698,-0.1527559
1.0289915108550531,0.6715224896647745,0.4148610551000044,-0.1152988307668015,1.5362000986632698,-0.0175077314815338,-0.5033771894719273,-0.5257333827173656,0.0,1.343044979329549,0.0,1.5362000986632698,-0.1527559
-0.7717436331412898,-1.319344185576675,-0.5355479074927335,-1.057926457237162,1.7222535087806916,-0.5103317474404591,1.0398229534347112,2.616896763227484,0.0,-2.63868837115335,-0.0,1.7222535087806916,-0.15766434
-0.7717436331412898,-1.319344185576675,-0.5355479074927335,-1.057926457237162,1.7222535087806916,-0.5103317474404591,1.0398229534347112,2.616896763227484,0.0,-2.63868837115335,-0.0,1.7222535087806916,-0.15766434
-0.7717436331412898,-1.319344185576675,-0.5355479074927335,-1.057926457237162,1.7222535087806916,-0.5103317474404591,1.0398229534347112,2.616896763227484,0.0,-2.63868837115335,-0.0,1.7222535087806916,-0.15766434
1.6292365588538342,1.169239158475137,-1.4859568700854713,-1.151153365349615,0.4089353197165369,1.367093075260208,-0.4262171823265954,-0.4904229316393336,0.0,2.338478316950274,-0.0,0.4089353197165369,-0.1617774
1.6292365588538342,1.169239158475137,-1.4859568700854713,-1.151153365349615,0.4089353197165369,1.367093075260208,-0.4262171823265954,-0.4904229316393336,0.0,2.338478316950274,-0.0,0.4089353197165369,-0.1617774
1.6292365588538342,1.169239158475137,-1.4859568700854713,-1.151153365349615,0.4089353197165369,1.367093075260208,-0.4262171823265954,-0.4904229316393336,0.0,2.338478316950274,-0.0,0.4089353197165369,-0.1617774
1.6292365588538342,1.169239158475137,-1.4859568700854713,-1.151153365349615,0.4089353197165369,1.367093075260208,-0.4262171823265954,-0.4904229316393336,0.0,2.338478316950274,-0.0,0.4089353197165369,-0.1617774
1.6292365588538342,-0.8216275167663127,1.3652700176927424,0.0918720761497612,1.076538732490815,1.3436252649764495,-0.2718971680359315,-0.3491811273272055,0.0,-0.0,0.0,1.076538732490815,-0.1691397
1.6292365588538342,-0.8216275167663127,1.3652700176927424,0.0918720761497612,1.076538732490815,1.3436252649764495,-0.2718971680359315,-0.3491811273272055,0.0,-0.0,0.0,1.076538732490815,-0.1691397
1.6292365588538342,-0.8216275167663127,1.3652700176927424,0.0918720761497612,1.076538732490815,1.3436252649764495,-0.2718971680359315,-0.3491811273272055,0.0,-0.0,0.0,1.076538732490815,-0.1691397
1.6292365588538342,-0.8216275167663127,1.3652700176927424,0.0918720761497612,1.076538732490815,1.3436252649764495,-0.2718971680359315,-0.3491811273272055,0.0,-0.0,0.0,1.076538732490815,-0.1691397
1.6292365588538342,-0.8216275167663127,1.3652700176927424,0.0918720761497612,1.076538732490815,1.3436252649764495,-0.2718971680359315,-0.3491811273272055,0.0,-0.0,0.0,1.076538732490815,-0.1691397
1.6292365588538342,-0.8216275167663127,1.3652700176927424,0.0918720761497612,1.076538732490815,1.3436252649764495,-0.2718971680359315,-0.3491811273272055,0.0,-0.0,0.0,1.076538732490815,-0.1691397
1.6292365588538342,-0.8216275167663127,1.3652700176927424,0.0918720761497612,1.076538732490815,1.3436252649764495,-0.2718971680359315,-0.3491811273272055,0.0,-0.0,0.0,1.076538732490815,-0.1691397
1.6292365588538342,-0.8216275167663127,1.3652700176927424,0.0918720761497612,1.076538732490815,1.3436252649764495,-0.2718971680359315,-0.3491811273272055,0.0,-0.0,0.0,1.076538732490815,-0.1691397
1.6292365588538342,-0.8216275167663127,1.3652700176927424,0.0918720761497612,1.076538732490815,1.3436252649764495,-0.2718971680359315,-0.3491811273272055,0.0,-0.0,0.0,1.076538732490815,-0.1691397
1.6292365588538342,-0.8216275167663127,1.3652700176927424,0.0918720761497612,1.076538732490815,1.3436252649764495,-0.2718971680359315,-0.3491811273272055,0.0,-0.0,0.0,1.076538732490815,-0.1691397
1.6292365588538342,-0.8216275167663127,1.3652700176927424,0.0918720761497612,1.076538732490815,1.3436252649764495,-0.2718971680359315,-0.3491811273272055,0.0,-0.0,0.0,1.076538732490815,-0.1691397
1.6292365588538342,-0.8216275167663127,1.3652700176927424,0.0918720761497612,1.076538732490815,1.3436252649764495,-0.2718971680359315,-0.3491811273272055,0.0,-0.0,0.0,1.076538732490815,-0.1691397
1.6292365588538342,-0.8216275167663127,1.3652700176927424,0.0918720761497612,1.076538732490815,1.3436252649764495,-0.2718971680359315,-0.3491811273272055,0.0,-0.0,0.0,1.076538732490815,-0.1691397
1.6292365588538342,-0.8216275167663127,1.3652700176927424,0.0918720761497612,1.076538732490815,1.3436252649764495,-0.2718971680359315,-0.3491811273272055,0.0,-0.0,0.0,1.076538732490815,-0.1691397
1.6292365588538342,-0.8216275167663127,1.3652700176927424,0.0918720761497612,1.076538732490815,1.3436252649764495,-0.2718971680359315,-0.3491811273272055,0.0,-0.0,0.0,1.076538732490815,-0.1691397
1.6292365588538342,-0.8216275167663127,1.3652700176927424,0.0918720761497612,1.076538732490815,1.3436252649764495,-0.2718971680359315,-0.3491811273272055,0.0,-0.0,0.0,1.076538732490815,-0.1691397
1.6292365588538342,-0.8216275167663127,1.3652700176927424,0.0918720761497612,1.076538732490815,1.3436252649764495,-0.2718971680359315,-0.3491811273272055,0.0,-0.0,0.0,1.076538732490815,-0.1691397
1.6292365588538342,-0.8216275167663127,1.3652700176927424,0.0918720761497612,1.076538732490815,1.3436252649764495,-0.2718971680359315,-0.3491811273272055,0.0,-0.0,0.0,1.076538732490815,-0.1691397
0.4287464628562722,-1.319344185576675,0.8900655363963734,1.7492393314822634,0.682543275771569,0.874269059301283,-0.4262171823265954,-0.3844915784052375,0.0,-2.63868837115335,0.0,0.682543275771569,-0.17384923
1.6292365588538342,-0.3239108479559503,-0.5355479074927335,-0.1152988307668015,-0.4337771849329622,-1.402108538223276,-0.3490571751812635,-0.3844915784052375,0.0,-0.3239108479559503,-0.0,-0.4337771849329622,-0.17881885
-0.7717436331412898,0.6715224896647745,0.4148610551000044,-0.3224697376833643,-1.3202669625512666,0.4753162844773914,-0.5805371966172592,-0.5257333827173656,0.0,0.0,0.0,-1.3202669625512666,-0.1959659
-0.7717436331412898,0.6715224896647745,0.4148610551000044,-0.3224697376833643,-1.3202669625512666,0.4753162844773914,-0.5805371966172592,-0.5257333827173656,0.0,0.0,0.0,-1.3202669625512666,-0.1959659
-0.7717436331412898,0.6715224896647745,0.4148610551000044,-0.3224697376833643,-1.3202669625512666,0.4753162844773914,-0.5805371966172592,-0.5257333827173656,0.0,0.0,0.0,-1.3202669625512666,-0.1959659
-0.7717436331412898,0.6715224896647745,0.4148610551000044,-0.3224697376833643,-1.3202669625512666,0.4753162844773914,-0.5805371966172592,-0.5257333827173656,0.0,0.0,0.0,-1.3202669625512666,-0.1959659
-0.7717436331412898,0.6715224896647745,0.4148610551000044,-0.3224697376833643,-1.3202669625512666,0.4753162844773914,-0.5805371966172592,-0.5257333827173656,0.0,0.0,0.0,-1.3202669625512666,-0.1959659
-0.7717436331412898,0.6715224896647745,0.4148610551000044,-0.3224697376833643,-1.3202669625512666,0.4753162844773914,-0.5805371966172592,-0.5257333827173656,0.0,0.0,0.0,-1.3202669625512666,-0.1959659
-0.7717436331412898,0.6715224896647745,0.4148610551000044,-0.3224697376833643,-1.3202669625512666,0.4753162844773914,-0.5805371966172592,-0.5257333827173656,0.0,0.0,0.0,-1.3202669625512666,-0.1959659
-0.7717436331412898,0.6715224896647745,0.4148610551000044,-0.3224697376833643,-1.3202669625512666,0.4753162844773914,-0.5805371966172592,-0.5257333827173656,0.0,0.0,0.0,-1.3202669625512666,-0.1959659
-0.7717436331412898,0.6715224896647745,0.4148610551000044,-0.3224697376833643,-1.3202669625512666,0.4753162844773914,-0.5805371966172592,-0.5257333827173656,0.0,0.0,0.0,-1.3202669625512666,-0.1959659
-0.7717436331412898,0.6715224896647745,0.4148610551000044,-0.3224697376833643,-1.3202669625512666,0.4753162844773914,-0.5805371966172592,-0.5257333827173656,0.0,0.0,0.0,-1.3202669625512666,-0.1959659
-0.7717436331412898,0.6715224896647745,0.4148610551000044,-0.3224697376833643,-1.3202669625512666,0.4753162844773914,-0.5805371966172592,-0.5257333827173656,0.0,0.0,0.0,-1.3202669625512666,-0.1959659
-0.7717436331412898,0.6715224896647745,0.4148610551000044,-0.3224697376833643,-1.3202669625512666,0.4753162844773914,-0.5805371966172592,-0.5257333827173656,0.0,0.0,0.0,-1.3202669625512666,-0.1959659
-0.7717436331412898,0.6715224896647745,0.4148610551000044,-0.3224697376833643,-1.3202669625512666,0.4753162844773914,-0.5805371966172592,-0.5257333827173656,0.0,0.0,0.0,-1.3202669625512666,-0.1959659
-0.7717436331412898,0.6715224896647745,0.4148610551000044,-0.3224697376833643,-1.3202669625512666,0.4753162844773914,-0.5805371966172592,-0.5257333827173656,0.0,0.0,0.0,-1.3202669625512666,-0.1959659
-0.7717436331412898,0.6715224896647745,0.4148610551000044,-0.3224697376833643,-1.3202669625512666,0.4753162844773914,-0.5805371966172592,-0.5257333827173656,0.0,0.0,0.0,-1.3202669625512666,-0.1959659
-0.7717436331412898,0.6715224896647745,0.4148610551000044,-0.3224697376833643,-1.3202669625512666,0.4753162844773914,-0.5805371966172592,-0.5257333827173656,0.0,0.0,0.0,-1.3202669625512666,-0.1959659
-0.7717436331412898,0.6715224896647745,0.4148610551000044,-0.3224697376833643,-1.3202669625512666,0.4753162844773914,-0.5805371966172592,-0.5257333827173656,0.0,0.0,0.0,-1.3202669625512666,-0.1959659
-0.7717436331412898,0.6715224896647745,0.4148610551000044,-0.3224697376833643,-1.3202669625512666,0.4753162844773914,-0.5805371966172592,-0.5257333827173656,0.0,0.0,0.0,-1.3202669625512666,-0.1959659
-0.7717436331412898,0.6715224896647745,0.4148610551000044,-0.3224697376833643,-1.3202669625512666,0.4753162844773914,-0.5805371966172592,-0.5257333827173656,0.0,0.0,0.0,-1.3202669625512666,-0.1959659
-1.3719886811400708,-0.8216275167663127,-1.0107523887891023,-1.255567502435563,1.2844807790926402,0.4283806639098746,1.1169829605800432,2.405034056759292,0.0,-2.464882550298938,-1.0107523887891023,1.2844807790926402,-0.19811586
-0.1714985851425087,-0.8216275167663127,0.8900655363963734,0.1747404389163863,0.9342625953421988,-1.6602544513446176,-0.1947371608905996,-0.4904229316393336,0.0,-0.0,0.0,0.9342625953421988,-0.2036016
-0.1714985851425087,-0.8216275167663127,0.8900655363963734,0.1747404389163863,0.9342625953421988,-1.6602544513446176,-0.1947371608905996,-0.4904229316393336,0.0,-0.0,0.0,0.9342625953421988,-0.2036016
-0.1714985851425087,-0.8216275167663127,0.8900655363963734,0.1747404389163863,0.9342625953421988,-1.6602544513446176,-0.1947371608905996,-0.4904229316393336,0.0,-0.0,0.0,0.9342625953421988,-0.2036016
-0.1714985851425087,-0.8216275167663127,0.8900655363963734,0.1747404389163863,0.9342625953421988,-1.6602544513446176,-0.1947371608905996,-0.4904229316393336,0.0,-0.0,0.0,0.9342625953421988,-0.2036016
-0.1714985851425087,-0.8216275167663127,0.8900655363963734,0.1747404389163863,0.9342625953421988,-1.6602544513446176,-0.1947371608905996,-0.4904229316393336,0.0,-0.0,0.0,0.9342625953421988,-0.2036016
-0.1714985851425087,-0.8216275167663127,0.8900655363963734,0.1747404389163863,0.9342625953421988,-1.6602544513446176,-0.1947371608905996,-0.4904229316393336,0.0,-0.0,0.0,0.9342625953421988,-0.2036016
-0.1714985851425087,-0.8216275167663127,0.8900655363963734,0.1747404389163863,0.9342625953421988,-1.6602544513446176,-0.1947371608905996,-0.4904229316393336,0.0,-0.0,0.0,0.9342625953421988,-0.2036016
-0.1714985851425087,-0.8216275167663127,0.8900655363963734,0.1747404389163863,0.9342625953421988,-1.6602544513446176,-0.1947371608905996,-0.4904229316393336,0.0,-0.0,0.0,0.9342625953421988,-0.2036016
-0.1714985851425087,-0.8216275167663127,0.8900655363963734,0.1747404389163863,0.9342625953421988,-1.6602544513446176,-0.1947371608905996,-0.4904229316393336,0.0,-0.0,0.0,0.9342625953421988,-0.2036016
-0.1714985851425087,-0.8216275167663127,0.8900655363963734,0.1747404389163863,0.9342625953421988,-1.6602544513446176,-0.1947371608905996,-0.4904229316393336,0.0,-0.0,0.0,0.9342625953421988,-0.2036016
-0.1714985851425087,-0.8216275167663127,0.8900655363963734,0.1747404389163863,0.9342625953421988,-1.6602544513446176,-0.1947371608905996,-0.4904229316393336,0.0,-0.0,0.0,0.9342625953421988,-0.2036016
-0.1714985851425087,-0.8216275167663127,0.8900655363963734,0.1747404389163863,0.9342625953421988,-1.6602544513446176,-0.1947371608905996,-0.4904229316393336,0.0,-0.0,0.0,0.9342625953421988,-0.2036016
-0.1714985851425087,-0.8216275167663127,0.8900655363963734,0.1747404389163863,0.9342625953421988,-1.6602544513446176,-0.1947371608905996,-0.4904229316393336,0.0,-0.0,0.0,0.9342625953421988,-0.2036016
-0.1714985851425087,-0.8216275167663127,0.8900655363963734,0.1747404389163863,0.9342625953421988,-1.6602544513446176,-0.1947371608905996,-0.4904229316393336,0.0,-0.0,0.0,0.9342625953421988,-0.2036016
-0.1714985851425087,-0.8216275167663127,0.8900655363963734,0.1747404389163863,0.9342625953421988,-1.6602544513446176,-0.1947371608905996,-0.4904229316393336,0.0,-0.0,0.0,0.9342625953421988,-0.2036016
-0.1714985851425087,-0.8216275167663127,0.8900655363963734,0.1747404389163863,0.9342625953421988,-1.6602544513446176,-0.1947371608905996,-0.4904229316393336,0.0,-0.0,0.0,0.9342625953421988,-0.2036016
-0.1714985851425087,-0.8216275167663127,0.8900655363963734,0.1747404389163863,0.9342625953421988,-1.6602544513446176,-0.1947371608905996,-0.4904229316393336,0.0,-0.0,0.0,0.9342625953421988,-0.2036016
-0.1714985851425087,-0.8216275167663127,0.8900655363963734,0.1747404389163863,0.9342625953421988,-1.6602544513446176,-0.1947371608905996,-0.4904229316393336,0.0,-0.0,0.0,0.9342625953421988,-0.2036016
-0.1714985851425087,-0.8216275167663127,0.8900655363963734,0.1747404389163863,0.9342625953421988,-1.6602544513446176,-0.1947371608905996,-0.4904229316393336,0.0,-0.0,0.0,0.9342625953421988,-0.2036016
-0.1714985851425087,-0.8216275167663127,0.8900655363963734,0.1747404389163863,0.9342625953421988,-1.6602544513446176,-0.1947371608905996,-0.4904229316393336,0.0,-0.0,0.0,0.9342625953421988,-0.2036016
-1.3719886811400708,-1.319344185576675,-1.0107523887891023,-1.1474242890251172,1.0655944142486142,-0.2756536446028755,0.8855029391440474,2.475654958915356,0.0,-2.63868837115335,-0.0,1.0655944142486142,-0.21244226
-0.1714985851425087,-0.8216275167663127,1.3652700176927424,0.1747404389163863,-0.8824942328632149,0.6395909564636993,-0.1175771537452677,-0.3491811273272055,0.0,-1.6432550335326257,0.0,-0.8824942328632149,-0.21326654
-0.1714985851425087,-0.8216275167663127,1.3652700176927424,0.1747404389163863,-0.8824942328632149,0.6395909564636993,-0.1175771537452677,-0.3491811273272055,0.0,-1.6432550335326257,0.0,-0.8824942328632149,-0.21326654
-0.1714985851425087,-0.8216275167663127,1.3652700176927424,0.1747404389163863,-0.8824942328632149,0.6395909564636993,-0.1175771537452677,-0.3491811273272055,0.0,-1.6432550335326257,0.0,-0.8824942328632149,-0.21326654
0.4287464628562722,0.6715224896647745,1.3652700176927424,-1.0682850025829902,0.3979910014743358,0.6395909564636993,-0.3490571751812635,-0.3491811273272055,0.0,1.343044979329549,0.0,0.3979910014743358,-0.21814142
0.4287464628562722,0.6715224896647745,1.3652700176927424,-1.0682850025829902,0.3979910014743358,0.6395909564636993,-0.3490571751812635,-0.3491811273272055,0.0,1.343044979329549,0.0,0.3979910014743358,-0.21814142
1.6292365588538342,-0.3239108479559503,-0.5355479074927335,-0.1152988307668015,-0.4337771849329622,-1.402108538223276,-0.3490571751812635,-0.3844915784052375,0.0,-0.6478216959119006,-0.0,-0.4337771849329622,-0.22441435
0.4287464628562722,0.6715224896647745,0.4148610551000044,-0.1152988307668015,0.8138750946779847,-0.2991214548866338,-0.3490571751812635,-0.4551124805613016,0.0,0.0,0.0,0.8138750946779847,-0.24467067
0.4287464628562722,0.6715224896647745,0.4148610551000044,-0.1152988307668015,0.8138750946779847,-0.2991214548866338,-0.3490571751812635,-0.4551124805613016,0.0,0.0,0.0,0.8138750946779847,-0.24467067
0.4287464628562722,0.6715224896647745,0.4148610551000044,-0.1152988307668015,0.8138750946779847,-0.2991214548866338,-0.3490571751812635,-0.4551124805613016,0.0,0.0,0.0,0.8138750946779847,-0.24467067
0.4287464628562722,0.6715224896647745,0.4148610551000044,-0.1152988307668015,0.8138750946779847,-0.2991214548866338,-0.3490571751812635,-0.4551124805613016,0.0,0.0,0.0,0.8138750946779847,-0.24467067
0.4287464628562722,0.6715224896647745,0.4148610551000044,-0.1152988307668015,0.8138750946779847,-0.2991214548866338,-0.3490571751812635,-0.4551124805613016,0.0,0.0,0.0,0.8138750946779847,-0.24467067
0.4287464628562722,0.6715224896647745,0.4148610551000044,-0.1152988307668015,0.8138750946779847,-0.2991214548866338,-0.3490571751812635,-0.4551124805613016,0.0,0.0,0.0,0.8138750946779847,-0.24467067
0.4287464628562722,0.6715224896647745,0.4148610551000044,-0.1152988307668015,0.8138750946779847,-0.2991214548866338,-0.3490571751812635,-0.4551124805613016,0.0,0.0,0.0,0.8138750946779847,-0.24467067
0.4287464628562722,0.6715224896647745,0.4148610551000044,-0.1152988307668015,0.8138750946779847,-0.2991214548866338,-0.3490571751812635,-0.4551124805613016,0.0,0.0,0.0,0.8138750946779847,-0.24467067
0.4287464628562722,0.6715224896647745,0.4148610551000044,-0.1152988307668015,0.8138750946779847,-0.2991214548866338,-0.3490571751812635,-0.4551124805613016,0.0,0.0,0.0,0.8138750946779847,-0.24467067
1.0289915108550531,1.6669558272854992,-0.0603434261963645,-0.4053381004499893,0.1353273636615047,0.2641059919235662,-0.5033771894719273,-0.4198020294832695,0.0,0.0,-0.0,0.1353273636615047,-0.24979897
1.0289915108550531,1.6669558272854992,-0.0603434261963645,-0.4053381004499893,0.1353273636615047,0.2641059919235662,-0.5033771894719273,-0.4198020294832695,0.0,0.0,-0.0,0.1353273636615047,-0.24979897
1.0289915108550531,1.6669558272854992,-0.0603434261963645,-0.4053381004499893,0.1353273636615047,0.2641059919235662,-0.5033771894719273,-0.4198020294832695,0.0,0.0,-0.0,0.1353273636615047,-0.24979897
1.0289915108550531,1.6669558272854992,-0.0603434261963645,-0.4053381004499893,0.1353273636615047,0.2641059919235662,-0.5033771894719273,-0.4198020294832695,0.0,0.0,-0.0,0.1353273636615047,-0.24979897
1.0289915108550531,1.6669558272854992,-0.0603434261963645,-0.4053381004499893,0.1353273636615047,0.2641059919235662,-0.5033771894719273,-0.4198020294832695,0.0,0.0,-0.0,0.1353273636615047,-0.24979897
1.0289915108550531,1.6669558272854992,-0.0603434261963645,-0.4053381004499893,0.1353273636615047,0.2641059919235662,-0.5033771894719273,-0.4198020294832695,0.0,0.0,-0.0,0.1353273636615047,-0.24979897
1.0289915108550531,1.6669558272854992,-0.0603434261963645,-0.4053381004499893,0.1353273636615047,0.2641059919235662,-0.5033771894719273,-0.4198020294832695,0.0,0.0,-0.0,0.1353273636615047,-0.24979897
1.0289915108550531,1.6669558272854992,-0.0603434261963645,-0.4053381004499893,0.1353273636615047,0.2641059919235662,-0.5033771894719273,-0.4198020294832695,0.0,0.0,-0.0,0.1353273636615047,-0.24979897
1.0289915108550531,1.6669558272854992,-0.0603434261963645,-0.4053381004499893,0.1353273636615047,0.2641059919235662,-0.5033771894719273,-0.4198020294832695,0.0,0.0,-0.0,0.1353273636615047,-0.24979897
1.0289915108550531,1.6669558272854992,-0.0603434261963645,-0.4053381004499893,0.1353273636615047,0.2641059919235662,-0.5033771894719273,-0.4198020294832695,0.0,0.0,-0.0,0.1353273636615047,-0.24979897
1.0289915108550531,1.6669558272854992,-0.0603434261963645,-0.4053381004499893,0.1353273636615047,0.2641059919235662,-0.5033771894719273,-0.4198020294832695,0.0,0.0,-0.0,0.1353273636615047,-0.24979897
1.0289915108550531,1.6669558272854992,-0.0603434261963645,-0.4053381004499893,0.1353273636615047,0.2641059919235662,-0.5033771894719273,-0.4198020294832695,0.0,0.0,-0.0,0.1353273636615047,-0.24979897
1.0289915108550531,1.6669558272854992,-0.0603434261963645,-0.4053381004499893,0.1353273636615047,0.2641059919235662,-0.5033771894719273,-0.4198020294832695,0.0,0.0,-0.0,0.1353273636615047,-0.24979897
1.0289915108550531,1.6669558272854992,-0.0603434261963645,-0.4053381004499893,0.1353273636615047,0.2641059919235662,-0.5033771894719273,-0.4198020294832695,0.0,0.0,-0.0,0.1353273636615047,-0.24979897
1.0289915108550531,1.6669558272854992,-0.0603434261963645,-0.4053381004499893,0.1353273636615047,0.2641059919235662,-0.5033771894719273,-0.4198020294832695,0.0,0.0,-0.0,0.1353273636615047,-0.24979897
1.0289915108550531,1.6669558272854992,-0.0603434261963645,-0.4053381004499893,0.1353273636615047,0.2641059919235662,-0.5033771894719273,-0.4198020294832695,0.0,0.0,-0.0,0.1353273636615047,-0.24979897
1.0289915108550531,1.6669558272854992,-0.0603434261963645,-0.4053381004499893,0.1353273636615047,0.2641059919235662,-0.5033771894719273,-0.4198020294832695,0.0,0.0,-0.0,0.1353273636615047,-0.24979897
1.0289915108550531,1.6669558272854992,-0.0603434261963645,-0.4053381004499893,0.1353273636615047,0.2641059919235662,-0.5033771894719273,-0.4198020294832695,0.0,0.0,-0.0,0.1353273636615047,-0.24979897
1.0289915108550531,1.6669558272854992,-0.0603434261963645,-0.4053381004499893,0.1353273636615047,0.2641059919235662,-0.5033771894719273,-0.4198020294832695,0.0,0.0,-0.0,0.1353273636615047,-0.24979897
1.0289915108550531,1.6669558272854992,-0.0603434261963645,-0.4053381004499893,0.1353273636615047,0.2641059919235662,-0.5033771894719273,-0.4198020294832695,0.0,0.0,-0.0,0.1353273636615047,-0.24979897
1.0289915108550531,1.6669558272854992,-0.0603434261963645,-0.4053381004499893,0.1353273636615047,0.2641059919235662,-0.5033771894719273,-0.4198020294832695,0.0,0.0,-0.0,0.1353273636615047,-0.24979897
1.6292365588538342,-0.8216275167663127,1.3652700176927424,-0.4882064632166145,0.5183785021385499,-0.9092845222643506,-0.0404171465999357,-0.5257333827173656,0.0,-0.0,0.0,0.5183785021385499,-0.2509316
1.6292365588538342,-0.8216275167663127,1.3652700176927424,-0.4882064632166145,0.5183785021385499,-0.9092845222643506,-0.0404171465999357,-0.5257333827173656,0.0,-0.0,0.0,0.5183785021385499,-0.2509316
1.6292365588538342,-0.8216275167663127,1.3652700176927424,-0.4882064632166145,0.5183785021385499,-0.9092845222643506,-0.0404171465999357,-0.5257333827173656,0.0,-0.0,0.0,0.5183785021385499,-0.2509316
1.6292365588538342,-0.8216275167663127,1.3652700176927424,-0.4882064632166145,0.5183785021385499,-0.9092845222643506,-0.0404171465999357,-0.5257333827173656,0.0,-0.0,0.0,0.5183785021385499,-0.2509316
1.6292365588538342,-0.8216275167663127,1.3652700176927424,-0.4882064632166145,0.5183785021385499,-0.9092845222643506,-0.0404171465999357,-0.5257333827173656,0.0,-0.0,0.0,0.5183785021385499,-0.2509316
1.6292365588538342,-0.8216275167663127,1.3652700176927424,-0.4882064632166145,0.5183785021385499,-0.9092845222643506,-0.0404171465999357,-0.5257333827173656,0.0,-0.0,0.0,0.5183785021385499,-0.2509316
1.6292365588538342,-0.8216275167663127,1.3652700176927424,-0.4882064632166145,0.5183785021385499,-0.9092845222643506,-0.0404171465999357,-0.5257333827173656,0.0,-0.0,0.0,0.5183785021385499,-0.2509316
1.6292365588538342,-0.8216275167663127,1.3652700176927424,-0.4882064632166145,0.5183785021385499,-0.9092845222643506,-0.0404171465999357,-0.5257333827173656,0.0,-0.0,0.0,0.5183785021385499,-0.2509316
1.6292365588538342,-0.8216275167663127,1.3652700176927424,-0.4882064632166145,0.5183785021385499,-0.9092845222643506,-0.0404171465999357,-0.5257333827173656,0.0,-0.0,0.0,0.5183785021385499,-0.2509316
1.6292365588538342,-0.8216275167663127,1.3652700176927424,-0.4882064632166145,0.5183785021385499,-0.9092845222643506,-0.0404171465999357,-0.5257333827173656,0.0,-0.0,0.0,0.5183785021385499,-0.2509316
1.6292365588538342,-0.8216275167663127,1.3652700176927424,-0.4882064632166145,0.5183785021385499,-0.9092845222643506,-0.0404171465999357,-0.5257333827173656,0.0,-0.0,0.0,0.5183785021385499,-0.2509316
1.6292365588538342,-0.8216275167663127,1.3652700176927424,-0.4882064632166145,0.5183785021385499,-0.9092845222643506,-0.0404171465999357,-0.5257333827173656,0.0,-0.0,0.0,0.5183785021385499,-0.2509316
1.6292365588538342,-0.8216275167663127,1.3652700176927424,-0.4882064632166145,0.5183785021385499,-0.9092845222643506,-0.0404171465999357,-0.5257333827173656,0.0,-0.0,0.0,0.5183785021385499,-0.2509316
1.6292365588538342,-0.8216275167663127,1.3652700176927424,-0.4882064632166145,0.5183785021385499,-0.9092845222643506,-0.0404171465999357,-0.5257333827173656,0.0,-0.0,0.0,0.5183785021385499,-0.2509316
1.6292365588538342,-0.8216275167663127,1.3652700176927424,-0.4882064632166145,0.5183785021385499,-0.9092845222643506,-0.0404171465999357,-0.5257333827173656,0.0,-0.0,0.0,0.5183785021385499,-0.2509316
1.6292365588538342,-0.8216275167663127,1.3652700176927424,-0.4882064632166145,0.5183785021385499,-0.9092845222643506,-0.0404171465999357,-0.5257333827173656,0.0,-0.0,0.0,0.5183785021385499,-0.2509316
1.6292365588538342,-0.8216275167663127,1.3652700176927424,-0.4882064632166145,0.5183785021385499,-0.9092845222643506,-0.0404171465999357,-0.5257333827173656,0.0,-0.0,0.0,0.5183785021385499,-0.2509316
1.6292365588538342,-0.8216275167663127,1.3652700176927424,-0.4882064632166145,0.5183785021385499,-0.9092845222643506,-0.0404171465999357,-0.5257333827173656,0.0,-0.0,0.0,0.5183785021385499,-0.2509316
1.6292365588538342,-0.8216275167663127,1.3652700176927424,-0.4882064632166145,0.5183785021385499,-0.9092845222643506,-0.0404171465999357,-0.5257333827173656,0.0,-0.0,0.0,0.5183785021385499,-0.2509316
1.6292365588538342,-0.8216275167663127,1.3652700176927424,-0.4882064632166145,0.5183785021385499,-0.9092845222643506,-0.0404171465999357,-0.5257333827173656,0.0,-0.0,0.0,0.5183785021385499,-0.2509316
1.6292365588538342,-0.8216275167663127,1.3652700176927424,-0.4882064632166145,0.5183785021385499,-0.9092845222643506,-0.0404171465999357,-0.5257333827173656,0.0,-0.0,0.0,0.5183785021385499,-0.2509316
1.6292365588538342,-0.8216275167663127,1.3652700176927424,-0.4882064632166145,0.5183785021385499,-0.9092845222643506,-0.0404171465999357,-0.5257333827173656,0.0,-0.0,0.0,0.5183785021385499,-0.2509316
1.6292365588538342,-0.8216275167663127,1.3652700176927424,-0.4882064632166145,0.5183785021385499,-0.9092845222643506,-0.0404171465999357,-0.5257333827173656,0.0,-0.0,0.0,0.5183785021385499,-0.2509316
1.6292365588538342,-0.8216275167663127,1.3652700176927424,-0.4882064632166145,0.5183785021385499,-0.9092845222643506,-0.0404171465999357,-0.5257333827173656,0.0,-0.0,0.0,0.5183785021385499,-0.2509316
1.6292365588538342,-0.8216275167663127,1.3652700176927424,-0.4882064632166145,0.5183785021385499,-0.9092845222643506,-0.0404171465999357,-0.5257333827173656,0.0,-0.0,0.0,0.5183785021385499,-0.2509316
1.6292365588538342,-0.8216275167663127,1.3652700176927424,-0.4882064632166145,0.5183785021385499,-0.9092845222643506,-0.0404171465999357,-0.5257333827173656,0.0,-0.0,0.0,0.5183785021385499,-0.2509316
-1.3719886811400708,-1.319344185576675,-1.0107523887891023,-0.156733012150114,-0.5869976403237802,0.1467669405047744,-0.2718971680359315,-0.4551124805613016,0.0,-0.0,-0.0,-0.5869976403237802,-0.25316295
-1.3719886811400708,-1.319344185576675,-1.0107523887891023,-0.156733012150114,-0.5869976403237802,0.1467669405047744,-0.2718971680359315,-0.4551124805613016,0.0,-0.0,-0.0,-0.5869976403237802,-0.25316295
-1.3719886811400708,-1.319344185576675,-1.0107523887891023,-0.156733012150114,-0.5869976403237802,0.1467669405047744,-0.2718971680359315,-0.4551124805613016,0.0,-0.0,-0.0,-0.5869976403237802,-0.25316295
-1.3719886811400708,-1.319344185576675,-1.0107523887891023,-0.156733012150114,-0.5869976403237802,0.1467669405047744,-0.2718971680359315,-0.4551124805613016,0.0,-0.0,-0.0,-0.5869976403237802,-0.25316295
-1.3719886811400708,-1.319344185576675,-1.0107523887891023,-0.156733012150114,-0.5869976403237802,0.1467669405047744,-0.2718971680359315,-0.4551124805613016,0.0,-0.0,-0.0,-0.5869976403237802,-0.25316295
-1.3719886811400708,-1.319344185576675,-1.0107523887891023,-0.156733012150114,-0.5869976403237802,0.1467669405047744,-0.2718971680359315,-0.4551124805613016,0.0,-0.0,-0.0,-0.5869976403237802,-0.25316295
-1.3719886811400708,-1.319344185576675,-1.0107523887891023,-0.156733012150114,-0.5869976403237802,0.1467669405047744,-0.2718971680359315,-0.4551124805613016,0.0,-0.0,-0.0,-0.5869976403237802,-0.25316295
-1.3719886811400708,-1.319344185576675,-1.0107523887891023,-0.156733012150114,-0.5869976403237802,0.1467669405047744,-0.2718971680359315,-0.4551124805613016,0.0,-0.0,-0.0,-0.5869976403237802,-0.25316295
-1.3719886811400708,-1.319344185576675,-1.0107523887891023,-0.156733012150114,-0.5869976403237802,0.1467669405047744,-0.2718971680359315,-0.4551124805613016,0.0,-0.0,-0.0,-0.5869976403237802,-0.25316295
-1.3719886811400708,-1.319344185576675,-1.0107523887891023,-0.156733012150114,-0.5869976403237802,0.1467669405047744,-0.2718971680359315,-0.4551124805613016,0.0,-0.0,-0.0,-0.5869976403237802,-0.25316295
-1.3719886811400708,-1.319344185576675,-1.0107523887891023,-0.156733012150114,-0.5869976403237802,0.1467669405047744,-0.2718971680359315,-0.4551124805613016,0.0,-0.0,-0.0,-0.5869976403237802,-0.25316295
-1.3719886811400708,-1.319344185576675,-1.0107523887891023,-0.156733012150114,-0.5869976403237802,0.1467669405047744,-0.2718971680359315,-0.4551124805613016,0.0,-0.0,-0.0,-0.5869976403237802,-0.25316295
-1.3719886811400708,-1.319344185576675,-1.0107523887891023,-0.156733012150114,-0.5869976403237802,0.1467669405047744,-0.2718971680359315,-0.4551124805613016,0.0,-0.0,-0.0,-0.5869976403237802,-0.25316295
-1.3719886811400708,-1.319344185576675,-1.0107523887891023,-0.156733012150114,-0.5869976403237802,0.1467669405047744,-0.2718971680359315,-0.4551124805613016,0.0,-0.0,-0.0,-0.5869976403237802,-0.25316295
-1.3719886811400708,-1.319344185576675,-1.0107523887891023,-0.156733012150114,-0.5869976403237802,0.1467669405047744,-0.2718971680359315,-0.4551124805613016,0.0,-0.0,-0.0,-0.5869976403237802,-0.25316295
-1.3719886811400708,-1.319344185576675,-1.0107523887891023,-0.156733012150114,-0.5869976403237802,0.1467669405047744,-0.2718971680359315,-0.4551124805613016,0.0,-0.0,-0.0,-0.5869976403237802,-0.25316295
-1.3719886811400708,-1.319344185576675,-1.0107523887891023,-0.156733012150114,-0.5869976403237802,0.1467669405047744,-0.2718971680359315,-0.4551124805613016,0.0,-0.0,-0.0,-0.5869976403237802,-0.25316295
-1.3719886811400708,-1.319344185576675,-1.0107523887891023,-0.156733012150114,-0.5869976403237802,0.1467669405047744,-0.2718971680359315,-0.4551124805613016,0.0,-0.0,-0.0,-0.5869976403237802,-0.25316295
-1.3719886811400708,-1.319344185576675,-1.0107523887891023,-0.156733012150114,-0.5869976403237802,0.1467669405047744,-0.2718971680359315,-0.4551124805613016,0.0,-0.0,-0.0,-0.5869976403237802,-0.25316295
-1.3719886811400708,-1.319344185576675,-1.0107523887891023,-0.156733012150114,-0.5869976403237802,0.1467669405047744,-0.2718971680359315,-0.4551124805613016,0.0,-0.0,-0.0,-0.5869976403237802,-0.25316295
-1.3719886811400708,-1.319344185576675,-1.0107523887891023,-0.156733012150114,-0.5869976403237802,0.1467669405047744,-0.2718971680359315,-0.4551124805613016,0.0,-0.0,-0.0,-0.5869976403237802,-0.25316295
0.4287464628562722,-0.8216275167663127,-0.5355479074927335,0.3404771644496366,-1.3749885537622728,-1.495979779358309,-0.6576972037625912,-0.3491811273272055,0.0,-1.6432550335326257,-0.0,-1.3749885537622728,-0.2786519
-0.7717436331412898,-1.319344185576675,-1.0107523887891023,-1.0185639849230153,1.6128103263586786,-0.0409755417652921,0.5768629105627197,2.54627586107142,0.0,-2.63868837115335,-0.0,1.6128103263586786,-0.27904078
-0.7717436331412898,-1.319344185576675,-1.0107523887891023,-1.0185639849230153,1.6128103263586786,-0.0409755417652921,0.5768629105627197,2.54627586107142,0.0,-2.63868837115335,-0.0,1.6128103263586786,-0.27904078
-0.7717436331412898,-1.319344185576675,-1.0107523887891023,-1.0185639849230153,1.6128103263586786,-0.0409755417652921,0.5768629105627197,2.54627586107142,0.0,-2.63868837115335,-0.0,1.6128103263586786,-0.27904078
-0.7717436331412898,-1.319344185576675,-1.0107523887891023,-1.0185639849230153,1.6128103263586786,-0.0409755417652921,0.5768629105627197,2.54627586107142,0.0,-2.63868837115335,-0.0,1.6128103263586786,-0.27904078
-0.7717436331412898,1.169239158475137,-0.0603434261963645,-0.9439824584330526,0.5949887298339587,-1.3786407279395174,-0.3490571751812635,-0.3491811273272055,0.0,1.169239158475137,-0.0,0.5949887298339587,-0.29047585
0.4287464628562722,-0.8216275167663127,-1.4859568700854713,1.0034240665826375,0.4089353197165369,1.202818403273899,-0.5805371966172592,-0.5257333827173656,0.0,-1.6432550335326257,-0.0,0.4089353197165369,-0.31272402
0.4287464628562722,-0.8216275167663127,-1.4859568700854713,1.0034240665826375,0.4089353197165369,1.202818403273899,-0.5805371966172592,-0.5257333827173656,0.0,-1.6432550335326257,-0.0,0.4089353197165369,-0.31272402
1.6292365588538342,1.6669558272854992,-0.5355479074927335,-1.0268508211996776,-1.199879461887052,-1.3317051073720008,-0.5805371966172592,-0.5257333827173656,0.0,0.0,-0.0,-1.199879461887052,-0.32297644
1.6292365588538342,1.6669558272854992,-0.5355479074927335,-1.0268508211996776,-1.199879461887052,-1.3317051073720008,-0.5805371966172592,-0.5257333827173656,0.0,0.0,-0.0,-1.199879461887052,-0.32297644
1.6292365588538342,1.6669558272854992,-0.5355479074927335,-1.0268508211996776,-1.199879461887052,-1.3317051073720008,-0.5805371966172592,-0.5257333827173656,0.0,0.0,-0.0,-1.199879461887052,-0.32297644
1.6292365588538342,1.6669558272854992,-0.5355479074927335,-1.0268508211996776,-1.199879461887052,-1.3317051073720008,-0.5805371966172592,-0.5257333827173656,0.0,0.0,-0.0,-1.199879461887052,-0.32297644
1.6292365588538342,1.6669558272854992,-0.5355479074927335,-1.0268508211996776,-1.199879461887052,-1.3317051073720008,-0.5805371966172592,-0.5257333827173656,0.0,0.0,-0.0,-1.199879461887052,-0.32297644
1.6292365588538342,1.6669558272854992,-0.5355479074927335,-1.0268508211996776,-1.199879461887052,-1.3317051073720008,-0.5805371966172592,-0.5257333827173656,0.0,0.0,-0.0,-1.199879461887052,-0.32297644
1.6292365588538342,1.6669558272854992,-0.5355479074927335,-1.0268508211996776,-1.199879461887052,-1.3317051073720008,-0.5805371966172592,-0.5257333827173656,0.0,0.0,-0.0,-1.199879461887052,-0.32297644
1.6292365588538342,1.6669558272854992,-0.5355479074927335,-1.0268508211996776,-1.199879461887052,-1.3317051073720008,-0.5805371966172592,-0.5257333827173656,0.0,0.0,-0.0,-1.199879461887052,-0.32297644
1.6292365588538342,1.6669558272854992,-0.5355479074927335,-1.0268508211996776,-1.199879461887052,-1.3317051073720008,-0.5805371966172592,-0.5257333827173656,0.0,0.0,-0.0,-1.199879461887052,-0.32297644
1.6292365588538342,1.6669558272854992,-0.5355479074927335,-1.0268508211996776,-1.199879461887052,-1.3317051073720008,-0.5805371966172592,-0.5257333827173656,0.0,0.0,-0.0,-1.199879461887052,-0.32297644
1.6292365588538342,1.6669558272854992,-0.5355479074927335,-1.0268508211996776,-1.199879461887052,-1.3317051073720008,-0.5805371966172592,-0.5257333827173656,0.0,0.0,-0.0,-1.199879461887052,-0.32297644
1.6292365588538342,1.6669558272854992,-0.5355479074927335,-1.0268508211996776,-1.199879461887052,-1.3317051073720008,-0.5805371966172592,-0.5257333827173656,0.0,0.0,-0.0,-1.199879461887052,-0.32297644
1.6292365588538342,1.6669558272854992,-0.5355479074927335,-1.0268508211996776,-1.199879461887052,-1.3317051073720008,-0.5805371966172592,-0.5257333827173656,0.0,0.0,-0.0,-1.199879461887052,-0.32297644
1.6292365588538342,1.6669558272854992,-0.5355479074927335,-1.0268508211996776,-1.199879461887052,-1.3317051073720008,-0.5805371966172592,-0.5257333827173656,0.0,0.0,-0.0,-1.199879461887052,-0.32297644
1.6292365588538342,1.6669558272854992,-0.5355479074927335,-1.0268508211996776,-1.199879461887052,-1.3317051073720008,-0.5805371966172592,-0.5257333827173656,0.0,0.0,-0.0,-1.199879461887052,-0.32297644
1.6292365588538342,1.6669558272854992,-0.5355479074927335,-1.0268508211996776,-1.199879461887052,-1.3317051073720008,-0.5805371966172592,-0.5257333827173656,0.0,0.0,-0.0,-1.199879461887052,-0.32297644
1.6292365588538342,1.6669558272854992,-0.5355479074927335,-1.0268508211996776,-1.199879461887052,-1.3317051073720008,-0.5805371966172592,-0.5257333827173656,0.0,0.0,-0.0,-1.199879461887052,-0.32297644
1.6292365588538342,1.6669558272854992,-0.5355479074927335,-1.0268508211996776,-1.199879461887052,-1.3317051073720008,-0.5805371966172592,-0.5257333827173656,0.0,0.0,-0.0,-1.199879461887052,-0.32297644
1.6292365588538342,1.6669558272854992,-0.5355479074927335,-1.0268508211996776,-1.199879461887052,-1.3317051073720008,-0.5805371966172592,-0.5257333827173656,0.0,0.0,-0.0,-1.199879461887052,-0.32297644
1.6292365588538342,1.6669558272854992,-0.5355479074927335,-1.0268508211996776,-1.199879461887052,-1.3317051073720008,-0.5805371966172592,-0.5257333827173656,0.0,0.0,-0.0,-1.199879461887052,-0.32297644
1.6292365588538342,1.6669558272854992,-0.5355479074927335,-1.0268508211996776,-1.199879461887052,-1.3317051073720008,-0.5805371966172592,-0.5257333827173656,0.0,0.0,-0.0,-1.199879461887052,-0.32297644
1.6292365588538342,1.6669558272854992,-0.5355479074927335,-1.0268508211996776,-1.199879461887052,-1.3317051073720008,-0.5805371966172592,-0.5257333827173656,0.0,0.0,-0.0,-1.199879461887052,-0.32297644
1.6292365588538342,1.6669558272854992,-0.5355479074927335,-1.0268508211996776,-1.199879461887052,-1.3317051073720008,-0.5805371966172592,-0.5257333827173656,0.0,0.0,-0.0,-1.199879461887052,-0.32297644
1.6292365588538342,1.6669558272854992,-0.5355479074927335,-1.0268508211996776,-1.199879461887052,-1.3317051073720008,-0.5805371966172592,-0.5257333827173656,0.0,0.0,-0.0,-1.199879461887052,-0.32297644
-1.3719886811400708,-0.8216275167663127,-1.0107523887891023,-1.255567502435563,1.2844807790926402,0.4283806639098746,1.1169829605800432,2.405034056759292,0.0,-3.286510067065251,-1.0107523887891023,1.2844807790926402,-0.33013922
-0.1714985851425087,-0.8216275167663127,0.4148610551000044,-0.7368115515164898,0.2557148643257187,1.202818403273899,-0.0404171465999357,-0.4198020294832695,0.0,-0.0,0.0,0.2557148643257187,-0.34795398
-0.1714985851425087,-0.8216275167663127,0.4148610551000044,-0.7368115515164898,0.2557148643257187,1.202818403273899,-0.0404171465999357,-0.4198020294832695,0.0,-0.0,0.0,0.2557148643257187,-0.34795398
-0.1714985851425087,-0.8216275167663127,0.4148610551000044,-0.7368115515164898,0.2557148643257187,1.202818403273899,-0.0404171465999357,-0.4198020294832695,0.0,-0.0,0.0,0.2557148643257187,-0.34795398
-0.1714985851425087,-0.8216275167663127,0.4148610551000044,-0.7368115515164898,0.2557148643257187,1.202818403273899,-0.0404171465999357,-0.4198020294832695,0.0,-0.0,0.0,0.2557148643257187,-0.34795398
-0.1714985851425087,-0.8216275167663127,0.4148610551000044,-0.7368115515164898,0.2557148643257187,1.202818403273899,-0.0404171465999357,-0.4198020294832695,0.0,-0.0,0.0,0.2557148643257187,-0.34795398
-0.1714985851425087,-0.8216275167663127,0.4148610551000044,-0.7368115515164898,0.2557148643257187,1.202818403273899,-0.0404171465999357,-0.4198020294832695,0.0,-0.0,0.0,0.2557148643257187,-0.34795398
-0.1714985851425087,-0.8216275167663127,0.4148610551000044,-0.7368115515164898,0.2557148643257187,1.202818403273899,-0.0404171465999357,-0.4198020294832695,0.0,-0.0,0.0,0.2557148643257187,-0.34795398
-0.1714985851425087,-0.8216275167663127,0.4148610551000044,-0.7368115515164898,0.2557148643257187,1.202818403273899,-0.0404171465999357,-0.4198020294832695,0.0,-0.0,0.0,0.2557148643257187,-0.34795398
-0.1714985851425087,-0.8216275167663127,0.4148610551000044,-0.7368115515164898,0.2557148643257187,1.202818403273899,-0.0404171465999357,-0.4198020294832695,0.0,-0.0,0.0,0.2557148643257187,-0.34795398
-0.1714985851425087,-0.8216275167663127,0.4148610551000044,-0.7368115515164898,0.2557148643257187,1.202818403273899,-0.0404171465999357,-0.4198020294832695,0.0,-0.0,0.0,0.2557148643257187,-0.34795398
-0.1714985851425087,-0.8216275167663127,0.4148610551000044,-0.7368115515164898,0.2557148643257187,1.202818403273899,-0.0404171465999357,-0.4198020294832695,0.0,-0.0,0.0,0.2557148643257187,-0.34795398
-0.1714985851425087,-0.8216275167663127,0.4148610551000044,-0.7368115515164898,0.2557148643257187,1.202818403273899,-0.0404171465999357,-0.4198020294832695,0.0,-0.0,0.0,0.2557148643257187,-0.34795398
-0.1714985851425087,-0.8216275167663127,0.4148610551000044,-0.7368115515164898,0.2557148643257187,1.202818403273899,-0.0404171465999357,-0.4198020294832695,0.0,-0.0,0.0,0.2557148643257187,-0.34795398
-0.1714985851425087,-0.8216275167663127,0.4148610551000044,-0.7368115515164898,0.2557148643257187,1.202818403273899,-0.0404171465999357,-0.4198020294832695,0.0,-0.0,0.0,0.2557148643257187,-0.34795398
-0.1714985851425087,-0.8216275167663127,0.4148610551000044,-0.7368115515164898,0.2557148643257187,1.202818403273899,-0.0404171465999357,-0.4198020294832695,0.0,-0.0,0.0,0.2557148643257187,-0.34795398
-0.1714985851425087,-0.8216275167663127,0.4148610551000044,-0.7368115515164898,0.2557148643257187,1.202818403273899,-0.0404171465999357,-0.4198020294832695,0.0,-0.0,0.0,0.2557148643257187,-0.34795398
-0.1714985851425087,-0.8216275167663127,0.4148610551000044,-0.7368115515164898,0.2557148643257187,1.202818403273899,-0.0404171465999357,-0.4198020294832695,0.0,-0.0,0.0,0.2557148643257187,-0.34795398
-0.1714985851425087,-0.8216275167663127,0.4148610551000044,-0.7368115515164898,0.2557148643257187,1.202818403273899,-0.0404171465999357,-0.4198020294832695,0.0,-0.0,0.0,0.2557148643257187,-0.34795398
-0.1714985851425087,-0.8216275167663127,0.4148610551000044,-0.7368115515164898,0.2557148643257187,1.202818403273899,-0.0404171465999357,-0.4198020294832695,0.0,-0.0,0.0,0.2557148643257187,-0.34795398
-0.1714985851425087,-0.8216275167663127,0.4148610551000044,-0.7368115515164898,0.2557148643257187,1.202818403273899,-0.0404171465999357,-0.4198020294832695,0.0,-0.0,0.0,0.2557148643257187,-0.34795398
-0.1714985851425087,-0.8216275167663127,0.4148610551000044,-0.7368115515164898,0.2557148643257187,1.202818403273899,-0.0404171465999357,-0.4198020294832695,0.0,-0.0,0.0,0.2557148643257187,-0.34795398
-0.1714985851425087,-0.8216275167663127,0.4148610551000044,-0.7368115515164898,0.2557148643257187,1.202818403273899,-0.0404171465999357,-0.4198020294832695,0.0,-0.0,0.0,0.2557148643257187,-0.34795398
-0.1714985851425087,-0.8216275167663127,0.4148610551000044,-0.7368115515164898,0.2557148643257187,1.202818403273899,-0.0404171465999357,-0.4198020294832695,0.0,-0.0,0.0,0.2557148643257187,-0.34795398
-0.1714985851425087,-0.8216275167663127,0.4148610551000044,-0.7368115515164898,0.2557148643257187,1.202818403273899,-0.0404171465999357,-0.4198020294832695,0.0,-0.0,0.0,0.2557148643257187,-0.34795398
-0.1714985851425087,-0.8216275167663127,0.4148610551000044,-0.7368115515164898,0.2557148643257187,1.202818403273899,-0.0404171465999357,-0.4198020294832695,0.0,-0.0,0.0,0.2557148643257187,-0.34795398
1.6292365588538342,0.1738058208544121,0.4148610551000044,-0.529640644599927,1.098427368975218,-1.566383210209584,-0.4262171823265954,-0.5257333827173656,0.0,0.3476116417088242,0.0,1.098427368975218,-0.3519391
1.6292365588538342,0.1738058208544121,0.4148610551000044,-0.529640644599927,1.098427368975218,-1.566383210209584,-0.4262171823265954,-0.5257333827173656,0.0,0.3476116417088242,0.0,1.098427368975218,-0.3519391
1.6292365588538342,0.1738058208544121,0.4148610551000044,-0.529640644599927,1.098427368975218,-1.566383210209584,-0.4262171823265954,-0.5257333827173656,0.0,0.3476116417088242,0.0,1.098427368975218,-0.3519391
1.0289915108550531,0.6715224896647745,0.4148610551000044,-0.1152988307668015,1.5362000986632698,-0.0175077314815338,-0.5033771894719273,-0.5257333827173656,0.0,0.0,0.0,1.5362000986632698,-0.3540262
1.0289915108550531,0.6715224896647745,0.4148610551000044,-0.1152988307668015,1.5362000986632698,-0.0175077314815338,-0.5033771894719273,-0.5257333827173656,0.0,0.0,0.0,1.5362000986632698,-0.3540262
1.0289915108550531,0.6715224896647745,0.4148610551000044,-0.1152988307668015,1.5362000986632698,-0.0175077314815338,-0.5033771894719273,-0.5257333827173656,0.0,0.0,0.0,1.5362000986632698,-0.3540262
1.0289915108550531,0.6715224896647745,0.4148610551000044,-0.1152988307668015,1.5362000986632698,-0.0175077314815338,-0.5033771894719273,-0.5257333827173656,0.0,0.0,0.0,1.5362000986632698,-0.3540262
1.0289915108550531,0.6715224896647745,0.4148610551000044,-0.1152988307668015,1.5362000986632698,-0.0175077314815338,-0.5033771894719273,-0.5257333827173656,0.0,0.0,0.0,1.5362000986632698,-0.3540262
1.0289915108550531,0.6715224896647745,0.4148610551000044,-0.1152988307668015,1.5362000986632698,-0.0175077314815338,-0.5033771894719273,-0.5257333827173656,0.0,0.0,0.0,1.5362000986632698,-0.3540262
1.0289915108550531,0.6715224896647745,0.4148610551000044,-0.1152988307668015,1.5362000986632698,-0.0175077314815338,-0.5033771894719273,-0.5257333827173656,0.0,0.0,0.0,1.5362000986632698,-0.3540262
1.0289915108550531,0.6715224896647745,0.4148610551000044,-0.1152988307668015,1.5362000986632698,-0.0175077314815338,-0.5033771894719273,-0.5257333827173656,0.0,0.0,0.0,1.5362000986632698,-0.3540262
1.0289915108550531,0.6715224896647745,0.4148610551000044,-0.1152988307668015,1.5362000986632698,-0.0175077314815338,-0.5033771894719273,-0.5257333827173656,0.0,0.0,0.0,1.5362000986632698,-0.3540262
1.0289915108550531,0.6715224896647745,0.4148610551000044,-0.1152988307668015,1.5362000986632698,-0.0175077314815338,-0.5033771894719273,-0.5257333827173656,0.0,0.0,0.0,1.5362000986632698,-0.3540262
1.0289915108550531,0.6715224896647745,0.4148610551000044,-0.1152988307668015,1.5362000986632698,-0.0175077314815338,-0.5033771894719273,-0.5257333827173656,0.0,0.0,0.0,1.5362000986632698,-0.3540262
1.0289915108550531,0.6715224896647745,0.4148610551000044,-0.1152988307668015,1.5362000986632698,-0.0175077314815338,-0.5033771894719273,-0.5257333827173656,0.0,0.0,0.0,1.5362000986632698,-0.3540262
1.0289915108550531,0.6715224896647745,0.4148610551000044,-0.1152988307668015,1.5362000986632698,-0.0175077314815338,-0.5033771894719273,-0.5257333827173656,0.0,0.0,0.0,1.5362000986632698,-0.3540262
1.0289915108550531,0.6715224896647745,0.4148610551000044,-0.1152988307668015,1.5362000986632698,-0.0175077314815338,-0.5033771894719273,-0.5257333827173656,0.0,0.0,0.0,1.5362000986632698,-0.3540262
1.0289915108550531,0.6715224896647745,0.4148610551000044,-0.1152988307668015,1.5362000986632698,-0.0175077314815338,-0.5033771894719273,-0.5257333827173656,0.0,0.0,0.0,1.5362000986632698,-0.3540262
1.0289915108550531,0.6715224896647745,0.4148610551000044,-0.1152988307668015,1.5362000986632698,-0.0175077314815338,-0.5033771894719273,-0.5257333827173656,0.0,0.0,0.0,1.5362000986632698,-0.3540262
1.0289915108550531,0.6715224896647745,0.4148610551000044,-0.1152988307668015,1.5362000986632698,-0.0175077314815338,-0.5033771894719273,-0.5257333827173656,0.0,0.0,0.0,1.5362000986632698,-0.3540262
1.0289915108550531,0.6715224896647745,0.4148610551000044,-0.1152988307668015,1.5362000986632698,-0.0175077314815338,-0.5033771894719273,-0.5257333827173656,0.0,0.0,0.0,1.5362000986632698,-0.3540262
1.0289915108550531,0.6715224896647745,0.4148610551000044,-0.1152988307668015,1.5362000986632698,-0.0175077314815338,-0.5033771894719273,-0.5257333827173656,0.0,0.0,0.0,1.5362000986632698,-0.3540262
1.0289915108550531,0.6715224896647745,0.4148610551000044,-0.1152988307668015,1.5362000986632698,-0.0175077314815338,-0.5033771894719273,-0.5257333827173656,0.0,0.0,0.0,1.5362000986632698,-0.3540262
1.0289915108550531,0.6715224896647745,0.4148610551000044,-0.1152988307668015,1.5362000986632698,-0.0175077314815338,-0.5033771894719273,-0.5257333827173656,0.0,0.0,0.0,1.5362000986632698,-0.3540262
1.0289915108550531,0.6715224896647745,0.4148610551000044,-0.1152988307668015,1.5362000986632698,-0.0175077314815338,-0.5033771894719273,-0.5257333827173656,0.0,0.0,0.0,1.5362000986632698,-0.3540262
1.0289915108550531,0.6715224896647745,0.4148610551000044,-0.1152988307668015,1.5362000986632698,-0.0175077314815338,-0.5033771894719273,-0.5257333827173656,0.0,0.0,0.0,1.5362000986632698,-0.3540262
1.0289915108550531,0.6715224896647745,0.4148610551000044,-0.1152988307668015,1.5362000986632698,-0.0175077314815338,-0.5033771894719273,-0.5257333827173656,0.0,0.0,0.0,1.5362000986632698,-0.3540262
1.6292365588538342,-0.8216275167663127,0.8900655363963734,-1.192587546732928,-0.6198305950503841,-0.3225892651703922,-0.1175771537452677,-0.4904229316393336,0.0,-0.0,0.0,-0.6198305950503841,-0.35553187
1.6292365588538342,-0.8216275167663127,0.8900655363963734,-1.192587546732928,-0.6198305950503841,-0.3225892651703922,-0.1175771537452677,-0.4904229316393336,0.0,-0.0,0.0,-0.6198305950503841,-0.35553187
1.6292365588538342,-0.8216275167663127,0.8900655363963734,-1.192587546732928,-0.6198305950503841,-0.3225892651703922,-0.1175771537452677,-0.4904229316393336,0.0,-0.0,0.0,-0.6198305950503841,-0.35553187
1.6292365588538342,-0.8216275167663127,0.8900655363963734,-1.192587546732928,-0.6198305950503841,-0.3225892651703922,-0.1175771537452677,-0.4904229316393336,0.0,-0.0,0.0,-0.6198305950503841,-0.35553187
1.6292365588538342,-0.8216275167663127,0.8900655363963734,-1.192587546732928,-0.6198305950503841,-0.3225892651703922,-0.1175771537452677,-0.4904229316393336,0.0,-0.0,0.0,-0.6198305950503841,-0.35553187
1.6292365588538342,-0.8216275167663127,0.8900655363963734,-1.192587546732928,-0.6198305950503841,-0.3225892651703922,-0.1175771537452677,-0.4904229316393336,0.0,-0.0,0.0,-0.6198305950503841,-0.35553187
1.6292365588538342,-0.8216275167663127,0.8900655363963734,-1.192587546732928,-0.6198305950503841,-0.3225892651703922,-0.1175771537452677,-0.4904229316393336,0.0,-0.0,0.0,-0.6198305950503841,-0.35553187
1.6292365588538342,-0.8216275167663127,0.8900655363963734,-1.192587546732928,-0.6198305950503841,-0.3225892651703922,-0.1175771537452677,-0.4904229316393336,0.0,-0.0,0.0,-0.6198305950503841,-0.35553187
1.6292365588538342,-0.8216275167663127,0.8900655363963734,-1.192587546732928,-0.6198305950503841,-0.3225892651703922,-0.1175771537452677,-0.4904229316393336,0.0,-0.0,0.0,-0.6198305950503841,-0.35553187
1.6292365588538342,-0.8216275167663127,0.8900655363963734,-1.192587546732928,-0.6198305950503841,-0.3225892651703922,-0.1175771537452677,-0.4904229316393336,0.0,-0.0,0.0,-0.6198305950503841,-0.35553187
1.6292365588538342,-0.8216275167663127,0.8900655363963734,-1.192587546732928,-0.6198305950503841,-0.3225892651703922,-0.1175771537452677,-0.4904229316393336,0.0,-0.0,0.0,-0.6198305950503841,-0.35553187
1.6292365588538342,-0.8216275167663127,0.8900655363963734,-1.192587546732928,-0.6198305950503841,-0.3225892651703922,-0.1175771537452677,-0.4904229316393336,0.0,-0.0,0.0,-0.6198305950503841,-0.35553187
1.6292365588538342,-0.8216275167663127,0.8900655363963734,-1.192587546732928,-0.6198305950503841,-0.3225892651703922,-0.1175771537452677,-0.4904229316393336,0.0,-0.0,0.0,-0.6198305950503841,-0.35553187
1.6292365588538342,-0.8216275167663127,0.8900655363963734,-1.192587546732928,-0.6198305950503841,-0.3225892651703922,-0.1175771537452677,-0.4904229316393336,0.0,-0.0,0.0,-0.6198305950503841,-0.35553187
1.6292365588538342,-0.8216275167663127,0.8900655363963734,-1.192587546732928,-0.6198305950503841,-0.3225892651703922,-0.1175771537452677,-0.4904229316393336,0.0,-0.0,0.0,-0.6198305950503841,-0.35553187
1.6292365588538342,-0.8216275167663127,0.8900655363963734,-1.192587546732928,-0.6198305950503841,-0.3225892651703922,-0.1175771537452677,-0.4904229316393336,0.0,-0.0,0.0,-0.6198305950503841,-0.35553187
1.6292365588538342,-0.8216275167663127,0.8900655363963734,-1.192587546732928,-0.6198305950503841,-0.3225892651703922,-0.1175771537452677,-0.4904229316393336,0.0,-0.0,0.0,-0.6198305950503841,-0.35553187
1.6292365588538342,-0.8216275167663127,0.8900655363963734,-1.192587546732928,-0.6198305950503841,-0.3225892651703922,-0.1175771537452677,-0.4904229316393336,0.0,-0.0,0.0,-0.6198305950503841,-0.35553187
1.6292365588538342,-0.8216275167663127,0.8900655363963734,-1.192587546732928,-0.6198305950503841,-0.3225892651703922,-0.1175771537452677,-0.4904229316393336,0.0,-0.0,0.0,-0.6198305950503841,-0.35553187
1.6292365588538342,-0.8216275167663127,0.8900655363963734,-1.192587546732928,-0.6198305950503841,-0.3225892651703922,-0.1175771537452677,-0.4904229316393336,0.0,-0.0,0.0,-0.6198305950503841,-0.35553187
-0.1714985851425087,-0.8216275167663127,-1.4859568700854713,0.5890822527495119,0.978039868311004,-1.4490441587907923,-0.1175771537452677,-0.4904229316393336,0.0,-1.6432550335326257,-0.0,0.978039868311004,-0.3804985
-0.1714985851425087,-0.8216275167663127,-1.4859568700854713,0.5890822527495119,0.978039868311004,-1.4490441587907923,-0.1175771537452677,-0.4904229316393336,0.0,-1.6432550335326257,-0.0,0.978039868311004,-0.3804985
-1.3719886811400708,-0.8216275167663127,0.4148610551000044,-0.529640644599927,-1.5829306003640973,-1.402108538223276,-0.0404171465999357,-0.4551124805613016,0.0,-1.6432550335326257,0.0,-1.5829306003640973,-0.3981882
-1.3719886811400708,-0.8216275167663127,0.4148610551000044,-0.529640644599927,-1.5829306003640973,-1.402108538223276,-0.0404171465999357,-0.4551124805613016,0.0,-1.6432550335326257,0.0,-1.5829306003640973,-0.3981882
-1.3719886811400708,-0.8216275167663127,0.4148610551000044,-0.529640644599927,-1.5829306003640973,-1.402108538223276,-0.0404171465999357,-0.4551124805613016,0.0,-1.6432550335326257,0.0,-1.5829306003640973,-0.3981882
-1.3719886811400708,-0.8216275167663127,0.4148610551000044,-0.529640644599927,-1.5829306003640973,-1.402108538223276,-0.0404171465999357,-0.4551124805613016,0.0,-1.6432550335326257,0.0,-1.5829306003640973,-0.3981882
-1.3719886811400708,-0.8216275167663127,0.4148610551000044,-0.529640644599927,-1.5829306003640973,-1.402108538223276,-0.0404171465999357,-0.4551124805613016,0.0,-1.6432550335326257,0.0,-1.5829306003640973,-0.3981882
-1.3719886811400708,-0.8216275167663127,0.4148610551000044,-0.529640644599927,-1.5829306003640973,-1.402108538223276,-0.0404171465999357,-0.4551124805613016,0.0,-1.6432550335326257,0.0,-1.5829306003640973,-0.3981882
-0.1714985851425087,-0.8216275167663127,1.3652700176927424,-0.9439824584330526,-1.0247703700118316,1.0854793518551076,-0.6576972037625912,-0.3844915784052375,0.0,-0.0,0.0,-1.0247703700118316,-0.4007227
-0.1714985851425087,-0.8216275167663127,1.3652700176927424,-0.9439824584330526,-1.0247703700118316,1.0854793518551076,-0.6576972037625912,-0.3844915784052375,0.0,-0.0,0.0,-1.0247703700118316,-0.4007227
-0.1714985851425087,-0.8216275167663127,1.3652700176927424,-0.9439824584330526,-1.0247703700118316,1.0854793518551076,-0.6576972037625912,-0.3844915784052375,0.0,-0.0,0.0,-1.0247703700118316,-0.4007227
-0.1714985851425087,-0.8216275167663127,1.3652700176927424,-0.9439824584330526,-1.0247703700118316,1.0854793518551076,-0.6576972037625912,-0.3844915784052375,0.0,-0.0,0.0,-1.0247703700118316,-0.4007227
-0.1714985851425087,-0.8216275167663127,1.3652700176927424,-0.9439824584330526,-1.0247703700118316,1.0854793518551076,-0.6576972037625912,-0.3844915784052375,0.0,-0.0,0.0,-1.0247703700118316,-0.4007227
-0.1714985851425087,-0.8216275167663127,1.3652700176927424,-0.9439824584330526,-1.0247703700118316,1.0854793518551076,-0.6576972037625912,-0.3844915784052375,0.0,-0.0,0.0,-1.0247703700118316,-0.4007227
-0.1714985851425087,-0.8216275167663127,1.3652700176927424,-0.9439824584330526,-1.0247703700118316,1.0854793518551076,-0.6576972037625912,-0.3844915784052375,0.0,-0.0,0.0,-1.0247703700118316,-0.4007227
-0.1714985851425087,-0.8216275167663127,1.3652700176927424,-0.9439824584330526,-1.0247703700118316,1.0854793518551076,-0.6576972037625912,-0.3844915784052375,0.0,-0.0,0.0,-1.0247703700118316,-0.4007227
-0.1714985851425087,-0.8216275167663127,1.3652700176927424,-0.9439824584330526,-1.0247703700118316,1.0854793518551076,-0.6576972037625912,-0.3844915784052375,0.0,-0.0,0.0,-1.0247703700118316,-0.4007227
-0.1714985851425087,-0.8216275167663127,1.3652700176927424,-0.9439824584330526,-1.0247703700118316,1.0854793518551076,-0.6576972037625912,-0.3844915784052375,0.0,-0.0,0.0,-1.0247703700118316,-0.4007227
-0.1714985851425087,-0.8216275167663127,1.3652700176927424,-0.9439824584330526,-1.0247703700118316,1.0854793518551076,-0.6576972037625912,-0.3844915784052375,0.0,-0.0,0.0,-1.0247703700118316,-0.4007227
-0.1714985851425087,-0.8216275167663127,1.3652700176927424,-0.9439824584330526,-1.0247703700118316,1.0854793518551076,-0.6576972037625912,-0.3844915784052375,0.0,-0.0,0.0,-1.0247703700118316,-0.4007227
-0.1714985851425087,-0.8216275167663127,1.3652700176927424,-0.9439824584330526,-1.0247703700118316,1.0854793518551076,-0.6576972037625912,-0.3844915784052375,0.0,-0.0,0.0,-1.0247703700118316,-0.4007227
-0.1714985851425087,-0.8216275167663127,1.3652700176927424,-0.9439824584330526,-1.0247703700118316,1.0854793518551076,-0.6576972037625912,-0.3844915784052375,0.0,-0.0,0.0,-1.0247703700118316,-0.4007227
-0.1714985851425087,-0.8216275167663127,1.3652700176927424,-0.9439824584330526,-1.0247703700118316,1.0854793518551076,-0.6576972037625912,-0.3844915784052375,0.0,-0.0,0.0,-1.0247703700118316,-0.4007227
-0.1714985851425087,-0.8216275167663127,1.3652700176927424,-0.9439824584330526,-1.0247703700118316,1.0854793518551076,-0.6576972037625912,-0.3844915784052375,0.0,-0.0,0.0,-1.0247703700118316,-0.4007227
-0.1714985851425087,-0.8216275167663127,1.3652700176927424,-0.9439824584330526,-1.0247703700118316,1.0854793518551076,-0.6576972037625912,-0.3844915784052375,0.0,-0.0,0.0,-1.0247703700118316,-0.4007227
-0.1714985851425087,-0.8216275167663127,1.3652700176927424,-0.9439824584330526,-1.0247703700118316,1.0854793518551076,-0.6576972037625912,-0.3844915784052375,0.0,-0.0,0.0,-1.0247703700118316,-0.4007227
-0.1714985851425087,-0.8216275167663127,1.3652700176927424,-0.9439824584330526,-1.0247703700118316,1.0854793518551076,-0.6576972037625912,-0.3844915784052375,0.0,-0.0,0.0,-1.0247703700118316,-0.4007227
1.6292365588538342,0.1738058208544121,0.4148610551000044,-0.529640644599927,1.098427368975218,-1.566383210209584,-0.4262171823265954,-0.5257333827173656,0.0,0.0,0.0,1.098427368975218,-0.40568358
1.6292365588538342,0.1738058208544121,0.4148610551000044,-0.529640644599927,1.098427368975218,-1.566383210209584,-0.4262171823265954,-0.5257333827173656,0.0,0.0,0.0,1.098427368975218,-0.40568358
1.6292365588538342,0.1738058208544121,0.4148610551000044,-0.529640644599927,1.098427368975218,-1.566383210209584,-0.4262171823265954,-0.5257333827173656,0.0,0.0,0.0,1.098427368975218,-0.40568358
1.6292365588538342,0.1738058208544121,0.4148610551000044,-0.529640644599927,1.098427368975218,-1.566383210209584,-0.4262171823265954,-0.5257333827173656,0.0,0.0,0.0,1.098427368975218,-0.40568358
1.6292365588538342,0.1738058208544121,0.4148610551000044,-0.529640644599927,1.098427368975218,-1.566383210209584,-0.4262171823265954,-0.5257333827173656,0.0,0.0,0.0,1.098427368975218,-0.40568358
1.6292365588538342,0.1738058208544121,0.4148610551000044,-0.529640644599927,1.098427368975218,-1.566383210209584,-0.4262171823265954,-0.5257333827173656,0.0,0.0,0.0,1.098427368975218,-0.40568358
1.6292365588538342,0.1738058208544121,0.4148610551000044,-0.529640644599927,1.098427368975218,-1.566383210209584,-0.4262171823265954,-0.5257333827173656,0.0,0.0,0.0,1.098427368975218,-0.40568358
1.6292365588538342,0.1738058208544121,0.4148610551000044,-0.529640644599927,1.098427368975218,-1.566383210209584,-0.4262171823265954,-0.5257333827173656,0.0,0.0,0.0,1.098427368975218,-0.40568358
1.6292365588538342,0.1738058208544121,0.4148610551000044,-0.529640644599927,1.098427368975218,-1.566383210209584,-0.4262171823265954,-0.5257333827173656,0.0,0.0,0.0,1.098427368975218,-0.40568358
1.6292365588538342,0.1738058208544121,0.4148610551000044,-0.529640644599927,1.098427368975218,-1.566383210209584,-0.4262171823265954,-0.5257333827173656,0.0,0.0,0.0,1.098427368975218,-0.40568358
1.6292365588538342,0.1738058208544121,0.4148610551000044,-0.529640644599927,1.098427368975218,-1.566383210209584,-0.4262171823265954,-0.5257333827173656,0.0,0.0,0.0,1.098427368975218,-0.40568358
1.6292365588538342,0.1738058208544121,0.4148610551000044,-0.529640644599927,1.098427368975218,-1.566383210209584,-0.4262171823265954,-0.5257333827173656,0.0,0.0,0.0,1.098427368975218,-0.40568358
1.6292365588538342,0.1738058208544121,0.4148610551000044,-0.529640644599927,1.098427368975218,-1.566383210209584,-0.4262171823265954,-0.5257333827173656,0.0,0.0,0.0,1.098427368975218,-0.40568358
1.6292365588538342,0.1738058208544121,0.4148610551000044,-0.529640644599927,1.098427368975218,-1.566383210209584,-0.4262171823265954,-0.5257333827173656,0.0,0.0,0.0,1.098427368975218,-0.40568358
1.6292365588538342,-0.8216275167663127,1.3652700176927424,0.0918720761497612,1.076538732490815,1.3436252649764495,-0.2718971680359315,-0.3491811273272055,0.0,-1.6432550335326257,0.0,1.076538732490815,-0.41508818
0.4287464628562722,0.6715224896647745,1.3652700176927424,-1.0682850025829902,0.3979910014743358,0.6395909564636993,-0.3490571751812635,-0.3491811273272055,0.0,0.0,0.0,0.3979910014743358,-0.42437527
0.4287464628562722,0.6715224896647745,1.3652700176927424,-1.0682850025829902,0.3979910014743358,0.6395909564636993,-0.3490571751812635,-0.3491811273272055,0.0,0.0,0.0,0.3979910014743358,-0.42437527
0.4287464628562722,0.6715224896647745,1.3652700176927424,-1.0682850025829902,0.3979910014743358,0.6395909564636993,-0.3490571751812635,-0.3491811273272055,0.0,0.0,0.0,0.3979910014743358,-0.42437527
0.4287464628562722,0.6715224896647745,1.3652700176927424,-1.0682850025829902,0.3979910014743358,0.6395909564636993,-0.3490571751812635,-0.3491811273272055,0.0,0.0,0.0,0.3979910014743358,-0.42437527
0.4287464628562722,0.6715224896647745,1.3652700176927424,-1.0682850025829902,0.3979910014743358,0.6395909564636993,-0.3490571751812635,-0.3491811273272055,0.0,0.0,0.0,0.3979910014743358,-0.42437527
0.4287464628562722,0.6715224896647745,1.3652700176927424,-1.0682850025829902,0.3979910014743358,0.6395909564636993,-0.3490571751812635,-0.3491811273272055,0.0,0.0,0.0,0.3979910014743358,-0.42437527
0.4287464628562722,0.6715224896647745,1.3652700176927424,-1.0682850025829902,0.3979910014743358,0.6395909564636993,-0.3490571751812635,-0.3491811273272055,0.0,0.0,0.0,0.3979910014743358,-0.42437527
0.4287464628562722,0.6715224896647745,1.3652700176927424,-1.0682850025829902,0.3979910014743358,0.6395909564636993,-0.3490571751812635,-0.3491811273272055,0.0,0.0,0.0,0.3979910014743358,-0.42437527
0.4287464628562722,0.6715224896647745,1.3652700176927424,-1.0682850025829902,0.3979910014743358,0.6395909564636993,-0.3490571751812635,-0.3491811273272055,0.0,0.0,0.0,0.3979910014743358,-0.42437527
0.4287464628562722,0.6715224896647745,1.3652700176927424,-1.0682850025829902,0.3979910014743358,0.6395909564636993,-0.3490571751812635,-0.3491811273272055,0.0,0.0,0.0,0.3979910014743358,-0.42437527
0.4287464628562722,0.6715224896647745,1.3652700176927424,-1.0682850025829902,0.3979910014743358,0.6395909564636993,-0.3490571751812635,-0.3491811273272055,0.0,0.0,0.0,0.3979910014743358,-0.42437527
0.4287464628562722,0.6715224896647745,1.3652700176927424,-1.0682850025829902,0.3979910014743358,0.6395909564636993,-0.3490571751812635,-0.3491811273272055,0.0,0.0,0.0,0.3979910014743358,-0.42437527
0.4287464628562722,0.6715224896647745,1.3652700176927424,-1.0682850025829902,0.3979910014743358,0.6395909564636993,-0.3490571751812635,-0.3491811273272055,0.0,0.0,0.0,0.3979910014743358,-0.42437527
0.4287464628562722,0.6715224896647745,1.3652700176927424,-1.0682850025829902,0.3979910014743358,0.6395909564636993,-0.3490571751812635,-0.3491811273272055,0.0,0.0,0.0,0.3979910014743358,-0.42437527
0.4287464628562722,0.6715224896647745,1.3652700176927424,-1.0682850025829902,0.3979910014743358,0.6395909564636993,-0.3490571751812635,-0.3491811273272055,0.0,0.0,0.0,0.3979910014743358,-0.42437527
0.4287464628562722,0.6715224896647745,1.3652700176927424,-1.0682850025829902,0.3979910014743358,0.6395909564636993,-0.3490571751812635,-0.3491811273272055,0.0,0.0,0.0,0.3979910014743358,-0.42437527
0.4287464628562722,0.6715224896647745,1.3652700176927424,-1.0682850025829902,0.3979910014743358,0.6395909564636993,-0.3490571751812635,-0.3491811273272055,0.0,0.0,0.0,0.3979910014743358,-0.42437527
0.4287464628562722,0.6715224896647745,1.3652700176927424,-1.0682850025829902,0.3979910014743358,0.6395909564636993,-0.3490571751812635,-0.3491811273272055,0.0,0.0,0.0,0.3979910014743358,-0.42437527
0.4287464628562722,0.6715224896647745,1.3652700176927424,-1.0682850025829902,0.3979910014743358,0.6395909564636993,-0.3490571751812635,-0.3491811273272055,0.0,0.0,0.0,0.3979910014743358,-0.42437527
0.4287464628562722,0.6715224896647745,1.3652700176927424,-1.0682850025829902,0.3979910014743358,0.6395909564636993,-0.3490571751812635,-0.3491811273272055,0.0,0.0,0.0,0.3979910014743358,-0.42437527
0.4287464628562722,0.6715224896647745,1.3652700176927424,-1.0682850025829902,0.3979910014743358,0.6395909564636993,-0.3490571751812635,-0.3491811273272055,0.0,0.0,0.0,0.3979910014743358,-0.42437527
-1.3719886811400708,-0.3239108479559503,0.4148610551000044,-1.0268508211996776,-0.5322760491127737,-0.4164605063054256,-0.1947371608905996,-0.5257333827173656,0.0,-0.0,0.0,-0.5322760491127737,-0.42481044
-1.3719886811400708,-0.3239108479559503,0.4148610551000044,-1.0268508211996776,-0.5322760491127737,-0.4164605063054256,-0.1947371608905996,-0.5257333827173656,0.0,-0.0,0.0,-0.5322760491127737,-0.42481044
-1.3719886811400708,-0.3239108479559503,0.4148610551000044,-1.0268508211996776,-0.5322760491127737,-0.4164605063054256,-0.1947371608905996,-0.5257333827173656,0.0,-0.0,0.0,-0.5322760491127737,-0.42481044
-1.3719886811400708,-0.3239108479559503,0.4148610551000044,-1.0268508211996776,-0.5322760491127737,-0.4164605063054256,-0.1947371608905996,-0.5257333827173656,0.0,-0.0,0.0,-0.5322760491127737,-0.42481044
-1.3719886811400708,-0.3239108479559503,0.4148610551000044,-1.0268508211996776,-0.5322760491127737,-0.4164605063054256,-0.1947371608905996,-0.5257333827173656,0.0,-0.0,0.0,-0.5322760491127737,-0.42481044
-1.3719886811400708,-0.3239108479559503,0.4148610551000044,-1.0268508211996776,-0.5322760491127737,-0.4164605063054256,-0.1947371608905996,-0.5257333827173656,0.0,-0.0,0.0,-0.5322760491127737,-0.42481044
-1.3719886811400708,-0.3239108479559503,0.4148610551000044,-1.0268508211996776,-0.5322760491127737,-0.4164605063054256,-0.1947371608905996,-0.5257333827173656,0.0,-0.0,0.0,-0.5322760491127737,-0.42481044
-1.3719886811400708,-0.3239108479559503,0.4148610551000044,-1.0268508211996776,-0.5322760491127737,-0.4164605063054256,-0.1947371608905996,-0.5257333827173656,0.0,-0.0,0.0,-0.5322760491127737,-0.42481044
-1.3719886811400708,-0.3239108479559503,0.4148610551000044,-1.0268508211996776,-0.5322760491127737,-0.4164605063054256,-0.1947371608905996,-0.5257333827173656,0.0,-0.0,0.0,-0.5322760491127737,-0.42481044
-1.3719886811400708,-0.3239108479559503,0.4148610551000044,-1.0268508211996776,-0.5322760491127737,-0.4164605063054256,-0.1947371608905996,-0.5257333827173656,0.0,-0.0,0.0,-0.5322760491127737,-0.42481044
-1.3719886811400708,-0.3239108479559503,0.4148610551000044,-1.0268508211996776,-0.5322760491127737,-0.4164605063054256,-0.1947371608905996,-0.5257333827173656,0.0,-0.0,0.0,-0.5322760491127737,-0.42481044
-1.3719886811400708,-0.3239108479559503,0.4148610551000044,-1.0268508211996776,-0.5322760491127737,-0.4164605063054256,-0.1947371608905996,-0.5257333827173656,0.0,-0.0,0.0,-0.5322760491127737,-0.42481044
-1.3719886811400708,-0.3239108479559503,0.4148610551000044,-1.0268508211996776,-0.5322760491127737,-0.4164605063054256,-0.1947371608905996,-0.5257333827173656,0.0,-0.0,0.0,-0.5322760491127737,-0.42481044
-1.3719886811400708,-0.3239108479559503,0.4148610551000044,-1.0268508211996776,-0.5322760491127737,-0.4164605063054256,-0.1947371608905996,-0.5257333827173656,0.0,-0.0,0.0,-0.5322760491127737,-0.42481044
-1.3719886811400708,-0.3239108479559503,0.4148610551000044,-1.0268508211996776,-0.5322760491127737,-0.4164605063054256,-0.1947371608905996,-0.5257333827173656,0.0,-0.0,0.0,-0.5322760491127737,-0.42481044
-1.3719886811400708,-0.3239108479559503,0.4148610551000044,-1.0268508211996776,-0.5322760491127737,-0.4164605063054256,-0.1947371608905996,-0.5257333827173656,0.0,-0.0,0.0,-0.5322760491127737,-0.42481044
-1.3719886811400708,-0.3239108479559503,0.4148610551000044,-1.0268508211996776,-0.5322760491127737,-0.4164605063054256,-0.1947371608905996,-0.5257333827173656,0.0,-0.0,0.0,-0.5322760491127737,-0.42481044
-1.3719886811400708,-0.3239108479559503,0.4148610551000044,-1.0268508211996776,-0.5322760491127737,-0.4164605063054256,-0.1947371608905996,-0.5257333827173656,0.0,-0.0,0.0,-0.5322760491127737,-0.42481044
-1.3719886811400708,-0.3239108479559503,0.4148610551000044,-1.0268508211996776,-0.5322760491127737,-0.4164605063054256,-0.1947371608905996,-0.5257333827173656,0.0,-0.0,0.0,-0.5322760491127737,-0.42481044
-1.3719886811400708,-0.3239108479559503,0.4148610551000044,-1.0268508211996776,-0.5322760491127737,-0.4164605063054256,-0.1947371608905996,-0.5257333827173656,0.0,-0.0,0.0,-0.5322760491127737,-0.42481044
-1.3719886811400708,-0.3239108479559503,0.4148610551000044,-1.0268508211996776,-0.5322760491127737,-0.4164605063054256,-0.1947371608905996,-0.5257333827173656,0.0,-0.0,0.0,-0.5322760491127737,-0.42481044
-1.3719886811400708,-0.3239108479559503,0.4148610551000044,-1.0268508211996776,-0.5322760491127737,-0.4164605063054256,-0.1947371608905996,-0.5257333827173656,0.0,-0.0,0.0,-0.5322760491127737,-0.42481044
-1.3719886811400708,-0.3239108479559503,0.4148610551000044,-1.0268508211996776,-0.5322760491127737,-0.4164605063054256,-0.1947371608905996,-0.5257333827173656,0.0,-0.0,0.0,-0.5322760491127737,-0.42481044
-0.1714985851425087,-1.319344185576675,-0.5355479074927335,-0.90254827704974,-0.3133896842687479,1.155882782706383,-0.3490571751812635,-0.3491811273272055,0.0,-0.0,-0.0,-0.3133896842687479,-0.43828574
-0.1714985851425087,-1.319344185576675,-0.5355479074927335,-0.90254827704974,-0.3133896842687479,1.155882782706383,-0.3490571751812635,-0.3491811273272055,0.0,-0.0,-0.0,-0.3133896842687479,-0.43828574
-0.1714985851425087,-1.319344185576675,-0.5355479074927335,-0.90254827704974,-0.3133896842687479,1.155882782706383,-0.3490571751812635,-0.3491811273272055,0.0,-0.0,-0.0,-0.3133896842687479,-0.43828574
-0.1714985851425087,-1.319344185576675,-0.5355479074927335,-0.90254827704974,-0.3133896842687479,1.155882782706383,-0.3490571751812635,-0.3491811273272055,0.0,-0.0,-0.0,-0.3133896842687479,-0.43828574
-0.1714985851425087,-1.319344185576675,-0.5355479074927335,-0.90254827704974,-0.3133896842687479,1.155882782706383,-0.3490571751812635,-0.3491811273272055,0.0,-0.0,-0.0,-0.3133896842687479,-0.43828574
-0.1714985851425087,-1.319344185576675,-0.5355479074927335,-0.90254827704974,-0.3133896842687479,1.155882782706383,-0.3490571751812635,-0.3491811273272055,0.0,-0.0,-0.0,-0.3133896842687479,-0.43828574
-0.1714985851425087,-1.319344185576675,-0.5355479074927335,-0.90254827704974,-0.3133896842687479,1.155882782706383,-0.3490571751812635,-0.3491811273272055,0.0,-0.0,-0.0,-0.3133896842687479,-0.43828574
-0.1714985851425087,-1.319344185576675,-0.5355479074927335,-0.90254827704974,-0.3133896842687479,1.155882782706383,-0.3490571751812635,-0.3491811273272055,0.0,-0.0,-0.0,-0.3133896842687479,-0.43828574
-0.1714985851425087,-1.319344185576675,-0.5355479074927335,-0.90254827704974,-0.3133896842687479,1.155882782706383,-0.3490571751812635,-0.3491811273272055,0.0,-0.0,-0.0,-0.3133896842687479,-0.43828574
-0.1714985851425087,-1.319344185576675,-0.5355479074927335,-0.90254827704974,-0.3133896842687479,1.155882782706383,-0.3490571751812635,-0.3491811273272055,0.0,-0.0,-0.0,-0.3133896842687479,-0.43828574
-0.1714985851425087,-1.319344185576675,-0.5355479074927335,-0.90254827704974,-0.3133896842687479,1.155882782706383,-0.3490571751812635,-0.3491811273272055,0.0,-0.0,-0.0,-0.3133896842687479,-0.43828574
-0.1714985851425087,-1.319344185576675,-0.5355479074927335,-0.90254827704974,-0.3133896842687479,1.155882782706383,-0.3490571751812635,-0.3491811273272055,0.0,-0.0,-0.0,-0.3133896842687479,-0.43828574
-0.1714985851425087,-1.319344185576675,-0.5355479074927335,-0.90254827704974,-0.3133896842687479,1.155882782706383,-0.3490571751812635,-0.3491811273272055,0.0,-0.0,-0.0,-0.3133896842687479,-0.43828574
-0.1714985851425087,-1.319344185576675,-0.5355479074927335,-0.90254827704974,-0.3133896842687479,1.155882782706383,-0.3490571751812635,-0.3491811273272055,0.0,-0.0,-0.0,-0.3133896842687479,-0.43828574
-0.1714985851425087,-1.319344185576675,-0.5355479074927335,-0.90254827704974,-0.3133896842687479,1.155882782706383,-0.3490571751812635,-0.3491811273272055,0.0,-0.0,-0.0,-0.3133896842687479,-0.43828574
-0.1714985851425087,-1.319344185576675,-0.5355479074927335,-0.90254827704974,-0.3133896842687479,1.155882782706383,-0.3490571751812635,-0.3491811273272055,0.0,-0.0,-0.0,-0.3133896842687479,-0.43828574
-0.1714985851425087,-1.319344185576675,-0.5355479074927335,-0.90254827704974,-0.3133896842687479,1.155882782706383,-0.3490571751812635,-0.3491811273272055,0.0,-0.0,-0.0,-0.3133896842687479,-0.43828574
-0.1714985851425087,-1.319344185576675,-0.5355479074927335,-0.90254827704974,-0.3133896842687479,1.155882782706383,-0.3490571751812635,-0.3491811273272055,0.0,-0.0,-0.0,-0.3133896842687479,-0.43828574
-0.1714985851425087,-1.319344185576675,-0.5355479074927335,-0.90254827704974,-0.3133896842687479,1.155882782706383,-0.3490571751812635,-0.3491811273272055,0.0,-0.0,-0.0,-0.3133896842687479,-0.43828574
-0.1714985851425087,-1.319344185576675,-0.5355479074927335,-0.90254827704974,-0.3133896842687479,1.155882782706383,-0.3490571751812635,-0.3491811273272055,0.0,-0.0,-0.0,-0.3133896842687479,-0.43828574
-0.1714985851425087,-1.319344185576675,-0.5355479074927335,-0.90254827704974,-0.3133896842687479,1.155882782706383,-0.3490571751812635,-0.3491811273272055,0.0,-0.0,-0.0,-0.3133896842687479,-0.43828574
-1.3719886811400708,0.1738058208544121,1.3652700176927424,-0.6953773701331772,1.1531489601862246,1.202818403273899,-0.5033771894719273,-0.4198020294832695,0.0,0.6952232834176484,1.3652700176927424,1.1531489601862246,-0.44018465
-0.1714985851425087,-0.8216275167663127,0.8900655363963734,0.1747404389163863,0.9342625953421988,-1.6602544513446176,-0.1947371608905996,-0.4904229316393336,0.0,-1.6432550335326257,0.0,0.9342625953421988,-0.44856188
-0.1714985851425087,-0.8216275167663127,0.8900655363963734,0.1747404389163863,0.9342625953421988,-1.6602544513446176,-0.1947371608905996,-0.4904229316393336,0.0,-1.6432550335326257,0.0,0.9342625953421988,-0.44856188
-0.1714985851425087,-0.8216275167663127,0.8900655363963734,0.1747404389163863,0.9342625953421988,-1.6602544513446176,-0.1947371608905996,-0.4904229316393336,0.0,-1.6432550335326257,0.0,0.9342625953421988,-0.44856188
0.4287464628562722,-0.8216275167663127,-0.5355479074927335,0.3404771644496366,-1.3749885537622728,-1.495979779358309,-0.6576972037625912,-0.3491811273272055,0.0,-3.286510067065251,-0.5355479074927335,-1.3749885537622728,-0.4503793
-1.3719886811400708,0.1738058208544121,1.3652700176927424,-0.6953773701331772,1.1531489601862246,1.202818403273899,-0.5033771894719273,-0.4198020294832695,0.0,0.5214174625632363,1.3652700176927424,1.1531489601862246,-0.45959958
-0.7717436331412898,1.169239158475137,-0.0603434261963645,-0.9439824584330526,0.5949887298339587,-1.3786407279395174,-0.3490571751812635,-0.3491811273272055,0.0,0.0,-0.0,0.5949887298339587,-0.46078485
-0.7717436331412898,1.169239158475137,-0.0603434261963645,-0.9439824584330526,0.5949887298339587,-1.3786407279395174,-0.3490571751812635,-0.3491811273272055,0.0,0.0,-0.0,0.5949887298339587,-0.46078485
-0.7717436331412898,1.169239158475137,-0.0603434261963645,-0.9439824584330526,0.5949887298339587,-1.3786407279395174,-0.3490571751812635,-0.3491811273272055,0.0,0.0,-0.0,0.5949887298339587,-0.46078485
-0.7717436331412898,1.169239158475137,-0.0603434261963645,-0.9439824584330526,0.5949887298339587,-1.3786407279395174,-0.3490571751812635,-0.3491811273272055,0.0,0.0,-0.0,0.5949887298339587,-0.46078485
-0.7717436331412898,1.169239158475137,-0.0603434261963645,-0.9439824584330526,0.5949887298339587,-1.3786407279395174,-0.3490571751812635,-0.3491811273272055,0.0,0.0,-0.0,0.5949887298339587,-0.46078485
-0.7717436331412898,1.169239158475137,-0.0603434261963645,-0.9439824584330526,0.5949887298339587,-1.3786407279395174,-0.3490571751812635,-0.3491811273272055,0.0,0.0,-0.0,0.5949887298339587,-0.46078485
-0.7717436331412898,1.169239158475137,-0.0603434261963645,-0.9439824584330526,0.5949887298339587,-1.3786407279395174,-0.3490571751812635,-0.3491811273272055,0.0,0.0,-0.0,0.5949887298339587,-0.46078485
-0.7717436331412898,1.169239158475137,-0.0603434261963645,-0.9439824584330526,0.5949887298339587,-1.3786407279395174,-0.3490571751812635,-0.3491811273272055,0.0,0.0,-0.0,0.5949887298339587,-0.46078485
-0.7717436331412898,1.169239158475137,-0.0603434261963645,-0.9439824584330526,0.5949887298339587,-1.3786407279395174,-0.3490571751812635,-0.3491811273272055,0.0,0.0,-0.0,0.5949887298339587,-0.46078485
-0.7717436331412898,1.169239158475137,-0.0603434261963645,-0.9439824584330526,0.5949887298339587,-1.3786407279395174,-0.3490571751812635,-0.3491811273272055,0.0,0.0,-0.0,0.5949887298339587,-0.46078485
-0.7717436331412898,1.169239158475137,-0.0603434261963645,-0.9439824584330526,0.5949887298339587,-1.3786407279395174,-0.3490571751812635,-0.3491811273272055,0.0,0.0,-0.0,0.5949887298339587,-0.46078485
-0.7717436331412898,1.169239158475137,-0.0603434261963645,-0.9439824584330526,0.5949887298339587,-1.3786407279395174,-0.3490571751812635,-0.3491811273272055,0.0,0.0,-0.0,0.5949887298339587,-0.46078485
-0.7717436331412898,1.169239158475137,-0.0603434261963645,-0.9439824584330526,0.5949887298339587,-1.3786407279395174,-0.3490571751812635,-0.3491811273272055,0.0,0.0,-0.0,0.5949887298339587,-0.46078485
-0.7717436331412898,1.169239158475137,-0.0603434261963645,-0.9439824584330526,0.5949887298339587,-1.3786407279395174,-0.3490571751812635,-0.3491811273272055,0.0,0.0,-0.0,0.5949887298339587,-0.46078485
-0.7717436331412898,1.169239158475137,-0.0603434261963645,-0.9439824584330526,0.5949887298339587,-1.3786407279395174,-0.3490571751812635,-0.3491811273272055,0.0,0.0,-0.0,0.5949887298339587,-0.46078485
-0.7717436331412898,1.169239158475137,-0.0603434261963645,-0.9439824584330526,0.5949887298339587,-1.3786407279395174,-0.3490571751812635,-0.3491811273272055,0.0,0.0,-0.0,0.5949887298339587,-0.46078485
-0.7717436331412898,1.169239158475137,-0.0603434261963645,-0.9439824584330526,0.5949887298339587,-1.3786407279395174,-0.3490571751812635,-0.3491811273272055,0.0,0.0,-0.0,0.5949887298339587,-0.46078485
-0.7717436331412898,1.169239158475137,-0.0603434261963645,-0.9439824584330526,0.5949887298339587,-1.3786407279395174,-0.3490571751812635,-0.3491811273272055,0.0,0.0,-0.0,0.5949887298339587,-0.46078485
-0.7717436331412898,1.169239158475137,-0.0603434261963645,-0.9439824584330526,0.5949887298339587,-1.3786407279395174,-0.3490571751812635,-0.3491811273272055,0.0,0.0,-0.0,0.5949887298339587,-0.46078485
-0.7717436331412898,1.169239158475137,-0.0603434261963645,-0.9439824584330526,0.5949887298339587,-1.3786407279395174,-0.3490571751812635,-0.3491811273272055,0.0,0.0,-0.0,0.5949887298339587,-0.46078485
-0.7717436331412898,1.169239158475137,-0.0603434261963645,-0.9439824584330526,0.5949887298339587,-1.3786407279395174,-0.3490571751812635,-0.3491811273272055,0.0,0.0,-0.0,0.5949887298339587,-0.46078485
-0.7717436331412898,1.169239158475137,-0.0603434261963645,-0.9439824584330526,0.5949887298339587,-1.3786407279395174,-0.3490571751812635,-0.3491811273272055,0.0,0.0,-0.0,0.5949887298339587,-0.46078485
-0.7717436331412898,1.169239158475137,-0.0603434261963645,-0.9439824584330526,0.5949887298339587,-1.3786407279395174,-0.3490571751812635,-0.3491811273272055,0.0,0.0,-0.0,0.5949887298339587,-0.46078485
-0.1714985851425087,-0.8216275167663127,-1.4859568700854713,0.5890822527495119,0.978039868311004,-1.4490441587907923,-0.1175771537452677,-0.4904229316393336,0.0,-2.464882550298938,-1.4859568700854713,0.978039868311004,-0.46701288
1.6292365588538342,-0.8216275167663127,1.3652700176927424,-0.4882064632166145,0.5183785021385499,-0.9092845222643506,-0.0404171465999357,-0.5257333827173656,0.0,-1.6432550335326257,0.0,0.5183785021385499,-0.49730033
1.0289915108550531,-1.319344185576675,0.4148610551000044,1.3348975176491378,-1.4297101449732792,0.1467669405047744,-0.6576972037625912,-0.4904229316393336,0.0,-5.2773767423067,0.4148610551000044,-1.4297101449732792,-0.5037732
-0.1714985851425087,-1.319344185576675,-0.5355479074927335,-1.192587546732928,-0.0835590011825209,1.202818403273899,-0.1947371608905996,-0.3844915784052375,0.0,-0.0,-0.0,-0.0835590011825209,-0.510277
-0.1714985851425087,-1.319344185576675,-0.5355479074927335,-1.192587546732928,-0.0835590011825209,1.202818403273899,-0.1947371608905996,-0.3844915784052375,0.0,-0.0,-0.0,-0.0835590011825209,-0.510277
-0.1714985851425087,-1.319344185576675,-0.5355479074927335,-1.192587546732928,-0.0835590011825209,1.202818403273899,-0.1947371608905996,-0.3844915784052375,0.0,-0.0,-0.0,-0.0835590011825209,-0.510277
-0.1714985851425087,-1.319344185576675,-0.5355479074927335,-1.192587546732928,-0.0835590011825209,1.202818403273899,-0.1947371608905996,-0.3844915784052375,0.0,-0.0,-0.0,-0.0835590011825209,-0.510277
-0.1714985851425087,-1.319344185576675,-0.5355479074927335,-1.192587546732928,-0.0835590011825209,1.202818403273899,-0.1947371608905996,-0.3844915784052375,0.0,-0.0,-0.0,-0.0835590011825209,-0.510277
-0.1714985851425087,-1.319344185576675,-0.5355479074927335,-1.192587546732928,-0.0835590011825209,1.202818403273899,-0.1947371608905996,-0.3844915784052375,0.0,-0.0,-0.0,-0.0835590011825209,-0.510277
-0.1714985851425087,-1.319344185576675,-0.5355479074927335,-1.192587546732928,-0.0835590011825209,1.202818403273899,-0.1947371608905996,-0.3844915784052375,0.0,-0.0,-0.0,-0.0835590011825209,-0.510277
-0.1714985851425087,-1.319344185576675,-0.5355479074927335,-1.192587546732928,-0.0835590011825209,1.202818403273899,-0.1947371608905996,-0.3844915784052375,0.0,-0.0,-0.0,-0.0835590011825209,-0.510277
-0.1714985851425087,-1.319344185576675,-0.5355479074927335,-1.192587546732928,-0.0835590011825209,1.202818403273899,-0.1947371608905996,-0.3844915784052375,0.0,-0.0,-0.0,-0.0835590011825209,-0.510277
-0.1714985851425087,-1.319344185576675,-0.5355479074927335,-1.192587546732928,-0.0835590011825209,1.202818403273899,-0.1947371608905996,-0.3844915784052375,0.0,-0.0,-0.0,-0.0835590011825209,-0.510277
-0.1714985851425087,-1.319344185576675,-0.5355479074927335,-1.192587546732928,-0.0835590011825209,1.202818403273899,-0.1947371608905996,-0.3844915784052375,0.0,-0.0,-0.0,-0.0835590011825209,-0.510277
-0.1714985851425087,-1.319344185576675,-0.5355479074927335,-1.192587546732928,-0.0835590011825209,1.202818403273899,-0.1947371608905996,-0.3844915784052375,0.0,-0.0,-0.0,-0.0835590011825209,-0.510277
-0.1714985851425087,-1.319344185576675,-0.5355479074927335,-1.192587546732928,-0.0835590011825209,1.202818403273899,-0.1947371608905996,-0.3844915784052375,0.0,-0.0,-0.0,-0.0835590011825209,-0.510277
-0.1714985851425087,-1.319344185576675,-0.5355479074927335,-1.192587546732928,-0.0835590011825209,1.202818403273899,-0.1947371608905996,-0.3844915784052375,0.0,-0.0,-0.0,-0.0835590011825209,-0.510277
-0.1714985851425087,-1.319344185576675,-0.5355479074927335,-1.192587546732928,-0.0835590011825209,1.202818403273899,-0.1947371608905996,-0.3844915784052375,0.0,-0.0,-0.0,-0.0835590011825209,-0.510277
-0.1714985851425087,-1.319344185576675,-0.5355479074927335,-1.192587546732928,-0.0835590011825209,1.202818403273899,-0.1947371608905996,-0.3844915784052375,0.0,-0.0,-0.0,-0.0835590011825209,-0.510277
-0.1714985851425087,-1.319344185576675,-0.5355479074927335,-1.192587546732928,-0.0835590011825209,1.202818403273899,-0.1947371608905996,-0.3844915784052375,0.0,-0.0,-0.0,-0.0835590011825209,-0.510277
-0.1714985851425087,-1.319344185576675,-0.5355479074927335,-1.192587546732928,-0.0835590011825209,1.202818403273899,-0.1947371608905996,-0.3844915784052375,0.0,-0.0,-0.0,-0.0835590011825209,-0.510277
-0.1714985851425087,-1.319344185576675,-0.5355479074927335,-1.192587546732928,-0.0835590011825209,1.202818403273899,-0.1947371608905996,-0.3844915784052375,0.0,-0.0,-0.0,-0.0835590011825209,-0.510277
-0.1714985851425087,-1.319344185576675,-0.5355479074927335,-1.192587546732928,-0.0835590011825209,1.202818403273899,-0.1947371608905996,-0.3844915784052375,0.0,-0.0,-0.0,-0.0835590011825209,-0.510277
-0.1714985851425087,-1.319344185576675,-0.5355479074927335,-1.192587546732928,-0.0835590011825209,1.202818403273899,-0.1947371608905996,-0.3844915784052375,0.0,-0.0,-0.0,-0.0835590011825209,-0.510277
-0.1714985851425087,-1.319344185576675,-0.5355479074927335,-1.192587546732928,-0.0835590011825209,1.202818403273899,-0.1947371608905996,-0.3844915784052375,0.0,-0.0,-0.0,-0.0835590011825209,-0.510277
-0.1714985851425087,-1.319344185576675,-0.5355479074927335,-1.192587546732928,-0.0835590011825209,1.202818403273899,-0.1947371608905996,-0.3844915784052375,0.0,-0.0,-0.0,-0.0835590011825209,-0.510277
-0.1714985851425087,-1.319344185576675,-0.5355479074927335,-1.192587546732928,-0.0835590011825209,1.202818403273899,-0.1947371608905996,-0.3844915784052375,0.0,-0.0,-0.0,-0.0835590011825209,-0.510277
-0.1714985851425087,-1.319344185576675,-0.5355479074927335,-1.192587546732928,-0.0835590011825209,1.202818403273899,-0.1947371608905996,-0.3844915784052375,0.0,-0.0,-0.0,-0.0835590011825209,-0.510277
1.6292365588538342,1.169239158475137,-1.4859568700854713,-1.151153365349615,0.4089353197165369,1.367093075260208,-0.4262171823265954,-0.4904229316393336,0.0,0.0,-0.0,0.4089353197165369,-0.51270735
1.6292365588538342,1.169239158475137,-1.4859568700854713,-1.151153365349615,0.4089353197165369,1.367093075260208,-0.4262171823265954,-0.4904229316393336,0.0,0.0,-0.0,0.4089353197165369,-0.51270735
1.6292365588538342,1.169239158475137,-1.4859568700854713,-1.151153365349615,0.4089353197165369,1.367093075260208,-0.4262171823265954,-0.4904229316393336,0.0,0.0,-0.0,0.4089353197165369,-0.51270735
1.6292365588538342,1.169239158475137,-1.4859568700854713,-1.151153365349615,0.4089353197165369,1.367093075260208,-0.4262171823265954,-0.4904229316393336,0.0,0.0,-0.0,0.4089353197165369,-0.51270735
1.6292365588538342,1.169239158475137,-1.4859568700854713,-1.151153365349615,0.4089353197165369,1.367093075260208,-0.4262171823265954,-0.4904229316393336,0.0,0.0,-0.0,0.4089353197165369,-0.51270735
1.6292365588538342,1.169239158475137,-1.4859568700854713,-1.151153365349615,0.4089353197165369,1.367093075260208,-0.4262171823265954,-0.4904229316393336,0.0,0.0,-0.0,0.4089353197165369,-0.51270735
1.6292365588538342,1.169239158475137,-1.4859568700854713,-1.151153365349615,0.4089353197165369,1.367093075260208,-0.4262171823265954,-0.4904229316393336,0.0,0.0,-0.0,0.4089353197165369,-0.51270735
1.6292365588538342,1.169239158475137,-1.4859568700854713,-1.151153365349615,0.4089353197165369,1.367093075260208,-0.4262171823265954,-0.4904229316393336,0.0,0.0,-0.0,0.4089353197165369,-0.51270735
1.6292365588538342,1.169239158475137,-1.4859568700854713,-1.151153365349615,0.4089353197165369,1.367093075260208,-0.4262171823265954,-0.4904229316393336,0.0,0.0,-0.0,0.4089353197165369,-0.51270735
1.6292365588538342,1.169239158475137,-1.4859568700854713,-1.151153365349615,0.4089353197165369,1.367093075260208,-0.4262171823265954,-0.4904229316393336,0.0,0.0,-0.0,0.4089353197165369,-0.51270735
1.6292365588538342,1.169239158475137,-1.4859568700854713,-1.151153365349615,0.4089353197165369,1.367093075260208,-0.4262171823265954,-0.4904229316393336,0.0,0.0,-0.0,0.4089353197165369,-0.51270735
1.6292365588538342,1.169239158475137,-1.4859568700854713,-1.151153365349615,0.4089353197165369,1.367093075260208,-0.4262171823265954,-0.4904229316393336,0.0,0.0,-0.0,0.4089353197165369,-0.51270735
1.6292365588538342,1.169239158475137,-1.4859568700854713,-1.151153365349615,0.4089353197165369,1.367093075260208,-0.4262171823265954,-0.4904229316393336,0.0,0.0,-0.0,0.4089353197165369,-0.51270735
1.6292365588538342,1.169239158475137,-1.4859568700854713,-1.151153365349615,0.4089353197165369,1.367093075260208,-0.4262171823265954,-0.4904229316393336,0.0,0.0,-0.0,0.4089353197165369,-0.51270735
1.6292365588538342,1.169239158475137,-1.4859568700854713,-1.151153365349615,0.4089353197165369,1.367093075260208,-0.4262171823265954,-0.4904229316393336,0.0,0.0,-0.0,0.4089353197165369,-0.51270735
1.6292365588538342,1.169239158475137,-1.4859568700854713,-1.151153365349615,0.4089353197165369,1.367093075260208,-0.4262171823265954,-0.4904229316393336,0.0,0.0,-0.0,0.4089353197165369,-0.51270735
1.6292365588538342,1.169239158475137,-1.4859568700854713,-1.151153365349615,0.4089353197165369,1.367093075260208,-0.4262171823265954,-0.4904229316393336,0.0,0.0,-0.0,0.4089353197165369,-0.51270735
1.6292365588538342,1.169239158475137,-1.4859568700854713,-1.151153365349615,0.4089353197165369,1.367093075260208,-0.4262171823265954,-0.4904229316393336,0.0,0.0,-0.0,0.4089353197165369,-0.51270735
-1.3719886811400708,-0.8216275167663127,0.4148610551000044,-0.529640644599927,-1.5829306003640973,-1.402108538223276,-0.0404171465999357,-0.4551124805613016,0.0,-2.464882550298938,0.4148610551000044,-1.5829306003640973,-0.51304024
-1.3719886811400708,0.1738058208544121,1.3652700176927424,-0.6953773701331772,1.1531489601862246,1.202818403273899,-0.5033771894719273,-0.4198020294832695,0.0,0.0,0.0,1.1531489601862246,-0.517807
-1.3719886811400708,0.1738058208544121,1.3652700176927424,-0.6953773701331772,1.1531489601862246,1.202818403273899,-0.5033771894719273,-0.4198020294832695,0.0,0.0,0.0,1.1531489601862246,-0.517807
-1.3719886811400708,0.1738058208544121,1.3652700176927424,-0.6953773701331772,1.1531489601862246,1.202818403273899,-0.5033771894719273,-0.4198020294832695,0.0,0.0,0.0,1.1531489601862246,-0.517807
-1.3719886811400708,0.1738058208544121,1.3652700176927424,-0.6953773701331772,1.1531489601862246,1.202818403273899,-0.5033771894719273,-0.4198020294832695,0.0,0.0,0.0,1.1531489601862246,-0.517807
-1.3719886811400708,0.1738058208544121,1.3652700176927424,-0.6953773701331772,1.1531489601862246,1.202818403273899,-0.5033771894719273,-0.4198020294832695,0.0,0.0,0.0,1.1531489601862246,-0.517807
-1.3719886811400708,0.1738058208544121,1.3652700176927424,-0.6953773701331772,1.1531489601862246,1.202818403273899,-0.5033771894719273,-0.4198020294832695,0.0,0.0,0.0,1.1531489601862246,-0.517807
-1.3719886811400708,0.1738058208544121,1.3652700176927424,-0.6953773701331772,1.1531489601862246,1.202818403273899,-0.5033771894719273,-0.4198020294832695,0.0,0.0,0.0,1.1531489601862246,-0.517807
-1.3719886811400708,0.1738058208544121,1.3652700176927424,-0.6953773701331772,1.1531489601862246,1.202818403273899,-0.5033771894719273,-0.4198020294832695,0.0,0.0,0.0,1.1531489601862246,-0.517807
-1.3719886811400708,0.1738058208544121,1.3652700176927424,-0.6953773701331772,1.1531489601862246,1.202818403273899,-0.5033771894719273,-0.4198020294832695,0.0,0.0,0.0,1.1531489601862246,-0.517807
-1.3719886811400708,0.1738058208544121,1.3652700176927424,-0.6953773701331772,1.1531489601862246,1.202818403273899,-0.5033771894719273,-0.4198020294832695,0.0,0.0,0.0,1.1531489601862246,-0.517807
-1.3719886811400708,0.1738058208544121,1.3652700176927424,-0.6953773701331772,1.1531489601862246,1.202818403273899,-0.5033771894719273,-0.4198020294832695,0.0,0.0,0.0,1.1531489601862246,-0.517807
-1.3719886811400708,0.1738058208544121,1.3652700176927424,-0.6953773701331772,1.1531489601862246,1.202818403273899,-0.5033771894719273,-0.4198020294832695,0.0,0.0,0.0,1.1531489601862246,-0.517807
-1.3719886811400708,0.1738058208544121,1.3652700176927424,-0.6953773701331772,1.1531489601862246,1.202818403273899,-0.5033771894719273,-0.4198020294832695,0.0,0.0,0.0,1.1531489601862246,-0.517807
-1.3719886811400708,0.1738058208544121,1.3652700176927424,-0.6953773701331772,1.1531489601862246,1.202818403273899,-0.5033771894719273,-0.4198020294832695,0.0,0.0,0.0,1.1531489601862246,-0.517807
-1.3719886811400708,0.1738058208544121,1.3652700176927424,-0.6953773701331772,1.1531489601862246,1.202818403273899,-0.5033771894719273,-0.4198020294832695,0.0,0.0,0.0,1.1531489601862246,-0.517807
-1.3719886811400708,0.1738058208544121,1.3652700176927424,-0.6953773701331772,1.1531489601862246,1.202818403273899,-0.5033771894719273,-0.4198020294832695,0.0,0.0,0.0,1.1531489601862246,-0.517807
-1.3719886811400708,0.1738058208544121,1.3652700176927424,-0.6953773701331772,1.1531489601862246,1.202818403273899,-0.5033771894719273,-0.4198020294832695,0.0,0.0,0.0,1.1531489601862246,-0.517807
-1.3719886811400708,0.1738058208544121,1.3652700176927424,-0.6953773701331772,1.1531489601862246,1.202818403273899,-0.5033771894719273,-0.4198020294832695,0.0,0.0,0.0,1.1531489601862246,-0.517807
-1.3719886811400708,0.1738058208544121,1.3652700176927424,-0.6953773701331772,1.1531489601862246,1.202818403273899,-0.5033771894719273,-0.4198020294832695,0.0,0.0,0.0,1.1531489601862246,-0.517807
-1.3719886811400708,0.1738058208544121,1.3652700176927424,-0.6953773701331772,1.1531489601862246,1.202818403273899,-0.5033771894719273,-0.4198020294832695,0.0,0.0,0.0,1.1531489601862246,-0.517807
-1.3719886811400708,0.1738058208544121,1.3652700176927424,-0.6953773701331772,1.1531489601862246,1.202818403273899,-0.5033771894719273,-0.4198020294832695,0.0,0.0,0.0,1.1531489601862246,-0.517807
-1.3719886811400708,0.1738058208544121,1.3652700176927424,-0.6953773701331772,1.1531489601862246,1.202818403273899,-0.5033771894719273,-0.4198020294832695,0.0,0.0,0.0,1.1531489601862246,-0.517807
-1.3719886811400708,0.1738058208544121,1.3652700176927424,-0.6953773701331772,1.1531489601862246,1.202818403273899,-0.5033771894719273,-0.4198020294832695,0.0,0.0,0.0,1.1531489601862246,-0.517807
1.0289915108550531,0.1738058208544121,-1.4859568700854713,-0.9854166398163652,0.6606546392871665,-0.7450098502780423,-0.6576972037625912,-0.3491811273272055,0.0,0.3476116417088242,-0.0,0.6606546392871665,-0.52027106
1.0289915108550531,0.1738058208544121,-1.4859568700854713,-0.9854166398163652,0.6606546392871665,-0.7450098502780423,-0.6576972037625912,-0.3491811273272055,0.0,0.3476116417088242,-0.0,0.6606546392871665,-0.52027106
-1.3719886811400708,-0.3239108479559503,0.4148610551000044,-1.0268508211996776,-0.5322760491127737,-0.4164605063054256,-0.1947371608905996,-0.5257333827173656,0.0,-0.6478216959119006,0.0,-0.5322760491127737,-0.528327
-1.3719886811400708,-0.3239108479559503,0.4148610551000044,-1.0268508211996776,-0.5322760491127737,-0.4164605063054256,-0.1947371608905996,-0.5257333827173656,0.0,-0.6478216959119006,0.0,-0.5322760491127737,-0.528327
-1.3719886811400708,-0.3239108479559503,0.4148610551000044,-1.0268508211996776,-0.5322760491127737,-0.4164605063054256,-0.1947371608905996,-0.5257333827173656,0.0,-0.6478216959119006,0.0,-0.5322760491127737,-0.528327
-0.7717436331412898,-1.319344185576675,-0.5355479074927335,-1.057926457237162,1.7222535087806916,-0.5103317474404591,1.0398229534347112,2.616896763227484,0.0,-5.2773767423067,-0.5355479074927335,1.7222535087806916,-0.5466559
-0.1714985851425087,-1.319344185576675,1.3652700176927424,-0.8196799142831149,0.8904853223733935,-1.2613016765207257,-0.5033771894719273,-0.4551124805613016,0.0,-0.0,0.0,0.8904853223733935,-0.5500987
-0.1714985851425087,-1.319344185576675,1.3652700176927424,-0.8196799142831149,0.8904853223733935,-1.2613016765207257,-0.5033771894719273,-0.4551124805613016,0.0,-0.0,0.0,0.8904853223733935,-0.5500987
-0.1714985851425087,-1.319344185576675,1.3652700176927424,-0.8196799142831149,0.8904853223733935,-1.2613016765207257,-0.5033771894719273,-0.4551124805613016,0.0,-0.0,0.0,0.8904853223733935,-0.5500987
-0.1714985851425087,-1.319344185576675,1.3652700176927424,-0.8196799142831149,0.8904853223733935,-1.2613016765207257,-0.5033771894719273,-0.4551124805613016,0.0,-0.0,0.0,0.8904853223733935,-0.5500987
-0.1714985851425087,-1.319344185576675,1.3652700176927424,-0.8196799142831149,0.8904853223733935,-1.2613016765207257,-0.5033771894719273,-0.4551124805613016,0.0,-0.0,0.0,0.8904853223733935,-0.5500987
-0.1714985851425087,-1.319344185576675,1.3652700176927424,-0.8196799142831149,0.8904853223733935,-1.2613016765207257,-0.5033771894719273,-0.4551124805613016,0.0,-0.0,0.0,0.8904853223733935,-0.5500987
-0.1714985851425087,-1.319344185576675,1.3652700176927424,-0.8196799142831149,0.8904853223733935,-1.2613016765207257,-0.5033771894719273,-0.4551124805613016,0.0,-0.0,0.0,0.8904853223733935,-0.5500987
-0.1714985851425087,-1.319344185576675,1.3652700176927424,-0.8196799142831149,0.8904853223733935,-1.2613016765207257,-0.5033771894719273,-0.4551124805613016,0.0,-0.0,0.0,0.8904853223733935,-0.5500987
-0.1714985851425087,-1.319344185576675,1.3652700176927424,-0.8196799142831149,0.8904853223733935,-1.2613016765207257,-0.5033771894719273,-0.4551124805613016,0.0,-0.0,0.0,0.8904853223733935,-0.5500987
-0.1714985851425087,-1.319344185576675,1.3652700176927424,-0.8196799142831149,0.8904853223733935,-1.2613016765207257,-0.5033771894719273,-0.4551124805613016,0.0,-0.0,0.0,0.8904853223733935,-0.5500987
-0.1714985851425087,-1.319344185576675,1.3652700176927424,-0.8196799142831149,0.8904853223733935,-1.2613016765207257,-0.5033771894719273,-0.4551124805613016,0.0,-0.0,0.0,0.8904853223733935,-0.5500987
-0.1714985851425087,-1.319344185576675,1.3652700176927424,-0.8196799142831149,0.8904853223733935,-1.2613016765207257,-0.5033771894719273,-0.4551124805613016,0.0,-0.0,0.0,0.8904853223733935,-0.5500987
-0.1714985851425087,-1.319344185576675,1.3652700176927424,-0.8196799142831149,0.8904853223733935,-1.2613016765207257,-0.5033771894719273,-0.4551124805613016,0.0,-0.0,0.0,0.8904853223733935,-0.5500987
-0.1714985851425087,-1.319344185576675,1.3652700176927424,-0.8196799142831149,0.8904853223733935,-1.2613016765207257,-0.5033771894719273,-0.4551124805613016,0.0,-0.0,0.0,0.8904853223733935,-0.5500987
-0.1714985851425087,-1.319344185576675,1.3652700176927424,-0.8196799142831149,0.8904853223733935,-1.2613016765207257,-0.5033771894719273,-0.4551124805613016,0.0,-0.0,0.0,0.8904853223733935,-0.5500987
-0.1714985851425087,-1.319344185576675,1.3652700176927424,-0.8196799142831149,0.8904853223733935,-1.2613016765207257,-0.5033771894719273,-0.4551124805613016,0.0,-0.0,0.0,0.8904853223733935,-0.5500987
-0.1714985851425087,-1.319344185576675,1.3652700176927424,-0.8196799142831149,0.8904853223733935,-1.2613016765207257,-0.5033771894719273,-0.4551124805613016,0.0,-0.0,0.0,0.8904853223733935,-0.5500987
-0.1714985851425087,-1.319344185576675,1.3652700176927424,-0.8196799142831149,0.8904853223733935,-1.2613016765207257,-0.5033771894719273,-0.4551124805613016,0.0,-0.0,0.0,0.8904853223733935,-0.5500987
-0.1714985851425087,-1.319344185576675,1.3652700176927424,-0.8196799142831149,0.8904853223733935,-1.2613016765207257,-0.5033771894719273,-0.4551124805613016,0.0,-0.0,0.0,0.8904853223733935,-0.5500987
-0.1714985851425087,-1.319344185576675,1.3652700176927424,-0.8196799142831149,0.8904853223733935,-1.2613016765207257,-0.5033771894719273,-0.4551124805613016,0.0,-0.0,0.0,0.8904853223733935,-0.5500987
-0.1714985851425087,-1.319344185576675,1.3652700176927424,-0.8196799142831149,0.8904853223733935,-1.2613016765207257,-0.5033771894719273,-0.4551124805613016,0.0,-0.0,0.0,0.8904853223733935,-0.5500987
-0.1714985851425087,-1.319344185576675,1.3652700176927424,-0.8196799142831149,0.8904853223733935,-1.2613016765207257,-0.5033771894719273,-0.4551124805613016,0.0,-0.0,0.0,0.8904853223733935,-0.5500987
1.0289915108550531,0.1738058208544121,-1.4859568700854713,-0.9854166398163652,0.6606546392871665,-0.7450098502780423,-0.6576972037625912,-0.3491811273272055,0.0,0.0,-0.0,0.6606546392871665,-0.5732243
1.0289915108550531,0.1738058208544121,-1.4859568700854713,-0.9854166398163652,0.6606546392871665,-0.7450098502780423,-0.6576972037625912,-0.3491811273272055,0.0,0.0,-0.0,0.6606546392871665,-0.5732243
1.0289915108550531,0.1738058208544121,-1.4859568700854713,-0.9854166398163652,0.6606546392871665,-0.7450098502780423,-0.6576972037625912,-0.3491811273272055,0.0,0.0,-0.0,0.6606546392871665,-0.5732243
1.0289915108550531,0.1738058208544121,-1.4859568700854713,-0.9854166398163652,0.6606546392871665,-0.7450098502780423,-0.6576972037625912,-0.3491811273272055,0.0,0.0,-0.0,0.6606546392871665,-0.5732243
1.0289915108550531,0.1738058208544121,-1.4859568700854713,-0.9854166398163652,0.6606546392871665,-0.7450098502780423,-0.6576972037625912,-0.3491811273272055,0.0,0.0,-0.0,0.6606546392871665,-0.5732243
1.0289915108550531,0.1738058208544121,-1.4859568700854713,-0.9854166398163652,0.6606546392871665,-0.7450098502780423,-0.6576972037625912,-0.3491811273272055,0.0,0.0,-0.0,0.6606546392871665,-0.5732243
1.0289915108550531,0.1738058208544121,-1.4859568700854713,-0.9854166398163652,0.6606546392871665,-0.7450098502780423,-0.6576972037625912,-0.3491811273272055,0.0,0.0,-0.0,0.6606546392871665,-0.5732243
1.0289915108550531,0.1738058208544121,-1.4859568700854713,-0.9854166398163652,0.6606546392871665,-0.7450098502780423,-0.6576972037625912,-0.3491811273272055,0.0,0.0,-0.0,0.6606546392871665,-0.5732243
1.0289915108550531,0.1738058208544121,-1.4859568700854713,-0.9854166398163652,0.6606546392871665,-0.7450098502780423,-0.6576972037625912,-0.3491811273272055,0.0,0.0,-0.0,0.6606546392871665,-0.5732243
1.0289915108550531,0.1738058208544121,-1.4859568700854713,-0.9854166398163652,0.6606546392871665,-0.7450098502780423,-0.6576972037625912,-0.3491811273272055,0.0,0.0,-0.0,0.6606546392871665,-0.5732243
1.0289915108550531,0.1738058208544121,-1.4859568700854713,-0.9854166398163652,0.6606546392871665,-0.7450098502780423,-0.6576972037625912,-0.3491811273272055,0.0,0.0,-0.0,0.6606546392871665,-0.5732243
1.0289915108550531,0.1738058208544121,-1.4859568700854713,-0.9854166398163652,0.6606546392871665,-0.7450098502780423,-0.6576972037625912,-0.3491811273272055,0.0,0.0,-0.0,0.6606546392871665,-0.5732243
1.0289915108550531,0.1738058208544121,-1.4859568700854713,-0.9854166398163652,0.6606546392871665,-0.7450098502780423,-0.6576972037625912,-0.3491811273272055,0.0,0.0,-0.0,0.6606546392871665,-0.5732243
1.0289915108550531,0.1738058208544121,-1.4859568700854713,-0.9854166398163652,0.6606546392871665,-0.7450098502780423,-0.6576972037625912,-0.3491811273272055,0.0,0.0,-0.0,0.6606546392871665,-0.5732243
1.0289915108550531,0.1738058208544121,-1.4859568700854713,-0.9854166398163652,0.6606546392871665,-0.7450098502780423,-0.6576972037625912,-0.3491811273272055,0.0,0.0,-0.0,0.6606546392871665,-0.5732243
1.0289915108550531,0.1738058208544121,-1.4859568700854713,-0.9854166398163652,0.6606546392871665,-0.7450098502780423,-0.6576972037625912,-0.3491811273272055,0.0,0.0,-0.0,0.6606546392871665,-0.5732243
1.0289915108550531,0.1738058208544121,-1.4859568700854713,-0.9854166398163652,0.6606546392871665,-0.7450098502780423,-0.6576972037625912,-0.3491811273272055,0.0,0.0,-0.0,0.6606546392871665,-0.5732243
1.0289915108550531,0.1738058208544121,-1.4859568700854713,-0.9854166398163652,0.6606546392871665,-0.7450098502780423,-0.6576972037625912,-0.3491811273272055,0.0,0.0,-0.0,0.6606546392871665,-0.5732243
1.0289915108550531,0.1738058208544121,-1.4859568700854713,-0.9854166398163652,0.6606546392871665,-0.7450098502780423,-0.6576972037625912,-0.3491811273272055,0.0,0.0,-0.0,0.6606546392871665,-0.5732243
1.0289915108550531,0.1738058208544121,-1.4859568700854713,-0.9854166398163652,0.6606546392871665,-0.7450098502780423,-0.6576972037625912,-0.3491811273272055,0.0,0.0,-0.0,0.6606546392871665,-0.5732243
1.0289915108550531,0.1738058208544121,-1.4859568700854713,-0.9854166398163652,0.6606546392871665,-0.7450098502780423,-0.6576972037625912,-0.3491811273272055,0.0,0.0,-0.0,0.6606546392871665,-0.5732243
1.0289915108550531,0.1738058208544121,-1.4859568700854713,-0.9854166398163652,0.6606546392871665,-0.7450098502780423,-0.6576972037625912,-0.3491811273272055,0.0,0.0,-0.0,0.6606546392871665,-0.5732243
-0.1714985851425087,-0.8216275167663127,0.4148610551000044,-0.7368115515164898,0.2557148643257187,1.202818403273899,-0.0404171465999357,-0.4198020294832695,0.0,-1.6432550335326257,0.0,0.2557148643257187,-0.5878279
1.6292365588538342,-0.8216275167663127,0.8900655363963734,-1.192587546732928,-0.6198305950503841,-0.3225892651703922,-0.1175771537452677,-0.4904229316393336,0.0,-1.6432550335326257,0.0,-0.6198305950503841,-0.5989921
1.6292365588538342,-0.8216275167663127,0.8900655363963734,-1.192587546732928,-0.6198305950503841,-0.3225892651703922,-0.1175771537452677,-0.4904229316393336,0.0,-1.6432550335326257,0.0,-0.6198305950503841,-0.5989921
1.6292365588538342,-0.8216275167663127,0.8900655363963734,-1.192587546732928,-0.6198305950503841,-0.3225892651703922,-0.1175771537452677,-0.4904229316393336,0.0,-1.6432550335326257,0.0,-0.6198305950503841,-0.5989921
1.6292365588538342,-0.8216275167663127,0.8900655363963734,-1.192587546732928,-0.6198305950503841,-0.3225892651703922,-0.1175771537452677,-0.4904229316393336,0.0,-1.6432550335326257,0.0,-0.6198305950503841,-0.5989921
-0.1714985851425087,-0.8216275167663127,1.3652700176927424,-0.9439824584330526,-1.0247703700118316,1.0854793518551076,-0.6576972037625912,-0.3844915784052375,0.0,-1.6432550335326257,0.0,-1.0247703700118316,-0.6436524
-0.1714985851425087,-0.8216275167663127,1.3652700176927424,-0.9439824584330526,-1.0247703700118316,1.0854793518551076,-0.6576972037625912,-0.3844915784052375,0.0,-1.6432550335326257,0.0,-1.0247703700118316,-0.6436524
-1.3719886811400708,-0.3239108479559503,-1.4859568700854713,-1.151153365349615,0.4855455474119462,0.8273334387337662,-0.3490571751812635,-0.5257333827173656,0.0,-0.0,-0.0,0.4855455474119462,-0.6460159
-1.3719886811400708,-0.3239108479559503,-1.4859568700854713,-1.151153365349615,0.4855455474119462,0.8273334387337662,-0.3490571751812635,-0.5257333827173656,0.0,-0.0,-0.0,0.4855455474119462,-0.6460159
-1.3719886811400708,-0.3239108479559503,-1.4859568700854713,-1.151153365349615,0.4855455474119462,0.8273334387337662,-0.3490571751812635,-0.5257333827173656,0.0,-0.0,-0.0,0.4855455474119462,-0.6460159
-1.3719886811400708,-0.3239108479559503,-1.4859568700854713,-1.151153365349615,0.4855455474119462,0.8273334387337662,-0.3490571751812635,-0.5257333827173656,0.0,-0.0,-0.0,0.4855455474119462,-0.6460159
-1.3719886811400708,-0.3239108479559503,-1.4859568700854713,-1.151153365349615,0.4855455474119462,0.8273334387337662,-0.3490571751812635,-0.5257333827173656,0.0,-0.0,-0.0,0.4855455474119462,-0.6460159
-1.3719886811400708,-0.3239108479559503,-1.4859568700854713,-1.151153365349615,0.4855455474119462,0.8273334387337662,-0.3490571751812635,-0.5257333827173656,0.0,-0.0,-0.0,0.4855455474119462,-0.6460159
-1.3719886811400708,-0.3239108479559503,-1.4859568700854713,-1.151153365349615,0.4855455474119462,0.8273334387337662,-0.3490571751812635,-0.5257333827173656,0.0,-0.0,-0.0,0.4855455474119462,-0.6460159
-1.3719886811400708,-0.3239108479559503,-1.4859568700854713,-1.151153365349615,0.4855455474119462,0.8273334387337662,-0.3490571751812635,-0.5257333827173656,0.0,-0.0,-0.0,0.4855455474119462,-0.6460159
-1.3719886811400708,-0.3239108479559503,-1.4859568700854713,-1.151153365349615,0.4855455474119462,0.8273334387337662,-0.3490571751812635,-0.5257333827173656,0.0,-0.0,-0.0,0.4855455474119462,-0.6460159
-1.3719886811400708,-0.3239108479559503,-1.4859568700854713,-1.151153365349615,0.4855455474119462,0.8273334387337662,-0.3490571751812635,-0.5257333827173656,0.0,-0.0,-0.0,0.4855455474119462,-0.6460159
-1.3719886811400708,-0.3239108479559503,-1.4859568700854713,-1.151153365349615,0.4855455474119462,0.8273334387337662,-0.3490571751812635,-0.5257333827173656,0.0,-0.0,-0.0,0.4855455474119462,-0.6460159
-1.3719886811400708,-0.3239108479559503,-1.4859568700854713,-1.151153365349615,0.4855455474119462,0.8273334387337662,-0.3490571751812635,-0.5257333827173656,0.0,-0.0,-0.0,0.4855455474119462,-0.6460159
-1.3719886811400708,-0.3239108479559503,-1.4859568700854713,-1.151153365349615,0.4855455474119462,0.8273334387337662,-0.3490571751812635,-0.5257333827173656,0.0,-0.0,-0.0,0.4855455474119462,-0.6460159
-1.3719886811400708,-0.3239108479559503,-1.4859568700854713,-1.151153365349615,0.4855455474119462,0.8273334387337662,-0.3490571751812635,-0.5257333827173656,0.0,-0.0,-0.0,0.4855455474119462,-0.6460159
-1.3719886811400708,-0.3239108479559503,-1.4859568700854713,-1.151153365349615,0.4855455474119462,0.8273334387337662,-0.3490571751812635,-0.5257333827173656,0.0,-0.0,-0.0,0.4855455474119462,-0.6460159
-1.3719886811400708,-0.3239108479559503,-1.4859568700854713,-1.151153365349615,0.4855455474119462,0.8273334387337662,-0.3490571751812635,-0.5257333827173656,0.0,-0.0,-0.0,0.4855455474119462,-0.6460159
-1.3719886811400708,-0.3239108479559503,-1.4859568700854713,-1.151153365349615,0.4855455474119462,0.8273334387337662,-0.3490571751812635,-0.5257333827173656,0.0,-0.0,-0.0,0.4855455474119462,-0.6460159
-1.3719886811400708,-0.3239108479559503,-1.4859568700854713,-1.151153365349615,0.4855455474119462,0.8273334387337662,-0.3490571751812635,-0.5257333827173656,0.0,-0.0,-0.0,0.4855455474119462,-0.6460159
-1.3719886811400708,-0.3239108479559503,-1.4859568700854713,-1.151153365349615,0.4855455474119462,0.8273334387337662,-0.3490571751812635,-0.5257333827173656,0.0,-0.0,-0.0,0.4855455474119462,-0.6460159
-1.3719886811400708,-0.3239108479559503,-1.4859568700854713,-1.151153365349615,0.4855455474119462,0.8273334387337662,-0.3490571751812635,-0.5257333827173656,0.0,-0.0,-0.0,0.4855455474119462,-0.6460159
-1.3719886811400708,-0.3239108479559503,-1.4859568700854713,-1.151153365349615,0.4855455474119462,0.8273334387337662,-0.3490571751812635,-0.5257333827173656,0.0,-0.0,-0.0,0.4855455474119462,-0.6460159
-1.3719886811400708,-0.3239108479559503,-1.4859568700854713,-1.151153365349615,0.4855455474119462,0.8273334387337662,-0.3490571751812635,-0.5257333827173656,0.0,-0.0,-0.0,0.4855455474119462,-0.6460159
-1.3719886811400708,-0.3239108479559503,-1.4859568700854713,-1.151153365349615,0.4855455474119462,0.8273334387337662,-0.3490571751812635,-0.5257333827173656,0.0,-0.0,-0.0,0.4855455474119462,-0.6460159
-1.3719886811400708,-0.3239108479559503,-1.4859568700854713,-1.151153365349615,0.4855455474119462,0.8273334387337662,-0.3490571751812635,-0.5257333827173656,0.0,-0.0,-0.0,0.4855455474119462,-0.6460159
-1.3719886811400708,-1.319344185576675,-1.0107523887891023,-0.156733012150114,-0.5869976403237802,0.1467669405047744,-0.2718971680359315,-0.4551124805613016,0.0,-2.63868837115335,-0.0,-0.5869976403237802,-0.6466086
-1.3719886811400708,-1.319344185576675,-1.0107523887891023,-0.156733012150114,-0.5869976403237802,0.1467669405047744,-0.2718971680359315,-0.4551124805613016,0.0,-2.63868837115335,-0.0,-0.5869976403237802,-0.6466086
-0.1714985851425087,-1.319344185576675,-0.5355479074927335,-1.192587546732928,-0.0835590011825209,1.202818403273899,-0.1947371608905996,-0.3844915784052375,0.0,-1.319344185576675,-0.0,-0.0835590011825209,-0.68876225
-1.3719886811400708,-0.3239108479559503,-1.4859568700854713,-1.151153365349615,0.4855455474119462,0.8273334387337662,-0.3490571751812635,-0.5257333827173656,0.0,-0.6478216959119006,-0.0,0.4855455474119462,-0.7410493
-1.3719886811400708,-0.3239108479559503,-1.4859568700854713,-1.151153365349615,0.4855455474119462,0.8273334387337662,-0.3490571751812635,-0.5257333827173656,0.0,-0.6478216959119006,-0.0,0.4855455474119462,-0.7410493
-0.1714985851425087,-0.8216275167663127,1.3652700176927424,-0.9439824584330526,-1.0247703700118316,1.0854793518551076,-0.6576972037625912,-0.3844915784052375,0.0,-2.464882550298938,1.3652700176927424,-1.0247703700118316,-0.787757
-0.1714985851425087,-1.319344185576675,-0.5355479074927335,-0.90254827704974,-0.3133896842687479,1.155882782706383,-0.3490571751812635,-0.3491811273272055,0.0,-2.63868837115335,-0.0,-0.3133896842687479,-0.8374944
-0.1714985851425087,-0.8216275167663127,1.3652700176927424,-0.9439824584330526,-1.0247703700118316,1.0854793518551076,-0.6576972037625912,-0.3844915784052375,0.0,-3.286510067065251,1.3652700176927424,-1.0247703700118316,-0.8570718
-0.1714985851425087,-1.319344185576675,1.3652700176927424,-0.8196799142831149,0.8904853223733935,-1.2613016765207257,-0.5033771894719273,-0.4551124805613016,0.0,-2.63868837115335,0.0,0.8904853223733935,-0.94667935
-0.1714985851425087,-1.319344185576675,1.3652700176927424,-0.8196799142831149,0.8904853223733935,-1.2613016765207257,-0.5033771894719273,-0.4551124805613016,0.0,-2.63868837115335,0.0,0.8904853223733935,-0.94667935
-0.1714985851425087,-1.319344185576675,-0.5355479074927335,-1.192587546732928,-0.0835590011825209,1.202818403273899,-0.1947371608905996,-0.3844915784052375,0.0,-5.2773767423067,-0.5355479074927335,-0.0835590011825209,-1.211523
