material_id,material_name,material_type,strength,weight_capacity,biodegradability_score,co2_emission_score,recyclability_percent,cost_per_kg,thickness_mm,water_resistance,temperature_tolerance
1,Cardboard Grade Economy,Cardboard,424.72,28.77,92.32,1.219,87.34,1.07,2.35,,13.0
2,Cardboard Grade A,Cardboard,590.53,6.41,92.22,1.457,85.01,2.49,5.7,3.0,11.0
3,Cardboard Grade A,Cardboard,204.24,5.58,90.25,1.08,85.7,2.46,3.4,3.0,
4,Cardboard Grade Economy,Cardboard,571.03,14.56,94.83,1.127,97.9,1.96,,3.0,-7.0
5,Cardboard Grade C,Cardboard,765.32,19.08,88.85,0.811,88.46,1.21,6.1,2.0,-3.0
6,Cardboard Grade B,Cardboard,220.63,27.73,87.59,1.264,89.68,1.68,5.28,3.0,52.0
7,Cardboard Grade B,Cardboard,705.37,16.24,88.95,1.449,95.91,1.36,5.42,2.0,51.0
8,Cardboard Grade B,Cardboard,395.2,14.72,87.71,1.38,90.35,1.28,5.26,2.0,18.0
9,Cardboard Grade Economy,Cardboard,681.32,6.86,94.87,1.341,87.98,0.81,6.89,2.0,
10,Cardboard Grade A,Cardboard,637.4,24.28,85.74,1.051,86.74,2.27,5.74,3.0,22.0
11,Cardboard Grade Economy,Cardboard,238.14,12.77,88.25,1.311,94.56,2.31,4.83,2.0,36.0
12,Cardboard Grade Economy,Cardboard,627.95,24.02,90.61,1.34,92.41,1.69,4.57,3.0,66.0
13,Cardboard Grade Standard,Cardboard,321.03,27.39,89.75,1.194,95.43,1.04,5.63,4.0,32.0
14,Cardboard Grade A,Cardboard,321.84,28.57,90.99,1.286,98.21,1.86,3.77,2.0,-5.0
15,Cardboard Grade Standard,Cardboard,473.92,10.46,89.17,1.418,89.87,1.01,,3.0,-10.0
16,Cardboard Grade Premium,Cardboard,336.76,15.68,93.18,1.403,85.1,1.67,4.5,2.0,
17,Cardboard Grade A,Cardboard,361.65,11.1,86.68,0.953,93.37,1.49,2.39,,41.0
18,Cardboard Grade A,Cardboard,348.13,22.41,92.12,0.904,99.97,1.25,7.86,3.0,76.0
19,Cardboard Grade A,Cardboard,367.19,27.71,87.4,0.901,92.34,2.48,3.45,4.0,64.0
20,Cardboard Grade B,Cardboard,421.79,11.05,93.03,1.129,99.75,1.48,6.9,2.0,62.0
21,Cardboard Grade B,Cardboard,392.47,9.66,85.41,1.214,95.16,0.83,5.07,4.0,9.0
22,Cardboard Grade Standard,Cardboard,587.1,9.36,91.91,1.071,99.05,1.03,4.05,2.0,39.0
23,Cardboard Grade Standard,Cardboard,754.82,26.93,87.58,1.262,97.26,1.74,5.18,3.0,
24,Cardboard Grade A,Cardboard,255.86,27.43,94.0,1.243,90.09,1.39,6.36,4.0,9.0
25,Cardboard Grade Standard,Cardboard,732.25,24.5,91.42,0.859,87.42,2.33,5.64,4.0,78.0
26,Cardboard Grade B,Cardboard,598.1,5.13,86.61,1.184,95.38,1.91,3.35,2.0,57.0
27,Cardboard Grade Economy,Cardboard,342.35,13.13,92.46,1.255,97.74,1.92,5.41,4.0,75.0
28,Cardboard Grade Economy,Cardboard,359.12,11.1,94.73,1.075,98.38,1.87,6.77,3.0,17.0
29,Cardboard Grade Economy,Cardboard,601.35,26.6,87.3,1.149,93.58,2.11,2.26,3.0,35.0
30,Cardboard Grade Standard,Cardboard,748.92,14.25,85.15,1.45,91.42,2.44,7.78,2.0,52.0
31,Cardboard Grade Premium,Cardboard,383.42,9.77,87.68,1.14,90.59,1.47,7.07,4.0,35.0
32,Cardboard Grade B,Cardboard,258.31,20.38,94.9,0.898,92.77,2.29,6.44,2.0,-2.0
33,Cardboard Grade Premium,Cardboard,621.49,13.99,87.94,1.367,97.15,2.27,7.48,3.0,-4.0
34,Cardboard Grade Standard,Cardboard,500.91,24.96,91.5,1.291,96.94,2.31,4.03,3.0,55.0
35,Cardboard Grade C,Cardboard,463.08,21.8,88.28,0.909,99.73,2.23,7.16,2.0,41.0
36,Cardboard Grade A,Cardboard,223.3,12.58,90.37,1.029,97.42,1.26,7.79,4.0,57.0
37,Cardboard Grade B,Cardboard,705.21,9.86,89.11,1.29,87.08,1.03,7.82,3.0,19.0
38,Cardboard Grade Economy,Cardboard,224.64,14.97,89.34,1.321,88.76,1.11,2.49,4.0,-2.0
39,Cardboard Grade Premium,Cardboard,613.1,6.45,94.15,1.11,88.6,0.96,3.1,2.0,-10.0
40,Cardboard Grade C,Cardboard,772.92,23.45,90.54,1.228,91.29,1.22,4.14,2.0,75.0
41,Cardboard Grade C,Cardboard,208.64,7.9,85.46,0.829,97.83,2.0,4.85,,
42,Cardboard Grade B,Cardboard,494.97,16.84,86.73,1.104,90.98,1.85,5.81,3.0,41.0
43,Cardboard Grade B,Cardboard,424.77,20.65,90.03,1.4,94.88,1.08,2.42,4.0,-9.0
44,Cardboard Grade C,Cardboard,215.91,19.64,94.4,1.203,90.82,1.89,4.75,4.0,32.0
45,Cardboard Grade A,Cardboard,764.88,14.65,94.61,1.434,87.94,0.92,2.6,3.0,24.0
46,Cardboard Grade A,Cardboard,401.93,21.39,88.85,1.277,90.11,1.24,4.98,3.0,64.0
47,Cardboard Grade Premium,Cardboard,726.48,23.38,93.03,0.997,87.66,2.08,6.84,2.0,25.0
48,Cardboard Grade A,Cardboard,423.21,24.41,88.41,1.452,97.88,1.53,6.51,2.0,19.0
49,Cardboard Grade C,Cardboard,741.53,17.63,93.26,1.024,98.43,1.46,2.07,2.0,8.0
50,Cardboard Grade C,Cardboard,254.77,12.98,94.5,1.465,93.6,1.87,4.69,4.0,1.0
51,Cardboard Grade Standard,Cardboard,397.2,21.81,92.52,1.354,96.84,0.96,4.97,,3.0
52,Cardboard Grade C,Cardboard,529.72,16.04,93.88,1.046,86.76,1.04,6.57,2.0,-4.0
53,Cardboard Grade A,Cardboard,455.65,10.56,88.97,1.424,87.2,1.67,3.4,2.0,54.0
54,Cardboard Grade Economy,Cardboard,728.22,10.92,94.08,1.214,90.25,2.0,4.89,3.0,28.0
55,Cardboard Grade Premium,Cardboard,454.53,27.66,86.11,1.145,85.17,1.6,2.34,2.0,28.0
56,Cardboard Grade Standard,Cardboard,647.63,19.58,94.62,1.062,89.29,2.28,3.34,,47.0
57,Cardboard Grade A,Cardboard,207.29,29.25,85.43,1.424,92.92,2.49,,4.0,8.0
58,Cardboard Grade Premium,Cardboard,781.58,18.08,91.29,1.287,91.82,1.87,5.51,4.0,46.0
59,Cardboard Grade A,Cardboard,749.15,28.97,85.58,1.076,86.6,1.37,3.02,3.0,-3.0
60,Cardboard Grade Standard,Cardboard,412.01,19.59,85.78,1.482,99.79,1.99,5.22,2.0,73.0
61,Cardboard Grade C,Cardboard,561.67,11.77,86.33,0.853,99.11,1.51,5.49,2.0,55.0
62,Cardboard Grade Economy,Cardboard,249.65,26.92,90.52,0.915,91.17,2.12,4.88,4.0,38.0
63,Cardboard Grade Standard,Cardboard,426.04,23.74,88.93,1.38,93.54,0.91,2.22,4.0,-10.0
64,Cardboard Grade C,Cardboard,208.2,6.88,91.92,1.174,96.25,2.35,5.51,2.0,26.0
65,Cardboard Grade Standard,Cardboard,654.25,14.45,87.41,0.944,88.77,1.27,3.24,2.0,21.0
66,Cardboard Grade B,Cardboard,228.14,11.72,85.22,1.149,92.14,2.21,3.85,2.0,43.0
67,Cardboard Grade Economy,Cardboard,780.78,7.21,92.92,1.213,92.2,1.51,6.71,3.0,55.0
68,Cardboard Grade A,Cardboard,683.03,27.58,91.17,1.486,94.12,1.88,5.33,4.0,52.0
69,Cardboard Grade A,Cardboard,635.84,18.69,89.51,1.437,89.47,1.69,6.19,2.0,-7.0
70,Cardboard Grade Economy,Cardboard,475.61,26.05,92.69,0.846,85.69,1.86,4.08,3.0,32.0
71,Cardboard Grade B,Cardboard,344.09,6.9,86.29,0.89,87.28,1.04,5.85,2.0,56.0
72,Cardboard Grade C,Cardboard,724.59,17.88,94.73,1.221,88.36,2.2,4.07,3.0,50.0
73,Cardboard Grade A,Cardboard,219.08,18.72,90.34,1.049,98.41,1.02,3.98,4.0,
74,Cardboard Grade B,Cardboard,255.37,17.03,91.88,1.158,87.35,1.44,2.02,2.0,-3.0
75,Cardboard Grade A,Cardboard,648.96,9.61,87.09,1.059,92.27,1.85,4.21,3.0,15.0
76,Cardboard Grade Premium,Cardboard,222.01,11.31,92.13,1.427,92.68,1.7,2.64,3.0,27.0
77,Cardboard Grade C,Cardboard,519.57,11.06,87.69,1.064,85.3,1.35,3.27,3.0,33.0
78,Cardboard Grade Premium,Cardboard,339.93,13.57,89.74,1.049,94.73,1.62,5.51,3.0,23.0
79,Cardboard Grade Economy,Cardboard,534.65,19.66,90.64,1.065,90.06,2.33,5.65,4.0,
80,Cardboard Grade C,Cardboard,498.95,13.26,94.34,0.805,88.38,1.42,4.93,3.0,64.0
81,Kraft Paper Grade B,Kraft Paper,189.55,12.48,90.56,1.09,90.52,0.63,2.24,3.0,-15.0
82,Kraft Paper Grade C,Kraft Paper,329.04,14.6,98.66,1.072,92.58,0.84,2.17,1.0,45.0
83,Kraft Paper Grade C,Kraft Paper,400.54,9.43,92.8,1.039,91.87,1.05,1.56,1.0,-1.0
84,Kraft Paper Grade B,Kraft Paper,259.08,3.49,96.11,0.702,95.81,0.82,1.7,3.0,-18.0
85,Kraft Paper Grade Economy,Kraft Paper,173.32,6.38,91.34,0.544,99.9,1.05,2.52,1.0,42.0
86,Kraft Paper Grade C,Kraft Paper,456.68,11.88,95.96,0.83,94.12,1.09,2.82,2.0,39.0
87,Kraft Paper Grade Economy,Kraft Paper,584.26,3.62,97.31,1.157,91.81,0.69,2.35,2.0,39.0
88,Kraft Paper Grade Economy,Kraft Paper,528.82,3.82,97.95,0.641,91.64,0.83,2.54,3.0,57.0
89,Kraft Paper Grade Economy,Kraft Paper,385.38,6.66,98.77,0.775,98.17,1.21,1.44,3.0,17.0
90,Kraft Paper Grade A,Kraft Paper,392.9,7.7,95.77,0.749,93.91,1.34,0.67,3.0,18.0
91,Kraft Paper Grade Standard,Kraft Paper,202.6,14.22,96.28,0.734,91.39,1.71,2.05,2.0,
92,Kraft Paper Grade Economy,Kraft Paper,504.87,3.97,93.12,0.674,97.44,0.65,1.92,2.0,-16.0
93,Kraft Paper Grade B,Kraft Paper,544.54,6.45,98.21,0.577,98.46,0.78,1.49,1.0,-13.0
94,Kraft Paper Grade Standard,Kraft Paper,217.46,4.98,97.22,1.004,96.41,1.57,1.86,3.0,6.0
95,Kraft Paper Grade Economy,Kraft Paper,305.56,4.36,99.08,0.908,94.01,1.25,2.87,2.0,-8.0
96,Kraft Paper Grade B,Kraft Paper,212.6,3.31,92.56,1.008,95.93,0.74,2.8,1.0,16.0
97,Kraft Paper Grade B,Kraft Paper,468.26,3.98,95.76,0.925,94.24,1.63,2.84,2.0,-10.0
98,Kraft Paper Grade Premium,Kraft Paper,352.88,3.47,99.85,1.087,91.25,1.89,2.67,,19.0
99,Kraft Paper Grade Premium,Kraft Paper,423.55,6.93,97.44,0.644,97.88,1.45,0.79,1.0,69.0
100,Kraft Paper Grade C,Kraft Paper,563.94,6.5,93.47,1.016,94.52,0.91,1.63,3.0,33.0
101,Kraft Paper Grade Economy,Kraft Paper,229.37,8.48,94.19,1.14,93.62,1.41,2.08,2.0,64.0
102,Kraft Paper Grade Economy,Kraft Paper,381.83,14.68,94.59,0.89,98.61,1.35,0.96,3.0,-20.0
103,Kraft Paper Grade Standard,Kraft Paper,289.47,7.17,94.27,1.06,93.49,1.26,2.06,1.0,9.0
104,Kraft Paper Grade B,Kraft Paper,526.45,9.64,92.94,1.0,95.28,1.35,1.7,2.0,17.0
105,Kraft Paper Grade Economy,Kraft Paper,494.41,3.34,93.34,0.553,97.53,0.98,2.74,,66.0
106,Kraft Paper Grade C,Kraft Paper,590.52,12.92,98.67,0.786,95.52,0.96,0.99,3.0,51.0
107,Kraft Paper Grade A,Kraft Paper,196.85,12.4,91.79,0.957,92.38,0.74,,2.0,11.0
108,Kraft Paper Grade B,Kraft Paper,535.06,12.79,93.97,0.968,92.05,1.01,2.74,3.0,53.0
109,Kraft Paper Grade A,Kraft Paper,188.48,4.7,90.27,0.627,95.83,1.19,2.73,3.0,
110,Kraft Paper Grade C,Kraft Paper,303.82,5.37,93.8,0.913,92.68,1.47,1.52,2.0,-12.0
111,Kraft Paper Grade Premium,Kraft Paper,346.26,5.83,99.48,1.035,91.4,1.82,1.72,2.0,66.0
112,Kraft Paper Grade C,Kraft Paper,509.93,7.53,90.22,0.688,95.42,1.49,1.14,2.0,1.0
113,Kraft Paper Grade A,Kraft Paper,525.72,14.8,95.26,0.62,92.72,0.63,2.79,1.0,21.0
114,Kraft Paper Grade B,Kraft Paper,409.43,5.56,95.54,0.956,98.3,0.89,0.53,1.0,6.0
115,Kraft Paper Grade Standard,Kraft Paper,555.01,13.36,95.97,0.92,96.65,0.85,2.79,2.0,64.0
116,Kraft Paper Grade Economy,Kraft Paper,322.41,8.75,90.47,0.616,97.38,0.72,2.01,2.0,8.0
117,Kraft Paper Grade C,Kraft Paper,325.18,5.75,93.56,1.003,92.97,1.39,,3.0,3.0
118,Kraft Paper Grade B,Kraft Paper,571.57,11.52,92.15,0.522,92.62,1.43,,2.0,52.0
119,Kraft Paper Grade Economy,Kraft Paper,496.91,3.39,90.75,1.01,94.95,1.56,1.59,3.0,14.0
120,Kraft Paper Grade Premium,Kraft Paper,518.6,12.39,96.95,0.691,95.9,1.11,0.73,3.0,28.0
121,Kraft Paper Grade Premium,Kraft Paper,211.57,14.35,94.46,0.63,95.42,1.82,2.33,,60.0
122,Kraft Paper Grade Economy,Kraft Paper,446.45,11.0,98.49,0.675,94.89,0.91,2.97,1.0,5.0
123,Kraft Paper Grade Premium,Kraft Paper,167.74,11.17,99.25,0.626,95.68,1.88,0.58,1.0,-14.0
124,Kraft Paper Grade B,Kraft Paper,283.81,14.02,99.71,1.161,94.74,1.81,2.61,2.0,38.0
125,Kraft Paper Grade C,Kraft Paper,523.01,2.48,95.96,0.661,91.21,0.71,2.24,2.0,34.0
126,Kraft Paper Grade B,Kraft Paper,332.02,9.44,98.04,0.877,96.62,1.63,1.8,1.0,21.0
127,Kraft Paper Grade B,Kraft Paper,544.5,7.43,94.62,1.193,90.0,0.86,1.46,3.0,
128,Kraft Paper Grade Economy,Kraft Paper,154.27,2.68,90.89,0.526,94.8,1.41,1.18,,-11.0
129,Kraft Paper Grade Standard,Kraft Paper,191.26,6.37,95.23,1.013,90.03,1.25,1.24,2.0,47.0
130,Kraft Paper Grade Standard,Kraft Paper,472.0,9.66,92.77,1.137,90.45,0.75,1.48,3.0,16.0
131,Kraft Paper Grade C,Kraft Paper,503.86,3.16,94.18,1.115,99.45,1.25,2.03,1.0,50.0
132,Kraft Paper Grade Economy,Kraft Paper,596.03,5.01,99.43,0.955,96.08,1.32,1.08,2.0,36.0
133,Kraft Paper Grade Standard,Kraft Paper,249.22,4.42,97.8,0.745,90.58,1.96,2.71,,-1.0
134,Kraft Paper Grade Premium,Kraft Paper,597.71,4.26,93.96,1.031,96.96,0.82,2.54,2.0,-8.0
135,Kraft Paper Grade Standard,Kraft Paper,250.72,8.98,95.93,0.906,90.91,1.83,,1.0,-12.0
136,Kraft Paper Grade Premium,Kraft Paper,169.97,13.08,90.35,0.73,99.32,1.63,1.2,3.0,17.0
137,Kraft Paper Grade C,Kraft Paper,266.89,11.4,94.96,0.557,92.2,1.56,0.69,1.0,19.0
138,Kraft Paper Grade B,Kraft Paper,547.31,8.71,99.07,0.9,96.62,1.36,2.66,1.0,-15.0
139,Kraft Paper Grade B,Kraft Paper,384.57,13.29,92.45,0.61,91.6,1.07,1.1,1.0,21.0
140,Kraft Paper Grade Standard,Kraft Paper,197.63,11.09,91.89,1.117,99.61,1.25,2.7,2.0,-11.0
141,Kraft Paper Grade Premium,Kraft Paper,518.98,4.97,99.09,0.501,95.56,1.66,,2.0,
142,Kraft Paper Grade A,Kraft Paper,427.62,14.76,96.32,0.682,96.34,1.36,2.45,2.0,62.0
143,Kraft Paper Grade A,Kraft Paper,492.46,9.04,99.63,0.739,96.33,1.9,0.76,2.0,47.0
144,Kraft Paper Grade A,Kraft Paper,285.43,11.21,90.67,0.908,93.46,1.47,0.61,2.0,-7.0
145,Kraft Paper Grade B,Kraft Paper,588.07,14.6,97.5,0.591,97.58,0.63,0.56,2.0,58.0
146,Kraft Paper Grade Economy,Kraft Paper,518.45,5.28,90.01,0.611,94.69,1.92,0.76,1.0,18.0
147,Kraft Paper Grade B,Kraft Paper,387.16,12.74,92.98,1.088,97.73,0.92,0.83,,60.0
148,Kraft Paper Grade Economy,Kraft Paper,583.46,2.41,97.31,1.137,98.57,1.95,2.4,1.0,-18.0
149,Kraft Paper Grade Premium,Kraft Paper,290.38,6.17,97.24,1.022,92.0,1.82,2.29,2.0,-6.0
150,Kraft Paper Grade Standard,Kraft Paper,362.19,9.06,91.59,0.643,90.91,0.82,1.63,2.0,50.0
151,Kraft Paper Grade A,Kraft Paper,431.8,3.71,90.33,1.145,96.17,1.72,1.7,2.0,50.0
152,Kraft Paper Grade Premium,Kraft Paper,206.33,10.91,94.3,0.64,94.92,0.69,1.95,1.0,-19.0
153,Kraft Paper Grade Premium,Kraft Paper,508.9,6.03,94.55,0.508,90.72,1.15,1.7,,17.0
154,Kraft Paper Grade Standard,Kraft Paper,281.25,11.03,98.6,1.046,90.4,1.27,0.76,1.0,55.0
155,Kraft Paper Grade Premium,Kraft Paper,594.0,3.85,94.99,0.933,97.02,1.38,0.52,1.0,-19.0
156,Kraft Paper Grade Standard,Kraft Paper,390.41,13.47,90.83,1.077,93.58,1.05,2.94,2.0,25.0
157,Kraft Paper Grade C,Kraft Paper,461.94,12.68,90.41,0.969,99.52,0.77,2.74,1.0,-15.0
158,Kraft Paper Grade Standard,Kraft Paper,427.47,9.97,92.99,1.155,99.47,1.48,2.46,3.0,-14.0
159,Kraft Paper Grade A,Kraft Paper,447.37,9.19,95.97,1.049,94.81,0.66,0.91,2.0,54.0
160,Kraft Paper Grade Economy,Kraft Paper,476.17,9.71,96.5,0.835,96.16,1.06,1.68,1.0,-13.0
161,Biodegradable Plastic Grade Economy,Biodegradable Plastic,1084.65,12.54,70.65,1.743,60.42,4.79,2.33,7.0,28.0
162,Biodegradable Plastic Grade A,Biodegradable Plastic,885.29,7.39,80.2,1.608,60.61,3.4,2.85,8.0,-7.0
163,Biodegradable Plastic Grade Economy,Biodegradable Plastic,682.94,10.61,75.57,2.981,60.8,5.53,3.31,8.0,86.0
164,Biodegradable Plastic Grade Standard,Biodegradable Plastic,655.96,16.34,78.97,2.689,73.1,5.97,2.14,7.0,-19.0
165,Biodegradable Plastic Grade C,Biodegradable Plastic,645.46,13.25,82.54,1.854,75.52,3.92,3.41,8.0,-17.0
166,Biodegradable Plastic Grade Economy,Biodegradable Plastic,1174.26,6.98,82.82,2.238,64.94,5.55,2.78,9.0,53.0
167,Biodegradable Plastic Grade C,Biodegradable Plastic,833.66,6.6,75.87,2.954,65.16,4.8,2.3,7.0,16.0
168,Biodegradable Plastic Grade A,Biodegradable Plastic,511.21,22.44,76.63,1.996,68.98,4.84,1.58,7.0,-11.0
169,Biodegradable Plastic Grade C,Biodegradable Plastic,829.1,23.87,73.79,2.039,67.59,4.62,2.43,7.0,18.0
170,Biodegradable Plastic Grade Premium,Biodegradable Plastic,1059.75,20.72,78.78,2.802,64.12,2.89,2.08,,6.0
171,Biodegradable Plastic Grade B,Biodegradable Plastic,1142.95,3.87,71.83,2.178,78.68,3.61,3.03,8.0,-19.0
172,Biodegradable Plastic Grade Premium,Biodegradable Plastic,433.51,24.71,84.48,1.507,79.04,4.74,4.47,9.0,7.0
173,Biodegradable Plastic Grade A,Biodegradable Plastic,425.69,3.66,74.62,2.557,64.04,4.86,4.88,7.0,-23.0
174,Biodegradable Plastic Grade Economy,Biodegradable Plastic,440.55,8.16,84.45,1.883,73.23,5.93,,8.0,83.0
175,Biodegradable Plastic Grade Economy,Biodegradable Plastic,519.73,21.28,82.97,2.653,62.26,5.28,4.67,7.0,0.0
176,Biodegradable Plastic Grade C,Biodegradable Plastic,893.0,11.67,79.77,1.66,73.16,6.0,1.19,7.0,
177,Biodegradable Plastic Grade Standard,Biodegradable Plastic,1083.68,20.21,78.51,2.608,77.57,3.91,2.31,8.0,-12.0
178,Biodegradable Plastic Grade B,Biodegradable Plastic,1027.06,19.77,81.97,2.153,76.36,2.92,3.18,7.0,
179,Biodegradable Plastic Grade Standard,Biodegradable Plastic,629.82,11.72,80.43,2.083,68.97,3.33,,8.0,-20.0
180,Biodegradable Plastic Grade A,Biodegradable Plastic,843.1,17.7,79.29,2.195,67.6,5.52,3.08,8.0,86.0
181,Biodegradable Plastic Grade Economy,Biodegradable Plastic,1032.39,5.4,72.23,2.29,64.92,4.17,2.58,,39.0
182,Biodegradable Plastic Grade C,Biodegradable Plastic,972.19,18.74,77.82,2.734,68.62,5.64,1.29,9.0,-6.0
183,Biodegradable Plastic Grade Economy,Biodegradable Plastic,889.22,11.36,72.96,2.219,63.89,3.08,3.47,7.0,21.0
184,Biodegradable Plastic Grade Standard,Biodegradable Plastic,903.09,23.45,77.98,2.371,61.79,5.01,2.6,7.0,59.0
185,Biodegradable Plastic Grade Standard,Biodegradable Plastic,409.7,6.99,80.22,1.772,70.5,4.98,1.43,8.0,11.0
186,Biodegradable Plastic Grade B,Biodegradable Plastic,1125.98,12.34,71.31,2.724,67.47,4.34,1.45,7.0,88.0
187,Biodegradable Plastic Grade B,Biodegradable Plastic,874.19,14.33,78.9,2.691,72.93,3.11,2.44,8.0,41.0
188,Biodegradable Plastic Grade C,Biodegradable Plastic,992.95,15.25,73.83,1.953,74.64,5.48,3.69,7.0,38.0
189,Biodegradable Plastic Grade B,Biodegradable Plastic,451.21,19.21,82.94,1.825,61.91,2.58,3.57,9.0,-20.0
190,Biodegradable Plastic Grade Standard,Biodegradable Plastic,508.75,11.6,78.92,2.245,79.76,2.98,3.78,9.0,11.0
191,Biodegradable Plastic Grade Standard,Biodegradable Plastic,685.38,18.79,80.39,2.987,62.57,2.86,3.9,8.0,1.0
192,Biodegradable Plastic Grade A,Biodegradable Plastic,546.74,4.75,71.28,2.841,63.84,3.63,1.91,7.0,-18.0
193,Biodegradable Plastic Grade Standard,Biodegradable Plastic,767.15,4.49,82.01,1.851,70.8,5.58,3.6,8.0,13.0
194,Biodegradable Plastic Grade C,Biodegradable Plastic,591.9,10.33,80.04,2.991,73.24,4.45,3.92,8.0,85.0
195,Biodegradable Plastic Grade Premium,Biodegradable Plastic,354.13,15.37,84.36,1.763,73.8,3.2,3.14,,90.0
196,Biodegradable Plastic Grade A,Biodegradable Plastic,1039.63,3.03,74.51,2.972,69.5,3.84,1.48,9.0,73.0
197,Biodegradable Plastic Grade A,Biodegradable Plastic,318.02,19.22,81.53,1.865,73.43,2.83,2.03,9.0,1.0
198,Biodegradable Plastic Grade C,Biodegradable Plastic,414.94,21.17,81.73,2.563,60.72,3.56,2.05,8.0,74.0
199,Biodegradable Plastic Grade C,Biodegradable Plastic,378.88,23.61,78.31,1.958,67.94,4.07,3.4,9.0,-25.0
200,Biodegradable Plastic Grade B,Biodegradable Plastic,1127.45,13.93,84.88,2.777,64.17,5.76,1.47,8.0,4.0
201,Biodegradable Plastic Grade A,Biodegradable Plastic,906.87,14.71,80.82,1.712,64.24,5.37,2.29,9.0,35.0
202,Biodegradable Plastic Grade B,Biodegradable Plastic,438.41,7.92,84.36,2.36,78.65,4.51,2.92,7.0,64.0
203,Biodegradable Plastic Grade Standard,Biodegradable Plastic,738.36,16.34,81.47,1.762,70.05,3.9,1.59,7.0,-6.0
204,Biodegradable Plastic Grade A,Biodegradable Plastic,509.3,4.76,81.65,1.683,71.89,5.78,4.5,7.0,29.0
205,Biodegradable Plastic Grade A,Biodegradable Plastic,1066.3,3.01,70.27,2.404,67.3,3.85,3.26,8.0,-21.0
206,Biodegradable Plastic Grade Economy,Biodegradable Plastic,490.58,13.66,81.31,2.429,65.95,4.01,,7.0,42.0
207,Biodegradable Plastic Grade Premium,Biodegradable Plastic,1004.43,8.84,72.67,2.537,72.36,4.72,1.92,7.0,72.0
208,Biodegradable Plastic Grade A,Biodegradable Plastic,498.72,6.82,79.84,2.772,74.49,5.27,2.62,7.0,-24.0
209,Biodegradable Plastic Grade Standard,Biodegradable Plastic,772.95,13.6,72.65,2.081,79.28,3.37,1.54,7.0,48.0
210,Biodegradable Plastic Grade B,Biodegradable Plastic,823.93,17.98,72.85,2.428,66.47,5.42,3.52,7.0,51.0
211,Biodegradable Plastic Grade B,Biodegradable Plastic,358.16,3.94,75.57,1.899,72.92,4.25,2.06,7.0,-5.0
212,Biodegradable Plastic Grade Economy,Biodegradable Plastic,414.48,22.02,73.65,2.478,76.21,4.65,4.44,8.0,-10.0
213,Biodegradable Plastic Grade Premium,Biodegradable Plastic,1160.6,5.93,71.53,2.488,78.86,5.33,,7.0,-21.0
214,Biodegradable Plastic Grade Standard,Biodegradable Plastic,1137.29,8.57,81.72,2.738,69.91,3.85,2.8,7.0,48.0
215,Biodegradable Plastic Grade B,Biodegradable Plastic,1100.45,12.91,83.24,1.659,79.77,4.05,1.19,,56.0
216,Biodegradable Plastic Grade C,Biodegradable Plastic,944.69,4.59,71.07,1.518,79.13,5.08,2.41,8.0,-3.0
217,Biodegradable Plastic Grade Standard,Biodegradable Plastic,619.36,12.07,78.24,2.746,61.37,3.99,,,73.0
218,Biodegradable Plastic Grade Standard,Biodegradable Plastic,862.2,11.4,73.09,1.682,72.3,5.21,3.58,8.0,88.0
219,Biodegradable Plastic Grade Premium,Biodegradable Plastic,337.76,24.31,81.98,1.939,79.6,4.61,3.33,9.0,1.0
220,Biodegradable Plastic Grade B,Biodegradable Plastic,854.85,6.45,70.66,1.666,71.97,2.83,2.5,8.0,93.0
221,Biodegradable Plastic Grade Standard,Biodegradable Plastic,649.79,6.6,74.11,2.892,73.52,4.24,,7.0,91.0
222,Biodegradable Plastic Grade Economy,Biodegradable Plastic,1034.35,21.95,82.7,2.878,65.04,5.14,2.84,8.0,73.0
223,Biodegradable Plastic Grade Economy,Biodegradable Plastic,802.03,6.97,70.81,1.98,75.06,3.44,3.16,7.0,-29.0
224,Biodegradable Plastic Grade B,Biodegradable Plastic,418.56,18.97,82.27,1.82,70.12,5.44,3.93,9.0,66.0
225,Biodegradable Plastic Grade Economy,Biodegradable Plastic,757.52,9.55,78.48,2.533,77.47,4.73,4.04,9.0,75.0
226,Biodegradable Plastic Grade C,Biodegradable Plastic,802.24,20.86,81.13,2.822,65.56,3.18,4.52,8.0,-21.0
227,Biodegradable Plastic Grade Premium,Biodegradable Plastic,968.11,20.93,79.22,2.532,67.51,4.39,3.1,8.0,59.0
228,Biodegradable Plastic Grade Economy,Biodegradable Plastic,1055.97,21.32,70.17,2.624,75.17,4.87,4.03,9.0,39.0
229,Biodegradable Plastic Grade Economy,Biodegradable Plastic,1088.99,24.92,75.52,2.173,74.44,5.6,3.37,7.0,23.0
230,Biodegradable Plastic Grade C,Biodegradable Plastic,926.06,3.07,79.29,2.033,75.88,2.83,3.35,7.0,-17.0
231,Biodegradable Plastic Grade Premium,Biodegradable Plastic,951.06,5.29,73.38,2.554,61.06,4.2,3.4,9.0,29.0
232,Biodegradable Plastic Grade Standard,Biodegradable Plastic,589.9,17.0,72.23,2.543,74.92,5.94,1.84,9.0,
233,Biodegradable Plastic Grade Premium,Biodegradable Plastic,595.37,12.55,71.33,1.831,71.96,5.07,4.99,8.0,14.0
234,Biodegradable Plastic Grade A,Biodegradable Plastic,456.13,17.03,77.44,1.767,73.72,5.97,3.99,9.0,59.0
235,Biodegradable Plastic Grade B,Biodegradable Plastic,828.99,7.06,75.43,2.002,60.52,2.58,4.33,7.0,50.0
236,Biodegradable Plastic Grade B,Biodegradable Plastic,1136.66,20.22,70.84,2.779,64.51,3.82,2.85,7.0,43.0
237,Biodegradable Plastic Grade A,Biodegradable Plastic,1143.62,18.53,79.47,1.575,78.08,5.68,4.12,8.0,10.0
238,Biodegradable Plastic Grade C,Biodegradable Plastic,443.02,16.42,72.03,2.627,73.14,5.85,1.28,8.0,55.0
239,Biodegradable Plastic Grade A,Biodegradable Plastic,535.54,8.43,83.59,1.874,65.44,5.16,2.8,7.0,39.0
240,Biodegradable Plastic Grade Standard,Biodegradable Plastic,358.83,13.73,70.5,1.594,78.13,2.99,3.13,7.0,-24.0
241,Mushroom Packaging Grade Standard,Mushroom Packaging,288.89,7.79,98.66,0.419,2.56,7.41,5.75,4.0,8.0
242,Mushroom Packaging Grade B,Mushroom Packaging,578.87,19.7,96.28,0.462,3.96,5.83,6.25,3.0,
243,Mushroom Packaging Grade Standard,Mushroom Packaging,407.28,5.83,95.76,0.29,5.02,7.25,6.93,3.0,18.0
244,Mushroom Packaging Grade B,Mushroom Packaging,301.65,17.76,98.61,0.227,14.16,5.72,3.57,4.0,59.0
245,Mushroom Packaging Grade A,Mushroom Packaging,442.88,6.26,98.32,0.286,1.95,7.31,6.22,5.0,34.0
246,Mushroom Packaging Grade A,Mushroom Packaging,300.37,9.7,99.89,0.518,9.95,4.7,9.1,4.0,9.0
247,Mushroom Packaging Grade Economy,Mushroom Packaging,342.2,18.05,99.4,0.548,4.78,5.26,9.89,4.0,57.0
248,Mushroom Packaging Grade Economy,Mushroom Packaging,498.63,5.51,96.72,0.313,7.81,6.99,5.6,,44.0
249,Mushroom Packaging Grade A,Mushroom Packaging,292.03,11.06,95.98,0.275,1.88,4.78,8.3,3.0,49.0
250,Mushroom Packaging Grade B,Mushroom Packaging,539.2,7.13,99.48,0.408,8.95,5.79,4.16,5.0,-3.0
251,Mushroom Packaging Grade A,Mushroom Packaging,653.73,6.7,97.54,0.439,0.67,4.82,8.13,5.0,-2.0
252,Mushroom Packaging Grade A,Mushroom Packaging,609.37,19.48,99.28,0.247,14.79,4.6,9.92,3.0,15.0
253,Mushroom Packaging Grade C,Mushroom Packaging,576.33,9.17,99.99,0.592,13.12,3.65,7.81,,19.0
254,Mushroom Packaging Grade A,Mushroom Packaging,620.33,7.36,96.9,0.589,6.74,4.48,9.43,4.0,54.0
255,Mushroom Packaging Grade Standard,Mushroom Packaging,391.46,11.54,99.11,0.384,7.16,5.47,8.8,,15.0
256,Mushroom Packaging Grade B,Mushroom Packaging,300.82,5.39,98.6,0.368,18.11,6.7,4.34,5.0,51.0
257,Mushroom Packaging Grade C,Mushroom Packaging,445.98,13.24,98.69,0.522,16.87,4.27,3.22,3.0,10.0
258,Mushroom Packaging Grade Economy,Mushroom Packaging,297.85,9.04,95.02,0.473,3.34,6.28,,5.0,57.0
259,Mushroom Packaging Grade Premium,Mushroom Packaging,403.17,17.86,96.08,0.344,1.37,6.82,5.86,4.0,11.0
260,Mushroom Packaging Grade B,Mushroom Packaging,594.73,16.62,98.32,0.304,18.14,6.35,6.92,5.0,40.0
261,Mushroom Packaging Grade Standard,Mushroom Packaging,457.16,17.83,97.73,0.352,19.54,3.55,5.96,3.0,34.0
262,Mushroom Packaging Grade B,Mushroom Packaging,582.96,18.69,96.4,0.543,5.84,7.55,8.28,3.0,22.0
263,Mushroom Packaging Grade Economy,Mushroom Packaging,258.1,19.4,98.63,0.322,16.59,4.41,9.11,4.0,32.0
264,Mushroom Packaging Grade Standard,Mushroom Packaging,304.11,5.09,96.32,0.218,11.34,4.42,,3.0,53.0
265,Mushroom Packaging Grade Standard,Mushroom Packaging,578.61,13.58,95.32,0.551,17.55,4.65,5.38,5.0,49.0
266,Mushroom Packaging Grade Premium,Mushroom Packaging,489.09,17.41,96.43,0.372,5.36,6.95,7.01,3.0,42.0
267,Mushroom Packaging Grade B,Mushroom Packaging,624.12,13.58,95.57,0.238,18.19,6.35,8.81,3.0,2.0
268,Mushroom Packaging Grade Premium,Mushroom Packaging,482.85,10.89,96.58,0.374,15.48,6.01,9.25,3.0,16.0
269,Mushroom Packaging Grade Premium,Mushroom Packaging,523.19,14.1,97.96,0.481,4.75,5.56,3.73,4.0,39.0
270,Mushroom Packaging Grade B,Mushroom Packaging,686.84,8.2,96.36,0.389,19.68,4.34,5.85,4.0,19.0
271,Mushroom Packaging Grade A,Mushroom Packaging,251.31,4.64,98.02,0.563,4.78,5.35,6.15,3.0,34.0
272,Mushroom Packaging Grade A,Mushroom Packaging,461.38,11.16,97.37,0.436,10.74,7.27,3.35,5.0,14.0
273,Mushroom Packaging Grade Economy,Mushroom Packaging,298.61,9.42,99.01,0.429,10.25,4.47,9.52,3.0,31.0
274,Mushroom Packaging Grade Premium,Mushroom Packaging,378.05,17.09,97.66,0.552,11.5,3.15,7.73,4.0,13.0
275,Mushroom Packaging Grade C,Mushroom Packaging,452.77,18.87,95.83,0.356,14.6,7.41,7.7,3.0,6.0
276,Mushroom Packaging Grade Premium,Mushroom Packaging,553.57,8.75,98.59,0.582,14.43,7.31,3.01,,41.0
277,Mushroom Packaging Grade Premium,Mushroom Packaging,276.79,13.66,98.43,0.246,7.68,5.28,5.58,5.0,22.0
278,Mushroom Packaging Grade Premium,Mushroom Packaging,497.31,18.41,97.02,0.328,15.0,5.06,7.52,4.0,45.0
279,Mushroom Packaging Grade Economy,Mushroom Packaging,517.15,4.16,98.18,0.565,12.25,7.37,8.07,5.0,-4.0
280,Mushroom Packaging Grade A,Mushroom Packaging,488.5,17.26,99.96,0.528,13.9,5.66,6.14,5.0,39.0
281,Mushroom Packaging Grade Economy,Mushroom Packaging,429.72,18.56,99.04,0.286,9.33,7.08,,3.0,48.0
282,Mushroom Packaging Grade Economy,Mushroom Packaging,633.33,10.46,95.39,0.417,17.23,5.95,4.58,5.0,22.0
283,Mushroom Packaging Grade Economy,Mushroom Packaging,510.67,16.15,95.49,0.556,0.25,4.85,3.19,3.0,18.0
284,Mushroom Packaging Grade A,Mushroom Packaging,418.55,6.67,97.15,0.257,17.8,4.73,,3.0,54.0
285,Mushroom Packaging Grade A,Mushroom Packaging,420.51,4.11,96.93,0.517,11.92,3.51,8.93,4.0,42.0
286,Mushroom Packaging Grade Premium,Mushroom Packaging,348.05,19.81,97.27,0.475,2.81,5.43,3.19,5.0,39.0
287,Mushroom Packaging Grade Economy,Mushroom Packaging,422.89,4.62,95.15,0.355,3.2,3.12,8.29,5.0,24.0
288,Mushroom Packaging Grade C,Mushroom Packaging,308.52,17.37,96.85,0.35,9.48,5.22,9.96,3.0,23.0
289,Mushroom Packaging Grade A,Mushroom Packaging,379.78,19.38,96.95,0.354,6.81,5.71,4.08,3.0,7.0
290,Mushroom Packaging Grade B,Mushroom Packaging,493.77,16.19,99.17,0.376,6.05,4.3,4.36,3.0,40.0
291,Mushroom Packaging Grade B,Mushroom Packaging,554.82,7.76,99.15,0.418,3.3,5.91,10.0,3.0,5.0
292,Mushroom Packaging Grade B,Mushroom Packaging,343.29,16.52,98.67,0.32,6.52,6.96,6.23,5.0,2.0
293,Mushroom Packaging Grade Standard,Mushroom Packaging,267.76,11.61,97.72,0.291,19.28,7.55,8.06,3.0,41.0
294,Mushroom Packaging Grade Premium,Mushroom Packaging,641.49,6.09,98.95,0.25,15.88,4.38,9.14,4.0,11.0
295,Mushroom Packaging Grade B,Mushroom Packaging,677.1,12.21,95.47,0.502,9.84,4.51,6.44,5.0,27.0
296,Mushroom Packaging Grade Premium,Mushroom Packaging,503.22,11.06,98.03,0.567,7.25,6.63,9.26,5.0,45.0
297,Mushroom Packaging Grade B,Mushroom Packaging,520.95,13.46,99.03,0.391,19.92,3.3,3.02,3.0,13.0
298,Mushroom Packaging Grade C,Mushroom Packaging,390.35,8.1,95.15,0.589,4.41,6.67,8.34,4.0,37.0
299,Mushroom Packaging Grade Premium,Mushroom Packaging,642.42,12.44,98.16,0.458,16.4,4.67,8.13,4.0,51.0
300,Mushroom Packaging Grade B,Mushroom Packaging,607.03,19.85,96.0,0.598,1.8,3.01,3.31,3.0,31.0
301,Mushroom Packaging Grade A,Mushroom Packaging,583.21,6.29,98.77,0.508,13.17,6.83,8.92,4.0,57.0
302,Mushroom Packaging Grade Premium,Mushroom Packaging,289.87,11.8,95.39,0.363,8.14,3.33,5.44,5.0,8.0
303,Mushroom Packaging Grade Standard,Mushroom Packaging,613.71,19.16,95.36,0.582,10.45,4.5,3.54,5.0,28.0
304,Mushroom Packaging Grade A,Mushroom Packaging,607.53,15.31,95.25,0.229,8.06,4.48,4.63,5.0,2.0
305,Mushroom Packaging Grade A,Mushroom Packaging,381.63,6.44,96.33,0.209,11.67,7.21,6.84,4.0,47.0
306,Mushroom Packaging Grade Economy,Mushroom Packaging,265.15,7.43,97.08,0.504,3.76,6.6,9.07,4.0,4.0
307,Mushroom Packaging Grade Standard,Mushroom Packaging,619.64,12.87,98.19,0.411,9.26,4.17,5.12,5.0,16.0
308,Mushroom Packaging Grade A,Mushroom Packaging,503.48,5.92,99.58,0.488,8.03,3.79,9.17,4.0,43.0
309,Mushroom Packaging Grade A,Mushroom Packaging,392.91,4.0,97.56,0.219,5.52,6.53,3.44,4.0,2.0
310,Mushroom Packaging Grade B,Mushroom Packaging,251.72,7.95,98.7,0.327,2.04,4.8,4.89,5.0,28.0
311,Mushroom Packaging Grade B,Mushroom Packaging,391.01,16.62,99.46,0.374,18.2,4.89,9.75,3.0,11.0
312,Mushroom Packaging Grade Premium,Mushroom Packaging,559.16,11.9,96.94,0.453,14.08,3.02,4.17,3.0,7.0
313,Mushroom Packaging Grade Premium,Mushroom Packaging,332.26,8.46,95.65,0.47,18.88,4.34,6.33,5.0,6.0
314,Mushroom Packaging Grade Premium,Mushroom Packaging,699.76,5.68,97.49,0.354,17.32,5.38,3.78,4.0,7.0
315,Mushroom Packaging Grade B,Mushroom Packaging,437.43,17.15,99.25,0.285,13.15,5.36,9.16,3.0,39.0
316,Mushroom Packaging Grade Premium,Mushroom Packaging,266.17,10.32,99.65,0.25,14.74,7.87,3.37,4.0,48.0
317,Mushroom Packaging Grade A,Mushroom Packaging,510.63,5.37,95.22,0.467,16.47,6.91,6.81,5.0,47.0
318,Mushroom Packaging Grade B,Mushroom Packaging,559.62,7.87,99.56,0.535,14.19,7.74,3.22,5.0,11.0
319,Mushroom Packaging Grade Premium,Mushroom Packaging,657.73,8.27,98.62,0.551,0.83,4.99,8.34,5.0,
320,Mushroom Packaging Grade A,Mushroom Packaging,370.26,7.52,95.66,0.543,11.51,3.38,5.68,3.0,28.0
321,Cornstarch Packaging Grade Premium,Cornstarch Packaging,309.04,8.97,93.32,0.605,24.78,2.78,2.93,7.0,79.0
322,Cornstarch Packaging Grade C,Cornstarch Packaging,529.03,16.07,96.76,0.728,26.6,4.12,1.87,5.0,65.0
323,Cornstarch Packaging Grade Premium,Cornstarch Packaging,291.4,16.39,97.1,0.962,22.07,3.66,1.18,6.0,-17.0
324,Cornstarch Packaging Grade C,Cornstarch Packaging,774.67,17.08,97.85,0.995,20.89,5.37,1.23,5.0,-4.0
325,Cornstarch Packaging Grade Premium,Cornstarch Packaging,335.23,5.13,91.41,0.773,25.63,4.02,1.44,5.0,51.0
326,Cornstarch Packaging Grade Economy,Cornstarch Packaging,581.57,8.21,96.74,0.556,16.9,5.21,1.87,5.0,26.0
327,Cornstarch Packaging Grade Economy,Cornstarch Packaging,236.38,13.04,96.9,0.958,19.95,2.81,1.13,5.0,29.0
328,Cornstarch Packaging Grade Standard,Cornstarch Packaging,381.15,14.18,93.54,0.969,29.25,4.17,3.79,6.0,61.0
329,Cornstarch Packaging Grade Economy,Cornstarch Packaging,528.12,4.88,94.59,0.737,27.28,3.68,3.69,5.0,60.0
330,Cornstarch Packaging Grade Economy,Cornstarch Packaging,788.72,14.69,98.54,0.545,29.21,2.69,3.85,7.0,69.0
331,Cornstarch Packaging Grade Premium,Cornstarch Packaging,513.52,5.51,94.59,0.952,13.52,2.75,1.04,6.0,-17.0
332,Cornstarch Packaging Grade B,Cornstarch Packaging,697.63,13.71,93.55,0.819,17.9,5.34,,5.0,85.0
333,Cornstarch Packaging Grade B,Cornstarch Packaging,486.14,13.49,92.47,0.784,23.33,2.57,2.7,6.0,72.0
334,Cornstarch Packaging Grade C,Cornstarch Packaging,499.34,2.19,90.09,0.614,28.52,2.8,2.9,6.0,83.0
335,Cornstarch Packaging Grade B,Cornstarch Packaging,708.83,13.66,90.95,0.657,10.58,3.68,2.99,6.0,79.0
336,Cornstarch Packaging Grade A,Cornstarch Packaging,373.33,8.37,99.2,0.996,10.9,4.66,2.12,5.0,73.0
337,Cornstarch Packaging Grade Standard,Cornstarch Packaging,751.06,17.21,95.77,0.614,25.75,2.88,2.69,7.0,61.0
338,Cornstarch Packaging Grade Economy,Cornstarch Packaging,593.98,5.85,91.92,0.951,12.04,3.77,1.66,5.0,-16.0
339,Cornstarch Packaging Grade Standard,Cornstarch Packaging,221.61,4.8,98.67,0.569,29.01,4.04,2.31,7.0,0.0
340,Cornstarch Packaging Grade A,Cornstarch Packaging,510.02,14.14,92.82,0.612,27.88,5.31,3.68,5.0,57.0
341,Cornstarch Packaging Grade Economy,Cornstarch Packaging,668.22,9.62,94.98,0.523,21.82,2.65,1.99,7.0,25.0
342,Cornstarch Packaging Grade C,Cornstarch Packaging,324.25,3.14,90.69,0.964,20.14,3.43,3.43,7.0,40.0
343,Cornstarch Packaging Grade A,Cornstarch Packaging,636.05,14.38,93.53,0.895,20.31,3.62,1.14,7.0,88.0
344,Cornstarch Packaging Grade A,Cornstarch Packaging,222.54,4.05,97.66,0.4,18.33,3.83,1.16,6.0,19.0
345,Cornstarch Packaging Grade Standard,Cornstarch Packaging,335.68,6.87,93.04,0.538,10.03,4.55,3.9,6.0,
346,Cornstarch Packaging Grade Premium,Cornstarch Packaging,645.14,15.57,94.23,0.582,16.51,4.49,3.45,6.0,36.0
347,Cornstarch Packaging Grade Standard,Cornstarch Packaging,422.56,16.43,98.07,0.991,25.08,3.38,2.77,5.0,-5.0
348,Cornstarch Packaging Grade Standard,Cornstarch Packaging,247.07,10.71,97.09,0.5,25.61,4.04,3.86,6.0,65.0
349,Cornstarch Packaging Grade B,Cornstarch Packaging,359.2,11.62,92.97,0.829,25.18,2.36,2.54,5.0,30.0
350,Cornstarch Packaging Grade A,Cornstarch Packaging,421.57,16.93,98.28,0.818,24.29,3.62,3.76,7.0,18.0
351,Cornstarch Packaging Grade Standard,Cornstarch Packaging,710.28,7.51,90.31,0.431,12.84,2.75,3.0,5.0,-18.0
352,Cornstarch Packaging Grade A,Cornstarch Packaging,271.32,14.24,96.71,0.661,20.99,3.09,2.45,6.0,62.0
353,Cornstarch Packaging Grade B,Cornstarch Packaging,669.3,3.99,97.98,0.77,26.87,2.34,2.68,5.0,62.0
354,Cornstarch Packaging Grade A,Cornstarch Packaging,623.72,10.55,95.41,0.658,16.18,3.69,1.36,6.0,78.0
355,Cornstarch Packaging Grade Standard,Cornstarch Packaging,771.48,5.63,98.79,0.885,23.54,4.19,1.95,6.0,36.0
356,Cornstarch Packaging Grade A,Cornstarch Packaging,678.01,6.01,96.25,0.743,26.66,5.17,1.04,5.0,-9.0
357,Cornstarch Packaging Grade Economy,Cornstarch Packaging,372.58,6.91,93.53,0.773,16.68,4.56,2.21,6.0,38.0
358,Cornstarch Packaging Grade B,Cornstarch Packaging,413.51,3.34,93.33,0.807,11.44,2.72,2.14,5.0,-8.0
359,Cornstarch Packaging Grade Premium,Cornstarch Packaging,670.92,13.74,91.16,0.869,25.71,4.1,3.97,6.0,42.0
360,Cornstarch Packaging Grade A,Cornstarch Packaging,459.21,17.69,90.68,0.711,13.59,5.4,1.34,6.0,20.0
361,Cornstarch Packaging Grade Standard,Cornstarch Packaging,642.73,13.27,94.23,0.608,17.95,2.92,1.62,5.0,14.0
362,Cornstarch Packaging Grade B,Cornstarch Packaging,361.12,6.6,96.57,0.981,22.07,2.27,1.23,6.0,-1.0
363,Cornstarch Packaging Grade Standard,Cornstarch Packaging,378.37,3.47,95.99,0.774,22.97,2.94,1.05,7.0,-15.0
364,Cornstarch Packaging Grade Standard,Cornstarch Packaging,350.54,12.82,97.07,0.766,16.26,2.95,2.79,5.0,47.0
365,Cornstarch Packaging Grade A,Cornstarch Packaging,768.04,3.69,91.55,0.967,24.73,5.09,1.61,6.0,79.0
366,Cornstarch Packaging Grade Standard,Cornstarch Packaging,620.68,12.88,94.08,0.409,21.66,2.89,2.35,5.0,-11.0
367,Cornstarch Packaging Grade A,Cornstarch Packaging,439.42,15.44,91.89,0.803,29.54,2.36,1.02,6.0,29.0
368,Cornstarch Packaging Grade Premium,Cornstarch Packaging,255.58,13.97,99.15,0.66,15.17,3.52,,6.0,-2.0
369,Cornstarch Packaging Grade Economy,Cornstarch Packaging,553.67,11.81,96.38,0.545,24.28,2.32,1.6,7.0,75.0
370,Cornstarch Packaging Grade Standard,Cornstarch Packaging,746.91,2.47,93.56,0.409,11.54,5.19,,6.0,46.0
371,Cornstarch Packaging Grade Standard,Cornstarch Packaging,329.21,11.55,95.95,0.623,16.66,5.1,2.15,7.0,42.0
372,Cornstarch Packaging Grade Standard,Cornstarch Packaging,526.55,5.2,96.17,0.846,24.76,3.83,1.21,6.0,60.0
373,Cornstarch Packaging Grade C,Cornstarch Packaging,752.46,11.35,95.38,0.561,17.37,5.13,3.0,7.0,64.0
374,Cornstarch Packaging Grade C,Cornstarch Packaging,446.8,15.98,96.38,0.9,19.99,3.87,1.43,7.0,71.0
375,Cornstarch Packaging Grade B,Cornstarch Packaging,451.63,10.0,97.85,0.759,14.02,4.07,2.22,7.0,33.0
376,Cornstarch Packaging Grade Economy,Cornstarch Packaging,216.99,5.36,92.81,0.828,10.23,3.43,3.77,5.0,8.0
377,Cornstarch Packaging Grade Economy,Cornstarch Packaging,242.3,4.97,96.64,0.929,26.28,4.4,1.33,5.0,-20.0
378,Cornstarch Packaging Grade C,Cornstarch Packaging,385.88,6.0,95.15,0.721,17.14,3.24,3.49,5.0,88.0
379,Cornstarch Packaging Grade B,Cornstarch Packaging,384.68,16.62,99.53,0.596,17.09,3.77,3.82,5.0,64.0
380,Cornstarch Packaging Grade C,Cornstarch Packaging,742.14,3.24,98.29,0.609,20.43,4.78,3.65,7.0,59.0
381,Cornstarch Packaging Grade Premium,Cornstarch Packaging,649.01,9.03,96.11,0.496,23.47,2.63,3.08,7.0,2.0
382,Cornstarch Packaging Grade B,Cornstarch Packaging,457.77,13.85,98.63,0.719,25.79,3.04,2.62,6.0,60.0
383,Cornstarch Packaging Grade Economy,Cornstarch Packaging,448.52,13.72,98.82,0.473,22.69,4.04,1.36,6.0,7.0
384,Cornstarch Packaging Grade Economy,Cornstarch Packaging,386.6,4.67,92.44,0.561,16.71,4.62,2.72,7.0,-12.0
385,Cornstarch Packaging Grade C,Cornstarch Packaging,449.47,8.86,95.41,0.818,24.04,2.6,2.5,7.0,-8.0
386,Cornstarch Packaging Grade Premium,Cornstarch Packaging,722.32,12.1,95.33,0.469,22.11,2.41,2.01,6.0,-4.0
387,Cornstarch Packaging Grade C,Cornstarch Packaging,323.75,8.27,98.96,0.523,20.16,3.47,1.05,5.0,22.0
388,Cornstarch Packaging Grade A,Cornstarch Packaging,241.43,9.59,95.61,0.777,23.77,2.89,1.03,5.0,35.0
389,Cornstarch Packaging Grade A,Cornstarch Packaging,701.67,15.14,98.43,0.691,16.67,4.77,2.35,7.0,-2.0
390,Cornstarch Packaging Grade Premium,Cornstarch Packaging,712.98,16.12,94.66,0.445,17.76,4.81,3.71,6.0,75.0
391,Cornstarch Packaging Grade Standard,Cornstarch Packaging,225.19,9.67,91.82,0.846,26.96,3.91,3.95,6.0,45.0
392,Cornstarch Packaging Grade Standard,Cornstarch Packaging,508.02,17.83,92.32,0.966,10.86,3.56,1.21,6.0,43.0
393,Cornstarch Packaging Grade A,Cornstarch Packaging,565.05,13.31,93.74,0.622,10.91,3.22,3.79,6.0,86.0
394,Cornstarch Packaging Grade A,Cornstarch Packaging,698.82,15.48,93.73,0.779,11.91,2.36,1.15,5.0,37.0
395,Cornstarch Packaging Grade Standard,Cornstarch Packaging,669.18,14.03,98.03,0.711,12.81,4.35,2.86,5.0,38.0
396,Cornstarch Packaging Grade B,Cornstarch Packaging,301.93,5.12,98.9,0.85,28.16,4.66,2.79,6.0,
397,Cornstarch Packaging Grade Standard,Cornstarch Packaging,711.55,10.67,97.58,0.584,18.3,4.49,2.16,7.0,36.0
398,Cornstarch Packaging Grade C,Cornstarch Packaging,344.9,5.44,94.25,0.945,20.14,2.66,1.23,6.0,29.0
399,Cornstarch Packaging Grade B,Cornstarch Packaging,429.68,15.15,96.6,0.878,15.44,4.42,,6.0,46.0
400,Cornstarch Packaging Grade C,Cornstarch Packaging,581.82,7.19,92.7,0.515,23.89,2.77,,6.0,53.0
401,Recycled Paper Grade A,Recycled Paper,491.13,16.85,92.78,1.133,95.94,0.61,,2.0,
402,Recycled Paper Grade B,Recycled Paper,282.1,10.89,87.64,0.891,99.44,1.57,4.15,3.0,34.0
403,Recycled Paper Grade C,Recycled Paper,548.37,10.29,87.01,0.96,98.68,1.07,4.33,3.0,-14.0
404,Recycled Paper Grade C,Recycled Paper,531.56,16.82,92.07,1.277,99.13,1.67,5.67,,45.0
405,Recycled Paper Grade B,Recycled Paper,583.27,19.96,87.41,0.628,97.06,0.67,1.11,4.0,5.0
406,Recycled Paper Grade Premium,Recycled Paper,548.36,12.63,88.13,1.058,96.16,0.52,4.82,3.0,33.0
407,Recycled Paper Grade Standard,Recycled Paper,538.28,3.66,93.37,1.034,97.82,1.31,5.32,3.0,67.0
408,Recycled Paper Grade Economy,Recycled Paper,453.05,19.84,92.57,0.91,98.54,1.01,2.14,4.0,71.0
409,Recycled Paper Grade C,Recycled Paper,616.25,18.8,88.42,0.969,96.06,1.79,5.91,3.0,26.0
410,Recycled Paper Grade Standard,Recycled Paper,516.1,13.08,85.53,0.918,98.37,1.38,2.87,4.0,59.0
411,Recycled Paper Grade Economy,Recycled Paper,258.66,11.51,91.91,1.088,98.24,0.86,1.78,4.0,-12.0
412,Recycled Paper Grade Standard,Recycled Paper,374.5,6.47,85.42,1.006,97.26,1.73,1.3,3.0,17.0
413,Recycled Paper Grade A,Recycled Paper,466.56,14.89,93.38,1.162,99.8,1.2,3.44,3.0,-3.0
414,Recycled Paper Grade Economy,Recycled Paper,252.23,12.73,87.77,1.245,97.92,1.27,2.77,3.0,4.0
415,Recycled Paper Grade Standard,Recycled Paper,194.92,10.2,85.85,1.025,99.4,1.65,4.3,4.0,64.0
416,Recycled Paper Grade C,Recycled Paper,585.61,18.06,86.97,1.116,96.43,1.54,5.99,2.0,
417,Recycled Paper Grade Economy,Recycled Paper,472.64,19.55,89.65,1.193,95.31,0.94,1.34,4.0,
418,Recycled Paper Grade A,Recycled Paper,563.98,17.49,94.38,0.66,96.93,0.59,2.05,3.0,4.0
419,Recycled Paper Grade B,Recycled Paper,205.95,19.02,85.75,0.907,97.65,1.78,1.83,4.0,-5.0
420,Recycled Paper Grade C,Recycled Paper,333.34,8.09,87.33,0.691,96.28,0.96,4.37,2.0,10.0
421,Recycled Paper Grade A,Recycled Paper,560.24,5.5,88.43,1.205,95.77,0.61,3.42,4.0,-5.0
422,Recycled Paper Grade A,Recycled Paper,444.8,16.66,86.37,1.006,97.53,0.69,4.12,3.0,71.0
423,Recycled Paper Grade Economy,Recycled Paper,218.67,10.81,88.06,1.176,95.28,1.04,3.29,2.0,73.0
424,Recycled Paper Grade Standard,Recycled Paper,449.92,14.34,92.77,1.204,96.57,1.2,5.2,2.0,16.0
425,Recycled Paper Grade B,Recycled Paper,598.07,9.31,86.95,0.943,98.71,1.14,3.42,4.0,44.0
426,Recycled Paper Grade C,Recycled Paper,349.86,17.62,89.07,0.83,97.27,1.49,1.63,2.0,65.0
427,Recycled Paper Grade C,Recycled Paper,564.39,11.67,92.36,0.959,99.35,1.02,,2.0,61.0
428,Recycled Paper Grade Standard,Recycled Paper,490.98,5.4,90.71,0.73,96.39,0.78,1.91,3.0,64.0
429,Recycled Paper Grade B,Recycled Paper,314.28,18.76,94.7,1.0,95.72,0.99,4.99,4.0,43.0
430,Recycled Paper Grade Economy,Recycled Paper,338.62,15.4,90.73,0.836,99.94,0.53,2.26,2.0,68.0
431,Recycled Paper Grade C,Recycled Paper,297.34,7.48,85.01,1.209,98.96,1.32,4.75,3.0,20.0
432,Recycled Paper Grade B,Recycled Paper,395.41,8.97,85.94,0.94,99.6,0.55,2.46,4.0,74.0
433,Recycled Paper Grade Economy,Recycled Paper,549.33,13.03,85.06,1.141,98.51,1.3,4.8,4.0,
434,Recycled Paper Grade Economy,Recycled Paper,510.92,18.9,88.76,1.096,97.38,1.38,4.81,4.0,
435,Recycled Paper Grade C,Recycled Paper,419.97,13.46,94.11,0.957,97.51,0.57,1.17,2.0,41.0
436,Recycled Paper Grade Standard,Recycled Paper,385.94,17.27,86.61,0.617,97.25,0.81,1.25,2.0,62.0
437,Recycled Paper Grade Premium,Recycled Paper,610.03,6.22,94.22,1.087,98.05,0.76,1.28,4.0,27.0
438,Recycled Paper Grade C,Recycled Paper,486.21,6.58,90.56,1.2,99.18,1.71,2.83,3.0,21.0
439,Recycled Paper Grade A,Recycled Paper,532.23,10.33,85.88,0.798,97.09,0.88,2.66,3.0,47.0
440,Recycled Paper Grade A,Recycled Paper,199.5,13.83,90.97,1.057,95.96,0.88,4.1,,52.0
441,Recycled Paper Grade Economy,Recycled Paper,344.69,18.52,88.4,0.919,98.39,1.21,,3.0,67.0
442,Recycled Paper Grade Premium,Recycled Paper,326.58,8.78,85.79,0.91,96.31,0.95,5.17,4.0,
443,Recycled Paper Grade C,Recycled Paper,267.29,9.33,94.29,0.643,95.46,0.71,3.98,4.0,-2.0
444,Recycled Paper Grade A,Recycled Paper,390.93,18.52,86.89,0.604,95.3,1.68,4.24,3.0,67.0
445,Recycled Paper Grade A,Recycled Paper,605.05,16.9,92.57,0.639,95.03,0.78,4.32,3.0,31.0
446,Recycled Paper Grade C,Recycled Paper,369.13,18.04,93.96,1.236,96.57,1.4,2.36,2.0,50.0
447,Recycled Paper Grade B,Recycled Paper,266.78,8.82,89.3,1.182,95.6,1.46,3.66,3.0,-1.0
448,Recycled Paper Grade Economy,Recycled Paper,626.45,5.33,92.34,1.043,97.92,1.01,2.78,4.0,31.0
449,Recycled Paper Grade C,Recycled Paper,187.13,12.88,86.06,1.211,97.62,1.41,3.05,3.0,73.0
450,Recycled Paper Grade B,Recycled Paper,623.05,4.41,87.54,1.146,95.49,0.6,2.81,4.0,53.0
451,Recycled Paper Grade Economy,Recycled Paper,211.6,13.11,92.39,0.623,98.29,1.19,1.52,3.0,61.0
452,Recycled Paper Grade Premium,Recycled Paper,446.95,8.04,94.38,1.173,99.92,0.84,5.85,2.0,40.0
453,Recycled Paper Grade Standard,Recycled Paper,343.33,3.86,85.53,1.084,97.29,0.79,4.07,2.0,47.0
454,Recycled Paper Grade Economy,Recycled Paper,503.72,18.26,92.45,0.654,99.48,1.53,1.79,2.0,1.0
455,Recycled Paper Grade Premium,Recycled Paper,441.94,5.65,93.35,0.851,99.56,1.24,1.91,2.0,-1.0
456,Recycled Paper Grade Standard,Recycled Paper,567.1,9.54,89.59,0.812,99.66,0.65,5.67,2.0,7.0
457,Recycled Paper Grade A,Recycled Paper,429.84,3.56,89.76,0.885,95.81,1.35,5.86,,-2.0
458,Recycled Paper Grade A,Recycled Paper,577.09,6.81,87.39,0.959,98.87,0.56,4.47,4.0,3.0
459,Recycled Paper Grade A,Recycled Paper,288.8,14.58,94.4,0.633,96.6,1.07,5.5,3.0,49.0
460,Recycled Paper Grade Economy,Recycled Paper,388.73,15.75,90.32,0.976,96.39,0.78,2.44,4.0,64.0
461,Recycled Paper Grade B,Recycled Paper,568.83,3.71,89.19,0.718,99.4,1.22,2.16,4.0,27.0
462,Recycled Paper Grade Standard,Recycled Paper,303.3,8.32,93.36,0.635,97.32,0.99,2.58,4.0,14.0
463,Recycled Paper Grade A,Recycled Paper,533.63,12.03,91.77,0.9,98.66,1.57,1.73,2.0,-10.0
464,Recycled Paper Grade C,Recycled Paper,623.29,7.03,86.08,1.138,97.5,1.06,2.25,3.0,57.0
465,Recycled Paper Grade Standard,Recycled Paper,324.98,12.74,88.25,0.627,96.36,0.51,5.89,4.0,52.0
466,Recycled Paper Grade Standard,Recycled Paper,289.93,6.59,93.57,1.174,97.2,0.67,2.91,4.0,-5.0
467,Recycled Paper Grade B,Recycled Paper,393.57,16.26,94.98,0.734,97.3,1.06,2.52,,7.0
468,Recycled Paper Grade Premium,Recycled Paper,210.88,18.08,89.2,0.948,99.58,1.51,1.65,4.0,9.0
469,Recycled Paper Grade B,Recycled Paper,554.69,15.31,91.9,0.838,99.02,0.57,1.8,3.0,-6.0
470,Recycled Paper Grade A,Recycled Paper,289.89,3.4,93.35,1.282,95.68,0.8,5.34,2.0,26.0
471,Recycled Paper Grade C,Recycled Paper,615.65,6.63,89.2,0.607,99.29,1.45,5.73,2.0,31.0
472,Recycled Paper Grade C,Recycled Paper,296.5,14.86,88.64,0.996,95.03,0.58,3.68,4.0,56.0
473,Recycled Paper Grade A,Recycled Paper,604.99,9.37,90.5,0.635,97.13,1.58,,2.0,65.0
474,Recycled Paper Grade C,Recycled Paper,286.26,16.89,94.3,0.667,97.25,0.94,5.35,3.0,7.0
475,Recycled Paper Grade B,Recycled Paper,279.23,15.79,85.51,0.945,97.21,0.93,2.97,,36.0
476,Recycled Paper Grade Economy,Recycled Paper,255.84,12.72,93.05,1.132,95.77,0.69,2.34,3.0,
477,Recycled Paper Grade B,Recycled Paper,239.02,5.91,93.27,1.009,96.69,1.54,2.23,3.0,
478,Recycled Paper Grade Economy,Recycled Paper,338.54,8.3,86.22,0.678,98.24,1.64,,2.0,16.0
479,Recycled Paper Grade A,Recycled Paper,567.44,9.75,86.56,1.117,96.8,1.37,2.35,3.0,61.0
480,Recycled Paper Grade C,Recycled Paper,646.51,5.66,94.88,1.284,98.97,1.36,3.89,2.0,15.0
481,Bamboo Fiber Grade Standard,Bamboo Fiber,718.38,19.03,86.19,0.506,76.41,3.99,5.39,5.0,28.0
482,Bamboo Fiber Grade Premium,Bamboo Fiber,1427.88,25.67,88.23,0.578,81.69,2.57,6.91,6.0,70.0
483,Bamboo Fiber Grade Standard,Bamboo Fiber,1378.9,34.76,82.94,0.405,81.48,3.64,7.19,6.0,15.0
484,Bamboo Fiber Grade Economy,Bamboo Fiber,716.61,7.8,89.64,0.368,72.28,6.5,7.66,4.0,5.0
485,Bamboo Fiber Grade B,Bamboo Fiber,405.95,5.04,83.78,0.372,70.28,4.59,7.66,4.0,66.0
486,Bamboo Fiber Grade B,Bamboo Fiber,1127.25,24.57,82.51,0.625,73.19,3.05,6.21,6.0,30.0
487,Bamboo Fiber Grade B,Bamboo Fiber,1496.6,10.5,85.94,0.506,71.9,2.63,5.74,4.0,87.0
488,Bamboo Fiber Grade B,Bamboo Fiber,1326.22,19.48,87.77,0.636,80.86,4.72,5.8,4.0,67.0
489,Bamboo Fiber Grade Premium,Bamboo Fiber,837.67,29.18,85.92,0.383,70.37,4.13,5.28,4.0,7.0
490,Bamboo Fiber Grade A,Bamboo Fiber,540.23,29.01,88.63,0.375,82.77,6.96,6.36,6.0,69.0
491,Bamboo Fiber Grade B,Bamboo Fiber,1493.86,23.16,83.08,0.719,79.22,5.12,3.52,4.0,5.0
492,Bamboo Fiber Grade Economy,Bamboo Fiber,639.68,24.86,86.34,0.597,70.24,5.78,3.94,4.0,76.0
493,Bamboo Fiber Grade C,Bamboo Fiber,1012.24,15.28,81.35,0.347,82.47,6.63,5.9,4.0,16.0
494,Bamboo Fiber Grade Premium,Bamboo Fiber,842.23,26.87,87.8,0.359,70.0,5.7,4.14,6.0,99.0
495,Bamboo Fiber Grade Economy,Bamboo Fiber,414.19,21.21,88.51,0.779,78.49,4.82,2.51,4.0,84.0
496,Bamboo Fiber Grade Economy,Bamboo Fiber,817.98,23.21,83.89,0.42,71.42,3.92,2.58,6.0,28.0
497,Bamboo Fiber Grade B,Bamboo Fiber,1486.07,18.32,85.32,0.737,84.93,5.12,6.87,5.0,42.0
498,Bamboo Fiber Grade C,Bamboo Fiber,736.32,17.08,86.73,0.641,74.73,3.1,5.79,6.0,58.0
499,Bamboo Fiber Grade B,Bamboo Fiber,1036.34,25.8,87.01,0.677,83.09,4.75,6.38,4.0,32.0
500,Bamboo Fiber Grade Economy,Bamboo Fiber,605.3,5.77,82.85,0.522,79.26,6.32,3.18,5.0,79.0
501,Bamboo Fiber Grade A,Bamboo Fiber,518.85,19.35,85.86,0.571,71.29,2.76,,6.0,84.0
502,Bamboo Fiber Grade Premium,Bamboo Fiber,473.36,6.44,82.96,0.766,77.85,3.72,4.4,5.0,31.0
503,Bamboo Fiber Grade A,Bamboo Fiber,569.31,34.31,85.45,0.368,83.4,2.84,7.45,4.0,1.0
504,Bamboo Fiber Grade Premium,Bamboo Fiber,1171.91,21.69,83.59,0.756,70.31,3.92,2.34,4.0,43.0
505,Bamboo Fiber Grade B,Bamboo Fiber,764.49,25.27,83.96,0.678,76.81,4.36,7.61,6.0,34.0
506,Bamboo Fiber Grade B,Bamboo Fiber,532.49,22.54,89.69,0.489,70.93,4.03,5.04,5.0,24.0
507,Bamboo Fiber Grade Premium,Bamboo Fiber,1123.91,34.93,84.52,0.477,76.01,3.02,7.3,6.0,91.0
508,Bamboo Fiber Grade C,Bamboo Fiber,826.0,24.79,84.42,0.624,70.92,6.16,7.64,5.0,70.0
509,Bamboo Fiber Grade C,Bamboo Fiber,1450.02,9.54,84.77,0.601,78.73,4.31,4.03,4.0,97.0
510,Bamboo Fiber Grade B,Bamboo Fiber,830.92,9.88,87.34,0.404,70.88,4.99,5.57,4.0,50.0
511,Bamboo Fiber Grade B,Bamboo Fiber,1034.68,15.36,88.03,0.57,71.19,5.05,7.45,5.0,17.0
512,Bamboo Fiber Grade A,Bamboo Fiber,725.96,9.3,81.51,0.516,78.94,2.86,7.64,5.0,37.0
513,Bamboo Fiber Grade Economy,Bamboo Fiber,1045.29,29.85,80.8,0.538,79.45,6.23,6.7,4.0,60.0
514,Bamboo Fiber Grade B,Bamboo Fiber,1146.34,14.69,89.88,0.463,75.91,5.22,6.81,6.0,90.0
515,Bamboo Fiber Grade Premium,Bamboo Fiber,864.92,34.87,80.1,0.748,72.24,6.04,5.71,6.0,-2.0
516,Bamboo Fiber Grade C,Bamboo Fiber,1361.26,5.39,82.27,0.583,75.27,5.25,2.14,5.0,7.0
517,Bamboo Fiber Grade C,Bamboo Fiber,1059.41,32.07,83.83,0.408,76.64,2.72,6.92,6.0,71.0
518,Bamboo Fiber Grade A,Bamboo Fiber,690.92,20.11,80.68,0.409,84.03,4.6,4.67,4.0,44.0
519,Bamboo Fiber Grade C,Bamboo Fiber,672.14,30.99,81.65,0.508,70.21,4.65,2.13,5.0,21.0
520,Bamboo Fiber Grade C,Bamboo Fiber,1307.34,28.63,82.83,0.719,78.14,4.18,5.75,6.0,-8.0
521,Bamboo Fiber Grade Economy,Bamboo Fiber,602.9,11.07,83.87,0.326,75.97,4.8,4.9,6.0,73.0
522,Bamboo Fiber Grade Standard,Bamboo Fiber,921.88,5.22,80.26,0.577,77.81,6.98,3.21,5.0,66.0
523,Bamboo Fiber Grade Premium,Bamboo Fiber,524.89,32.53,87.78,0.711,83.54,4.86,4.71,5.0,96.0
524,Bamboo Fiber Grade Economy,Bamboo Fiber,1048.14,18.63,84.52,0.768,84.76,6.08,6.54,5.0,30.0
525,Bamboo Fiber Grade Standard,Bamboo Fiber,582.68,6.77,86.91,0.664,70.7,6.68,2.55,5.0,48.0
526,Bamboo Fiber Grade C,Bamboo Fiber,404.61,25.11,86.42,0.505,77.34,4.37,2.14,4.0,57.0
527,Bamboo Fiber Grade A,Bamboo Fiber,594.79,7.95,89.57,0.6,80.93,3.92,4.36,4.0,58.0
528,Bamboo Fiber Grade A,Bamboo Fiber,506.66,10.37,87.98,0.639,78.2,4.64,7.53,,66.0
529,Bamboo Fiber Grade C,Bamboo Fiber,708.66,15.5,87.82,0.796,73.61,6.43,6.98,4.0,54.0
530,Bamboo Fiber Grade B,Bamboo Fiber,850.64,34.35,81.81,0.7,75.01,5.79,4.52,6.0,22.0
531,Bamboo Fiber Grade Standard,Bamboo Fiber,1315.87,29.12,88.66,0.33,80.38,3.13,4.49,5.0,66.0
532,Bamboo Fiber Grade C,Bamboo Fiber,1080.47,22.06,80.59,0.616,81.53,6.97,2.07,6.0,75.0
533,Bamboo Fiber Grade A,Bamboo Fiber,1367.56,32.21,89.92,0.404,75.33,5.51,4.9,6.0,85.0
534,Bamboo Fiber Grade A,Bamboo Fiber,793.59,22.81,85.76,0.381,77.08,4.99,5.42,5.0,77.0
535,Bamboo Fiber Grade Standard,Bamboo Fiber,1216.5,5.76,83.55,0.69,78.46,3.68,6.17,4.0,46.0
536,Bamboo Fiber Grade Premium,Bamboo Fiber,1275.87,27.05,86.1,0.544,72.0,3.68,4.51,4.0,17.0
537,Bamboo Fiber Grade C,Bamboo Fiber,965.08,13.65,80.06,0.548,74.28,5.81,2.14,5.0,55.0
538,Bamboo Fiber Grade Economy,Bamboo Fiber,1435.62,10.23,84.72,0.346,79.39,4.98,4.44,,24.0
539,Bamboo Fiber Grade C,Bamboo Fiber,1386.23,10.89,80.23,0.731,78.66,6.51,5.58,6.0,12.0
540,Bamboo Fiber Grade Premium,Bamboo Fiber,872.64,27.5,89.13,0.586,72.71,3.71,3.19,6.0,7.0
541,Bamboo Fiber Grade Standard,Bamboo Fiber,737.06,21.65,85.88,0.513,79.23,2.87,2.53,5.0,-1.0
542,Bamboo Fiber Grade Standard,Bamboo Fiber,969.89,11.42,82.83,0.5,82.18,2.56,,4.0,98.0
543,Bamboo Fiber Grade A,Bamboo Fiber,1278.52,32.98,80.2,0.377,83.29,4.56,,5.0,-9.0
544,Bamboo Fiber Grade Premium,Bamboo Fiber,1297.69,5.57,87.36,0.404,71.99,5.37,3.92,4.0,83.0
545,Bamboo Fiber Grade Standard,Bamboo Fiber,681.81,11.62,81.38,0.73,77.5,5.54,3.43,4.0,41.0
546,Bamboo Fiber Grade B,Bamboo Fiber,963.44,25.41,89.32,0.61,82.06,2.88,4.32,5.0,40.0
547,Bamboo Fiber Grade C,Bamboo Fiber,1374.92,9.54,81.52,0.464,70.82,3.32,7.79,5.0,92.0
548,Bamboo Fiber Grade A,Bamboo Fiber,1095.22,26.78,83.67,0.374,73.1,3.91,5.82,5.0,48.0
549,Bamboo Fiber Grade Economy,Bamboo Fiber,407.5,20.7,89.22,0.706,82.38,6.08,3.94,6.0,44.0
550,Bamboo Fiber Grade Premium,Bamboo Fiber,557.48,24.73,86.42,0.313,81.82,6.56,3.6,6.0,61.0
551,Bamboo Fiber Grade A,Bamboo Fiber,490.65,23.0,84.86,0.573,83.89,6.42,6.71,4.0,-5.0
552,Bamboo Fiber Grade Standard,Bamboo Fiber,1159.36,33.35,86.83,0.466,77.51,5.41,5.06,6.0,87.0
553,Bamboo Fiber Grade Standard,Bamboo Fiber,470.05,10.31,80.05,0.523,71.26,5.57,3.41,6.0,61.0
554,Bamboo Fiber Grade Economy,Bamboo Fiber,1358.38,13.68,87.83,0.702,84.8,5.19,2.49,5.0,57.0
555,Bamboo Fiber Grade Economy,Bamboo Fiber,1087.48,24.15,83.07,0.73,84.39,3.48,,6.0,30.0
556,Bamboo Fiber Grade Economy,Bamboo Fiber,1302.61,25.3,86.36,0.501,78.67,3.89,,4.0,37.0
557,Bamboo Fiber Grade Economy,Bamboo Fiber,1312.52,26.28,81.05,0.719,80.07,5.64,4.18,4.0,13.0
558,Bamboo Fiber Grade Economy,Bamboo Fiber,553.17,23.36,83.06,0.463,71.06,4.07,7.17,,-3.0
559,Bamboo Fiber Grade B,Bamboo Fiber,1164.71,23.89,88.63,0.366,84.66,5.12,7.97,4.0,2.0
560,Bamboo Fiber Grade C,Bamboo Fiber,1473.36,16.07,83.57,0.472,77.81,4.48,7.28,6.0,53.0
561,Hemp Packaging Grade Premium,Hemp Packaging,832.37,7.32,94.83,0.525,76.1,5.92,4.98,3.0,68.0
562,Hemp Packaging Grade A,Hemp Packaging,751.08,22.84,86.96,0.81,84.73,4.77,4.29,4.0,-14.0
563,Hemp Packaging Grade Economy,Hemp Packaging,1234.28,19.86,92.46,0.556,87.68,4.02,2.01,,89.0
564,Hemp Packaging Grade C,Hemp Packaging,892.22,15.49,93.62,0.453,83.31,5.21,3.41,4.0,39.0
565,Hemp Packaging Grade Standard,Hemp Packaging,1065.21,21.59,93.76,0.761,78.48,6.12,3.54,3.0,66.0
566,Hemp Packaging Grade C,Hemp Packaging,419.35,21.86,92.11,0.517,86.24,7.11,2.54,4.0,71.0
567,Hemp Packaging Grade Economy,Hemp Packaging,1062.75,10.59,91.25,0.441,81.78,6.27,5.43,3.0,26.0
568,Hemp Packaging Grade A,Hemp Packaging,1183.58,22.56,91.72,0.416,83.02,2.98,6.04,4.0,90.0
569,Hemp Packaging Grade Economy,Hemp Packaging,884.31,10.71,92.83,0.843,80.98,6.86,3.34,4.0,62.0
570,Hemp Packaging Grade C,Hemp Packaging,1165.82,11.82,94.54,0.461,75.27,7.05,2.34,3.0,38.0
571,Hemp Packaging Grade Standard,Hemp Packaging,579.11,9.61,85.68,0.494,83.33,4.17,4.09,4.0,77.0
572,Hemp Packaging Grade C,Hemp Packaging,1182.11,25.73,89.93,0.565,76.6,7.28,2.3,5.0,1.0
573,Hemp Packaging Grade Economy,Hemp Packaging,648.9,20.18,93.44,0.858,85.77,4.13,3.63,4.0,19.0
574,Hemp Packaging Grade Premium,Hemp Packaging,1072.84,5.03,93.65,0.459,77.58,5.04,5.69,5.0,45.0
575,Hemp Packaging Grade C,Hemp Packaging,808.71,9.09,86.16,0.818,82.54,2.87,6.01,5.0,28.0
576,Hemp Packaging Grade Premium,Hemp Packaging,925.63,16.09,93.78,0.876,86.32,4.89,4.96,4.0,-6.0
577,Hemp Packaging Grade Economy,Hemp Packaging,534.56,14.73,93.3,0.727,81.17,5.92,2.59,4.0,54.0
578,Hemp Packaging Grade C,Hemp Packaging,1103.47,9.29,86.86,0.875,78.15,4.03,6.85,3.0,63.0
579,Hemp Packaging Grade Standard,Hemp Packaging,1014.62,24.47,86.16,0.753,82.56,6.7,4.54,4.0,64.0
580,Hemp Packaging Grade B,Hemp Packaging,1086.47,12.22,91.28,0.496,77.19,7.21,6.59,5.0,42.0
581,Hemp Packaging Grade B,Hemp Packaging,944.16,23.4,85.69,0.567,79.71,5.79,3.78,5.0,74.0
582,Hemp Packaging Grade Premium,Hemp Packaging,916.64,23.55,88.82,0.466,77.95,3.92,3.5,3.0,16.0
583,Hemp Packaging Grade Economy,Hemp Packaging,694.38,23.78,87.04,0.635,87.01,3.65,2.55,5.0,-3.0
584,Hemp Packaging Grade Premium,Hemp Packaging,675.78,20.41,85.25,0.745,79.74,3.06,,5.0,22.0
585,Hemp Packaging Grade Economy,Hemp Packaging,542.04,17.09,87.07,0.672,78.47,6.79,3.99,4.0,72.0
586,Hemp Packaging Grade Economy,Hemp Packaging,642.3,26.23,86.62,0.883,78.09,6.29,4.73,5.0,13.0
587,Hemp Packaging Grade B,Hemp Packaging,876.29,16.83,86.95,0.483,88.75,4.34,3.86,3.0,13.0
588,Hemp Packaging Grade Standard,Hemp Packaging,671.88,26.85,92.38,0.699,88.21,3.03,3.29,,76.0
589,Hemp Packaging Grade Standard,Hemp Packaging,565.63,21.85,94.19,0.612,80.13,7.32,4.22,3.0,-13.0
590,Hemp Packaging Grade C,Hemp Packaging,684.07,25.83,90.69,0.781,87.18,4.41,4.17,5.0,10.0
591,Hemp Packaging Grade Premium,Hemp Packaging,695.09,23.05,94.41,0.712,86.12,6.58,6.23,4.0,-15.0
592,Hemp Packaging Grade Standard,Hemp Packaging,398.7,13.65,91.74,0.625,86.23,4.48,5.17,5.0,89.0
593,Hemp Packaging Grade A,Hemp Packaging,558.17,6.71,90.96,0.642,75.4,4.59,2.53,3.0,10.0
594,Hemp Packaging Grade C,Hemp Packaging,1259.28,14.25,89.75,0.849,82.88,6.12,3.26,4.0,92.0
595,Hemp Packaging Grade C,Hemp Packaging,467.28,8.94,85.01,0.42,89.66,3.94,5.32,4.0,32.0
596,Hemp Packaging Grade B,Hemp Packaging,873.13,7.68,92.28,0.7,85.97,6.42,6.88,5.0,18.0
597,Hemp Packaging Grade Premium,Hemp Packaging,1239.89,16.38,89.97,0.489,76.62,6.76,5.07,3.0,35.0
598,Hemp Packaging Grade Standard,Hemp Packaging,532.15,17.33,90.84,0.503,87.77,3.2,3.78,3.0,-5.0
599,Hemp Packaging Grade Standard,Hemp Packaging,610.41,23.86,92.4,0.795,76.79,3.46,3.43,4.0,5.0
600,Hemp Packaging Grade Economy,Hemp Packaging,1060.62,24.08,92.04,0.864,86.08,4.24,3.33,4.0,-4.0
601,Hemp Packaging Grade C,Hemp Packaging,533.23,6.23,90.32,0.811,76.52,6.52,6.06,3.0,-4.0
602,Hemp Packaging Grade Premium,Hemp Packaging,404.44,8.19,92.07,0.756,88.48,5.54,2.62,3.0,58.0
603,Hemp Packaging Grade Premium,Hemp Packaging,912.13,8.61,91.67,0.712,84.04,5.1,4.64,5.0,37.0
604,Hemp Packaging Grade Premium,Hemp Packaging,1041.61,23.52,87.57,0.787,80.78,5.18,6.28,,69.0
605,Hemp Packaging Grade Economy,Hemp Packaging,1114.86,7.28,85.7,0.847,80.82,4.15,5.62,4.0,45.0
606,Hemp Packaging Grade B,Hemp Packaging,801.03,12.07,94.21,0.406,83.29,6.28,4.43,4.0,56.0
607,Hemp Packaging Grade Standard,Hemp Packaging,670.4,8.31,87.81,0.629,82.13,6.48,5.75,4.0,11.0
608,Hemp Packaging Grade Premium,Hemp Packaging,592.59,23.87,88.78,0.891,81.99,6.52,4.01,4.0,71.0
609,Hemp Packaging Grade Economy,Hemp Packaging,462.07,5.08,89.38,0.822,78.94,4.78,2.2,5.0,35.0
610,Hemp Packaging Grade B,Hemp Packaging,898.73,17.7,88.32,0.558,76.6,4.52,2.5,3.0,-5.0
611,Hemp Packaging Grade Economy,Hemp Packaging,1175.13,17.55,90.17,0.542,82.76,6.79,5.43,4.0,3.0
612,Hemp Packaging Grade A,Hemp Packaging,541.39,10.37,86.7,0.448,81.29,3.33,2.86,3.0,10.0
613,Hemp Packaging Grade C,Hemp Packaging,869.09,9.99,88.43,0.826,83.39,5.22,2.5,5.0,92.0
614,Hemp Packaging Grade Standard,Hemp Packaging,1265.5,13.05,91.03,0.44,85.25,7.18,4.88,5.0,24.0
615,Hemp Packaging Grade Economy,Hemp Packaging,1058.87,23.25,86.61,0.669,77.88,6.18,3.36,4.0,34.0
616,Hemp Packaging Grade Economy,Hemp Packaging,1152.72,15.43,91.7,0.601,79.47,5.74,2.77,4.0,49.0
617,Hemp Packaging Grade Standard,Hemp Packaging,548.59,20.7,94.44,0.898,81.75,3.99,4.21,,24.0
618,Hemp Packaging Grade C,Hemp Packaging,545.71,26.85,88.42,0.893,87.58,6.6,3.59,4.0,85.0
619,Hemp Packaging Grade A,Hemp Packaging,636.72,4.9,90.05,0.602,84.52,5.72,2.6,4.0,94.0
620,Hemp Packaging Grade B,Hemp Packaging,527.58,14.69,89.88,0.807,76.49,4.81,5.14,5.0,
621,Hemp Packaging Grade Economy,Hemp Packaging,946.09,26.17,94.98,0.416,78.53,4.26,4.0,4.0,35.0
622,Hemp Packaging Grade C,Hemp Packaging,543.31,26.91,94.19,0.423,80.08,4.7,3.2,3.0,51.0
623,Hemp Packaging Grade B,Hemp Packaging,958.36,24.41,92.41,0.671,84.8,4.09,,3.0,25.0
624,Hemp Packaging Grade B,Hemp Packaging,476.68,9.82,87.92,0.862,78.46,4.16,3.85,4.0,1.0
625,Hemp Packaging Grade B,Hemp Packaging,729.98,5.38,90.83,0.842,77.28,5.61,5.32,4.0,-12.0
626,Hemp Packaging Grade A,Hemp Packaging,1016.04,13.86,90.05,0.404,85.38,5.91,2.19,5.0,24.0
627,Hemp Packaging Grade A,Hemp Packaging,645.18,16.35,93.57,0.633,80.4,5.32,5.59,5.0,52.0
628,Hemp Packaging Grade B,Hemp Packaging,1241.93,11.08,89.75,0.778,85.34,6.86,6.98,3.0,60.0
629,Hemp Packaging Grade Premium,Hemp Packaging,872.23,14.01,93.78,0.502,87.4,5.42,2.27,3.0,5.0
630,Hemp Packaging Grade Standard,Hemp Packaging,626.33,15.27,93.58,0.552,77.89,3.41,,5.0,93.0
631,Hemp Packaging Grade A,Hemp Packaging,541.34,4.23,85.75,0.588,87.31,2.83,4.28,3.0,61.0
632,Hemp Packaging Grade Premium,Hemp Packaging,399.86,14.81,87.55,0.576,85.58,5.25,2.62,3.0,87.0
633,Hemp Packaging Grade Premium,Hemp Packaging,954.12,22.38,85.79,0.424,75.29,3.69,4.07,4.0,27.0
634,Hemp Packaging Grade Economy,Hemp Packaging,375.75,22.8,85.11,0.781,88.4,4.83,4.68,4.0,92.0
635,Hemp Packaging Grade Standard,Hemp Packaging,719.75,25.3,93.94,0.568,84.23,7.16,6.81,5.0,4.0
636,Hemp Packaging Grade B,Hemp Packaging,869.94,25.37,87.63,0.636,79.86,7.28,6.12,3.0,49.0
637,Hemp Packaging Grade Economy,Hemp Packaging,908.25,23.69,88.92,0.624,85.95,4.48,2.32,3.0,82.0
638,Hemp Packaging Grade Economy,Hemp Packaging,638.06,27.2,94.45,0.567,83.56,7.08,2.03,,3.0
639,Hemp Packaging Grade Premium,Hemp Packaging,1250.95,6.19,86.61,0.88,83.06,2.87,3.29,5.0,46.0
640,Hemp Packaging Grade Premium,Hemp Packaging,1008.26,21.6,94.95,0.544,83.07,5.31,4.03,3.0,-12.0
641,Seaweed Packaging Grade Premium,Seaweed Packaging,492.11,8.68,97.49,0.281,9.55,7.26,2.24,7.0,31.0
642,Seaweed Packaging Grade B,Seaweed Packaging,496.6,6.5,96.85,0.332,8.41,6.31,1.37,6.0,4.0
643,Seaweed Packaging Grade B,Seaweed Packaging,161.34,4.02,97.57,0.339,11.76,8.23,0.97,6.0,-10.0
644,Seaweed Packaging Grade Economy,Seaweed Packaging,232.6,2.29,95.93,0.155,15.26,9.07,0.7,,
645,Seaweed Packaging Grade Economy,Seaweed Packaging,455.38,3.2,97.25,0.378,18.2,6.33,0.83,8.0,-2.0
646,Seaweed Packaging Grade A,Seaweed Packaging,453.47,3.2,99.83,0.387,9.95,6.09,2.74,6.0,17.0
647,Seaweed Packaging Grade A,Seaweed Packaging,262.35,5.73,98.44,0.182,19.73,4.31,0.62,6.0,-10.0
648,Seaweed Packaging Grade Premium,Seaweed Packaging,411.55,1.43,99.74,0.313,5.14,8.58,1.79,7.0,63.0
649,Seaweed Packaging Grade B,Seaweed Packaging,332.87,6.77,98.93,0.222,5.05,9.1,1.45,8.0,23.0
650,Seaweed Packaging Grade B,Seaweed Packaging,172.43,6.37,98.7,0.163,21.83,4.18,2.61,7.0,21.0
651,Seaweed Packaging Grade Economy,Seaweed Packaging,226.16,2.2,99.77,0.122,8.98,6.09,,7.0,-7.0
652,Seaweed Packaging Grade Standard,Seaweed Packaging,181.35,7.44,96.36,0.328,19.45,4.04,1.77,6.0,13.0
653,Seaweed Packaging Grade Premium,Seaweed Packaging,453.18,8.84,97.09,0.233,11.07,8.3,1.4,6.0,29.0
654,Seaweed Packaging Grade A,Seaweed Packaging,182.02,7.72,95.06,0.293,8.66,5.39,,7.0,66.0
655,Seaweed Packaging Grade Standard,Seaweed Packaging,293.21,3.96,98.47,0.33,11.08,8.87,1.23,7.0,
656,Seaweed Packaging Grade B,Seaweed Packaging,404.46,7.24,99.94,0.168,18.25,7.66,2.79,6.0,46.0
657,Seaweed Packaging Grade A,Seaweed Packaging,413.13,6.11,96.37,0.242,11.68,7.48,2.72,7.0,23.0
658,Seaweed Packaging Grade Premium,Seaweed Packaging,305.62,1.24,97.25,0.189,23.59,4.75,2.13,7.0,39.0
659,Seaweed Packaging Grade B,Seaweed Packaging,306.16,5.99,96.49,0.237,8.27,5.82,2.05,7.0,-9.0
660,Seaweed Packaging Grade Premium,Seaweed Packaging,464.91,6.66,97.19,0.112,14.99,8.59,1.16,7.0,-6.0
661,Seaweed Packaging Grade Economy,Seaweed Packaging,162.03,6.75,95.41,0.231,10.85,7.27,0.83,7.0,5.0
662,Seaweed Packaging Grade Standard,Seaweed Packaging,186.51,2.31,99.39,0.258,14.35,4.64,2.12,6.0,34.0
663,Seaweed Packaging Grade Standard,Seaweed Packaging,409.8,6.79,96.58,0.286,9.4,6.67,2.75,8.0,27.0
664,Seaweed Packaging Grade Standard,Seaweed Packaging,285.34,8.39,99.85,0.236,15.14,7.43,2.83,7.0,40.0
665,Seaweed Packaging Grade C,Seaweed Packaging,302.87,5.18,98.95,0.281,18.08,9.99,0.69,6.0,10.0
666,Seaweed Packaging Grade Premium,Seaweed Packaging,292.76,4.13,95.11,0.128,18.62,9.28,1.79,8.0,20.0
667,Seaweed Packaging Grade Standard,Seaweed Packaging,239.28,7.91,98.76,0.277,9.25,4.58,0.66,,53.0
668,Seaweed Packaging Grade Economy,Seaweed Packaging,438.76,8.72,97.32,0.335,23.94,5.65,1.49,6.0,38.0
669,Seaweed Packaging Grade Standard,Seaweed Packaging,268.38,9.22,99.91,0.299,21.34,8.5,2.25,8.0,15.0
670,Seaweed Packaging Grade Premium,Seaweed Packaging,260.48,2.13,98.28,0.112,16.95,9.22,2.73,,10.0
671,Seaweed Packaging Grade Standard,Seaweed Packaging,454.27,7.63,97.51,0.272,7.74,9.63,1.38,6.0,60.0
672,Seaweed Packaging Grade Premium,Seaweed Packaging,217.37,1.92,99.56,0.346,20.2,4.29,2.61,8.0,-2.0
673,Seaweed Packaging Grade B,Seaweed Packaging,181.97,7.81,97.91,0.156,8.76,5.11,0.64,8.0,30.0
674,Seaweed Packaging Grade Economy,Seaweed Packaging,444.12,1.16,95.25,0.272,21.39,5.96,1.37,8.0,66.0
675,Seaweed Packaging Grade Premium,Seaweed Packaging,159.31,7.62,98.13,0.274,19.83,8.05,1.01,6.0,16.0
676,Seaweed Packaging Grade Premium,Seaweed Packaging,392.85,3.75,98.8,0.286,6.55,7.08,,6.0,56.0
677,Seaweed Packaging Grade C,Seaweed Packaging,360.79,3.9,98.88,0.121,18.21,8.86,2.18,8.0,13.0
678,Seaweed Packaging Grade B,Seaweed Packaging,250.15,6.76,96.57,0.387,5.67,7.48,0.92,7.0,44.0
679,Seaweed Packaging Grade Economy,Seaweed Packaging,211.56,3.12,97.47,0.374,9.23,4.87,2.4,8.0,43.0
680,Seaweed Packaging Grade C,Seaweed Packaging,463.28,6.17,96.75,0.35,14.87,9.47,2.82,6.0,-1.0
681,Seaweed Packaging Grade Standard,Seaweed Packaging,150.81,9.86,99.53,0.117,21.66,6.75,1.15,6.0,15.0
682,Seaweed Packaging Grade Premium,Seaweed Packaging,218.83,9.53,96.03,0.284,9.46,7.27,2.21,6.0,-10.0
683,Seaweed Packaging Grade Economy,Seaweed Packaging,314.17,1.64,99.09,0.201,16.49,7.09,1.78,6.0,40.0
684,Seaweed Packaging Grade B,Seaweed Packaging,195.61,6.79,95.99,0.129,8.34,9.54,2.55,7.0,69.0
685,Seaweed Packaging Grade C,Seaweed Packaging,379.54,5.84,98.39,0.305,17.57,5.6,0.6,6.0,6.0
686,Seaweed Packaging Grade Premium,Seaweed Packaging,461.84,6.13,99.16,0.397,8.27,8.15,2.19,8.0,47.0
687,Seaweed Packaging Grade A,Seaweed Packaging,390.34,3.19,98.99,0.132,20.61,9.46,1.46,6.0,-4.0
688,Seaweed Packaging Grade Economy,Seaweed Packaging,226.21,1.7,97.87,0.13,13.99,9.64,,7.0,-2.0
689,Seaweed Packaging Grade C,Seaweed Packaging,368.44,5.27,99.38,0.181,5.07,4.98,1.37,7.0,31.0
690,Seaweed Packaging Grade B,Seaweed Packaging,159.84,4.38,98.13,0.144,21.46,5.41,2.13,8.0,
691,Seaweed Packaging Grade C,Seaweed Packaging,210.89,1.42,97.9,0.374,8.55,4.04,2.51,6.0,57.0
692,Seaweed Packaging Grade C,Seaweed Packaging,294.8,7.11,96.18,0.125,20.4,7.78,2.97,6.0,-2.0
693,Seaweed Packaging Grade C,Seaweed Packaging,171.62,7.61,97.61,0.164,20.63,5.22,1.15,6.0,15.0
694,Seaweed Packaging Grade Standard,Seaweed Packaging,289.8,4.77,97.57,0.313,23.12,4.83,0.64,7.0,50.0
695,Seaweed Packaging Grade A,Seaweed Packaging,200.27,6.92,98.64,0.336,9.87,5.84,1.71,7.0,33.0
696,Seaweed Packaging Grade B,Seaweed Packaging,363.9,9.85,96.8,0.326,15.0,4.77,1.96,8.0,2.0
697,Seaweed Packaging Grade B,Seaweed Packaging,162.04,6.71,99.29,0.203,12.81,9.35,2.53,7.0,0.0
698,Seaweed Packaging Grade B,Seaweed Packaging,370.51,4.76,95.72,0.128,5.33,9.24,1.09,7.0,19.0
699,Seaweed Packaging Grade Premium,Seaweed Packaging,327.12,2.46,99.8,0.355,22.28,6.44,2.41,8.0,16.0
700,Seaweed Packaging Grade Economy,Seaweed Packaging,156.99,6.28,97.28,0.255,5.15,6.54,2.3,8.0,5.0
701,Seaweed Packaging Grade B,Seaweed Packaging,434.6,6.3,96.05,0.171,17.56,8.98,,7.0,68.0
702,Seaweed Packaging Grade Economy,Seaweed Packaging,453.45,7.02,97.24,0.246,9.09,7.76,1.4,8.0,22.0
703,Seaweed Packaging Grade B,Seaweed Packaging,318.06,5.37,97.83,0.375,21.02,6.71,2.3,8.0,30.0
704,Seaweed Packaging Grade A,Seaweed Packaging,322.33,2.73,97.32,0.174,23.3,6.01,2.88,8.0,1.0
705,Seaweed Packaging Grade Premium,Seaweed Packaging,371.04,5.89,95.65,0.213,6.98,7.74,1.62,6.0,44.0
706,Seaweed Packaging Grade Premium,Seaweed Packaging,227.16,2.48,97.03,0.378,19.21,6.51,1.79,8.0,48.0
707,Seaweed Packaging Grade C,Seaweed Packaging,383.24,3.57,97.93,0.133,24.32,5.05,2.12,8.0,
708,Seaweed Packaging Grade Standard,Seaweed Packaging,421.89,7.06,98.07,0.368,6.57,5.99,1.12,8.0,11.0
709,Seaweed Packaging Grade Premium,Seaweed Packaging,406.41,7.16,96.06,0.172,10.63,6.47,1.09,8.0,69.0
710,Seaweed Packaging Grade Premium,Seaweed Packaging,457.79,9.69,96.71,0.202,5.14,8.08,2.56,7.0,18.0
711,Seaweed Packaging Grade A,Seaweed Packaging,205.88,8.11,98.08,0.113,17.45,5.85,1.42,8.0,10.0
712,Seaweed Packaging Grade B,Seaweed Packaging,433.83,4.6,99.74,0.222,20.44,6.9,2.74,8.0,29.0
713,Seaweed Packaging Grade Premium,Seaweed Packaging,269.51,2.94,99.07,0.165,15.84,9.81,0.87,6.0,0.0
714,Seaweed Packaging Grade Premium,Seaweed Packaging,214.01,6.11,96.89,0.389,10.47,6.4,,8.0,0.0
715,Seaweed Packaging Grade Standard,Seaweed Packaging,200.07,1.13,97.83,0.38,18.32,8.94,0.53,6.0,9.0
716,Seaweed Packaging Grade Economy,Seaweed Packaging,324.64,1.65,98.42,0.251,20.3,6.91,0.87,6.0,-10.0
717,Seaweed Packaging Grade A,Seaweed Packaging,210.34,8.85,98.07,0.147,24.25,7.11,,7.0,66.0
718,Seaweed Packaging Grade Standard,Seaweed Packaging,160.97,2.08,98.11,0.38,9.13,8.41,2.67,7.0,5.0
719,Seaweed Packaging Grade Premium,Seaweed Packaging,181.32,4.76,99.27,0.357,6.98,4.54,1.16,8.0,33.0
720,Seaweed Packaging Grade Premium,Seaweed Packaging,195.12,7.48,95.51,0.287,12.12,8.73,1.08,8.0,58.0
721,Glass Grade A,Glass,1200.66,38.55,4.37,0.952,99.33,3.58,3.02,10.0,-25.0
722,Glass Grade C,Glass,1567.18,14.68,2.27,1.824,97.91,1.78,3.53,10.0,-18.0
723,Glass Grade C,Glass,1672.98,48.01,2.68,1.273,99.24,3.23,5.78,10.0,110.0
724,Glass Grade Premium,Glass,1375.64,12.22,2.77,1.505,99.67,4.04,9.34,10.0,29.0
725,Glass Grade Premium,Glass,2149.72,29.46,1.67,0.928,96.19,4.82,4.44,10.0,177.0
726,Glass Grade Standard,Glass,1089.91,27.89,1.05,1.627,99.39,2.52,2.66,10.0,-6.0
727,Glass Grade Economy,Glass,1560.41,48.62,1.89,1.11,96.22,3.1,8.08,10.0,25.0
728,Glass Grade Economy,Glass,930.26,36.56,1.19,1.387,96.43,4.03,9.56,10.0,4.0
729,Glass Grade Standard,Glass,2061.39,12.09,4.26,1.038,99.37,2.73,7.78,10.0,175.0
730,Glass Grade Standard,Glass,1121.28,21.27,1.34,1.423,96.17,1.93,2.99,10.0,150.0
731,Glass Grade B,Glass,2460.03,25.05,4.62,1.454,96.35,3.96,7.27,10.0,23.0
732,Glass Grade Premium,Glass,864.68,39.15,2.64,1.042,95.55,2.84,8.7,10.0,136.0
733,Glass Grade B,Glass,2137.43,30.39,1.5,0.982,96.42,2.82,8.05,10.0,73.0
734,Glass Grade C,Glass,1131.49,22.54,3.1,1.566,98.5,1.89,8.8,10.0,74.0
735,Glass Grade Premium,Glass,1592.84,24.47,0.54,1.851,98.92,2.09,6.1,10.0,77.0
736,Glass Grade Premium,Glass,1486.16,49.74,0.87,1.607,95.87,4.04,6.04,10.0,34.0
737,Glass Grade A,Glass,855.2,39.73,3.62,0.963,99.18,2.04,4.41,10.0,9.0
738,Glass Grade Premium,Glass,2040.87,45.55,0.31,1.34,96.02,3.48,7.2,10.0,105.0
739,Glass Grade C,Glass,889.8,35.03,0.27,1.804,97.56,3.34,6.49,10.0,59.0
740,Glass Grade Economy,Glass,1771.85,23.27,3.62,1.409,97.5,1.89,5.12,,117.0
741,Glass Grade Economy,Glass,2164.59,41.52,1.49,0.963,95.73,3.94,7.14,10.0,-7.0
742,Glass Grade Premium,Glass,2499.74,10.09,3.19,0.969,99.6,1.83,9.64,10.0,191.0
743,Glass Grade Economy,Glass,1995.58,26.1,4.6,1.58,95.45,4.82,4.07,10.0,169.0
744,Glass Grade B,Glass,1336.44,41.56,3.41,1.867,98.46,2.35,9.45,10.0,184.0
745,Glass Grade Premium,Glass,2165.39,16.14,1.83,1.248,95.76,4.29,7.66,10.0,51.0
746,Glass Grade B,Glass,2175.93,25.17,0.24,1.012,99.78,1.75,4.84,10.0,112.0
747,Glass Grade Standard,Glass,1783.56,46.45,2.77,1.009,96.89,4.45,7.15,10.0,98.0
748,Glass Grade Standard,Glass,1513.12,25.63,3.33,1.059,96.11,4.05,6.0,10.0,74.0
749,Glass Grade A,Glass,1831.42,16.67,3.99,1.664,95.43,3.12,3.39,10.0,39.0
750,Glass Grade Premium,Glass,1357.17,14.62,1.94,0.845,99.59,3.86,9.93,10.0,199.0
751,Glass Grade Standard,Glass,1004.82,44.06,0.78,1.97,99.21,3.25,9.85,10.0,66.0
752,Glass Grade Standard,Glass,1379.61,45.98,4.7,1.605,98.32,3.08,8.68,10.0,195.0
753,Glass Grade Economy,Glass,1909.64,20.23,1.82,1.812,95.97,4.39,6.5,10.0,114.0
754,Glass Grade A,Glass,906.16,25.36,2.22,0.97,95.51,3.37,2.68,10.0,96.0
755,Glass Grade A,Glass,1042.74,25.58,4.76,1.184,99.34,4.58,4.8,10.0,142.0
756,Glass Grade Economy,Glass,1993.67,24.87,0.09,1.644,95.11,3.71,3.31,10.0,95.0
757,Glass Grade Premium,Glass,1553.32,25.05,1.84,1.431,99.04,2.77,6.19,10.0,11.0
758,Glass Grade B,Glass,2038.32,22.66,1.71,1.033,97.81,2.6,2.67,10.0,-35.0
759,Glass Grade Premium,Glass,1850.78,30.38,2.73,1.231,95.41,2.18,9.61,10.0,154.0
760,Glass Grade B,Glass,1960.42,44.86,1.19,1.975,96.93,2.44,5.37,10.0,165.0
761,Glass Grade A,Glass,2066.08,16.73,0.95,1.353,96.43,2.37,7.16,10.0,118.0
762,Glass Grade C,Glass,1880.23,42.23,4.13,1.842,97.07,3.94,4.15,10.0,151.0
763,Glass Grade Premium,Glass,812.51,30.73,0.19,1.483,99.6,4.89,6.32,10.0,192.0
764,Glass Grade C,Glass,2363.38,22.45,1.05,1.818,99.53,3.4,7.04,10.0,73.0
765,Glass Grade B,Glass,1789.65,24.27,0.82,1.404,99.15,3.82,4.71,10.0,159.0
766,Glass Grade Premium,Glass,1830.86,37.1,2.63,1.662,97.91,4.82,2.43,10.0,13.0
767,Glass Grade C,Glass,1820.91,31.2,0.14,1.096,97.3,3.7,6.46,,68.0
768,Glass Grade C,Glass,1252.38,43.33,2.13,1.578,98.64,3.72,3.12,10.0,163.0
769,Glass Grade Premium,Glass,1272.41,29.93,1.65,1.329,99.28,3.89,9.06,10.0,180.0
770,Glass Grade C,Glass,1791.22,48.41,3.3,1.427,95.12,2.95,4.39,10.0,59.0
771,Glass Grade Premium,Glass,881.23,24.09,4.28,1.275,96.0,2.99,5.08,10.0,48.0
772,Glass Grade C,Glass,2049.93,41.89,1.35,1.865,95.69,2.68,6.69,10.0,21.0
773,Glass Grade A,Glass,2041.22,25.49,3.92,1.391,95.9,4.07,4.02,10.0,80.0
774,Glass Grade Premium,Glass,1675.83,40.99,2.81,1.463,95.57,1.94,,10.0,5.0
775,Glass Grade A,Glass,2013.21,20.1,3.28,1.038,95.72,5.0,6.98,,120.0
776,Glass Grade Economy,Glass,908.12,32.07,4.21,1.996,97.15,2.62,9.25,10.0,94.0
777,Glass Grade Standard,Glass,906.22,38.85,1.15,1.622,99.91,3.92,9.07,10.0,18.0
778,Glass Grade A,Glass,1255.68,42.46,0.28,1.446,95.35,4.77,8.13,10.0,174.0
779,Glass Grade C,Glass,1173.46,27.96,3.98,1.456,98.25,4.14,6.98,10.0,63.0
780,Glass Grade B,Glass,1697.9,15.07,2.96,1.379,98.11,1.54,3.56,10.0,159.0
781,Glass Grade Economy,Glass,1256.46,29.7,4.18,0.996,96.38,1.73,7.65,10.0,14.0
782,Glass Grade A,Glass,1170.09,48.64,0.65,1.246,95.13,2.28,8.24,10.0,53.0
783,Glass Grade Economy,Glass,1833.07,49.34,4.21,0.843,98.29,2.5,6.48,10.0,100.0
784,Glass Grade A,Glass,2252.68,37.33,0.26,1.739,99.23,4.3,,10.0,87.0
785,Glass Grade A,Glass,1871.95,39.89,1.05,1.445,98.69,3.7,5.77,10.0,-25.0
786,Glass Grade B,Glass,1949.47,46.31,3.65,1.683,95.4,2.76,8.87,10.0,0.0
787,Glass Grade B,Glass,2332.77,47.05,0.05,0.89,96.25,3.84,9.11,10.0,62.0
788,Glass Grade A,Glass,2014.76,34.94,4.85,1.471,96.68,3.32,9.83,10.0,184.0
789,Glass Grade Standard,Glass,1750.53,30.11,0.72,1.33,96.67,3.33,6.69,10.0,11.0
790,Glass Grade B,Glass,1239.8,11.04,1.43,1.465,95.01,2.49,,10.0,104.0
791,Glass Grade B,Glass,1349.99,17.35,2.88,0.986,96.78,3.94,6.48,10.0,188.0
792,Glass Grade B,Glass,1379.95,39.9,2.75,1.343,95.85,3.73,9.8,10.0,197.0
793,Glass Grade Premium,Glass,2364.06,20.83,1.85,1.483,99.41,4.8,7.92,10.0,83.0
794,Glass Grade Economy,Glass,1653.09,27.51,1.7,1.663,96.43,2.37,,10.0,37.0
795,Glass Grade A,Glass,1312.83,25.36,4.27,1.699,96.36,1.91,,10.0,180.0
796,Glass Grade Standard,Glass,2333.25,27.85,2.75,1.933,96.06,3.32,5.8,10.0,33.0
797,Glass Grade B,Glass,1019.41,31.47,4.68,1.17,99.35,4.17,3.98,10.0,93.0
798,Glass Grade Premium,Glass,1943.8,31.22,3.31,1.508,97.11,2.2,4.45,10.0,61.0
799,Glass Grade Economy,Glass,1490.82,29.4,2.7,1.782,95.86,4.33,7.54,10.0,129.0
800,Glass Grade C,Glass,2063.6,27.52,4.09,1.459,99.65,4.82,2.55,10.0,
801,Aluminum Grade C,Aluminum,3267.17,53.18,0.43,11.149,97.56,7.76,2.73,10.0,16.0
802,Aluminum Grade B,Aluminum,1226.24,47.34,1.32,13.071,91.9,8.35,2.44,10.0,92.0
803,Aluminum Grade Standard,Aluminum,3162.49,35.84,0.89,9.676,94.18,4.51,1.94,10.0,
804,Aluminum Grade Standard,Aluminum,2823.54,51.38,1.8,13.659,93.88,7.78,1.88,10.0,
805,Aluminum Grade Economy,Aluminum,1830.0,63.39,0.76,8.912,93.46,7.85,1.61,10.0,-27.0
806,Aluminum Grade Economy,Aluminum,3076.59,52.14,3.04,11.662,98.74,3.26,1.67,10.0,14.0
807,Aluminum Grade A,Aluminum,1582.97,71.19,1.55,12.859,90.16,5.24,2.08,10.0,120.0
808,Aluminum Grade B,Aluminum,1519.48,66.93,4.02,10.907,92.84,4.7,2.67,10.0,-25.0
809,Aluminum Grade C,Aluminum,2654.65,38.11,4.04,10.063,95.71,7.47,2.21,10.0,86.0
810,Aluminum Grade A,Aluminum,2016.02,70.33,3.99,9.87,92.45,4.36,2.03,,86.0
811,Aluminum Grade Standard,Aluminum,1580.2,61.08,4.12,13.999,94.15,3.54,2.47,10.0,-44.0
812,Aluminum Grade A,Aluminum,2171.5,53.43,4.43,14.222,97.46,3.21,3.09,10.0,11.0
813,Aluminum Grade C,Aluminum,1043.22,50.73,4.29,11.319,90.04,3.07,2.37,10.0,81.0
814,Aluminum Grade Standard,Aluminum,2661.13,61.07,0.89,14.22,94.42,3.86,3.94,10.0,-23.0
815,Aluminum Grade Economy,Aluminum,2598.24,70.48,3.69,14.175,94.34,7.49,5.0,10.0,18.0
816,Aluminum Grade Premium,Aluminum,1718.51,51.26,1.52,8.605,90.01,5.7,4.27,10.0,68.0
817,Aluminum Grade Premium,Aluminum,3287.92,45.24,0.32,12.187,96.02,3.39,4.88,10.0,11.0
818,Aluminum Grade Economy,Aluminum,3264.39,78.38,1.16,14.169,93.28,3.68,4.42,10.0,139.0
819,Aluminum Grade B,Aluminum,1124.66,54.22,4.03,9.098,90.15,4.88,3.15,10.0,116.0
820,Aluminum Grade A,Aluminum,1887.54,46.32,2.52,10.212,97.29,8.25,4.72,10.0,73.0
821,Aluminum Grade Standard,Aluminum,3154.7,51.68,2.05,10.331,91.25,3.64,3.6,10.0,-36.0
822,Aluminum Grade Economy,Aluminum,1713.95,77.5,1.56,8.686,95.27,3.34,1.0,10.0,-9.0
823,Aluminum Grade Economy,Aluminum,1913.07,49.8,3.94,13.727,99.58,7.95,3.04,10.0,127.0
824,Aluminum Grade B,Aluminum,2934.99,18.38,0.06,13.569,94.77,3.79,,10.0,3.0
825,Aluminum Grade A,Aluminum,3339.37,53.84,4.05,13.601,99.32,7.62,3.86,10.0,79.0
826,Aluminum Grade Economy,Aluminum,1149.81,48.64,0.62,14.735,92.9,8.12,2.24,10.0,
827,Aluminum Grade C,Aluminum,3296.3,73.77,0.78,10.566,96.19,3.96,4.86,10.0,-30.0
828,Aluminum Grade Economy,Aluminum,2478.38,61.75,3.73,11.601,93.31,8.02,1.89,10.0,138.0
829,Aluminum Grade Standard,Aluminum,2497.53,19.66,1.13,14.52,99.08,7.69,0.59,10.0,12.0
830,Aluminum Grade A,Aluminum,2270.42,62.81,4.96,12.404,93.7,4.36,4.43,10.0,108.0
831,Aluminum Grade Standard,Aluminum,1194.28,49.6,1.52,10.75,91.8,6.47,4.81,10.0,112.0
832,Aluminum Grade A,Aluminum,2068.77,62.63,1.68,10.3,92.85,5.87,1.31,10.0,131.0
833,Aluminum Grade C,Aluminum,2921.91,32.26,3.84,9.441,93.22,5.79,4.74,10.0,24.0
834,Aluminum Grade Standard,Aluminum,3341.65,21.91,4.21,11.38,96.59,6.06,2.65,10.0,-31.0
835,Aluminum Grade Premium,Aluminum,1958.92,46.96,4.48,13.647,90.04,4.92,,10.0,140.0
836,Aluminum Grade Economy,Aluminum,2701.42,70.82,3.14,13.34,97.65,5.14,1.73,10.0,91.0
837,Aluminum Grade C,Aluminum,3128.72,46.4,2.08,14.845,92.01,4.29,1.81,10.0,129.0
838,Aluminum Grade A,Aluminum,1948.41,74.2,3.08,10.884,99.34,3.29,1.45,10.0,33.0
839,Aluminum Grade Standard,Aluminum,3194.62,50.71,3.28,10.676,92.82,7.33,,10.0,55.0
840,Aluminum Grade Economy,Aluminum,1233.8,42.76,0.64,14.633,94.75,4.9,3.95,10.0,-41.0
841,Aluminum Grade C,Aluminum,2892.97,34.87,2.96,11.764,90.05,3.43,1.81,10.0,101.0
842,Aluminum Grade A,Aluminum,1341.26,29.86,4.41,8.141,97.53,5.84,2.51,10.0,-48.0
843,Aluminum Grade Premium,Aluminum,2170.35,72.69,3.21,10.896,92.93,5.25,2.79,10.0,-18.0
844,Aluminum Grade Premium,Aluminum,3422.42,75.65,4.35,10.953,96.91,8.42,4.33,10.0,148.0
845,Aluminum Grade A,Aluminum,1280.97,19.92,2.89,12.498,98.5,4.76,1.25,,139.0
846,Aluminum Grade Premium,Aluminum,3069.81,65.13,0.19,9.359,95.37,8.61,4.26,10.0,47.0
847,Aluminum Grade C,Aluminum,2181.44,72.03,0.2,13.634,93.69,8.13,4.11,10.0,142.0
848,Aluminum Grade Economy,Aluminum,1599.87,20.42,4.64,12.058,96.67,8.47,2.06,10.0,60.0
849,Aluminum Grade Premium,Aluminum,1590.86,57.99,1.96,10.581,96.9,5.32,,10.0,60.0
850,Aluminum Grade Economy,Aluminum,1000.6,30.68,1.04,9.753,98.06,4.68,1.36,10.0,-28.0
851,Aluminum Grade B,Aluminum,1052.64,17.37,4.51,8.513,98.94,4.37,3.83,10.0,95.0
852,Aluminum Grade Premium,Aluminum,3398.98,66.52,3.02,11.453,90.4,8.91,,10.0,113.0
853,Aluminum Grade B,Aluminum,1023.55,67.57,1.3,12.453,94.54,8.18,4.63,,43.0
854,Aluminum Grade Economy,Aluminum,2121.58,49.95,3.32,13.488,93.95,6.88,1.18,10.0,139.0
855,Aluminum Grade Standard,Aluminum,1195.82,59.73,3.93,13.567,91.35,5.69,4.23,10.0,54.0
856,Aluminum Grade Economy,Aluminum,3324.68,46.45,2.45,8.838,98.03,4.48,4.55,10.0,135.0
857,Aluminum Grade C,Aluminum,2150.29,15.99,1.42,11.056,96.34,5.7,2.02,10.0,21.0
858,Aluminum Grade Standard,Aluminum,2243.92,25.06,0.91,10.555,94.32,6.74,0.83,10.0,55.0
859,Aluminum Grade Standard,Aluminum,3014.02,18.79,4.61,14.121,95.71,3.05,1.66,10.0,65.0
860,Aluminum Grade Premium,Aluminum,2081.92,46.47,3.24,8.129,96.54,6.71,1.89,10.0,-10.0
861,Aluminum Grade Premium,Aluminum,3486.49,46.33,3.78,11.166,90.43,4.86,1.94,10.0,124.0
862,Aluminum Grade Premium,Aluminum,1591.58,72.83,0.05,9.41,99.59,6.68,1.68,10.0,-20.0
863,Aluminum Grade Economy,Aluminum,2215.11,58.17,2.64,14.786,97.24,4.27,0.97,10.0,-8.0
864,Aluminum Grade Standard,Aluminum,1478.19,48.61,4.54,13.631,90.66,7.16,3.07,10.0,140.0
865,Aluminum Grade C,Aluminum,2932.2,46.97,3.92,12.087,90.82,7.59,0.81,10.0,6.0
866,Aluminum Grade C,Aluminum,1811.27,76.43,1.41,11.226,96.71,3.97,,10.0,6.0
867,Aluminum Grade B,Aluminum,1493.62,78.97,3.68,13.42,96.56,5.83,3.07,10.0,-17.0
868,Aluminum Grade A,Aluminum,3333.98,61.8,3.77,9.533,94.43,6.71,3.96,10.0,105.0
869,Aluminum Grade C,Aluminum,3405.91,72.86,1.35,13.759,95.18,5.77,1.91,10.0,50.0
870,Aluminum Grade Premium,Aluminum,2842.66,19.56,4.32,11.497,94.39,6.67,3.31,,136.0
871,Aluminum Grade B,Aluminum,2145.63,32.06,1.21,11.381,98.87,5.27,3.87,10.0,-27.0
872,Aluminum Grade Premium,Aluminum,2190.14,79.46,3.85,9.474,95.01,4.4,2.34,10.0,10.0
873,Aluminum Grade Standard,Aluminum,1787.01,46.56,2.39,11.3,91.76,3.87,1.65,10.0,149.0
874,Aluminum Grade Standard,Aluminum,2399.73,46.62,2.52,9.235,98.13,6.25,1.09,10.0,0.0
875,Aluminum Grade Economy,Aluminum,2163.76,32.23,3.67,12.452,98.75,3.5,4.62,10.0,32.0
876,Aluminum Grade Premium,Aluminum,1458.95,31.43,2.03,10.682,97.95,5.74,1.27,10.0,-3.0
877,Aluminum Grade C,Aluminum,1178.15,70.53,3.91,8.725,91.07,3.61,0.55,10.0,-4.0
878,Aluminum Grade A,Aluminum,3365.19,30.91,0.66,10.116,98.95,8.83,4.37,10.0,-47.0
879,Aluminum Grade Premium,Aluminum,2423.69,37.31,2.81,8.512,97.65,4.71,4.49,10.0,105.0
880,Aluminum Grade C,Aluminum,2183.59,54.86,4.34,12.633,94.34,7.92,4.58,10.0,148.0
881,Recycled Plastic Grade B,Recycled Plastic,1399.83,29.34,13.25,2.168,87.2,3.11,1.85,8.0,-40.0
882,Recycled Plastic Grade Premium,Recycled Plastic,1749.81,37.53,11.28,3.185,83.81,4.45,5.92,,100.0
883,Recycled Plastic Grade B,Recycled Plastic,1678.5,16.4,13.17,3.226,84.9,3.73,1.4,,73.0
884,Recycled Plastic Grade C,Recycled Plastic,1171.93,20.6,13.96,2.378,81.85,1.94,1.15,9.0,40.0
885,Recycled Plastic Grade C,Recycled Plastic,952.18,8.31,12.58,3.818,88.55,1.66,1.7,8.0,60.0
886,Recycled Plastic Grade C,Recycled Plastic,811.74,22.64,10.45,2.851,94.23,4.03,4.61,9.0,48.0
887,Recycled Plastic Grade C,Recycled Plastic,596.38,27.5,10.88,4.687,89.8,2.55,5.83,8.0,104.0
888,Recycled Plastic Grade Standard,Recycled Plastic,1145.47,14.61,13.88,2.122,93.71,4.0,2.49,,-4.0
889,Recycled Plastic Grade Economy,Recycled Plastic,1950.3,23.43,8.03,3.088,81.0,4.47,1.2,9.0,24.0
890,Recycled Plastic Grade C,Recycled Plastic,981.1,35.37,7.33,3.823,86.04,2.12,5.07,9.0,33.0
891,Recycled Plastic Grade Standard,Recycled Plastic,1492.39,13.27,5.98,3.728,88.31,2.07,,8.0,5.0
892,Recycled Plastic Grade A,Recycled Plastic,1989.16,32.43,14.22,2.585,94.41,1.93,3.55,9.0,13.0
893,Recycled Plastic Grade Standard,Recycled Plastic,1024.71,19.87,6.28,2.369,89.29,3.53,4.89,10.0,-4.0
894,Recycled Plastic Grade B,Recycled Plastic,1468.64,5.47,6.62,4.955,81.14,3.54,1.88,9.0,109.0
895,Recycled Plastic Grade A,Recycled Plastic,1558.99,13.2,7.7,3.964,85.85,2.08,4.66,8.0,96.0
896,Recycled Plastic Grade B,Recycled Plastic,1368.69,11.62,14.01,4.023,89.5,1.8,4.02,8.0,40.0
897,Recycled Plastic Grade Economy,Recycled Plastic,618.05,23.46,9.03,3.766,81.34,2.79,1.87,9.0,20.0
898,Recycled Plastic Grade Premium,Recycled Plastic,1341.73,29.06,8.25,2.284,94.64,2.36,3.12,10.0,85.0
899,Recycled Plastic Grade Premium,Recycled Plastic,1383.93,24.6,12.39,4.438,81.93,1.56,4.45,8.0,9.0
900,Recycled Plastic Grade Standard,Recycled Plastic,1438.98,10.27,9.69,3.513,88.78,3.04,3.48,10.0,16.0
901,Recycled Plastic Grade B,Recycled Plastic,1395.67,19.85,9.47,2.762,92.38,2.96,3.72,10.0,72.0
902,Recycled Plastic Grade Economy,Recycled Plastic,628.87,29.99,6.96,4.07,85.86,2.75,3.35,10.0,-24.0
903,Recycled Plastic Grade Premium,Recycled Plastic,1601.34,6.93,13.88,4.109,83.24,2.05,3.16,10.0,-40.0
904,Recycled Plastic Grade Economy,Recycled Plastic,1845.12,12.37,7.28,2.839,81.91,3.42,1.38,9.0,109.0
905,Recycled Plastic Grade Economy,Recycled Plastic,1658.13,34.48,12.61,2.505,92.5,2.09,5.46,9.0,-3.0
906,Recycled Plastic Grade Premium,Recycled Plastic,1406.01,35.5,14.99,3.823,86.07,2.18,2.29,8.0,-19.0
907,Recycled Plastic Grade Premium,Recycled Plastic,1050.92,36.98,8.68,3.12,85.75,4.01,4.25,9.0,-12.0
908,Recycled Plastic Grade A,Recycled Plastic,1004.24,15.8,5.2,3.748,90.48,4.06,1.7,8.0,36.0
909,Recycled Plastic Grade A,Recycled Plastic,1170.11,17.0,6.38,3.318,87.44,2.71,4.39,8.0,28.0
910,Recycled Plastic Grade C,Recycled Plastic,1936.75,35.93,14.33,4.576,90.4,2.01,2.36,8.0,-34.0
911,Recycled Plastic Grade B,Recycled Plastic,1255.43,35.35,14.53,3.215,87.6,4.41,2.38,9.0,81.0
912,Recycled Plastic Grade Premium,Recycled Plastic,1919.57,19.52,8.27,3.82,93.96,4.01,5.98,10.0,86.0
913,Recycled Plastic Grade Economy,Recycled Plastic,1654.46,22.09,8.38,3.648,91.23,3.85,2.62,9.0,96.0
914,Recycled Plastic Grade B,Recycled Plastic,1486.68,38.57,14.31,4.368,90.85,2.32,5.23,9.0,71.0
915,Recycled Plastic Grade C,Recycled Plastic,626.97,9.17,7.25,3.501,92.61,3.6,4.95,9.0,-32.0
916,Recycled Plastic Grade Economy,Recycled Plastic,938.62,35.62,12.72,3.254,91.23,4.38,3.29,8.0,53.0
917,Recycled Plastic Grade Standard,Recycled Plastic,1405.62,8.68,10.73,3.502,92.83,3.09,2.28,8.0,
918,Recycled Plastic Grade C,Recycled Plastic,1261.85,23.5,13.11,4.207,89.96,1.84,4.6,10.0,84.0
919,Recycled Plastic Grade Premium,Recycled Plastic,1841.15,37.2,5.55,4.462,80.57,2.6,3.71,9.0,-8.0
920,Recycled Plastic Grade Standard,Recycled Plastic,1619.47,5.29,6.69,3.742,90.72,4.25,4.53,,108.0
921,Recycled Plastic Grade Standard,Recycled Plastic,1580.15,28.66,12.06,3.468,85.74,2.17,5.12,8.0,-40.0
922,Recycled Plastic Grade C,Recycled Plastic,1166.53,38.04,5.48,4.551,94.96,4.16,5.05,10.0,-16.0
923,Recycled Plastic Grade Premium,Recycled Plastic,1602.28,15.66,6.76,4.36,84.69,4.24,5.2,10.0,-25.0
924,Recycled Plastic Grade Economy,Recycled Plastic,1657.35,35.83,13.06,3.808,84.44,4.16,5.2,9.0,103.0
925,Recycled Plastic Grade Standard,Recycled Plastic,1172.61,16.22,12.44,4.914,86.57,4.08,3.83,,-38.0
926,Recycled Plastic Grade C,Recycled Plastic,1535.93,22.97,11.51,4.669,86.61,4.2,4.75,8.0,-24.0
927,Recycled Plastic Grade C,Recycled Plastic,1290.98,36.02,13.38,4.648,93.83,1.81,1.64,10.0,13.0
928,Recycled Plastic Grade Economy,Recycled Plastic,1840.96,39.1,5.46,3.067,83.19,3.77,4.2,,59.0
929,Recycled Plastic Grade Premium,Recycled Plastic,1225.28,28.99,12.79,2.06,93.36,3.21,,8.0,-29.0
930,Recycled Plastic Grade C,Recycled Plastic,1574.49,28.43,9.77,3.927,80.58,3.36,4.89,8.0,-11.0
931,Recycled Plastic Grade C,Recycled Plastic,1036.27,14.71,11.43,4.078,93.06,2.53,4.85,8.0,6.0
932,Recycled Plastic Grade C,Recycled Plastic,1824.25,23.47,10.18,3.734,91.24,4.39,1.37,10.0,90.0
933,Recycled Plastic Grade B,Recycled Plastic,758.67,25.29,10.56,4.219,87.49,2.32,,9.0,-1.0
934,Recycled Plastic Grade A,Recycled Plastic,1756.76,7.53,13.81,2.77,88.89,4.31,4.39,10.0,68.0
935,Recycled Plastic Grade Economy,Recycled Plastic,1534.3,17.04,7.77,4.99,91.26,3.43,2.78,10.0,
936,Recycled Plastic Grade B,Recycled Plastic,1331.27,31.67,10.37,4.522,80.5,2.6,2.19,9.0,33.0
937,Recycled Plastic Grade C,Recycled Plastic,608.56,38.39,7.23,4.767,86.39,4.46,3.77,,-40.0
938,Recycled Plastic Grade A,Recycled Plastic,508.02,31.19,14.03,2.419,81.44,2.77,5.67,10.0,-33.0
939,Recycled Plastic Grade Economy,Recycled Plastic,769.47,38.59,8.85,3.025,93.12,3.19,3.58,10.0,-13.0
940,Recycled Plastic Grade Standard,Recycled Plastic,1369.75,10.69,11.74,2.4,92.09,4.47,2.89,9.0,-16.0
941,Recycled Plastic Grade Economy,Recycled Plastic,569.65,5.48,14.21,2.386,86.69,3.95,5.45,9.0,20.0
942,Recycled Plastic Grade B,Recycled Plastic,1504.53,38.65,11.03,3.678,80.22,1.74,3.89,10.0,16.0
943,Recycled Plastic Grade B,Recycled Plastic,1973.87,23.47,12.88,4.521,89.72,2.52,3.35,9.0,24.0
944,Recycled Plastic Grade B,Recycled Plastic,947.82,37.33,7.3,4.249,89.46,3.75,3.19,9.0,25.0
945,Recycled Plastic Grade Economy,Recycled Plastic,1448.71,15.09,11.38,2.86,84.4,2.7,5.26,8.0,-20.0
946,Recycled Plastic Grade Premium,Recycled Plastic,1372.14,24.21,7.19,3.287,89.78,3.68,1.0,9.0,16.0
947,Recycled Plastic Grade C,Recycled Plastic,850.37,14.22,5.38,2.369,94.8,2.45,1.58,8.0,118.0
948,Recycled Plastic Grade Economy,Recycled Plastic,1579.19,34.91,7.57,2.063,83.35,1.67,1.52,8.0,15.0
949,Recycled Plastic Grade Standard,Recycled Plastic,1043.76,25.53,11.24,3.96,81.06,3.39,5.77,9.0,30.0
950,Recycled Plastic Grade Standard,Recycled Plastic,1591.37,20.81,13.57,4.832,85.04,3.18,1.48,9.0,
951,Recycled Plastic Grade Standard,Recycled Plastic,553.65,23.49,11.62,2.622,93.59,4.02,3.36,8.0,21.0
952,Recycled Plastic Grade C,Recycled Plastic,854.85,30.55,6.32,4.041,92.64,2.19,5.33,,94.0
953,Recycled Plastic Grade A,Recycled Plastic,1869.18,9.14,11.46,2.75,92.55,3.04,1.68,9.0,
954,Recycled Plastic Grade B,Recycled Plastic,1111.82,28.15,13.82,3.228,84.35,1.54,3.87,8.0,93.0
955,Recycled Plastic Grade C,Recycled Plastic,1061.97,11.4,9.3,4.953,84.47,3.3,4.88,10.0,0.0
956,Recycled Plastic Grade B,Recycled Plastic,993.16,26.38,13.71,2.046,86.54,2.17,2.94,9.0,-15.0
957,Recycled Plastic Grade C,Recycled Plastic,1185.85,24.24,13.88,2.314,92.34,2.13,2.97,10.0,60.0
958,Recycled Plastic Grade B,Recycled Plastic,1100.23,10.27,10.04,4.405,86.62,2.97,5.24,,61.0
959,Recycled Plastic Grade C,Recycled Plastic,1235.68,14.02,13.85,3.731,83.32,2.31,5.02,8.0,52.0
960,Recycled Plastic Grade A,Recycled Plastic,695.53,32.86,8.95,3.477,93.21,2.74,3.69,8.0,94.0
961,Wood Fiber Grade Economy,Wood Fiber,301.88,10.36,85.21,0.573,71.71,3.12,6.53,5.0,11.0
962,Wood Fiber Grade Standard,Wood Fiber,330.04,12.22,79.71,0.88,71.59,3.81,2.67,4.0,79.0
963,Wood Fiber Grade B,Wood Fiber,915.4,19.51,80.06,0.658,71.83,3.43,6.1,4.0,58.0
964,Wood Fiber Grade C,Wood Fiber,680.29,13.45,84.62,1.041,72.46,3.02,2.99,4.0,23.0
965,Wood Fiber Grade A,Wood Fiber,883.1,28.23,79.18,1.07,70.95,3.73,2.4,5.0,81.0
966,Wood Fiber Grade A,Wood Fiber,723.85,21.4,87.47,0.59,70.58,4.61,4.2,5.0,47.0
967,Wood Fiber Grade Standard,Wood Fiber,1018.32,7.34,75.39,0.913,79.06,4.79,3.64,4.0,32.0
968,Wood Fiber Grade C,Wood Fiber,429.31,27.55,82.74,0.592,83.83,4.22,7.12,5.0,33.0
969,Wood Fiber Grade Economy,Wood Fiber,460.27,9.49,85.32,0.632,76.58,4.3,7.49,5.0,40.0
970,Wood Fiber Grade B,Wood Fiber,933.75,25.8,84.82,0.637,74.11,2.81,2.82,4.0,-18.0
971,Wood Fiber Grade Economy,Wood Fiber,467.62,15.84,88.63,0.563,80.8,4.0,2.67,4.0,2.0
972,Wood Fiber Grade Premium,Wood Fiber,590.98,23.67,78.86,0.916,70.6,4.49,5.14,3.0,79.0
973,Wood Fiber Grade A,Wood Fiber,476.99,21.6,86.58,0.784,79.27,3.26,8.26,,2.0
974,Wood Fiber Grade A,Wood Fiber,973.45,24.84,81.16,0.638,76.09,4.44,3.59,5.0,49.0
975,Wood Fiber Grade Standard,Wood Fiber,347.58,19.88,80.67,0.976,83.12,4.52,7.44,5.0,81.0
976,Wood Fiber Grade C,Wood Fiber,577.18,29.3,89.7,0.661,70.61,4.06,5.16,4.0,80.0
977,Wood Fiber Grade Premium,Wood Fiber,866.02,4.81,88.05,0.583,71.91,2.36,8.72,5.0,56.0
978,Wood Fiber Grade Premium,Wood Fiber,919.04,13.32,77.75,0.886,74.92,4.55,2.86,4.0,26.0
979,Wood Fiber Grade Premium,Wood Fiber,435.81,29.11,75.22,0.789,75.0,3.24,5.99,4.0,54.0
980,Wood Fiber Grade C,Wood Fiber,631.88,23.05,85.29,1.0,73.75,3.75,6.1,5.0,
981,Wood Fiber Grade B,Wood Fiber,688.85,12.16,77.13,0.628,71.58,3.99,6.63,3.0,74.0
982,Wood Fiber Grade A,Wood Fiber,980.3,9.97,78.6,0.724,73.46,3.6,2.94,3.0,-18.0
983,Wood Fiber Grade C,Wood Fiber,366.43,8.97,81.61,0.851,82.24,4.96,4.72,5.0,47.0
984,Wood Fiber Grade Premium,Wood Fiber,1028.51,29.02,81.42,0.618,79.4,3.99,2.88,4.0,22.0
985,Wood Fiber Grade A,Wood Fiber,314.45,16.55,79.97,0.944,74.69,4.45,6.16,4.0,2.0
986,Wood Fiber Grade A,Wood Fiber,803.12,7.07,84.82,0.67,70.0,2.21,8.54,3.0,79.0
987,Wood Fiber Grade Premium,Wood Fiber,486.89,24.24,84.13,1.083,75.6,3.98,2.44,3.0,-12.0
988,Wood Fiber Grade Premium,Wood Fiber,852.76,14.51,88.13,0.749,76.04,1.92,5.86,3.0,49.0
989,Wood Fiber Grade A,Wood Fiber,542.98,27.95,79.81,0.651,78.01,4.44,2.72,5.0,31.0
990,Wood Fiber Grade Standard,Wood Fiber,699.64,26.62,76.89,0.907,78.58,3.34,5.44,3.0,20.0
991,Wood Fiber Grade Economy,Wood Fiber,1050.19,6.37,75.29,0.983,71.62,4.96,6.34,4.0,5.0
992,Wood Fiber Grade Economy,Wood Fiber,689.11,11.76,84.57,0.673,73.54,4.14,2.28,,26.0
993,Wood Fiber Grade A,Wood Fiber,305.43,7.98,76.03,1.097,74.33,2.28,3.69,3.0,40.0
994,Wood Fiber Grade B,Wood Fiber,716.13,13.49,88.1,0.737,75.03,2.46,4.64,3.0,8.0
995,Wood Fiber Grade B,Wood Fiber,851.2,18.74,85.25,0.502,83.96,2.15,4.84,,89.0
996,Wood Fiber Grade Standard,Wood Fiber,648.18,28.62,82.01,1.025,82.16,4.94,8.49,3.0,-9.0
997,Wood Fiber Grade C,Wood Fiber,603.57,17.17,83.44,0.688,74.43,4.15,8.1,4.0,13.0
998,Wood Fiber Grade A,Wood Fiber,378.1,27.34,80.25,0.831,75.39,2.2,6.13,4.0,31.0
999,Wood Fiber Grade B,Wood Fiber,462.39,15.75,86.95,0.854,71.45,3.55,6.92,3.0,41.0
1000,Wood Fiber Grade A,Wood Fiber,803.29,7.97,85.65,0.906,70.37,3.12,4.33,3.0,-18.0
1001,Wood Fiber Grade Standard,Wood Fiber,472.91,19.36,88.7,0.979,83.82,4.93,2.07,3.0,43.0
1002,Wood Fiber Grade Premium,Wood Fiber,987.88,10.55,89.72,0.868,81.9,2.07,3.28,4.0,
1003,Wood Fiber Grade Standard,Wood Fiber,317.59,25.24,75.21,0.894,75.48,3.76,6.87,4.0,57.0
1004,Wood Fiber Grade Standard,Wood Fiber,695.8,7.48,88.29,0.89,72.45,1.91,2.99,3.0,76.0
1005,Wood Fiber Grade Standard,Wood Fiber,443.44,9.87,75.38,0.934,82.16,4.35,2.89,3.0,21.0
1006,Wood Fiber Grade B,Wood Fiber,359.61,17.27,89.54,0.916,71.06,2.41,7.4,4.0,78.0
1007,Wood Fiber Grade Standard,Wood Fiber,1064.91,22.16,78.12,0.512,77.19,3.44,3.68,3.0,55.0
1008,Wood Fiber Grade Premium,Wood Fiber,768.97,23.87,89.9,0.955,81.9,3.77,8.9,4.0,-8.0
1009,Wood Fiber Grade Premium,Wood Fiber,988.2,28.59,88.95,0.729,71.18,2.35,2.41,5.0,68.0
1010,Wood Fiber Grade Premium,Wood Fiber,856.98,9.36,81.62,0.539,82.38,2.2,8.32,5.0,41.0
1011,Wood Fiber Grade C,Wood Fiber,441.7,15.15,76.9,0.84,75.98,2.71,3.19,3.0,64.0
1012,Wood Fiber Grade Standard,Wood Fiber,928.06,25.36,83.32,0.608,77.02,4.9,7.27,5.0,-15.0
1013,Wood Fiber Grade Premium,Wood Fiber,326.26,16.16,84.7,0.998,70.74,4.53,5.84,4.0,-2.0
1014,Wood Fiber Grade C,Wood Fiber,525.54,17.8,75.78,0.595,82.19,2.22,3.63,4.0,16.0
1015,Wood Fiber Grade Standard,Wood Fiber,713.7,23.85,81.71,0.974,79.28,2.16,3.09,5.0,9.0
1016,Wood Fiber Grade Standard,Wood Fiber,786.17,17.99,82.03,0.676,74.16,3.4,,5.0,-3.0
1017,Wood Fiber Grade A,Wood Fiber,559.18,19.27,76.0,0.998,78.44,3.95,6.92,3.0,4.0
1018,Wood Fiber Grade Standard,Wood Fiber,676.3,28.86,86.5,1.082,81.19,2.36,2.45,4.0,19.0
1019,Wood Fiber Grade Economy,Wood Fiber,659.93,26.32,89.35,0.799,83.97,3.67,5.77,5.0,8.0
1020,Wood Fiber Grade A,Wood Fiber,467.43,4.1,78.62,0.806,75.7,3.24,8.86,5.0,14.0
1021,Wood Fiber Grade B,Wood Fiber,661.75,7.47,75.72,0.965,78.56,4.23,3.05,3.0,63.0
1022,Wood Fiber Grade Economy,Wood Fiber,502.91,9.93,75.17,0.578,74.64,2.17,8.9,3.0,56.0
1023,Wood Fiber Grade B,Wood Fiber,459.27,19.28,75.96,1.017,84.42,2.59,5.15,5.0,70.0
1024,Wood Fiber Grade C,Wood Fiber,835.41,5.87,86.21,0.532,78.14,2.63,,3.0,25.0
1025,Wood Fiber Grade Economy,Wood Fiber,1087.97,12.05,78.63,0.667,83.45,3.84,7.11,3.0,52.0
1026,Wood Fiber Grade A,Wood Fiber,1029.5,23.21,77.97,1.006,73.06,4.18,6.8,3.0,
1027,Wood Fiber Grade B,Wood Fiber,942.83,29.89,78.79,0.762,77.8,2.74,2.11,3.0,23.0
1028,Wood Fiber Grade B,Wood Fiber,525.55,15.53,77.57,1.024,80.57,2.07,6.55,3.0,82.0
1029,Wood Fiber Grade B,Wood Fiber,1064.98,4.08,78.72,1.057,83.98,4.11,7.36,5.0,51.0
1030,Wood Fiber Grade Standard,Wood Fiber,711.1,10.02,77.72,0.986,72.03,3.3,8.57,,-20.0
1031,Wood Fiber Grade A,Wood Fiber,1082.39,29.85,83.33,0.602,74.74,3.16,4.17,4.0,59.0
1032,Wood Fiber Grade B,Wood Fiber,1077.78,7.99,86.0,0.5,78.94,4.73,4.02,3.0,30.0
1033,Wood Fiber Grade A,Wood Fiber,821.34,22.53,85.32,0.692,73.78,4.86,,5.0,48.0
1034,Wood Fiber Grade Premium,Wood Fiber,430.22,16.72,86.91,0.897,71.62,3.36,6.88,5.0,-17.0
1035,Wood Fiber Grade Premium,Wood Fiber,613.34,20.17,89.53,0.557,75.85,3.1,6.04,4.0,26.0
1036,Wood Fiber Grade Economy,Wood Fiber,441.31,11.42,89.34,0.94,79.93,4.41,2.89,5.0,83.0
1037,Wood Fiber Grade Standard,Wood Fiber,618.44,17.35,87.05,0.724,75.82,2.11,8.4,3.0,86.0
1038,Wood Fiber Grade Premium,Wood Fiber,818.57,14.74,81.08,0.908,71.01,3.7,7.4,3.0,84.0
1039,Wood Fiber Grade C,Wood Fiber,436.42,27.33,84.84,1.029,77.28,3.53,8.43,3.0,-16.0
1040,Wood Fiber Grade A,Wood Fiber,658.53,11.13,80.9,0.733,74.3,2.66,8.03,3.0,49.0
1041,Cotton Packaging Grade B,Cotton Packaging,690.45,4.25,85.17,0.649,69.05,7.73,4.54,4.0,38.0
1042,Cotton Packaging Grade C,Cotton Packaging,773.02,3.79,91.64,1.238,73.07,5.2,1.58,3.0,-7.0
1043,Cotton Packaging Grade Economy,Cotton Packaging,640.9,10.52,80.13,1.342,65.99,5.52,2.61,4.0,15.0
1044,Cotton Packaging Grade C,Cotton Packaging,573.11,11.79,92.35,1.304,72.32,6.97,1.32,2.0,63.0
1045,Cotton Packaging Grade Economy,Cotton Packaging,820.37,7.44,93.67,1.395,66.59,4.78,4.8,3.0,16.0
1046,Cotton Packaging Grade Premium,Cotton Packaging,582.46,10.37,81.53,1.276,73.74,8.92,3.55,3.0,82.0
1047,Cotton Packaging Grade A,Cotton Packaging,474.55,5.37,86.46,0.974,68.6,8.42,,2.0,24.0
1048,Cotton Packaging Grade Economy,Cotton Packaging,775.84,12.4,86.86,1.085,74.06,8.05,2.7,2.0,-7.0
1049,Cotton Packaging Grade B,Cotton Packaging,422.27,8.97,86.74,0.952,66.37,7.45,1.85,4.0,33.0
1050,Cotton Packaging Grade C,Cotton Packaging,518.29,4.96,88.76,0.897,71.73,6.45,1.81,3.0,55.0
1051,Cotton Packaging Grade Economy,Cotton Packaging,531.92,7.36,80.53,0.998,73.31,6.57,3.83,4.0,76.0
1052,Cotton Packaging Grade Standard,Cotton Packaging,413.95,12.54,94.21,0.709,72.46,4.68,1.24,4.0,63.0
1053,Cotton Packaging Grade Economy,Cotton Packaging,636.06,3.93,85.98,1.324,79.98,8.93,4.53,2.0,43.0
1054,Cotton Packaging Grade B,Cotton Packaging,696.27,7.42,89.73,0.848,74.09,6.38,1.1,2.0,1.0
1055,Cotton Packaging Grade Premium,Cotton Packaging,257.73,5.81,80.09,0.901,65.95,8.52,2.66,2.0,81.0
1056,Cotton Packaging Grade A,Cotton Packaging,477.4,10.16,91.77,1.119,76.22,8.48,4.45,3.0,83.0
1057,Cotton Packaging Grade Standard,Cotton Packaging,389.51,10.29,87.59,1.174,77.49,7.58,4.39,4.0,
1058,Cotton Packaging Grade B,Cotton Packaging,270.55,5.36,93.51,1.259,75.24,7.35,3.91,3.0,65.0
1059,Cotton Packaging Grade Economy,Cotton Packaging,790.92,10.1,89.99,0.771,74.86,5.84,1.61,3.0,61.0
1060,Cotton Packaging Grade B,Cotton Packaging,545.21,7.02,94.73,0.913,66.2,3.99,3.36,,12.0
1061,Cotton Packaging Grade C,Cotton Packaging,433.4,5.03,91.01,0.625,74.26,7.68,2.92,2.0,
1062,Cotton Packaging Grade B,Cotton Packaging,710.12,11.72,82.95,1.222,77.48,5.49,1.85,3.0,52.0
1063,Cotton Packaging Grade A,Cotton Packaging,386.43,8.39,80.29,1.137,72.85,8.44,1.66,3.0,10.0
1064,Cotton Packaging Grade A,Cotton Packaging,764.77,3.65,85.98,0.736,68.82,4.95,3.22,4.0,-5.0
1065,Cotton Packaging Grade B,Cotton Packaging,332.14,14.66,83.46,1.218,70.08,4.29,4.43,3.0,42.0
1066,Cotton Packaging Grade C,Cotton Packaging,678.26,9.36,87.08,0.997,75.98,3.98,3.67,2.0,5.0
1067,Cotton Packaging Grade Standard,Cotton Packaging,287.56,3.83,90.75,0.95,71.05,4.25,3.03,2.0,47.0
1068,Cotton Packaging Grade Economy,Cotton Packaging,559.8,11.93,83.87,0.985,79.88,7.28,,3.0,3.0
1069,Cotton Packaging Grade Standard,Cotton Packaging,749.11,2.53,81.84,0.762,71.03,8.15,2.39,2.0,22.0
1070,Cotton Packaging Grade C,Cotton Packaging,711.05,9.62,85.36,1.062,70.13,3.96,4.97,4.0,43.0
1071,Cotton Packaging Grade Premium,Cotton Packaging,338.87,7.42,85.78,1.027,77.63,6.71,1.25,4.0,27.0
1072,Cotton Packaging Grade A,Cotton Packaging,582.5,14.27,80.63,1.002,73.76,8.56,1.2,2.0,23.0
1073,Cotton Packaging Grade Premium,Cotton Packaging,613.89,2.11,81.24,0.701,67.78,6.32,4.97,2.0,-1.0
1074,Cotton Packaging Grade Economy,Cotton Packaging,848.07,8.11,80.43,1.152,72.23,4.18,1.86,4.0,52.0
1075,Cotton Packaging Grade C,Cotton Packaging,623.29,10.09,87.59,1.254,77.92,6.89,1.05,3.0,74.0
1076,Cotton Packaging Grade Economy,Cotton Packaging,521.7,9.35,89.74,0.88,78.76,4.24,3.69,2.0,64.0
1077,Cotton Packaging Grade Premium,Cotton Packaging,614.11,4.0,91.9,1.332,67.54,8.0,4.73,2.0,22.0
1078,Cotton Packaging Grade C,Cotton Packaging,844.2,9.1,85.34,0.606,65.91,5.86,2.6,3.0,23.0
1079,Cotton Packaging Grade Standard,Cotton Packaging,363.52,13.03,84.47,1.079,72.54,3.79,4.77,2.0,44.0
1080,Cotton Packaging Grade Standard,Cotton Packaging,461.29,4.06,85.08,0.616,70.45,6.42,4.49,2.0,-3.0
1081,Cotton Packaging Grade Premium,Cotton Packaging,322.53,3.92,86.42,0.757,65.42,7.93,1.08,3.0,84.0
1082,Cotton Packaging Grade Premium,Cotton Packaging,343.67,14.67,89.06,1.188,66.66,8.24,4.36,2.0,5.0
1083,Cotton Packaging Grade A,Cotton Packaging,576.48,11.38,80.09,1.074,77.71,5.46,1.43,2.0,-5.0
1084,Cotton Packaging Grade Standard,Cotton Packaging,683.94,9.92,89.65,0.67,78.4,5.64,2.25,4.0,49.0
1085,Cotton Packaging Grade A,Cotton Packaging,324.45,6.09,92.15,0.813,68.23,8.04,4.95,3.0,73.0
1086,Cotton Packaging Grade Premium,Cotton Packaging,430.73,7.18,82.55,1.21,76.6,8.31,1.11,3.0,-6.0
1087,Cotton Packaging Grade Economy,Cotton Packaging,389.27,6.43,91.77,0.754,74.58,7.1,4.82,2.0,74.0
1088,Cotton Packaging Grade C,Cotton Packaging,595.54,4.43,86.38,1.04,75.18,6.84,2.58,2.0,9.0
1089,Cotton Packaging Grade Standard,Cotton Packaging,359.35,11.02,89.68,1.15,70.59,4.94,4.04,3.0,0.0
1090,Cotton Packaging Grade C,Cotton Packaging,647.74,6.86,90.53,1.269,75.32,6.32,2.83,2.0,40.0
1091,Cotton Packaging Grade A,Cotton Packaging,691.88,9.26,89.37,0.677,79.28,7.85,2.5,3.0,26.0
1092,Cotton Packaging Grade A,Cotton Packaging,276.8,5.26,90.35,1.282,73.39,6.43,2.61,2.0,48.0
1093,Cotton Packaging Grade B,Cotton Packaging,326.93,11.89,93.91,0.967,74.89,8.53,1.36,3.0,48.0
1094,Cotton Packaging Grade Economy,Cotton Packaging,650.93,9.78,84.39,1.147,76.92,4.12,3.13,4.0,31.0
1095,Cotton Packaging Grade Standard,Cotton Packaging,817.17,8.6,92.12,0.894,66.88,3.73,2.13,3.0,8.0
1096,Cotton Packaging Grade Standard,Cotton Packaging,791.63,7.91,90.79,0.686,77.69,7.55,1.85,3.0,-3.0
1097,Cotton Packaging Grade A,Cotton Packaging,529.33,7.52,86.26,1.131,72.35,6.35,2.73,3.0,23.0
1098,Cotton Packaging Grade Economy,Cotton Packaging,852.91,6.0,81.67,1.272,79.96,5.11,2.43,3.0,12.0
1099,Cotton Packaging Grade C,Cotton Packaging,393.07,4.62,93.84,1.282,76.62,5.66,3.02,4.0,59.0
1100,Cotton Packaging Grade Standard,Cotton Packaging,414.71,8.57,80.46,0.705,78.3,7.63,2.69,3.0,53.0
1101,Cotton Packaging Grade A,Cotton Packaging,793.45,11.34,87.85,0.636,79.0,7.38,3.98,2.0,54.0
1102,Cotton Packaging Grade B,Cotton Packaging,536.73,11.54,89.38,1.283,77.04,3.73,2.52,3.0,10.0
1103,Cotton Packaging Grade Premium,Cotton Packaging,567.12,11.13,87.7,1.298,69.33,3.97,4.75,3.0,59.0
1104,Cotton Packaging Grade Standard,Cotton Packaging,764.8,6.22,90.74,0.708,69.37,4.3,4.24,2.0,49.0
1105,Cotton Packaging Grade Economy,Cotton Packaging,863.14,8.86,88.1,0.969,69.89,6.12,3.41,4.0,48.0
1106,Cotton Packaging Grade Premium,Cotton Packaging,859.55,13.21,93.34,0.974,74.86,8.42,2.57,2.0,0.0
1107,Cotton Packaging Grade C,Cotton Packaging,520.26,9.81,90.65,1.36,68.67,7.6,3.08,3.0,35.0
1108,Cotton Packaging Grade B,Cotton Packaging,631.38,12.35,87.13,1.235,70.4,8.66,3.14,3.0,58.0
1109,Cotton Packaging Grade Standard,Cotton Packaging,270.39,4.21,89.49,0.936,72.62,3.85,4.34,4.0,31.0
1110,Cotton Packaging Grade Premium,Cotton Packaging,573.15,3.75,87.44,0.735,66.89,8.63,3.42,,26.0
1111,Cotton Packaging Grade Economy,Cotton Packaging,612.0,3.41,94.0,0.867,68.28,6.23,2.11,4.0,61.0
1112,Cotton Packaging Grade Premium,Cotton Packaging,426.13,5.71,84.06,1.284,65.48,3.92,,4.0,26.0
1113,Cotton Packaging Grade A,Cotton Packaging,400.71,12.37,88.45,0.605,71.44,5.74,1.46,2.0,45.0
1114,Cotton Packaging Grade Premium,Cotton Packaging,706.36,11.37,90.93,0.6,79.31,7.98,4.62,4.0,41.0
1115,Cotton Packaging Grade C,Cotton Packaging,798.07,8.25,83.09,1.263,73.07,4.34,3.02,3.0,84.0
1116,Cotton Packaging Grade Premium,Cotton Packaging,819.95,3.64,93.13,1.01,71.07,4.39,3.8,3.0,8.0
1117,Cotton Packaging Grade C,Cotton Packaging,494.0,5.14,88.32,1.237,65.06,6.97,3.39,3.0,13.0
1118,Cotton Packaging Grade C,Cotton Packaging,543.42,5.21,91.85,1.108,72.99,5.66,,3.0,8.0
1119,Cotton Packaging Grade Economy,Cotton Packaging,575.94,8.77,86.73,0.805,66.81,4.04,4.03,4.0,37.0
1120,Cotton Packaging Grade A,Cotton Packaging,286.19,12.37,82.31,1.1,70.08,4.2,2.66,3.0,2.0
1121,Jute Packaging Grade B,Jute Packaging,885.55,11.73,86.39,0.542,76.72,2.76,2.34,4.0,73.0
1122,Jute Packaging Grade C,Jute Packaging,879.48,9.83,92.17,0.926,73.24,5.23,4.79,4.0,67.0
1123,Jute Packaging Grade Premium,Jute Packaging,992.45,7.46,87.55,0.863,76.52,3.32,1.89,3.0,67.0
1124,Jute Packaging Grade Economy,Jute Packaging,493.44,7.76,86.46,0.574,74.65,4.09,4.32,5.0,62.0
1125,Jute Packaging Grade Premium,Jute Packaging,798.02,8.71,87.9,0.725,70.36,2.32,,4.0,46.0
1126,Jute Packaging Grade C,Jute Packaging,343.45,17.39,92.32,0.767,82.3,3.62,2.11,3.0,-3.0
1127,Jute Packaging Grade Economy,Jute Packaging,675.17,12.15,90.65,0.969,83.53,5.5,5.01,3.0,20.0
1128,Jute Packaging Grade Premium,Jute Packaging,849.66,7.4,88.41,0.438,72.69,5.06,3.47,,1.0
1129,Jute Packaging Grade Standard,Jute Packaging,566.01,7.57,88.48,0.828,78.33,5.62,4.01,5.0,40.0
1130,Jute Packaging Grade A,Jute Packaging,845.74,19.11,88.56,0.55,79.24,4.0,5.95,5.0,75.0
1131,Jute Packaging Grade Premium,Jute Packaging,333.52,19.62,93.44,0.507,83.57,3.36,2.89,3.0,27.0
1132,Jute Packaging Grade A,Jute Packaging,661.68,5.34,88.69,0.833,72.61,4.36,4.48,5.0,-12.0
1133,Jute Packaging Grade C,Jute Packaging,779.59,18.03,89.72,0.63,73.77,4.42,5.4,,37.0
1134,Jute Packaging Grade C,Jute Packaging,565.29,9.91,90.61,0.537,82.33,3.18,4.53,3.0,44.0
1135,Jute Packaging Grade C,Jute Packaging,701.85,6.05,92.35,0.513,71.7,4.19,4.55,5.0,34.0
1136,Jute Packaging Grade A,Jute Packaging,662.56,16.69,92.91,0.749,81.71,2.77,1.25,3.0,60.0
1137,Jute Packaging Grade Premium,Jute Packaging,334.4,7.19,91.95,0.646,83.14,3.19,1.06,5.0,
1138,Jute Packaging Grade Standard,Jute Packaging,696.21,9.39,90.35,0.926,83.69,3.06,3.31,5.0,69.0
1139,Jute Packaging Grade A,Jute Packaging,963.36,19.98,87.35,0.836,75.67,2.03,1.05,3.0,-12.0
1140,Jute Packaging Grade Economy,Jute Packaging,631.6,3.38,91.87,0.576,78.4,3.2,1.84,4.0,78.0
1141,Jute Packaging Grade Standard,Jute Packaging,447.24,12.09,86.99,0.705,72.36,4.68,4.77,4.0,-9.0
1142,Jute Packaging Grade Premium,Jute Packaging,616.82,4.2,90.98,0.559,77.91,4.07,5.62,,16.0
1143,Jute Packaging Grade Premium,Jute Packaging,569.19,19.13,92.77,0.571,82.66,3.73,5.14,4.0,44.0
1144,Jute Packaging Grade A,Jute Packaging,415.99,14.92,87.91,0.578,74.45,4.9,2.15,4.0,
1145,Jute Packaging Grade B,Jute Packaging,794.97,5.91,86.04,0.543,75.7,3.9,1.22,3.0,16.0
1146,Jute Packaging Grade Standard,Jute Packaging,795.57,8.49,88.19,0.669,79.39,2.59,1.94,3.0,44.0
1147,Jute Packaging Grade C,Jute Packaging,764.71,17.03,88.05,0.994,71.14,4.65,3.24,,-12.0
1148,Jute Packaging Grade Standard,Jute Packaging,466.25,15.16,92.22,0.569,82.53,3.27,4.63,4.0,44.0
1149,Jute Packaging Grade Premium,Jute Packaging,941.1,16.86,94.79,0.928,74.2,2.42,1.56,4.0,57.0
1150,Jute Packaging Grade Economy,Jute Packaging,859.11,18.29,91.24,0.403,72.79,2.4,2.82,5.0,4.0
1151,Jute Packaging Grade Premium,Jute Packaging,311.25,8.92,86.79,0.788,76.96,3.98,3.14,5.0,5.0
1152,Jute Packaging Grade A,Jute Packaging,723.24,4.62,94.51,0.988,78.18,5.8,1.9,4.0,34.0
1153,Jute Packaging Grade B,Jute Packaging,308.37,12.99,85.62,0.975,72.13,3.22,5.11,3.0,59.0
1154,Jute Packaging Grade C,Jute Packaging,454.94,13.92,87.76,0.53,73.81,3.96,5.83,5.0,
1155,Jute Packaging Grade Standard,Jute Packaging,541.63,10.9,94.79,0.503,75.36,4.92,5.82,3.0,13.0
1156,Jute Packaging Grade B,Jute Packaging,888.19,10.11,89.41,0.781,81.62,2.14,3.97,5.0,20.0
1157,Jute Packaging Grade C,Jute Packaging,529.08,8.92,89.69,0.6,71.61,2.58,,4.0,60.0
1158,Jute Packaging Grade Premium,Jute Packaging,967.2,4.97,94.46,0.84,79.56,4.58,5.13,4.0,68.0
1159,Jute Packaging Grade Economy,Jute Packaging,643.42,14.85,90.87,0.9,71.08,4.76,3.67,4.0,75.0
1160,Jute Packaging Grade Premium,Jute Packaging,525.0,13.55,93.91,0.698,82.37,3.61,1.51,4.0,49.0
1161,Jute Packaging Grade A,Jute Packaging,316.96,9.46,88.37,0.831,81.14,2.2,2.11,3.0,64.0
1162,Jute Packaging Grade A,Jute Packaging,674.28,5.46,86.34,0.966,82.06,2.72,3.03,4.0,8.0
1163,Jute Packaging Grade Economy,Jute Packaging,849.52,11.67,86.28,0.843,75.95,3.05,2.88,4.0,5.0
1164,Jute Packaging Grade Standard,Jute Packaging,527.04,7.11,88.99,0.412,81.59,2.68,1.22,3.0,25.0
1165,Jute Packaging Grade B,Jute Packaging,837.23,16.84,89.94,0.523,81.06,4.8,2.23,5.0,11.0
1166,Jute Packaging Grade Economy,Jute Packaging,987.54,17.62,91.88,0.963,80.83,2.76,3.21,5.0,32.0
1167,Jute Packaging Grade B,Jute Packaging,940.85,9.58,90.63,0.882,76.41,2.93,5.97,,48.0
1168,Jute Packaging Grade C,Jute Packaging,780.66,4.8,91.65,0.572,72.98,5.75,1.09,5.0,24.0
1169,Jute Packaging Grade Standard,Jute Packaging,295.57,11.22,90.01,0.593,71.98,3.51,,5.0,13.0
1170,Jute Packaging Grade A,Jute Packaging,704.68,6.41,87.87,0.497,73.74,2.9,3.6,4.0,31.0
1171,Jute Packaging Grade Standard,Jute Packaging,960.36,6.32,91.42,0.89,78.4,3.02,2.31,3.0,72.0
1172,Jute Packaging Grade Premium,Jute Packaging,499.92,15.66,85.48,0.532,80.59,5.13,3.28,3.0,67.0
1173,Jute Packaging Grade A,Jute Packaging,559.33,5.72,88.98,0.748,84.22,2.28,3.54,4.0,79.0
1174,Jute Packaging Grade B,Jute Packaging,645.98,3.41,88.13,0.892,78.31,3.8,2.43,4.0,
1175,Jute Packaging Grade A,Jute Packaging,555.83,17.2,94.67,0.663,75.9,5.39,3.13,5.0,35.0
1176,Jute Packaging Grade Premium,Jute Packaging,446.28,15.64,90.32,0.885,81.71,2.86,4.58,5.0,11.0
1177,Jute Packaging Grade A,Jute Packaging,529.2,5.93,85.03,0.671,75.29,4.22,1.94,3.0,1.0
1178,Jute Packaging Grade Economy,Jute Packaging,465.58,6.85,89.81,0.699,73.23,3.09,1.85,5.0,28.0
1179,Jute Packaging Grade B,Jute Packaging,834.46,10.86,92.14,0.842,72.07,5.86,5.11,3.0,10.0
1180,Jute Packaging Grade Premium,Jute Packaging,414.04,5.14,86.38,0.849,77.04,5.13,4.73,4.0,64.0
1181,Jute Packaging Grade Economy,Jute Packaging,774.18,3.31,88.12,0.783,70.14,2.13,5.26,3.0,64.0
1182,Jute Packaging Grade C,Jute Packaging,754.75,8.94,91.7,0.785,83.97,5.37,4.24,4.0,28.0
1183,Jute Packaging Grade Standard,Jute Packaging,694.15,19.75,87.48,0.448,71.05,4.56,5.7,5.0,-7.0
1184,Jute Packaging Grade Economy,Jute Packaging,979.02,19.11,93.85,0.529,79.51,5.04,5.93,5.0,56.0
1185,Jute Packaging Grade C,Jute Packaging,831.54,8.76,86.76,0.653,81.91,3.86,3.69,5.0,65.0
1186,Jute Packaging Grade Premium,Jute Packaging,932.31,3.7,89.32,0.431,71.43,4.64,4.24,3.0,1.0
1187,Jute Packaging Grade Premium,Jute Packaging,336.75,15.97,90.85,0.423,77.32,4.85,5.34,3.0,-11.0
1188,Jute Packaging Grade Premium,Jute Packaging,578.61,18.82,92.85,0.52,71.96,4.7,3.8,4.0,
1189,Jute Packaging Grade B,Jute Packaging,730.15,19.77,90.34,0.468,82.42,3.01,4.89,4.0,21.0
1190,Jute Packaging Grade Premium,Jute Packaging,781.69,13.13,89.6,0.619,75.3,4.55,4.76,4.0,0.0
1191,Jute Packaging Grade Standard,Jute Packaging,996.0,19.66,93.82,0.745,75.97,3.46,,5.0,12.0
1192,Jute Packaging Grade B,Jute Packaging,397.05,19.92,86.19,0.409,83.35,2.98,4.65,5.0,63.0
1193,Jute Packaging Grade Premium,Jute Packaging,993.95,8.0,92.1,0.469,76.1,5.39,2.84,5.0,41.0
1194,Jute Packaging Grade B,Jute Packaging,642.72,13.98,94.73,0.433,78.61,5.45,3.41,4.0,-14.0
1195,Jute Packaging Grade Standard,Jute Packaging,683.59,8.65,86.55,0.909,77.82,5.73,,4.0,21.0
1196,Jute Packaging Grade Standard,Jute Packaging,588.03,6.36,94.11,0.505,74.29,4.07,2.32,4.0,
1197,Jute Packaging Grade Economy,Jute Packaging,468.37,11.44,89.18,0.867,81.02,4.3,5.11,4.0,70.0
1198,Jute Packaging Grade B,Jute Packaging,954.03,3.93,91.73,0.935,82.06,2.74,2.48,3.0,-4.0
1199,Jute Packaging Grade A,Jute Packaging,340.67,16.8,92.19,0.838,71.5,4.87,4.4,3.0,61.0
1200,Jute Packaging Grade C,Jute Packaging,814.77,10.04,89.74,0.647,83.95,3.37,5.82,3.0,38.0
